account_id,customer_id,credit_limit,account_open_date
1,1,408216,2018-06-03
2,2,1474135,2024-04-04
3,3,1229912,2023-10-11
4,4,480656,2019-01-25
5,5,442076,2022-04-16
6,6,202604,2021-02-27
7,7,932217,2018-05-27
8,8,435070,2021-12-31
9,9,1056874,2021-06-18
10,10,689421,2019-09-01
11,11,885785,2020-02-07
12,12,251160,2024-12-13
13,13,694505,2024-04-13
14,14,112263,2018-01-27
15,15,624967,2020-10-11
16,16,137555,2019-03-07
17,17,1286052,2021-10-21
18,18,622229,2020-06-19
19,19,1076628,2021-04-29
20,20,1499517,2020-07-23
21,21,139906,2024-08-12
22,22,590832,2022-02-11
23,23,1014118,2019-08-14
24,24,1150923,2020-11-30
25,25,1470613,2023-02-15
26,26,388069,2022-07-12
27,27,1126191,2021-04-06
28,28,370571,2019-01-04
29,29,890125,2022-04-27
30,30,1313904,2021-04-17
31,31,120525,2021-03-27
32,32,321009,2020-10-13
33,33,310396,2020-08-23
34,34,283874,2022-06-06
35,35,499921,2018-07-17
36,36,141943,2018-08-04
37,37,74087,2019-05-05
38,38,549993,2023-12-26
39,39,265320,2024-03-24
40,40,685364,2018-02-08
41,41,1356626,2018-04-17
42,42,472225,2019-01-13
43,43,60477,2019-01-07
44,44,96188,2022-07-05
45,45,1064605,2019-10-26
46,46,891818,2024-12-12
47,47,459746,2018-04-04
48,48,1106887,2020-11-17
49,49,1289343,2020-08-17
50,50,308165,2023-10-01
51,51,278554,2023-08-22
52,52,851452,2021-09-19
53,53,1072281,2021-04-27
54,54,992304,2021-11-17
55,55,1222300,2024-04-07
56,56,881789,2023-02-02
57,57,992494,2024-03-19
58,58,1291069,2022-12-26
59,59,341890,2018-04-13
60,60,770503,2021-11-04
61,61,440181,2018-02-26
62,62,439311,2023-03-04
63,63,127351,2023-02-12
64,64,1201158,2024-04-13
65,65,1055992,2018-04-21
66,66,303321,2023-08-01
67,67,1104572,2019-08-08
68,68,761460,2018-06-21
69,69,246161,2019-12-26
70,70,994462,2022-11-10
71,71,1170613,2022-07-03
72,72,1325339,2021-01-09
73,73,1076791,2019-12-19
74,74,361931,2023-07-02
75,75,128771,2021-07-05
76,76,1091397,2024-04-04
77,77,1434840,2020-06-01
78,78,1360125,2024-04-01
79,79,1225140,2023-03-11
80,80,1428623,2019-08-07
81,81,601603,2022-08-27
82,82,848858,2023-10-01
83,83,604134,2022-10-24
84,84,1144911,2021-10-09
85,85,868055,2021-03-13
86,86,570984,2022-03-09
87,87,627688,2020-06-22
88,88,1353271,2021-04-15
89,89,868403,2019-06-12
90,90,592865,2019-06-05
91,91,446649,2023-08-16
92,92,446626,2022-08-19
93,93,465126,2020-07-04
94,94,1272152,2022-08-06
95,95,128218,2023-07-28
96,96,432547,2018-11-28
97,97,347990,2021-07-23
98,98,740957,2021-08-03
99,99,1358906,2023-08-02
100,100,1468832,2018-12-11
101,101,249534,2020-07-18
102,102,239427,2022-04-15
103,103,1456525,2020-11-02
104,104,1465984,2018-10-21
105,105,198776,2024-10-17
106,106,1240308,2023-04-21
107,107,781990,2023-03-12
108,108,991984,2018-08-23
109,109,1407005,2024-01-22
110,110,964327,2023-09-08
111,111,1311287,2020-06-16
112,112,158362,2023-10-28
113,113,762250,2018-06-23
114,114,1216875,2019-08-07
115,115,1481896,2021-04-07
116,116,712330,2024-02-11
117,117,733781,2022-02-15
118,118,473762,2023-10-25
119,119,1339018,2018-08-23
120,120,938514,2019-04-11
121,121,1469550,2022-06-06
122,122,496433,2018-05-09
123,123,840578,2021-03-25
124,124,481044,2019-10-22
125,125,1155873,2018-06-10
126,126,392502,2018-05-08
127,127,626677,2019-05-22
128,128,747943,2020-02-02
129,129,781880,2021-10-21
130,130,836251,2022-11-09
131,131,706997,2018-04-12
132,132,715901,2023-05-27
133,133,325697,2021-02-12
134,134,1159105,2024-11-07
135,135,103857,2022-07-07
136,136,624428,2021-05-18
137,137,903862,2023-07-19
138,138,984549,2018-05-24
139,139,488647,2023-08-31
140,140,789381,2019-12-28
141,141,1005280,2020-09-07
142,142,510019,2021-06-16
143,143,984584,2019-08-13
144,144,788350,2021-09-27
145,145,1423102,2021-04-06
146,146,1226177,2024-11-03
147,147,770759,2018-06-16
148,148,751048,2020-10-11
149,149,1039565,2019-03-24
150,150,529497,2019-12-13
151,151,1016966,2023-02-08
152,152,382106,2020-10-03
153,153,821829,2020-09-20
154,154,924247,2018-06-05
155,155,541468,2023-03-25
156,156,925458,2023-09-23
157,157,1425443,2023-03-23
158,158,1134902,2024-07-28
159,159,177348,2018-02-06
160,160,1181045,2023-07-03
161,161,1492025,2021-10-26
162,162,662187,2020-07-04
163,163,1497797,2023-04-25
164,164,1485650,2022-06-22
165,165,1149531,2023-11-14
166,166,899607,2021-01-21
167,167,1122527,2021-09-27
168,168,683458,2024-09-23
169,169,59737,2021-04-28
170,170,1393592,2022-01-24
171,171,173662,2019-12-26
172,172,1292877,2024-09-30
173,173,1079253,2022-07-31
174,174,1050671,2021-01-16
175,175,1487253,2021-11-25
176,176,1305785,2022-11-11
177,177,1300601,2023-11-06
178,178,328939,2019-05-28
179,179,574705,2018-11-03
180,180,1089672,2020-04-09
181,181,157746,2022-06-23
182,182,679281,2019-08-08
183,183,700230,2023-10-20
184,184,766640,2019-04-03
185,185,58634,2018-06-17
186,186,875408,2023-10-19
187,187,302893,2021-05-23
188,188,870829,2020-07-01
189,189,1162569,2024-10-29
190,190,1273193,2020-11-24
191,191,1176575,2021-07-10
192,192,562870,2024-02-10
193,193,318141,2021-09-15
194,194,927089,2019-07-05
195,195,1356296,2020-02-02
196,196,186802,2024-05-19
197,197,1265325,2018-04-14
198,198,633920,2018-06-07
199,199,1006119,2023-09-05
200,200,652499,2021-08-11
201,201,881774,2019-04-05
202,202,1109759,2023-01-18
203,203,200360,2023-04-06
204,204,435361,2022-05-05
205,205,306809,2019-12-28
206,206,1157708,2020-05-06
207,207,522643,2023-03-14
208,208,697215,2019-11-08
209,209,1131545,2020-10-25
210,210,980475,2023-07-06
211,211,81757,2021-12-06
212,212,1442310,2024-06-28
213,213,1380211,2018-02-16
214,214,460592,2024-06-28
215,215,1109714,2024-05-28
216,216,1338902,2021-11-03
217,217,1123570,2022-11-21
218,218,1071662,2023-07-12
219,219,738488,2022-05-03
220,220,635690,2024-02-01
221,221,1245981,2022-03-16
222,222,129484,2019-07-09
223,223,543914,2021-06-09
224,224,370188,2021-11-06
225,225,1195797,2018-05-23
226,226,463396,2024-06-21
227,227,956594,2022-12-13
228,228,1492538,2019-06-09
229,229,663074,2018-04-19
230,230,870426,2022-03-16
231,231,268090,2019-01-18
232,232,1491834,2023-10-04
233,233,149369,2018-02-22
234,234,941482,2023-12-18
235,235,409642,2023-11-05
236,236,554794,2022-03-06
237,237,721925,2022-11-08
238,238,936054,2020-07-17
239,239,587671,2024-09-09
240,240,1011951,2022-03-31
241,241,1190301,2020-05-23
242,242,1020766,2018-07-19
243,243,691187,2024-11-28
244,244,588313,2021-09-07
245,245,999038,2022-06-19
246,246,124378,2020-09-09
247,247,278997,2018-03-13
248,248,1023106,2019-04-15
249,249,126174,2020-06-06
250,250,1225823,2023-11-13
251,251,1340897,2019-07-22
252,252,992822,2024-04-15
253,253,330993,2021-06-27
254,254,84772,2021-10-27
255,255,1202899,2024-08-16
256,256,376967,2021-11-11
257,257,1337408,2021-01-15
258,258,611634,2018-08-07
259,259,634238,2020-02-21
260,260,1138933,2021-09-04
261,261,534304,2024-11-30
262,262,1101303,2019-10-26
263,263,518875,2023-05-12
264,264,937076,2018-05-11
265,265,137946,2021-12-30
266,266,913476,2018-12-11
267,267,1269405,2023-08-26
268,268,327088,2023-03-16
269,269,981666,2023-06-11
270,270,729248,2021-08-11
271,271,425274,2024-07-03
272,272,446581,2023-09-28
273,273,1428567,2024-04-26
274,274,161995,2024-01-08
275,275,1076433,2021-08-23
276,276,576045,2019-06-26
277,277,1373202,2024-09-09
278,278,282672,2022-08-06
279,279,1411222,2019-06-06
280,280,1007233,2018-03-13
281,281,1145926,2023-09-15
282,282,1303614,2018-10-27
283,283,884559,2021-12-11
284,284,392982,2018-11-11
285,285,748663,2019-03-16
286,286,522721,2018-04-19
287,287,1072494,2020-09-08
288,288,1305750,2024-06-13
289,289,1337478,2024-05-17
290,290,1095745,2018-04-09
291,291,961296,2024-02-09
292,292,247768,2018-05-10
293,293,1268853,2018-05-11
294,294,530107,2020-10-22
295,295,291342,2022-08-21
296,296,59243,2022-06-01
297,297,1398246,2022-01-07
298,298,1389980,2019-10-21
299,299,836363,2020-04-09
300,300,254337,2022-06-25
301,301,812859,2021-06-30
302,302,576288,2022-08-21
303,303,1040844,2023-07-25
304,304,354739,2021-07-23
305,305,1106106,2018-09-08
306,306,83060,2023-01-23
307,307,821292,2018-04-17
308,308,230046,2018-08-12
309,309,1482312,2020-07-24
310,310,334215,2020-05-12
311,311,966957,2019-05-25
312,312,707871,2019-09-25
313,313,1318599,2019-07-24
314,314,207442,2018-06-12
315,315,858825,2022-10-12
316,316,1357565,2020-06-04
317,317,647880,2018-01-24
318,318,1498156,2018-05-23
319,319,569195,2024-01-18
320,320,311729,2018-03-29
321,321,706538,2018-10-12
322,322,1067032,2020-01-30
323,323,1268926,2021-08-24
324,324,1157000,2024-09-06
325,325,313267,2021-10-12
326,326,906723,2020-11-02
327,327,756834,2023-12-10
328,328,191974,2019-02-05
329,329,419129,2018-04-07
330,330,869046,2018-01-14
331,331,1256383,2023-06-26
332,332,86207,2024-01-07
333,333,1221588,2018-05-13
334,334,812590,2021-03-16
335,335,104260,2021-05-02
336,336,1474536,2019-10-27
337,337,986581,2018-01-06
338,338,779058,2020-01-11
339,339,1150709,2022-07-30
340,340,265168,2024-01-06
341,341,751329,2019-11-06
342,342,107968,2018-11-25
343,343,1394231,2021-07-03
344,344,758513,2023-01-13
345,345,894991,2020-01-20
346,346,774564,2023-09-02
347,347,238386,2022-04-14
348,348,1498145,2020-09-27
349,349,1282708,2023-01-29
350,350,558834,2020-03-23
351,351,1101254,2019-07-10
352,352,1151342,2021-11-12
353,353,174375,2019-10-28
354,354,248956,2023-06-17
355,355,724040,2023-11-04
356,356,1462169,2021-08-05
357,357,535458,2018-11-02
358,358,555956,2019-05-05
359,359,1420787,2023-04-12
360,360,987612,2018-03-30
361,361,832767,2022-04-04
362,362,1088850,2021-01-20
363,363,174143,2018-04-14
364,364,841314,2024-11-05
365,365,805633,2018-10-23
366,366,1388719,2018-02-11
367,367,1107847,2020-02-03
368,368,1456667,2023-05-09
369,369,500042,2024-04-25
370,370,1382508,2020-09-13
371,371,220589,2022-07-08
372,372,357902,2024-03-18
373,373,1256677,2023-12-10
374,374,52402,2020-12-31
375,375,296968,2020-01-25
376,376,120130,2022-06-29
377,377,1443614,2020-12-17
378,378,328207,2024-04-06
379,379,1149102,2020-08-25
380,380,1163153,2020-08-15
381,381,810163,2024-01-08
382,382,311534,2023-04-19
383,383,851655,2019-06-14
384,384,171726,2021-01-31
385,385,450322,2023-05-17
386,386,1307364,2019-01-15
387,387,1486935,2024-12-25
388,388,697925,2018-03-26
389,389,1423138,2020-05-12
390,390,1458767,2023-03-29
391,391,1337859,2019-01-24
392,392,1393157,2018-07-08
393,393,1441695,2023-06-19
394,394,964567,2019-03-10
395,395,433186,2023-07-25
396,396,897135,2018-10-11
397,397,480173,2023-01-15
398,398,1481722,2018-01-22
399,399,1271797,2022-05-04
400,400,321097,2021-12-28
401,401,1315894,2018-09-22
402,402,1108083,2023-12-12
403,403,1039203,2023-06-17
404,404,160687,2018-03-19
405,405,1158070,2020-04-23
406,406,621189,2022-08-10
407,407,1372016,2024-05-12
408,408,1013828,2022-01-16
409,409,492386,2024-02-07
410,410,1495169,2023-01-07
411,411,436291,2022-11-22
412,412,785610,2023-06-20
413,413,838727,2022-12-04
414,414,469993,2022-01-05
415,415,1098831,2020-10-25
416,416,316224,2020-07-02
417,417,973037,2022-02-12
418,418,1170887,2023-10-02
419,419,1193031,2018-08-15
420,420,507912,2021-11-10
421,421,832012,2022-03-24
422,422,1093779,2019-10-15
423,423,1011420,2023-02-24
424,424,484317,2019-01-10
425,425,691762,2022-07-26
426,426,1309162,2020-12-10
427,427,656422,2020-05-15
428,428,1071934,2022-11-11
429,429,907841,2020-05-22
430,430,287886,2022-12-15
431,431,430191,2020-12-19
432,432,268775,2018-04-28
433,433,442929,2024-09-09
434,434,1472200,2018-03-14
435,435,1156801,2018-11-24
436,436,788719,2018-06-22
437,437,543548,2022-04-09
438,438,632689,2023-07-31
439,439,893841,2022-07-30
440,440,319431,2021-09-03
441,441,1490468,2022-10-26
442,442,757299,2023-11-18
443,443,1323630,2022-08-17
444,444,585705,2018-03-04
445,445,1323262,2024-01-02
446,446,1390924,2022-07-18
447,447,1214188,2022-06-08
448,448,338284,2018-11-28
449,449,1198184,2023-05-10
450,450,511216,2021-12-22
451,451,284557,2018-08-14
452,452,1046762,2023-12-25
453,453,219922,2022-11-16
454,454,436703,2021-05-05
455,455,1166435,2020-05-30
456,456,637317,2018-09-16
457,457,186066,2020-09-19
458,458,261220,2023-04-23
459,459,550001,2020-12-14
460,460,987108,2024-11-28
461,461,854674,2021-09-03
462,462,742795,2024-10-11
463,463,238565,2023-01-01
464,464,451290,2020-04-17
465,465,318641,2020-10-14
466,466,1059579,2024-08-07
467,467,770228,2022-02-28
468,468,544648,2024-03-10
469,469,898125,2022-11-17
470,470,461054,2019-06-26
471,471,241110,2022-12-23
472,472,622207,2019-02-12
473,473,138176,2021-01-08
474,474,539905,2018-03-09
475,475,1431120,2021-01-09
476,476,917449,2022-01-14
477,477,1317029,2020-06-27
478,478,1149330,2019-11-09
479,479,1046649,2022-05-13
480,480,611989,2022-09-17
481,481,1020915,2024-01-22
482,482,424533,2020-01-26
483,483,1156819,2018-11-25
484,484,730568,2021-11-06
485,485,892682,2019-08-23
486,486,1306087,2021-04-15
487,487,52238,2023-05-16
488,488,1382969,2018-09-28
489,489,400146,2019-08-04
490,490,1448260,2018-11-17
491,491,647816,2019-05-24
492,492,754920,2019-10-21
493,493,1415314,2019-10-18
494,494,881983,2024-07-01
495,495,97151,2024-02-03
496,496,1453367,2019-07-02
497,497,456447,2022-04-12
498,498,1318954,2022-09-14
499,499,1449699,2019-10-04
500,500,820929,2021-08-11
501,501,1263338,2023-12-13
502,502,539758,2023-08-13
503,503,214757,2023-02-19
504,504,264895,2024-06-30
505,505,566185,2019-08-02
506,506,102847,2019-06-20
507,507,1429720,2022-01-03
508,508,1047846,2020-03-28
509,509,397847,2018-03-04
510,510,389886,2019-12-21
511,511,98236,2021-02-26
512,512,237617,2024-12-09
513,513,1100567,2024-09-20
514,514,590276,2022-07-06
515,515,642473,2023-07-27
516,516,659534,2019-07-23
517,517,1127059,2018-07-25
518,518,130120,2021-09-11
519,519,520404,2024-02-11
520,520,923136,2018-03-11
521,521,1195542,2018-06-20
522,522,1086277,2024-12-11
523,523,993331,2022-05-10
524,524,548130,2019-11-24
525,525,437032,2019-06-25
526,526,340977,2024-04-01
527,527,1481394,2024-11-12
528,528,1415011,2022-12-26
529,529,1246592,2023-11-15
530,530,731991,2022-06-26
531,531,1495272,2024-06-17
532,532,679833,2018-11-18
533,533,995552,2019-10-05
534,534,213360,2022-03-24
535,535,792381,2021-09-12
536,536,989736,2021-03-21
537,537,817719,2024-08-16
538,538,1032721,2018-01-26
539,539,486700,2022-02-04
540,540,820722,2019-12-16
541,541,1410560,2023-03-24
542,542,202979,2021-07-20
543,543,92707,2018-07-04
544,544,157159,2018-06-05
545,545,1045313,2018-09-24
546,546,918922,2021-12-11
547,547,387623,2019-03-08
548,548,1440761,2019-09-20
549,549,118883,2018-12-11
550,550,1169922,2022-08-31
551,551,554813,2024-02-22
552,552,238693,2024-01-24
553,553,576919,2021-07-22
554,554,1448624,2021-05-13
555,555,493862,2018-10-02
556,556,624628,2020-01-29
557,557,1229687,2019-01-06
558,558,811745,2019-08-04
559,559,97110,2023-12-05
560,560,1072498,2019-06-11
561,561,422144,2023-05-25
562,562,1478053,2020-11-12
563,563,1217517,2024-07-13
564,564,1103774,2019-06-16
565,565,226710,2019-05-23
566,566,834064,2021-03-22
567,567,626189,2018-03-01
568,568,1303108,2019-05-23
569,569,62768,2019-11-02
570,570,1314289,2018-09-05
571,571,72769,2018-08-19
572,572,284018,2024-08-17
573,573,1294209,2022-05-12
574,574,109664,2020-07-31
575,575,1423904,2024-08-06
576,576,1466438,2022-05-09
577,577,359951,2023-11-19
578,578,1267395,2019-02-12
579,579,1452732,2023-12-20
580,580,292490,2018-09-19
581,581,351554,2018-05-22
582,582,1271676,2018-03-29
583,583,1398257,2018-09-11
584,584,328428,2023-05-25
585,585,510223,2023-05-07
586,586,776266,2021-11-23
587,587,1214387,2019-07-16
588,588,215153,2023-07-28
589,589,1469236,2022-07-19
590,590,869199,2021-06-18
591,591,531089,2021-07-31
592,592,1119414,2018-01-10
593,593,1121805,2020-07-31
594,594,499063,2018-09-12
595,595,322938,2020-03-20
596,596,1206869,2020-02-04
597,597,145453,2018-06-10
598,598,754038,2022-07-05
599,599,540348,2021-06-19
600,600,1117081,2018-05-15
601,601,893162,2020-07-10
602,602,964735,2024-04-09
603,603,990426,2018-04-28
604,604,138377,2024-04-04
605,605,1095612,2020-07-01
606,606,262498,2023-11-26
607,607,533746,2024-07-26
608,608,337203,2021-07-17
609,609,121296,2018-02-06
610,610,1139853,2024-07-06
611,611,513744,2020-02-23
612,612,506463,2020-05-07
613,613,539989,2021-03-08
614,614,389081,2020-06-20
615,615,708403,2024-09-19
616,616,683141,2018-09-18
617,617,81229,2020-02-27
618,618,154858,2020-10-14
619,619,807113,2024-01-01
620,620,985169,2023-04-01
621,621,74616,2021-09-09
622,622,1325848,2024-12-08
623,623,227940,2022-03-20
624,624,1204026,2020-08-12
625,625,639656,2023-07-26
626,626,1125930,2021-06-30
627,627,410092,2018-10-06
628,628,779316,2019-02-07
629,629,118105,2024-08-18
630,630,1125289,2018-04-01
631,631,908446,2019-10-07
632,632,854185,2019-08-10
633,633,1145568,2018-07-05
634,634,231047,2018-06-20
635,635,471971,2024-04-23
636,636,168696,2023-05-24
637,637,1130647,2022-06-04
638,638,1160877,2021-07-05
639,639,519127,2021-09-13
640,640,952932,2024-05-01
641,641,1230694,2019-11-04
642,642,320214,2024-04-01
643,643,863423,2019-10-29
644,644,673340,2020-08-19
645,645,332836,2018-10-10
646,646,127324,2019-08-26
647,647,308956,2018-07-24
648,648,1026499,2020-12-03
649,649,246079,2022-10-04
650,650,935738,2022-03-30
651,651,1232325,2019-08-22
652,652,724394,2019-09-20
653,653,389824,2024-08-01
654,654,125096,2023-03-22
655,655,1066930,2021-04-07
656,656,160820,2018-05-20
657,657,597600,2022-01-08
658,658,1151700,2019-03-02
659,659,508297,2023-06-03
660,660,79882,2020-04-15
661,661,1002601,2021-03-06
662,662,173880,2023-09-22
663,663,697018,2021-03-21
664,664,530272,2018-02-28
665,665,1287042,2022-12-07
666,666,852525,2018-01-09
667,667,255026,2021-04-23
668,668,1467980,2019-11-22
669,669,689569,2018-02-10
670,670,167891,2018-09-08
671,671,891846,2021-06-29
672,672,1460303,2023-05-20
673,673,1003786,2021-05-22
674,674,871796,2019-12-24
675,675,1395504,2018-12-24
676,676,653303,2019-03-31
677,677,546351,2018-04-11
678,678,165261,2022-07-25
679,679,86663,2020-12-28
680,680,192120,2022-04-21
681,681,1135813,2024-01-25
682,682,953226,2024-05-02
683,683,939178,2021-11-03
684,684,447055,2021-07-01
685,685,1306750,2021-02-13
686,686,740683,2020-12-17
687,687,1213109,2020-12-26
688,688,699636,2022-12-10
689,689,1491085,2022-11-14
690,690,122080,2021-04-04
691,691,1376122,2018-09-17
692,692,870382,2020-06-16
693,693,723761,2023-01-05
694,694,389580,2024-05-06
695,695,1018649,2018-02-18
696,696,479738,2018-11-19
697,697,834187,2022-12-15
698,698,332738,2024-10-12
699,699,1441334,2018-10-13
700,700,850696,2024-02-10
701,701,251961,2024-08-28
702,702,680877,2023-09-02
703,703,345386,2024-11-23
704,704,638459,2018-12-31
705,705,84497,2020-05-26
706,706,897024,2024-05-13
707,707,917740,2019-08-22
708,708,988437,2018-12-01
709,709,1364088,2020-10-18
710,710,807926,2023-12-19
711,711,601647,2020-11-28
712,712,1233209,2019-02-08
713,713,1007796,2021-09-17
714,714,525265,2020-11-11
715,715,640823,2022-11-12
716,716,671127,2024-03-31
717,717,1317022,2020-12-30
718,718,867034,2021-09-30
719,719,640040,2019-10-21
720,720,1155360,2021-12-28
721,721,501254,2019-12-13
722,722,493436,2022-11-13
723,723,706394,2018-04-28
724,724,1075596,2022-01-02
725,725,736807,2023-10-26
726,726,870644,2023-03-09
727,727,572573,2021-06-11
728,728,837254,2020-10-04
729,729,1066127,2024-11-16
730,730,580722,2021-11-15
731,731,446089,2019-05-23
732,732,1413408,2018-11-26
733,733,1463999,2018-08-24
734,734,817855,2022-01-03
735,735,755930,2019-04-29
736,736,57272,2019-03-23
737,737,479617,2018-05-28
738,738,1371432,2020-12-21
739,739,555966,2024-09-21
740,740,1146985,2018-11-20
741,741,1265092,2019-10-21
742,742,1275676,2021-06-15
743,743,582541,2024-09-29
744,744,867530,2024-01-06
745,745,1462192,2024-05-12
746,746,353771,2021-02-18
747,747,776355,2018-05-26
748,748,271453,2020-04-01
749,749,1413528,2018-04-28
750,750,513579,2020-11-09
751,751,973416,2021-04-22
752,752,250783,2018-01-28
753,753,562161,2021-04-21
754,754,304051,2020-10-01
755,755,1069914,2023-04-22
756,756,1427907,2024-07-22
757,757,813437,2019-08-08
758,758,600198,2024-08-10
759,759,1452348,2021-09-24
760,760,911902,2022-12-06
761,761,724744,2024-09-21
762,762,1497833,2020-09-29
763,763,410335,2022-04-06
764,764,285938,2024-06-03
765,765,542201,2024-02-08
766,766,1284188,2023-01-12
767,767,1069507,2022-09-20
768,768,1149525,2024-10-23
769,769,1370058,2024-08-30
770,770,416211,2021-03-15
771,771,798684,2022-12-21
772,772,807538,2018-09-10
773,773,1153834,2018-07-12
774,774,349772,2021-07-27
775,775,115289,2019-04-23
776,776,494854,2020-08-20
777,777,246211,2022-06-22
778,778,660942,2021-01-08
779,779,176709,2023-03-18
780,780,383122,2018-11-29
781,781,1472030,2023-03-13
782,782,1150493,2021-02-27
783,783,1405208,2019-02-15
784,784,738156,2020-12-29
785,785,1200287,2021-04-14
786,786,864844,2019-01-27
787,787,614187,2020-02-01
788,788,662285,2023-06-06
789,789,753629,2024-05-08
790,790,799384,2022-04-18
791,791,962857,2019-09-05
792,792,1352371,2024-11-07
793,793,935033,2021-01-19
794,794,324173,2021-11-09
795,795,1139795,2019-04-12
796,796,1365534,2018-05-11
797,797,1224440,2023-05-08
798,798,133863,2019-04-30
799,799,1177846,2023-12-26
800,800,1029415,2024-10-01
801,801,152804,2022-05-08
802,802,1093436,2023-02-18
803,803,616274,2024-05-13
804,804,739831,2021-11-25
805,805,1060336,2023-07-30
806,806,1365447,2024-02-04
807,807,752104,2024-05-29
808,808,349721,2021-09-25
809,809,751344,2022-09-17
810,810,725543,2021-08-28
811,811,505868,2024-06-09
812,812,733451,2023-08-22
813,813,576368,2018-05-07
814,814,996228,2018-12-25
815,815,481485,2020-09-18
816,816,1337537,2018-11-16
817,817,483497,2020-04-01
818,818,1210064,2020-09-25
819,819,354388,2020-09-12
820,820,189787,2023-06-03
821,821,623521,2022-05-07
822,822,1055973,2023-09-13
823,823,51975,2024-04-27
824,824,780861,2022-09-10
825,825,508832,2023-06-09
826,826,858896,2018-10-06
827,827,1213258,2020-09-01
828,828,139220,2020-08-19
829,829,1221425,2022-12-31
830,830,117634,2023-07-26
831,831,881653,2019-01-26
832,832,1222263,2023-09-24
833,833,675803,2022-05-13
834,834,1487169,2019-05-04
835,835,1412286,2023-11-08
836,836,282948,2023-09-17
837,837,1339523,2020-07-12
838,838,228796,2018-05-01
839,839,391213,2024-05-02
840,840,146313,2018-07-30
841,841,1010167,2019-07-20
842,842,1409146,2021-02-09
843,843,630043,2024-08-01
844,844,1315252,2023-04-18
845,845,159194,2020-01-01
846,846,167367,2024-02-04
847,847,212864,2018-12-30
848,848,872405,2019-03-28
849,849,1008015,2023-07-11
850,850,1093719,2023-09-29
851,851,828353,2024-07-31
852,852,481391,2024-07-30
853,853,1446273,2019-06-06
854,854,1124699,2024-07-16
855,855,345427,2023-01-08
856,856,325801,2021-01-03
857,857,305824,2019-06-29
858,858,737794,2018-10-11
859,859,189614,2023-11-28
860,860,1426552,2020-10-13
861,861,441735,2022-08-26
862,862,339445,2018-08-28
863,863,460799,2021-01-25
864,864,801902,2020-01-29
865,865,392432,2020-05-02
866,866,463278,2022-06-24
867,867,175112,2019-05-27
868,868,219816,2019-07-18
869,869,330181,2022-07-19
870,870,362481,2023-01-19
871,871,816391,2021-11-10
872,872,297124,2024-04-09
873,873,930464,2019-06-28
874,874,666923,2024-10-29
875,875,619529,2022-02-21
876,876,253330,2023-07-01
877,877,1149833,2024-03-05
878,878,738108,2018-12-13
879,879,748171,2022-02-23
880,880,257634,2019-02-12
881,881,1246973,2020-03-02
882,882,1388462,2022-08-04
883,883,577851,2023-03-10
884,884,353744,2018-03-12
885,885,435285,2019-11-08
886,886,632244,2019-11-19
887,887,889416,2024-12-29
888,888,1237061,2022-11-03
889,889,719340,2023-01-01
890,890,958792,2024-07-31
891,891,1220787,2022-07-03
892,892,1231443,2023-03-01
893,893,464213,2024-02-08
894,894,1344802,2020-04-12
895,895,121638,2021-12-07
896,896,344044,2020-09-01
897,897,710220,2021-06-20
898,898,203205,2020-06-25
899,899,1063545,2021-10-18
900,900,668066,2023-07-11
901,901,1223464,2024-08-24
902,902,378898,2022-02-06
903,903,1395384,2022-12-28
904,904,1137954,2018-06-20
905,905,1296651,2024-06-18
906,906,271942,2023-11-28
907,907,1403920,2021-12-08
908,908,559808,2024-03-16
909,909,217509,2019-08-24
910,910,1092876,2020-11-18
911,911,220868,2019-08-14
912,912,734772,2024-05-13
913,913,1041868,2022-09-30
914,914,1473613,2022-10-30
915,915,510004,2019-02-21
916,916,208038,2018-06-04
917,917,1481708,2018-12-26
918,918,1094642,2021-10-17
919,919,1176428,2022-10-13
920,920,200894,2024-05-28
921,921,826292,2021-11-25
922,922,1290959,2021-04-19
923,923,1006635,2022-09-02
924,924,307749,2021-07-31
925,925,156449,2021-08-03
926,926,1287873,2018-08-15
927,927,761647,2023-11-06
928,928,994516,2023-07-06
929,929,217634,2018-05-02
930,930,1376984,2024-12-30
931,931,1082844,2022-03-09
932,932,545308,2022-09-25
933,933,685268,2024-10-20
934,934,388988,2023-03-04
935,935,893362,2018-03-18
936,936,552183,2020-02-10
937,937,1141297,2021-07-11
938,938,949583,2024-08-17
939,939,1014381,2022-03-23
940,940,595322,2022-03-21
941,941,292794,2023-10-04
942,942,1326675,2020-12-15
943,943,1211761,2023-10-24
944,944,316477,2023-08-22
945,945,292983,2022-07-01
946,946,747148,2022-09-18
947,947,1461082,2020-04-22
948,948,115764,2023-11-02
949,949,1410197,2018-07-02
950,950,668480,2024-04-10
951,951,712369,2023-06-08
952,952,427822,2022-03-30
953,953,726141,2020-03-24
954,954,981423,2018-10-08
955,955,716363,2023-05-27
956,956,1124082,2022-10-08
957,957,1011989,2020-02-25
958,958,518519,2022-12-24
959,959,1111771,2021-08-29
960,960,67118,2021-03-30
961,961,756087,2019-10-05
962,962,656105,2021-07-23
963,963,1007999,2022-09-10
964,964,1127450,2018-05-05
965,965,1307290,2024-08-04
966,966,1083386,2021-03-15
967,967,1492769,2023-10-19
968,968,544157,2019-09-13
969,969,124905,2020-03-26
970,970,520839,2018-06-11
971,971,1175102,2024-11-26
972,972,935063,2020-09-10
973,973,922587,2018-08-29
974,974,945504,2018-05-12
975,975,726531,2023-05-04
976,976,250517,2018-08-05
977,977,935332,2021-02-20
978,978,1131882,2024-03-21
979,979,1479702,2018-02-19
980,980,650423,2020-01-06
981,981,427062,2023-01-16
982,982,939170,2020-12-25
983,983,785213,2023-04-08
984,984,533418,2018-06-08
985,985,985041,2022-03-19
986,986,247701,2023-02-20
987,987,1356047,2021-07-12
988,988,762877,2023-10-09
989,989,371770,2024-05-30
990,990,977824,2023-09-08
991,991,165982,2024-10-20
992,992,1343231,2018-01-05
993,993,1287810,2022-01-05
994,994,924614,2022-08-14
995,995,1231578,2020-12-20
996,996,555137,2018-10-04
997,997,72485,2019-08-04
998,998,1316779,2022-11-29
999,999,738532,2024-06-17
1000,1000,1396376,2023-04-04
1001,1001,366082,2019-07-18
1002,1002,283307,2021-08-07
1003,1003,1030755,2018-11-24
1004,1004,1046154,2020-01-05
1005,1005,582161,2023-10-30
1006,1006,1199245,2018-08-02
1007,1007,963134,2020-11-29
1008,1008,140016,2023-09-05
1009,1009,757830,2021-12-05
1010,1010,890013,2020-09-08
1011,1011,217872,2023-02-23
1012,1012,374484,2018-02-10
1013,1013,338602,2023-10-22
1014,1014,73601,2024-04-04
1015,1015,1288957,2022-06-19
1016,1016,550252,2024-02-20
1017,1017,361687,2020-10-03
1018,1018,565991,2021-11-27
1019,1019,198041,2023-09-03
1020,1020,815461,2020-01-10
1021,1021,781877,2019-04-21
1022,1022,214701,2021-03-17
1023,1023,1442811,2020-07-12
1024,1024,721909,2024-04-06
1025,1025,103364,2023-03-03
1026,1026,208823,2023-08-04
1027,1027,794027,2021-07-02
1028,1028,1481233,2021-01-29
1029,1029,821841,2020-01-28
1030,1030,195784,2019-08-24
1031,1031,364858,2021-04-30
1032,1032,724220,2022-04-15
1033,1033,467810,2019-05-12
1034,1034,1181249,2018-09-25
1035,1035,281677,2020-12-04
1036,1036,879293,2022-10-24
1037,1037,124017,2024-07-09
1038,1038,1113001,2022-02-27
1039,1039,244036,2018-12-27
1040,1040,913375,2021-10-08
1041,1041,340624,2018-02-26
1042,1042,1157152,2021-10-28
1043,1043,318812,2018-11-22
1044,1044,1109769,2018-03-07
1045,1045,1282846,2021-05-11
1046,1046,123580,2023-05-24
1047,1047,938785,2018-03-08
1048,1048,838141,2023-01-28
1049,1049,275987,2021-05-16
1050,1050,1016813,2023-02-13
1051,1051,1176839,2018-08-31
1052,1052,105614,2018-03-25
1053,1053,577150,2018-09-17
1054,1054,542829,2021-12-04
1055,1055,228089,2020-07-25
1056,1056,1085786,2021-06-21
1057,1057,733137,2021-02-04
1058,1058,279562,2023-12-08
1059,1059,847017,2023-02-03
1060,1060,830146,2022-05-02
1061,1061,436717,2022-09-09
1062,1062,635974,2020-08-01
1063,1063,385627,2024-07-17
1064,1064,85264,2019-08-08
1065,1065,297506,2022-11-21
1066,1066,714187,2019-11-22
1067,1067,428896,2019-02-25
1068,1068,631324,2019-04-04
1069,1069,1312082,2018-04-12
1070,1070,344511,2021-11-27
1071,1071,1130757,2021-11-29
1072,1072,754468,2024-07-15
1073,1073,638841,2018-10-02
1074,1074,692072,2024-01-17
1075,1075,521984,2018-10-28
1076,1076,1451639,2024-05-31
1077,1077,1399733,2021-09-12
1078,1078,579534,2024-10-11
1079,1079,432248,2019-05-01
1080,1080,879492,2022-10-29
1081,1081,769672,2020-04-03
1082,1082,915261,2024-03-15
1083,1083,1304792,2024-10-02
1084,1084,342967,2022-04-29
1085,1085,1478192,2024-03-21
1086,1086,854590,2023-06-11
1087,1087,1485439,2021-07-14
1088,1088,735659,2022-11-12
1089,1089,956570,2024-12-20
1090,1090,672331,2024-12-24
1091,1091,164607,2021-07-02
1092,1092,277717,2023-08-31
1093,1093,351240,2019-02-02
1094,1094,999642,2021-03-22
1095,1095,685346,2019-06-13
1096,1096,1348659,2021-04-30
1097,1097,294866,2020-05-15
1098,1098,1488171,2020-07-19
1099,1099,588033,2021-11-08
1100,1100,958916,2023-12-22
1101,1101,1380760,2023-04-10
1102,1102,710172,2023-12-04
1103,1103,841648,2018-03-09
1104,1104,1336668,2019-12-05
1105,1105,1121530,2020-12-12
1106,1106,1020664,2022-01-12
1107,1107,249466,2019-07-17
1108,1108,393279,2024-03-06
1109,1109,1363796,2018-10-15
1110,1110,401731,2023-09-09
1111,1111,270605,2018-02-15
1112,1112,1476380,2023-01-25
1113,1113,1006483,2020-03-25
1114,1114,945138,2021-12-28
1115,1115,112099,2023-08-27
1116,1116,1049723,2023-08-03
1117,1117,356893,2018-11-28
1118,1118,127953,2023-07-23
1119,1119,1227867,2021-01-20
1120,1120,1214937,2024-05-06
1121,1121,188934,2023-11-05
1122,1122,277318,2024-01-29
1123,1123,1013163,2019-03-29
1124,1124,500217,2024-02-24
1125,1125,164569,2020-12-31
1126,1126,559153,2024-12-09
1127,1127,457448,2024-01-02
1128,1128,314891,2023-06-08
1129,1129,553069,2023-04-30
1130,1130,1449102,2018-05-26
1131,1131,149435,2023-05-29
1132,1132,447988,2024-11-05
1133,1133,793496,2021-12-09
1134,1134,211916,2020-08-08
1135,1135,946645,2020-04-18
1136,1136,746096,2024-08-06
1137,1137,576701,2021-06-24
1138,1138,477896,2021-10-27
1139,1139,843216,2022-01-24
1140,1140,983120,2023-11-30
1141,1141,639333,2021-12-29
1142,1142,1381509,2018-09-17
1143,1143,1440082,2024-03-12
1144,1144,1186150,2021-09-27
1145,1145,988840,2024-04-13
1146,1146,568121,2022-08-16
1147,1147,1281568,2022-01-27
1148,1148,971335,2020-03-16
1149,1149,1081942,2020-12-20
1150,1150,320425,2022-05-29
1151,1151,1302672,2019-12-05
1152,1152,190237,2021-07-31
1153,1153,1411220,2023-01-27
1154,1154,736777,2023-01-08
1155,1155,494377,2018-09-09
1156,1156,725533,2023-06-04
1157,1157,254727,2021-01-30
1158,1158,807245,2022-01-09
1159,1159,974324,2022-11-24
1160,1160,1464721,2019-03-05
1161,1161,1248004,2019-08-17
1162,1162,391020,2021-07-18
1163,1163,201137,2018-07-21
1164,1164,1228410,2018-06-26
1165,1165,980386,2024-10-19
1166,1166,1114196,2018-12-16
1167,1167,605302,2020-09-30
1168,1168,1257746,2021-11-21
1169,1169,1359579,2022-04-19
1170,1170,1022720,2023-01-26
1171,1171,773612,2021-04-06
1172,1172,803989,2020-06-10
1173,1173,1227073,2020-10-23
1174,1174,1320248,2018-06-08
1175,1175,1203533,2019-08-01
1176,1176,526657,2024-04-18
1177,1177,219605,2023-08-05
1178,1178,814713,2020-02-07
1179,1179,868381,2021-01-20
1180,1180,1370206,2019-06-16
1181,1181,911485,2018-03-10
1182,1182,1390251,2019-04-18
1183,1183,725586,2021-02-25
1184,1184,443483,2020-12-31
1185,1185,628388,2021-07-02
1186,1186,653894,2022-02-21
1187,1187,157122,2019-11-02
1188,1188,83504,2019-02-11
1189,1189,894770,2020-11-14
1190,1190,204349,2023-12-29
1191,1191,136098,2018-11-17
1192,1192,986009,2018-11-07
1193,1193,197896,2023-04-10
1194,1194,152460,2021-09-13
1195,1195,181084,2018-11-16
1196,1196,205661,2021-05-31
1197,1197,1407191,2022-06-11
1198,1198,566716,2022-12-18
1199,1199,1198558,2019-10-24
1200,1200,457172,2020-02-04
1201,1201,1386631,2024-02-24
1202,1202,205341,2020-06-27
1203,1203,499086,2019-04-05
1204,1204,1177157,2021-04-10
1205,1205,261936,2023-08-03
1206,1206,625359,2018-04-21
1207,1207,873682,2021-05-22
1208,1208,108775,2018-02-25
1209,1209,911537,2019-01-25
1210,1210,99060,2022-07-21
1211,1211,941345,2018-01-04
1212,1212,1018345,2019-04-06
1213,1213,64014,2024-07-18
1214,1214,247744,2024-03-31
1215,1215,917344,2022-03-10
1216,1216,1139408,2018-07-06
1217,1217,620081,2023-07-29
1218,1218,542829,2022-12-11
1219,1219,1376620,2023-02-16
1220,1220,1320121,2024-09-23
1221,1221,544670,2024-10-30
1222,1222,1391711,2021-07-17
1223,1223,208047,2022-06-04
1224,1224,582656,2022-09-29
1225,1225,742485,2022-08-21
1226,1226,96679,2022-09-22
1227,1227,630037,2021-12-23
1228,1228,433265,2021-05-04
1229,1229,677669,2020-09-14
1230,1230,1290005,2021-09-10
1231,1231,245417,2024-12-29
1232,1232,625080,2021-12-17
1233,1233,97152,2023-01-17
1234,1234,729481,2023-09-26
1235,1235,168805,2023-06-30
1236,1236,903836,2021-10-04
1237,1237,579468,2022-04-28
1238,1238,604329,2019-07-20
1239,1239,221497,2021-01-28
1240,1240,1111607,2023-09-01
1241,1241,1466010,2023-01-04
1242,1242,1064312,2022-01-04
1243,1243,96720,2019-09-04
1244,1244,278718,2021-05-30
1245,1245,671124,2018-07-31
1246,1246,395382,2019-11-10
1247,1247,138455,2021-07-14
1248,1248,1355266,2020-10-11
1249,1249,1170748,2023-09-01
1250,1250,334290,2018-12-29
1251,1251,887318,2024-09-16
1252,1252,994169,2020-09-09
1253,1253,380270,2019-03-11
1254,1254,1270564,2019-11-16
1255,1255,1420656,2022-09-26
1256,1256,425069,2020-01-16
1257,1257,909728,2019-02-02
1258,1258,1224802,2021-07-09
1259,1259,1036836,2020-12-10
1260,1260,953800,2019-10-09
1261,1261,773883,2023-10-18
1262,1262,719229,2020-05-02
1263,1263,401434,2022-10-06
1264,1264,1453930,2024-12-27
1265,1265,255335,2020-10-24
1266,1266,91103,2023-12-09
1267,1267,1010168,2020-08-11
1268,1268,662030,2020-04-02
1269,1269,335600,2022-07-11
1270,1270,167027,2022-09-26
1271,1271,154341,2019-07-23
1272,1272,1390944,2023-04-07
1273,1273,1332778,2021-10-11
1274,1274,1130808,2020-10-27
1275,1275,867256,2019-12-26
1276,1276,601674,2024-08-03
1277,1277,327320,2022-12-16
1278,1278,614858,2021-02-05
1279,1279,937236,2022-08-04
1280,1280,1491166,2023-09-06
1281,1281,354543,2021-10-08
1282,1282,188562,2022-02-07
1283,1283,275831,2024-11-10
1284,1284,1381920,2023-05-11
1285,1285,958462,2022-10-04
1286,1286,594195,2021-12-21
1287,1287,1391543,2018-02-27
1288,1288,93746,2023-04-29
1289,1289,1187428,2019-10-08
1290,1290,616066,2022-06-16
1291,1291,118337,2018-07-01
1292,1292,1059726,2020-09-22
1293,1293,962858,2023-06-08
1294,1294,163289,2022-06-07
1295,1295,1051897,2018-08-17
1296,1296,368034,2022-05-17
1297,1297,1230244,2024-11-24
1298,1298,1203535,2022-02-10
1299,1299,188000,2018-11-19
1300,1300,678171,2022-10-20
1301,1301,1356818,2020-04-28
1302,1302,904532,2023-09-19
1303,1303,1056085,2019-10-18
1304,1304,740252,2019-11-25
1305,1305,1162571,2023-10-17
1306,1306,1179720,2021-05-27
1307,1307,1334965,2021-06-04
1308,1308,501048,2021-12-11
1309,1309,1036961,2018-05-07
1310,1310,1354746,2024-11-24
1311,1311,1171123,2024-12-04
1312,1312,604228,2019-04-23
1313,1313,333669,2022-02-16
1314,1314,589524,2021-01-12
1315,1315,1479847,2021-07-27
1316,1316,1282133,2019-11-14
1317,1317,273009,2021-05-16
1318,1318,1477713,2020-01-21
1319,1319,566711,2020-06-04
1320,1320,109648,2021-07-22
1321,1321,354725,2019-02-19
1322,1322,1004328,2021-07-31
1323,1323,1295049,2021-07-06
1324,1324,1238082,2019-07-18
1325,1325,455429,2022-10-14
1326,1326,497819,2023-04-12
1327,1327,926033,2024-12-22
1328,1328,944322,2020-09-09
1329,1329,1064144,2020-09-22
1330,1330,143207,2022-04-21
1331,1331,837283,2018-07-11
1332,1332,573082,2021-06-04
1333,1333,1140417,2023-10-07
1334,1334,391407,2019-07-02
1335,1335,1127336,2019-11-04
1336,1336,1330819,2022-01-15
1337,1337,1422906,2020-04-08
1338,1338,1210426,2023-09-25
1339,1339,1004310,2024-08-10
1340,1340,347674,2022-12-25
1341,1341,1092725,2019-03-25
1342,1342,728851,2021-03-30
1343,1343,1103409,2018-09-01
1344,1344,1283637,2019-01-10
1345,1345,655621,2022-02-17
1346,1346,255514,2022-12-27
1347,1347,927072,2019-08-16
1348,1348,1327403,2018-02-27
1349,1349,1229678,2018-07-08
1350,1350,478813,2020-07-08
1351,1351,602335,2024-01-17
1352,1352,513668,2023-03-09
1353,1353,1292964,2021-06-27
1354,1354,1405426,2021-11-22
1355,1355,1248906,2021-12-04
1356,1356,63113,2022-04-08
1357,1357,620168,2022-01-28
1358,1358,848901,2022-01-20
1359,1359,568886,2024-03-22
1360,1360,624335,2020-08-29
1361,1361,1469762,2024-06-16
1362,1362,1067248,2024-04-22
1363,1363,1187070,2018-10-09
1364,1364,829725,2021-01-31
1365,1365,891362,2023-01-20
1366,1366,812505,2024-07-20
1367,1367,1085271,2020-07-20
1368,1368,624685,2022-05-20
1369,1369,319900,2024-02-06
1370,1370,1200760,2022-12-06
1371,1371,1079590,2020-09-18
1372,1372,359929,2024-01-11
1373,1373,806661,2023-07-08
1374,1374,916591,2020-05-05
1375,1375,875064,2019-09-05
1376,1376,221329,2023-04-24
1377,1377,813572,2019-02-15
1378,1378,258229,2024-12-23
1379,1379,1275314,2021-11-16
1380,1380,1307807,2019-02-27
1381,1381,1393713,2021-06-02
1382,1382,492111,2019-09-07
1383,1383,1274515,2020-05-27
1384,1384,704852,2024-04-22
1385,1385,1013727,2021-02-25
1386,1386,62507,2021-12-16
1387,1387,1323962,2021-11-22
1388,1388,152108,2018-05-04
1389,1389,1379329,2018-05-25
1390,1390,1270903,2024-11-06
1391,1391,1181955,2024-01-20
1392,1392,448373,2023-04-09
1393,1393,765460,2021-09-29
1394,1394,322813,2018-07-12
1395,1395,397260,2024-09-04
1396,1396,105602,2022-04-26
1397,1397,387220,2024-10-27
1398,1398,387894,2021-09-12
1399,1399,1034761,2019-12-27
1400,1400,1138854,2018-03-12
1401,1401,725956,2020-07-20
1402,1402,1152326,2020-05-07
1403,1403,57510,2022-10-04
1404,1404,1473245,2021-05-26
1405,1405,785779,2019-05-24
1406,1406,630727,2024-09-17
1407,1407,508630,2021-06-13
1408,1408,1289096,2021-09-13
1409,1409,311583,2019-05-10
1410,1410,1003910,2023-01-04
1411,1411,564207,2022-11-17
1412,1412,411299,2021-02-11
1413,1413,689856,2020-09-18
1414,1414,124802,2024-12-12
1415,1415,300422,2022-05-11
1416,1416,964285,2018-09-03
1417,1417,1321927,2024-03-05
1418,1418,733627,2018-08-24
1419,1419,824161,2023-12-30
1420,1420,978065,2018-10-10
1421,1421,102931,2019-09-24
1422,1422,675827,2019-11-27
1423,1423,55368,2020-11-20
1424,1424,654113,2022-12-19
1425,1425,293314,2024-11-01
1426,1426,160775,2023-09-19
1427,1427,184055,2022-10-01
1428,1428,853007,2021-02-27
1429,1429,542890,2020-08-07
1430,1430,154030,2023-11-19
1431,1431,87707,2019-07-12
1432,1432,304779,2020-05-24
1433,1433,1196424,2023-12-19
1434,1434,296263,2022-06-01
1435,1435,737145,2018-09-06
1436,1436,1176349,2022-07-04
1437,1437,693041,2020-05-03
1438,1438,1075372,2023-11-22
1439,1439,1032866,2020-01-29
1440,1440,551583,2023-06-29
1441,1441,1497946,2024-06-27
1442,1442,746194,2023-12-22
1443,1443,104972,2020-09-19
1444,1444,688501,2022-09-22
1445,1445,549015,2022-06-01
1446,1446,1351861,2023-02-03
1447,1447,539906,2022-12-08
1448,1448,1419995,2020-01-11
1449,1449,1106856,2019-05-02
1450,1450,1292113,2024-07-22
1451,1451,271628,2019-01-25
1452,1452,150399,2019-02-24
1453,1453,460316,2018-12-11
1454,1454,1178261,2024-03-14
1455,1455,1050751,2021-06-20
1456,1456,733668,2019-05-12
1457,1457,145265,2018-03-23
1458,1458,344045,2023-02-24
1459,1459,524746,2021-07-31
1460,1460,938892,2024-10-13
1461,1461,715766,2021-12-05
1462,1462,918091,2020-07-07
1463,1463,831986,2020-08-11
1464,1464,1439192,2019-10-28
1465,1465,690306,2021-04-04
1466,1466,1498670,2019-07-03
1467,1467,298626,2019-06-06
1468,1468,266494,2020-01-02
1469,1469,867943,2019-07-06
1470,1470,999518,2021-05-28
1471,1471,1163268,2023-12-27
1472,1472,825879,2018-10-08
1473,1473,1025637,2023-05-22
1474,1474,583150,2023-08-24
1475,1475,337528,2022-04-14
1476,1476,1069862,2019-03-04
1477,1477,484889,2024-11-24
1478,1478,336920,2021-08-19
1479,1479,199748,2018-07-29
1480,1480,1292193,2020-09-01
1481,1481,104857,2019-05-13
1482,1482,746788,2022-04-08
1483,1483,624214,2019-09-12
1484,1484,885526,2019-01-21
1485,1485,1114904,2022-07-20
1486,1486,765371,2024-03-19
1487,1487,1365434,2023-08-18
1488,1488,934212,2024-04-20
1489,1489,296018,2018-05-04
1490,1490,101697,2018-11-24
1491,1491,740280,2023-05-22
1492,1492,493766,2022-06-16
1493,1493,1104946,2021-01-12
1494,1494,259450,2019-10-01
1495,1495,1018196,2022-11-15
1496,1496,1178697,2020-05-29
1497,1497,438750,2022-05-12
1498,1498,571090,2018-02-28
1499,1499,239675,2021-04-29
1500,1500,1433330,2022-09-08
1501,1501,718782,2023-10-06
1502,1502,1158317,2021-03-20
1503,1503,704246,2020-03-21
1504,1504,610474,2024-11-04
1505,1505,434872,2022-07-02
1506,1506,547839,2022-08-21
1507,1507,414484,2021-03-18
1508,1508,1084258,2020-08-24
1509,1509,837800,2019-07-10
1510,1510,1436296,2024-06-07
1511,1511,656502,2022-04-19
1512,1512,1435682,2021-06-01
1513,1513,124990,2019-01-21
1514,1514,237927,2019-07-01
1515,1515,146572,2022-12-29
1516,1516,1493342,2019-01-11
1517,1517,737282,2024-04-15
1518,1518,219485,2019-11-25
1519,1519,1130369,2019-09-20
1520,1520,152198,2024-08-02
1521,1521,238223,2020-12-07
1522,1522,1211334,2018-07-27
1523,1523,1302566,2024-10-19
1524,1524,251481,2019-03-03
1525,1525,843767,2021-12-25
1526,1526,674562,2023-01-30
1527,1527,1393057,2024-08-21
1528,1528,1192292,2021-06-22
1529,1529,1474602,2020-01-17
1530,1530,361983,2022-08-25
1531,1531,1100267,2020-04-12
1532,1532,235122,2022-08-18
1533,1533,783153,2020-06-08
1534,1534,592298,2022-04-13
1535,1535,778139,2018-01-31
1536,1536,1489511,2023-07-05
1537,1537,1435914,2024-03-12
1538,1538,1448167,2018-11-05
1539,1539,593408,2024-12-28
1540,1540,822340,2018-07-02
1541,1541,236322,2019-03-07
1542,1542,358159,2024-08-10
1543,1543,1224780,2018-11-23
1544,1544,99098,2018-09-05
1545,1545,1449318,2018-12-19
1546,1546,339148,2024-12-04
1547,1547,1464214,2024-09-03
1548,1548,1195312,2019-05-16
1549,1549,740687,2024-07-17
1550,1550,581580,2023-07-05
1551,1551,834372,2019-03-19
1552,1552,700834,2024-05-24
1553,1553,1253456,2022-09-07
1554,1554,93914,2022-09-09
1555,1555,951058,2021-01-08
1556,1556,1063319,2018-11-12
1557,1557,1197348,2022-07-19
1558,1558,388959,2020-02-15
1559,1559,688921,2021-02-06
1560,1560,380074,2020-11-26
1561,1561,304179,2022-02-12
1562,1562,654063,2020-07-19
1563,1563,1068507,2023-05-07
1564,1564,836912,2020-07-02
1565,1565,152297,2020-07-30
1566,1566,738523,2024-08-13
1567,1567,288050,2018-07-03
1568,1568,1055459,2023-11-18
1569,1569,123380,2020-08-31
1570,1570,933650,2023-09-16
1571,1571,1219436,2019-09-17
1572,1572,60380,2019-02-07
1573,1573,532352,2019-03-09
1574,1574,800968,2024-07-01
1575,1575,907066,2020-03-31
1576,1576,1457919,2024-09-26
1577,1577,939668,2022-11-05
1578,1578,344068,2020-06-24
1579,1579,1032896,2022-09-11
1580,1580,298535,2018-05-27
1581,1581,789665,2020-07-16
1582,1582,1179122,2019-08-25
1583,1583,860932,2022-02-15
1584,1584,1270178,2020-02-09
1585,1585,764689,2020-03-26
1586,1586,1182865,2024-12-29
1587,1587,250008,2021-03-12
1588,1588,960573,2022-07-24
1589,1589,871380,2020-02-23
1590,1590,720378,2019-01-23
1591,1591,1127436,2019-12-27
1592,1592,835475,2018-06-02
1593,1593,870933,2018-10-11
1594,1594,861608,2023-01-21
1595,1595,1309063,2022-02-11
1596,1596,210596,2023-02-02
1597,1597,309703,2021-09-17
1598,1598,808024,2019-08-26
1599,1599,1498707,2019-07-08
1600,1600,128284,2023-12-18
1601,1601,1417335,2022-08-06
1602,1602,958399,2022-03-03
1603,1603,582535,2021-04-06
1604,1604,197734,2018-12-23
1605,1605,1153831,2018-01-09
1606,1606,144903,2023-04-24
1607,1607,518151,2018-08-19
1608,1608,674053,2023-10-31
1609,1609,874109,2018-04-13
1610,1610,396854,2024-08-10
1611,1611,558026,2019-09-24
1612,1612,381519,2021-08-23
1613,1613,574147,2020-01-11
1614,1614,1386121,2024-05-10
1615,1615,912262,2019-08-24
1616,1616,538142,2020-01-28
1617,1617,686900,2019-07-17
1618,1618,685643,2020-09-24
1619,1619,1128920,2022-01-15
1620,1620,1247918,2024-03-03
1621,1621,992788,2020-03-04
1622,1622,1469464,2019-07-31
1623,1623,1140634,2019-06-24
1624,1624,1022693,2023-12-13
1625,1625,686922,2020-05-24
1626,1626,1434877,2018-11-13
1627,1627,245711,2018-05-30
1628,1628,100281,2019-06-19
1629,1629,62202,2021-10-04
1630,1630,1277152,2022-07-11
1631,1631,324261,2021-09-05
1632,1632,962013,2021-05-08
1633,1633,695770,2018-04-27
1634,1634,1397756,2019-05-26
1635,1635,607755,2023-07-26
1636,1636,1031634,2021-08-17
1637,1637,243673,2020-04-14
1638,1638,1000118,2024-02-25
1639,1639,1281200,2024-01-12
1640,1640,329082,2022-03-20
1641,1641,248644,2021-02-22
1642,1642,1225342,2021-10-18
1643,1643,199395,2021-04-23
1644,1644,1452709,2023-07-25
1645,1645,673486,2019-02-03
1646,1646,128678,2023-10-26
1647,1647,55265,2020-10-13
1648,1648,95201,2021-12-19
1649,1649,680030,2023-12-12
1650,1650,545131,2023-08-04
1651,1651,1220910,2019-11-04
1652,1652,1133129,2022-12-06
1653,1653,417069,2022-06-21
1654,1654,1420326,2023-09-23
1655,1655,1108556,2019-12-31
1656,1656,509630,2022-07-08
1657,1657,916485,2024-01-23
1658,1658,1477255,2018-08-06
1659,1659,915267,2024-05-19
1660,1660,685592,2024-01-19
1661,1661,1230702,2018-03-27
1662,1662,551086,2021-10-03
1663,1663,405413,2024-02-12
1664,1664,738317,2022-10-01
1665,1665,727881,2021-11-20
1666,1666,178806,2022-08-11
1667,1667,965847,2022-03-04
1668,1668,271377,2019-02-15
1669,1669,205759,2024-04-17
1670,1670,122824,2021-11-13
1671,1671,858131,2023-12-04
1672,1672,898971,2021-04-30
1673,1673,1402151,2019-03-16
1674,1674,678469,2020-08-31
1675,1675,1359914,2021-09-10
1676,1676,1419807,2020-03-16
1677,1677,668347,2019-02-18
1678,1678,1312577,2022-10-14
1679,1679,382233,2021-12-19
1680,1680,862295,2019-03-02
1681,1681,151493,2023-07-12
1682,1682,73605,2024-03-19
1683,1683,821872,2020-11-14
1684,1684,1025201,2018-05-01
1685,1685,54561,2024-05-20
1686,1686,1039011,2024-10-08
1687,1687,113398,2022-03-03
1688,1688,281137,2019-02-25
1689,1689,310212,2023-07-29
1690,1690,1167192,2018-03-28
1691,1691,1419136,2021-12-27
1692,1692,640374,2023-03-17
1693,1693,1122424,2019-08-21
1694,1694,1001057,2023-01-20
1695,1695,149233,2021-02-20
1696,1696,63400,2023-11-12
1697,1697,293532,2020-01-09
1698,1698,524674,2019-04-30
1699,1699,256834,2023-10-14
1700,1700,448296,2018-01-31
1701,1701,1355491,2019-10-28
1702,1702,262510,2022-02-18
1703,1703,118750,2023-12-06
1704,1704,976937,2022-03-11
1705,1705,1112033,2020-08-18
1706,1706,64507,2023-09-06
1707,1707,1169039,2019-01-28
1708,1708,342476,2023-02-26
1709,1709,1179030,2020-04-03
1710,1710,1159668,2019-10-18
1711,1711,909465,2020-11-07
1712,1712,259147,2021-12-24
1713,1713,1360070,2019-02-03
1714,1714,922206,2022-05-31
1715,1715,350719,2019-10-03
1716,1716,546089,2020-08-31
1717,1717,449609,2020-12-30
1718,1718,514606,2022-01-16
1719,1719,1448810,2018-03-26
1720,1720,632472,2021-04-16
1721,1721,652242,2018-02-26
1722,1722,603147,2021-02-16
1723,1723,186816,2018-03-10
1724,1724,1048766,2020-01-22
1725,1725,494873,2023-07-03
1726,1726,453772,2024-07-30
1727,1727,681399,2022-12-11
1728,1728,362800,2024-07-08
1729,1729,477714,2023-11-23
1730,1730,496052,2022-06-21
1731,1731,1378906,2019-08-25
1732,1732,546808,2021-04-16
1733,1733,80566,2022-11-15
1734,1734,302481,2020-07-10
1735,1735,526516,2018-08-18
1736,1736,76173,2022-11-21
1737,1737,522318,2024-08-12
1738,1738,199054,2018-06-30
1739,1739,341876,2023-06-20
1740,1740,1127772,2018-10-28
1741,1741,504490,2023-12-28
1742,1742,942495,2018-12-17
1743,1743,195406,2019-09-18
1744,1744,800638,2019-04-29
1745,1745,848451,2022-03-13
1746,1746,670634,2021-07-11
1747,1747,987830,2020-09-02
1748,1748,418037,2020-01-21
1749,1749,755736,2024-01-11
1750,1750,892087,2021-12-29
1751,1751,1370163,2024-03-12
1752,1752,1122678,2023-08-06
1753,1753,1038755,2024-04-14
1754,1754,375042,2023-05-26
1755,1755,839315,2018-07-23
1756,1756,1212519,2018-04-05
1757,1757,1127347,2024-03-30
1758,1758,830596,2019-07-19
1759,1759,797026,2024-04-16
1760,1760,497363,2021-07-05
1761,1761,220743,2022-05-08
1762,1762,1079881,2023-09-06
1763,1763,1038567,2018-06-25
1764,1764,1163810,2024-08-20
1765,1765,620156,2023-03-31
1766,1766,761941,2022-10-06
1767,1767,363035,2024-01-20
1768,1768,121884,2023-08-14
1769,1769,975467,2023-01-09
1770,1770,465545,2024-09-03
1771,1771,184793,2024-10-31
1772,1772,1163623,2024-05-06
1773,1773,720997,2018-05-14
1774,1774,1178874,2021-11-11
1775,1775,1402737,2020-11-22
1776,1776,370780,2019-05-11
1777,1777,556134,2023-05-04
1778,1778,1041593,2021-06-26
1779,1779,1211491,2018-03-10
1780,1780,712935,2024-11-26
1781,1781,594292,2020-03-30
1782,1782,899492,2019-01-06
1783,1783,717738,2019-10-09
1784,1784,178400,2018-03-25
1785,1785,461604,2019-06-14
1786,1786,333041,2023-04-08
1787,1787,1316348,2022-07-01
1788,1788,368533,2022-11-14
1789,1789,219910,2018-09-25
1790,1790,647384,2023-02-22
1791,1791,931501,2023-06-23
1792,1792,128538,2024-01-13
1793,1793,146800,2023-01-21
1794,1794,489031,2022-10-04
1795,1795,643257,2018-10-30
1796,1796,1233311,2020-08-27
1797,1797,440711,2024-10-28
1798,1798,832824,2024-12-16
1799,1799,376656,2020-01-17
1800,1800,117125,2020-11-07
1801,1801,880112,2022-10-16
1802,1802,646819,2020-03-24
1803,1803,138812,2024-05-22
1804,1804,1176889,2023-04-18
1805,1805,361329,2020-12-16
1806,1806,782206,2022-07-04
1807,1807,730059,2021-07-25
1808,1808,447163,2023-04-07
1809,1809,1418642,2018-07-18
1810,1810,1085299,2022-07-15
1811,1811,1269312,2024-02-07
1812,1812,1452718,2022-03-07
1813,1813,143681,2019-11-12
1814,1814,659338,2024-07-06
1815,1815,619778,2018-05-04
1816,1816,376907,2023-06-05
1817,1817,809041,2019-04-11
1818,1818,1112663,2023-06-20
1819,1819,455565,2019-04-02
1820,1820,1490461,2022-09-04
1821,1821,890629,2022-02-09
1822,1822,68006,2019-10-28
1823,1823,1310833,2023-02-09
1824,1824,396198,2021-07-21
1825,1825,227540,2019-12-26
1826,1826,1237189,2024-01-04
1827,1827,1234190,2019-07-14
1828,1828,1367975,2021-11-04
1829,1829,1173340,2022-02-07
1830,1830,1222249,2019-12-06
1831,1831,249504,2024-06-08
1832,1832,543910,2019-04-17
1833,1833,120027,2018-07-30
1834,1834,393614,2024-10-11
1835,1835,1478021,2020-06-30
1836,1836,437199,2018-11-17
1837,1837,1398543,2023-08-31
1838,1838,821699,2019-06-27
1839,1839,111426,2022-03-09
1840,1840,543725,2024-06-12
1841,1841,215332,2021-05-17
1842,1842,610882,2021-02-19
1843,1843,1183124,2022-11-22
1844,1844,792384,2018-09-12
1845,1845,900089,2018-08-04
1846,1846,1152691,2018-01-02
1847,1847,1466484,2021-07-21
1848,1848,931462,2023-01-20
1849,1849,1220968,2018-08-24
1850,1850,751228,2024-01-12
1851,1851,475285,2020-01-25
1852,1852,552158,2021-12-18
1853,1853,1315643,2022-07-28
1854,1854,680702,2020-12-19
1855,1855,863711,2022-09-18
1856,1856,196419,2020-03-16
1857,1857,671189,2019-06-25
1858,1858,219760,2020-10-01
1859,1859,1408093,2023-08-30
1860,1860,1173336,2020-07-03
1861,1861,1259734,2023-04-15
1862,1862,63201,2021-09-14
1863,1863,1309494,2018-08-25
1864,1864,1116392,2019-09-07
1865,1865,446174,2019-03-07
1866,1866,866588,2023-07-13
1867,1867,937555,2020-10-23
1868,1868,311665,2023-11-29
1869,1869,1101106,2019-03-25
1870,1870,76287,2022-05-02
1871,1871,1463716,2020-07-19
1872,1872,563481,2019-11-29
1873,1873,494371,2019-01-22
1874,1874,516924,2024-10-04
1875,1875,260339,2021-11-18
1876,1876,855283,2022-10-11
1877,1877,761447,2024-02-23
1878,1878,358378,2022-12-20
1879,1879,873895,2023-11-23
1880,1880,429955,2019-09-02
1881,1881,820693,2018-05-08
1882,1882,106376,2024-09-04
1883,1883,1398608,2019-06-09
1884,1884,329649,2023-12-30
1885,1885,1350189,2021-04-13
1886,1886,1266654,2019-02-23
1887,1887,928400,2019-08-21
1888,1888,181785,2020-04-20
1889,1889,1068910,2024-12-08
1890,1890,1436011,2021-03-30
1891,1891,664699,2023-01-10
1892,1892,546537,2020-01-25
1893,1893,1055530,2022-10-10
1894,1894,1025761,2022-06-30
1895,1895,1095446,2018-04-28
1896,1896,94065,2021-07-09
1897,1897,1323787,2023-08-04
1898,1898,757721,2021-10-03
1899,1899,184622,2020-01-20
1900,1900,451735,2023-09-11
1901,1901,733183,2022-11-04
1902,1902,637102,2024-10-05
1903,1903,316819,2021-08-31
1904,1904,903981,2023-01-02
1905,1905,732399,2024-07-04
1906,1906,1286466,2020-07-09
1907,1907,131885,2021-10-05
1908,1908,1020702,2023-04-17
1909,1909,850988,2023-11-03
1910,1910,1380584,2020-02-13
1911,1911,894925,2019-01-09
1912,1912,867748,2021-04-15
1913,1913,346073,2023-08-04
1914,1914,995625,2024-03-10
1915,1915,727387,2024-05-23
1916,1916,1029747,2024-12-24
1917,1917,707626,2021-09-13
1918,1918,730656,2022-03-01
1919,1919,857656,2021-09-17
1920,1920,316496,2021-02-23
1921,1921,1389746,2024-11-27
1922,1922,262947,2019-03-19
1923,1923,235890,2019-07-01
1924,1924,275997,2018-05-23
1925,1925,793953,2022-09-19
1926,1926,1346902,2023-08-16
1927,1927,732161,2020-02-24
1928,1928,686617,2021-03-30
1929,1929,918957,2023-06-11
1930,1930,563738,2019-12-26
1931,1931,1000369,2023-05-17
1932,1932,1437305,2020-11-24
1933,1933,1043857,2020-11-05
1934,1934,606595,2019-07-30
1935,1935,142336,2019-03-01
1936,1936,792374,2024-12-03
1937,1937,744926,2018-05-23
1938,1938,474186,2019-03-25
1939,1939,935006,2018-12-20
1940,1940,948674,2022-07-18
1941,1941,120886,2020-04-24
1942,1942,1149180,2021-02-22
1943,1943,1457317,2021-09-18
1944,1944,349798,2018-11-27
1945,1945,1463191,2024-03-23
1946,1946,1361270,2022-07-17
1947,1947,1056134,2023-06-19
1948,1948,406031,2019-01-16
1949,1949,167017,2018-12-23
1950,1950,522783,2019-09-08
1951,1951,941539,2024-04-12
1952,1952,608495,2018-09-20
1953,1953,1382708,2020-07-27
1954,1954,923786,2019-10-05
1955,1955,728241,2024-03-11
1956,1956,1416341,2024-06-17
1957,1957,207072,2018-07-20
1958,1958,1461108,2023-10-31
1959,1959,690709,2023-03-09
1960,1960,663807,2021-09-22
1961,1961,815984,2020-06-15
1962,1962,1488871,2024-01-17
1963,1963,618467,2022-02-27
1964,1964,1185547,2022-11-04
1965,1965,379486,2018-05-08
1966,1966,559290,2024-03-14
1967,1967,1332932,2018-10-27
1968,1968,652364,2019-11-29
1969,1969,61607,2022-10-26
1970,1970,1159779,2018-11-13
1971,1971,1224541,2022-05-04
1972,1972,767441,2019-12-25
1973,1973,501740,2024-03-19
1974,1974,714793,2020-05-07
1975,1975,649054,2024-04-28
1976,1976,92593,2024-06-09
1977,1977,1439928,2023-01-13
1978,1978,1168716,2023-07-11
1979,1979,447554,2022-09-25
1980,1980,1239425,2023-12-22
1981,1981,455241,2023-11-20
1982,1982,1478995,2018-05-30
1983,1983,1050373,2018-07-07
1984,1984,673620,2018-09-16
1985,1985,629984,2019-02-07
1986,1986,189813,2022-10-29
1987,1987,1492221,2019-11-11
1988,1988,632911,2021-02-10
1989,1989,563554,2022-08-07
1990,1990,106866,2019-08-09
1991,1991,459312,2019-05-06
1992,1992,995057,2018-12-20
1993,1993,725616,2019-10-11
1994,1994,611130,2020-12-21
1995,1995,681213,2020-05-30
1996,1996,1035662,2021-06-21
1997,1997,1376900,2019-10-30
1998,1998,1083530,2023-10-29
1999,1999,891187,2020-03-05
2000,2000,1214053,2024-03-15
2001,2001,1419300,2023-03-31
2002,2002,1215655,2019-11-08
2003,2003,394469,2019-07-22
2004,2004,1077994,2024-07-18
2005,2005,480990,2019-01-05
2006,2006,153800,2024-03-07
2007,2007,1268571,2018-04-24
2008,2008,293386,2019-06-02
2009,2009,259752,2019-10-22
2010,2010,518456,2022-01-22
2011,2011,1294742,2024-03-10
2012,2012,1299451,2020-05-30
2013,2013,906074,2019-01-31
2014,2014,364528,2021-07-24
2015,2015,869307,2022-07-05
2016,2016,237613,2021-02-11
2017,2017,795935,2018-04-25
2018,2018,997430,2024-07-05
2019,2019,659407,2018-04-24
2020,2020,842334,2019-09-03
2021,2021,1417097,2023-01-15
2022,2022,1339112,2024-12-23
2023,2023,321829,2018-07-20
2024,2024,560376,2019-08-18
2025,2025,634831,2021-03-27
2026,2026,169670,2020-09-10
2027,2027,131853,2023-04-08
2028,2028,113373,2022-08-27
2029,2029,1093372,2020-07-18
2030,2030,701394,2018-04-08
2031,2031,1449228,2018-04-28
2032,2032,271276,2022-08-31
2033,2033,215686,2018-09-12
2034,2034,1382028,2022-03-07
2035,2035,642962,2020-08-16
2036,2036,853890,2023-10-03
2037,2037,322803,2018-07-26
2038,2038,946223,2018-08-04
2039,2039,371317,2019-07-06
2040,2040,783568,2022-02-27
2041,2041,701733,2018-01-15
2042,2042,1186838,2019-08-10
2043,2043,648754,2022-01-04
2044,2044,1457523,2018-04-23
2045,2045,213503,2020-05-29
2046,2046,829816,2022-09-26
2047,2047,972449,2023-08-16
2048,2048,876116,2021-05-25
2049,2049,1245284,2020-12-08
2050,2050,1147454,2018-04-20
2051,2051,464082,2022-03-27
2052,2052,295347,2021-04-06
2053,2053,664494,2023-04-16
2054,2054,592853,2023-02-08
2055,2055,1292751,2024-02-17
2056,2056,919972,2020-07-16
2057,2057,842358,2019-05-18
2058,2058,1050564,2018-01-08
2059,2059,319640,2023-09-26
2060,2060,1244897,2019-02-13
2061,2061,597688,2019-06-01
2062,2062,82314,2022-11-18
2063,2063,65871,2023-08-10
2064,2064,1302434,2023-10-20
2065,2065,327577,2022-02-04
2066,2066,420444,2023-10-31
2067,2067,92311,2022-05-10
2068,2068,1338660,2024-04-17
2069,2069,1120510,2023-09-15
2070,2070,907229,2021-03-31
2071,2071,397171,2024-02-28
2072,2072,1167218,2024-10-10
2073,2073,1284411,2020-10-09
2074,2074,1100630,2020-02-17
2075,2075,1413946,2019-12-28
2076,2076,202296,2022-08-10
2077,2077,613467,2020-08-27
2078,2078,1391760,2018-04-15
2079,2079,232169,2023-11-12
2080,2080,1341540,2019-05-04
2081,2081,686760,2021-08-12
2082,2082,520325,2022-09-15
2083,2083,1350396,2022-01-02
2084,2084,621098,2022-11-26
2085,2085,1228076,2018-03-15
2086,2086,664610,2020-01-17
2087,2087,694616,2023-11-22
2088,2088,743989,2021-09-25
2089,2089,904886,2019-11-30
2090,2090,1227599,2024-12-06
2091,2091,1120760,2023-01-21
2092,2092,1060853,2022-09-22
2093,2093,204968,2024-05-10
2094,2094,566851,2020-09-03
2095,2095,1192251,2022-05-19
2096,2096,268296,2024-03-23
2097,2097,366671,2021-01-04
2098,2098,1442194,2018-09-05
2099,2099,148488,2024-10-22
2100,2100,1165628,2022-01-02
2101,2101,968999,2018-08-07
2102,2102,880037,2023-08-14
2103,2103,1253056,2024-02-24
2104,2104,497594,2023-05-29
2105,2105,1436059,2021-08-03
2106,2106,1375453,2024-12-06
2107,2107,1448684,2023-07-02
2108,2108,427269,2022-06-07
2109,2109,338403,2019-04-09
2110,2110,429201,2023-02-18
2111,2111,1368923,2020-06-09
2112,2112,554256,2022-06-27
2113,2113,163193,2018-10-31
2114,2114,894339,2018-01-13
2115,2115,1109725,2023-07-17
2116,2116,904600,2023-01-11
2117,2117,621342,2020-05-30
2118,2118,197443,2023-09-30
2119,2119,1477791,2018-12-05
2120,2120,1242389,2019-05-23
2121,2121,1212815,2019-07-15
2122,2122,1189878,2022-04-18
2123,2123,149131,2020-04-24
2124,2124,239590,2022-11-12
2125,2125,267338,2019-06-26
2126,2126,1156840,2022-04-01
2127,2127,1014495,2021-08-21
2128,2128,640413,2023-05-08
2129,2129,714417,2019-03-18
2130,2130,462736,2023-07-20
2131,2131,835965,2018-10-01
2132,2132,1224608,2018-05-27
2133,2133,1172879,2020-09-06
2134,2134,1208326,2021-01-16
2135,2135,1418873,2021-07-27
2136,2136,1337841,2024-08-11
2137,2137,688544,2022-10-02
2138,2138,1080038,2022-12-13
2139,2139,180454,2024-12-29
2140,2140,281608,2023-02-09
2141,2141,747477,2023-08-13
2142,2142,74838,2023-11-16
2143,2143,186180,2022-10-29
2144,2144,849389,2023-05-30
2145,2145,443083,2021-02-03
2146,2146,731704,2018-10-09
2147,2147,1125255,2021-05-04
2148,2148,417239,2021-03-14
2149,2149,434110,2019-06-07
2150,2150,1217601,2022-01-01
2151,2151,75648,2021-03-24
2152,2152,1246815,2021-06-30
2153,2153,1490930,2018-01-24
2154,2154,446071,2024-09-19
2155,2155,932124,2018-09-07
2156,2156,1187345,2020-02-23
2157,2157,902055,2018-11-23
2158,2158,883636,2019-07-14
2159,2159,1078508,2019-04-05
2160,2160,436022,2023-04-22
2161,2161,1025825,2023-03-26
2162,2162,878501,2019-03-16
2163,2163,888677,2019-11-07
2164,2164,652367,2022-01-16
2165,2165,855185,2019-10-10
2166,2166,420574,2018-01-18
2167,2167,1267161,2024-10-01
2168,2168,954109,2023-09-06
2169,2169,547330,2019-10-21
2170,2170,109958,2021-07-03
2171,2171,1478791,2022-08-14
2172,2172,669027,2021-05-29
2173,2173,1161056,2023-07-21
2174,2174,1346412,2021-09-17
2175,2175,520310,2018-04-18
2176,2176,1204539,2019-05-09
2177,2177,411646,2018-02-06
2178,2178,856133,2023-10-08
2179,2179,1479408,2018-09-29
2180,2180,1306465,2020-05-19
2181,2181,1419480,2019-07-21
2182,2182,1133156,2024-06-27
2183,2183,81732,2024-01-14
2184,2184,909609,2018-09-17
2185,2185,432437,2018-12-09
2186,2186,1034622,2024-01-28
2187,2187,839253,2020-02-10
2188,2188,434098,2021-07-12
2189,2189,413556,2019-08-29
2190,2190,1105945,2021-07-16
2191,2191,191253,2019-10-25
2192,2192,1486517,2019-03-16
2193,2193,1381800,2024-06-21
2194,2194,787803,2021-06-04
2195,2195,1039686,2023-12-07
2196,2196,395100,2018-09-18
2197,2197,1035843,2021-07-22
2198,2198,373335,2022-03-09
2199,2199,1348903,2022-07-04
2200,2200,1484848,2020-09-22
2201,2201,364134,2024-04-16
2202,2202,629839,2019-06-02
2203,2203,985558,2024-07-24
2204,2204,779252,2021-07-29
2205,2205,361484,2020-02-18
2206,2206,1356114,2023-01-08
2207,2207,408557,2020-03-13
2208,2208,1289825,2019-01-07
2209,2209,351504,2021-02-16
2210,2210,937757,2023-01-17
2211,2211,1377613,2023-10-04
2212,2212,1422830,2022-09-07
2213,2213,702595,2018-03-29
2214,2214,185874,2022-12-31
2215,2215,1142335,2018-11-14
2216,2216,1420438,2023-05-24
2217,2217,1067989,2023-08-07
2218,2218,1161228,2023-07-27
2219,2219,240533,2024-02-26
2220,2220,770383,2023-12-03
2221,2221,740651,2023-05-22
2222,2222,391257,2019-02-02
2223,2223,1467320,2021-06-04
2224,2224,1284281,2018-04-09
2225,2225,1222151,2018-05-03
2226,2226,314202,2021-05-07
2227,2227,1357741,2019-10-08
2228,2228,563909,2019-12-05
2229,2229,1131433,2019-01-20
2230,2230,125072,2021-03-04
2231,2231,532053,2018-01-16
2232,2232,1443765,2023-04-22
2233,2233,1098505,2024-07-03
2234,2234,1133725,2020-06-27
2235,2235,1378160,2023-02-24
2236,2236,1438732,2022-02-24
2237,2237,1071836,2024-12-03
2238,2238,749490,2021-12-15
2239,2239,1317835,2022-09-12
2240,2240,460197,2019-11-27
2241,2241,1315979,2019-12-22
2242,2242,790727,2020-04-28
2243,2243,1202765,2023-05-07
2244,2244,620995,2021-01-27
2245,2245,493959,2021-02-01
2246,2246,67488,2022-11-20
2247,2247,1009107,2023-06-22
2248,2248,879971,2021-10-02
2249,2249,264692,2019-11-16
2250,2250,946134,2020-10-04
2251,2251,336598,2018-03-02
2252,2252,1133739,2022-06-13
2253,2253,742852,2023-10-27
2254,2254,266893,2023-05-04
2255,2255,1490934,2021-03-30
2256,2256,1425875,2019-09-04
2257,2257,340079,2023-05-04
2258,2258,955522,2022-07-02
2259,2259,610831,2024-02-05
2260,2260,1309520,2019-06-28
2261,2261,630785,2023-04-28
2262,2262,249476,2022-12-09
2263,2263,108816,2019-05-19
2264,2264,309100,2022-02-23
2265,2265,771593,2019-02-10
2266,2266,1338131,2018-10-22
2267,2267,509797,2022-03-04
2268,2268,1132650,2018-09-03
2269,2269,1127189,2019-01-16
2270,2270,191728,2019-11-25
2271,2271,1052071,2022-10-07
2272,2272,1170527,2021-11-26
2273,2273,1301787,2024-07-03
2274,2274,167884,2019-09-05
2275,2275,440989,2018-06-23
2276,2276,710102,2023-12-26
2277,2277,1116308,2023-06-24
2278,2278,871293,2023-06-24
2279,2279,1239208,2018-12-29
2280,2280,908533,2023-07-18
2281,2281,633708,2020-03-05
2282,2282,801890,2020-12-24
2283,2283,120593,2024-08-02
2284,2284,1299236,2021-10-29
2285,2285,364143,2020-09-21
2286,2286,561345,2024-04-09
2287,2287,76807,2021-04-05
2288,2288,636825,2023-06-02
2289,2289,1281611,2019-05-20
2290,2290,1070507,2019-07-31
2291,2291,645052,2020-11-12
2292,2292,155403,2022-06-24
2293,2293,109587,2022-04-10
2294,2294,1064320,2022-11-25
2295,2295,669462,2020-09-23
2296,2296,789251,2022-01-06
2297,2297,557107,2018-06-27
2298,2298,780296,2022-09-29
2299,2299,297990,2019-08-19
2300,2300,769297,2022-07-21
2301,2301,935765,2019-11-14
2302,2302,1262049,2023-05-01
2303,2303,249263,2023-12-30
2304,2304,944341,2021-09-22
2305,2305,1378987,2022-05-16
2306,2306,721287,2018-11-04
2307,2307,777412,2024-06-15
2308,2308,1052052,2020-08-13
2309,2309,664642,2021-03-13
2310,2310,201505,2020-04-05
2311,2311,555247,2018-11-16
2312,2312,762079,2021-09-23
2313,2313,1241721,2019-05-14
2314,2314,408013,2024-06-10
2315,2315,1402648,2018-02-22
2316,2316,283426,2019-12-27
2317,2317,737452,2019-11-12
2318,2318,682354,2021-04-23
2319,2319,965491,2018-10-20
2320,2320,208037,2021-01-05
2321,2321,1064839,2023-09-18
2322,2322,1126424,2022-12-01
2323,2323,690046,2023-10-11
2324,2324,933759,2020-12-19
2325,2325,655585,2023-07-20
2326,2326,329824,2024-03-06
2327,2327,853632,2020-07-14
2328,2328,697323,2023-01-03
2329,2329,1072928,2024-01-22
2330,2330,217455,2021-12-25
2331,2331,345899,2021-12-19
2332,2332,1329297,2020-09-09
2333,2333,674945,2018-07-18
2334,2334,1386784,2018-02-25
2335,2335,430294,2022-04-27
2336,2336,358773,2018-02-16
2337,2337,1473737,2024-09-01
2338,2338,1153260,2022-11-14
2339,2339,1004927,2020-04-01
2340,2340,1070451,2021-01-08
2341,2341,1425747,2018-02-05
2342,2342,1272744,2024-09-07
2343,2343,783398,2022-12-31
2344,2344,344744,2018-08-23
2345,2345,1345987,2024-07-13
2346,2346,1496990,2024-09-07
2347,2347,1169637,2019-12-02
2348,2348,269738,2020-01-11
2349,2349,256983,2022-07-20
2350,2350,633880,2023-10-16
2351,2351,977711,2024-02-06
2352,2352,1260315,2018-09-09
2353,2353,489680,2021-09-13
2354,2354,1485839,2019-04-26
2355,2355,659957,2019-08-11
2356,2356,962776,2023-11-30
2357,2357,1132105,2024-12-12
2358,2358,734199,2022-02-16
2359,2359,145742,2024-10-06
2360,2360,1401842,2021-09-13
2361,2361,1190340,2021-08-19
2362,2362,806318,2019-07-06
2363,2363,796079,2019-07-12
2364,2364,648914,2020-02-19
2365,2365,898557,2021-06-10
2366,2366,344381,2022-10-12
2367,2367,1057471,2018-04-12
2368,2368,791218,2021-05-27
2369,2369,1317997,2020-02-09
2370,2370,124142,2021-08-15
2371,2371,944484,2021-05-31
2372,2372,605532,2021-02-15
2373,2373,69831,2020-11-01
2374,2374,839001,2020-08-12
2375,2375,355232,2020-04-02
2376,2376,618922,2021-08-20
2377,2377,1060904,2023-08-11
2378,2378,1017926,2021-09-30
2379,2379,479220,2020-04-06
2380,2380,754723,2021-01-28
2381,2381,493927,2020-05-09
2382,2382,1405605,2022-12-23
2383,2383,588724,2024-05-22
2384,2384,597205,2024-04-26
2385,2385,905329,2019-08-05
2386,2386,1217836,2024-04-27
2387,2387,1361608,2021-06-12
2388,2388,394366,2024-01-13
2389,2389,1142008,2022-09-27
2390,2390,1059694,2024-04-03
2391,2391,1262809,2018-03-08
2392,2392,785232,2018-05-05
2393,2393,410440,2023-06-27
2394,2394,1136573,2024-02-13
2395,2395,666469,2020-12-30
2396,2396,293440,2021-02-19
2397,2397,794271,2022-03-03
2398,2398,1089243,2023-11-17
2399,2399,1018106,2020-12-10
2400,2400,1172326,2021-07-04
2401,2401,220665,2019-02-28
2402,2402,1199025,2023-06-27
2403,2403,1265477,2019-11-25
2404,2404,1356542,2023-12-15
2405,2405,94722,2024-07-18
2406,2406,922484,2022-09-23
2407,2407,1060533,2023-07-22
2408,2408,1168859,2019-05-06
2409,2409,1477016,2021-05-01
2410,2410,1120935,2024-03-28
2411,2411,1471256,2019-01-23
2412,2412,412227,2023-10-28
2413,2413,1100292,2022-02-06
2414,2414,1287173,2021-07-02
2415,2415,1246033,2024-06-01
2416,2416,289724,2018-12-03
2417,2417,351481,2018-10-26
2418,2418,932386,2023-06-10
2419,2419,675837,2020-05-30
2420,2420,995297,2020-04-18
2421,2421,916619,2018-10-14
2422,2422,190542,2024-05-08
2423,2423,578149,2023-11-29
2424,2424,131830,2020-06-13
2425,2425,516157,2023-07-03
2426,2426,1282130,2020-01-01
2427,2427,1130057,2021-04-08
2428,2428,786378,2018-10-02
2429,2429,1168943,2018-11-23
2430,2430,1041961,2022-09-16
2431,2431,1313458,2021-06-19
2432,2432,1045463,2020-09-11
2433,2433,198706,2022-05-18
2434,2434,727909,2021-07-29
2435,2435,450995,2023-11-06
2436,2436,1190482,2024-05-17
2437,2437,816420,2021-01-04
2438,2438,1320736,2020-11-04
2439,2439,155467,2024-11-01
2440,2440,546386,2023-02-23
2441,2441,828290,2021-11-16
2442,2442,1390832,2018-11-01
2443,2443,1295572,2021-06-30
2444,2444,1114371,2024-08-30
2445,2445,291218,2019-12-20
2446,2446,375080,2022-12-03
2447,2447,392169,2024-06-29
2448,2448,373892,2019-07-15
2449,2449,427285,2024-06-01
2450,2450,389332,2022-06-16
2451,2451,1454121,2018-09-10
2452,2452,568944,2024-01-14
2453,2453,452188,2024-08-02
2454,2454,1317394,2024-04-20
2455,2455,138530,2023-01-25
2456,2456,1330158,2021-01-10
2457,2457,107615,2021-05-18
2458,2458,968582,2022-02-26
2459,2459,427328,2022-03-20
2460,2460,725599,2018-05-19
2461,2461,1205503,2024-07-26
2462,2462,1143593,2018-10-05
2463,2463,1270093,2018-10-13
2464,2464,277820,2022-08-04
2465,2465,50962,2021-04-24
2466,2466,714503,2023-09-27
2467,2467,1386317,2020-05-16
2468,2468,335997,2020-02-27
2469,2469,737156,2018-10-27
2470,2470,1231030,2019-04-21
2471,2471,1269317,2019-09-10
2472,2472,95074,2020-06-28
2473,2473,990358,2021-01-24
2474,2474,819665,2020-05-24
2475,2475,1412291,2022-04-28
2476,2476,417023,2021-02-17
2477,2477,62577,2023-09-30
2478,2478,1423292,2023-11-30
2479,2479,1008532,2022-05-23
2480,2480,586519,2024-11-23
2481,2481,460692,2022-04-15
2482,2482,377107,2023-04-18
2483,2483,533392,2020-12-22
2484,2484,81151,2020-03-05
2485,2485,337863,2024-08-22
2486,2486,843516,2024-01-30
2487,2487,369163,2020-05-11
2488,2488,817366,2022-04-27
2489,2489,1465815,2018-10-06
2490,2490,949575,2018-04-26
2491,2491,368669,2022-11-25
2492,2492,713198,2020-07-11
2493,2493,439844,2022-09-18
2494,2494,180951,2024-05-13
2495,2495,156307,2019-04-30
2496,2496,1138518,2019-06-15
2497,2497,740407,2022-09-09
2498,2498,985991,2024-12-01
2499,2499,627046,2021-04-09
2500,2500,1181797,2024-07-04
2501,2501,949729,2024-09-29
2502,2502,778035,2020-06-21
2503,2503,612838,2018-12-18
2504,2504,394952,2021-07-03
2505,2505,1402087,2023-11-23
2506,2506,63053,2018-07-03
2507,2507,1046665,2020-12-29
2508,2508,1033862,2019-03-11
2509,2509,1061777,2019-04-05
2510,2510,72506,2019-04-05
2511,2511,1115823,2020-01-27
2512,2512,1425095,2018-11-03
2513,2513,1282982,2018-07-27
2514,2514,154389,2022-03-27
2515,2515,519735,2023-07-20
2516,2516,365032,2022-11-06
2517,2517,454400,2023-05-21
2518,2518,544804,2023-05-27
2519,2519,338713,2022-09-29
2520,2520,351785,2020-04-12
2521,2521,91773,2022-09-04
2522,2522,1242388,2022-11-26
2523,2523,1125283,2022-07-28
2524,2524,1171596,2024-09-02
2525,2525,556310,2020-06-06
2526,2526,851376,2021-07-06
2527,2527,1339938,2021-12-19
2528,2528,734695,2023-01-07
2529,2529,1397936,2019-09-08
2530,2530,1358665,2022-01-19
2531,2531,314324,2021-05-02
2532,2532,1285837,2022-06-30
2533,2533,227098,2023-08-30
2534,2534,1037915,2024-02-17
2535,2535,63844,2020-11-09
2536,2536,658926,2022-05-02
2537,2537,1057672,2018-03-28
2538,2538,1090377,2018-05-16
2539,2539,221773,2021-08-20
2540,2540,1484529,2018-09-21
2541,2541,482940,2020-02-18
2542,2542,881980,2021-09-09
2543,2543,338191,2021-12-02
2544,2544,880011,2022-02-16
2545,2545,843872,2019-04-25
2546,2546,1179760,2020-12-26
2547,2547,794573,2022-07-18
2548,2548,322054,2024-02-23
2549,2549,370260,2023-08-04
2550,2550,1455007,2021-10-08
2551,2551,608700,2018-10-21
2552,2552,952111,2023-06-23
2553,2553,267892,2023-09-05
2554,2554,375895,2023-04-16
2555,2555,1267920,2020-03-28
2556,2556,306214,2020-06-17
2557,2557,1427772,2018-03-09
2558,2558,662149,2022-12-27
2559,2559,1011071,2020-02-08
2560,2560,570477,2023-06-27
2561,2561,382760,2022-11-27
2562,2562,548348,2023-04-07
2563,2563,1151423,2024-08-21
2564,2564,197655,2022-04-19
2565,2565,454201,2019-12-07
2566,2566,205387,2023-10-15
2567,2567,739465,2019-04-09
2568,2568,1042865,2021-06-20
2569,2569,1303177,2023-03-28
2570,2570,1486095,2022-04-19
2571,2571,1036175,2023-11-30
2572,2572,1268063,2022-01-05
2573,2573,806581,2023-07-17
2574,2574,1238233,2020-09-01
2575,2575,989340,2022-02-20
2576,2576,512638,2023-10-09
2577,2577,473475,2023-08-14
2578,2578,260521,2024-12-27
2579,2579,277497,2024-09-08
2580,2580,725729,2023-07-21
2581,2581,1255040,2018-04-04
2582,2582,643231,2020-01-06
2583,2583,1225219,2022-04-26
2584,2584,319070,2019-06-04
2585,2585,178932,2019-10-17
2586,2586,127009,2018-06-04
2587,2587,1091038,2018-04-01
2588,2588,674561,2020-12-20
2589,2589,603416,2021-08-02
2590,2590,1133902,2023-07-13
2591,2591,1175553,2019-07-04
2592,2592,884903,2019-03-27
2593,2593,571488,2024-12-16
2594,2594,507537,2020-11-07
2595,2595,1306731,2020-05-08
2596,2596,912725,2018-07-13
2597,2597,627851,2023-08-04
2598,2598,609711,2018-10-26
2599,2599,579323,2020-12-02
2600,2600,706753,2021-09-02
2601,2601,445508,2021-04-07
2602,2602,564935,2020-01-11
2603,2603,131529,2018-07-24
2604,2604,854208,2018-04-06
2605,2605,804104,2019-04-10
2606,2606,560920,2019-01-01
2607,2607,159824,2019-05-28
2608,2608,1182212,2019-09-14
2609,2609,1187503,2020-11-01
2610,2610,285737,2024-06-15
2611,2611,889391,2021-04-13
2612,2612,247757,2018-06-22
2613,2613,219416,2019-01-08
2614,2614,337839,2024-01-18
2615,2615,169838,2020-12-24
2616,2616,1320244,2021-04-17
2617,2617,1245807,2022-09-03
2618,2618,934408,2021-04-20
2619,2619,701995,2023-03-24
2620,2620,1212838,2023-04-14
2621,2621,125434,2022-10-28
2622,2622,1360323,2020-05-20
2623,2623,180930,2024-08-17
2624,2624,650743,2018-05-18
2625,2625,736305,2018-04-30
2626,2626,909776,2023-09-07
2627,2627,1196393,2018-07-12
2628,2628,1403811,2018-12-18
2629,2629,72637,2019-01-02
2630,2630,1371758,2022-03-05
2631,2631,1218028,2022-01-31
2632,2632,1167973,2019-04-24
2633,2633,1495465,2020-07-26
2634,2634,1259705,2024-06-28
2635,2635,778112,2020-09-27
2636,2636,618260,2021-03-13
2637,2637,881271,2020-07-16
2638,2638,221576,2021-06-19
2639,2639,1249512,2022-01-23
2640,2640,1016941,2021-04-08
2641,2641,521837,2022-11-04
2642,2642,912017,2021-01-04
2643,2643,168379,2023-12-02
2644,2644,1131679,2018-09-05
2645,2645,191919,2023-01-05
2646,2646,991042,2019-01-19
2647,2647,674344,2018-11-17
2648,2648,1052231,2020-02-12
2649,2649,1357006,2018-01-24
2650,2650,865629,2019-04-24
2651,2651,1086318,2019-04-16
2652,2652,115802,2019-08-25
2653,2653,1154751,2024-01-14
2654,2654,1447183,2022-12-02
2655,2655,714848,2022-06-29
2656,2656,83327,2018-09-06
2657,2657,588793,2018-02-04
2658,2658,141486,2018-03-12
2659,2659,1141509,2018-07-12
2660,2660,986434,2022-12-31
2661,2661,1324042,2020-01-18
2662,2662,606439,2020-03-14
2663,2663,990283,2023-08-24
2664,2664,137818,2023-11-16
2665,2665,1392366,2020-07-03
2666,2666,272166,2021-04-17
2667,2667,1318282,2020-05-15
2668,2668,1422805,2020-10-12
2669,2669,790170,2023-01-15
2670,2670,194648,2022-12-12
2671,2671,653055,2021-02-26
2672,2672,1344920,2018-05-18
2673,2673,523968,2020-01-17
2674,2674,366669,2018-02-01
2675,2675,479267,2024-12-06
2676,2676,1197685,2022-07-10
2677,2677,704432,2021-07-26
2678,2678,976041,2020-05-29
2679,2679,523918,2018-09-18
2680,2680,1128828,2018-09-15
2681,2681,1264487,2018-08-31
2682,2682,1430188,2022-02-23
2683,2683,565352,2023-06-02
2684,2684,202608,2021-08-28
2685,2685,931892,2023-09-27
2686,2686,492620,2024-10-06
2687,2687,1383472,2024-08-21
2688,2688,1429360,2020-01-08
2689,2689,174210,2018-05-29
2690,2690,913177,2019-09-27
2691,2691,440330,2019-09-30
2692,2692,497087,2023-06-25
2693,2693,1449056,2023-09-28
2694,2694,130470,2021-05-18
2695,2695,1292992,2018-01-01
2696,2696,510830,2022-04-10
2697,2697,878020,2022-09-18
2698,2698,1136922,2022-09-13
2699,2699,1158210,2021-01-23
2700,2700,869328,2024-09-20
2701,2701,1291294,2019-08-24
2702,2702,701933,2024-12-08
2703,2703,219048,2021-02-21
2704,2704,400926,2023-07-24
2705,2705,72432,2021-06-15
2706,2706,715153,2022-05-06
2707,2707,858755,2021-10-13
2708,2708,794727,2024-07-15
2709,2709,776115,2022-03-07
2710,2710,173257,2024-07-23
2711,2711,911607,2019-04-09
2712,2712,348568,2022-08-19
2713,2713,108907,2022-10-11
2714,2714,1161112,2021-09-02
2715,2715,318923,2018-09-12
2716,2716,790593,2018-12-21
2717,2717,1031925,2022-04-24
2718,2718,539837,2022-11-27
2719,2719,340214,2022-05-17
2720,2720,715721,2021-02-22
2721,2721,488999,2018-11-20
2722,2722,1093104,2020-03-09
2723,2723,322925,2020-11-18
2724,2724,1011945,2019-03-31
2725,2725,1461092,2018-01-27
2726,2726,1141904,2022-02-08
2727,2727,1334996,2019-08-29
2728,2728,515295,2023-12-15
2729,2729,613037,2024-05-14
2730,2730,1377219,2018-11-08
2731,2731,1276193,2024-07-30
2732,2732,836073,2022-04-30
2733,2733,902473,2022-01-11
2734,2734,76936,2019-04-09
2735,2735,686109,2021-12-23
2736,2736,1278531,2021-05-11
2737,2737,1364678,2024-07-14
2738,2738,576639,2020-07-18
2739,2739,1051092,2022-11-10
2740,2740,194871,2021-02-04
2741,2741,603490,2024-08-23
2742,2742,1015259,2023-04-22
2743,2743,472020,2018-06-11
2744,2744,743873,2024-10-09
2745,2745,1032601,2020-09-06
2746,2746,961473,2020-01-05
2747,2747,1419911,2023-04-29
2748,2748,553214,2023-04-07
2749,2749,97579,2019-05-08
2750,2750,784631,2022-07-09
2751,2751,794955,2024-07-10
2752,2752,1494457,2022-10-14
2753,2753,606784,2022-01-23
2754,2754,850141,2021-02-27
2755,2755,981543,2023-03-16
2756,2756,955961,2024-02-14
2757,2757,260803,2021-08-21
2758,2758,62566,2023-10-07
2759,2759,193026,2024-09-24
2760,2760,818426,2022-01-21
2761,2761,1146382,2021-03-16
2762,2762,1343497,2023-10-30
2763,2763,945801,2020-04-28
2764,2764,964097,2019-10-23
2765,2765,777339,2021-06-03
2766,2766,944089,2022-04-20
2767,2767,368091,2018-07-27
2768,2768,762525,2018-11-05
2769,2769,82405,2023-03-05
2770,2770,487948,2018-11-20
2771,2771,899952,2022-06-19
2772,2772,135490,2024-09-23
2773,2773,1182274,2022-05-27
2774,2774,767013,2020-03-09
2775,2775,1255100,2019-04-13
2776,2776,1463092,2018-03-02
2777,2777,285062,2019-04-02
2778,2778,539625,2022-04-03
2779,2779,849900,2023-10-30
2780,2780,1091605,2022-04-05
2781,2781,1485007,2021-12-19
2782,2782,1196362,2021-08-07
2783,2783,1483630,2023-06-10
2784,2784,1334401,2023-11-16
2785,2785,1034992,2023-09-11
2786,2786,969483,2022-04-13
2787,2787,1427649,2021-01-29
2788,2788,989733,2019-12-17
2789,2789,665874,2020-08-09
2790,2790,366067,2023-03-11
2791,2791,1011625,2024-08-24
2792,2792,306255,2024-06-17
2793,2793,1456363,2019-04-10
2794,2794,1483497,2018-07-24
2795,2795,1260812,2021-06-23
2796,2796,58567,2018-04-28
2797,2797,337485,2021-01-02
2798,2798,388377,2024-12-21
2799,2799,448608,2019-08-15
2800,2800,56980,2018-11-09
2801,2801,1451031,2019-12-10
2802,2802,933585,2019-10-01
2803,2803,1113378,2018-03-26
2804,2804,367771,2023-10-08
2805,2805,783626,2020-02-13
2806,2806,1455992,2019-11-04
2807,2807,858628,2021-05-10
2808,2808,1486203,2024-02-26
2809,2809,628401,2020-10-10
2810,2810,317632,2022-03-29
2811,2811,982981,2018-06-29
2812,2812,759120,2020-07-04
2813,2813,275848,2019-06-09
2814,2814,396874,2024-04-17
2815,2815,1219491,2020-03-04
2816,2816,928085,2020-02-19
2817,2817,783951,2018-07-05
2818,2818,141642,2019-04-18
2819,2819,1457079,2023-07-31
2820,2820,670209,2020-09-28
2821,2821,719213,2020-09-10
2822,2822,984001,2022-11-10
2823,2823,1348375,2018-05-22
2824,2824,845929,2021-08-29
2825,2825,856929,2019-07-22
2826,2826,908728,2021-08-12
2827,2827,1185613,2022-02-27
2828,2828,1103199,2018-12-26
2829,2829,217717,2021-01-21
2830,2830,1258053,2024-08-19
2831,2831,1465866,2024-11-20
2832,2832,1196619,2020-03-14
2833,2833,1177912,2020-05-04
2834,2834,230975,2021-01-31
2835,2835,338934,2021-11-04
2836,2836,1290874,2023-02-21
2837,2837,1089080,2020-10-18
2838,2838,1068013,2023-01-30
2839,2839,185182,2023-04-06
2840,2840,91047,2019-11-13
2841,2841,358126,2024-04-21
2842,2842,492783,2021-09-05
2843,2843,1006402,2024-09-12
2844,2844,1077240,2022-05-26
2845,2845,230555,2022-08-15
2846,2846,746213,2023-11-12
2847,2847,237765,2018-10-02
2848,2848,934574,2018-04-14
2849,2849,1336385,2023-06-01
2850,2850,1405566,2021-01-20
2851,2851,584130,2019-02-26
2852,2852,1364262,2019-07-30
2853,2853,1360995,2022-06-16
2854,2854,796392,2018-03-27
2855,2855,1303308,2018-12-20
2856,2856,1051401,2018-02-07
2857,2857,509051,2019-05-02
2858,2858,349143,2018-09-06
2859,2859,1329320,2024-11-19
2860,2860,142652,2018-01-23
2861,2861,517437,2019-03-24
2862,2862,793304,2020-10-12
2863,2863,614922,2019-04-11
2864,2864,262629,2019-10-13
2865,2865,202977,2023-07-06
2866,2866,913295,2020-04-27
2867,2867,67247,2020-02-27
2868,2868,1268946,2020-11-28
2869,2869,1305601,2021-08-23
2870,2870,1275513,2020-10-31
2871,2871,861284,2020-12-13
2872,2872,692763,2022-08-04
2873,2873,473168,2020-09-19
2874,2874,1427915,2022-02-09
2875,2875,927596,2023-12-10
2876,2876,1158693,2022-08-15
2877,2877,655851,2023-07-29
2878,2878,799103,2019-05-08
2879,2879,459125,2021-10-07
2880,2880,539259,2024-06-15
2881,2881,196872,2019-05-13
2882,2882,195601,2023-09-09
2883,2883,1192468,2019-03-04
2884,2884,1294200,2023-10-27
2885,2885,1184263,2021-07-22
2886,2886,599587,2022-04-15
2887,2887,148880,2018-04-02
2888,2888,233045,2022-05-03
2889,2889,1421539,2020-09-27
2890,2890,1305782,2019-02-13
2891,2891,1399130,2020-01-21
2892,2892,588005,2019-12-27
2893,2893,1127515,2023-04-03
2894,2894,557744,2024-08-12
2895,2895,1209572,2018-06-16
2896,2896,1421768,2024-11-12
2897,2897,1447436,2018-07-15
2898,2898,640525,2019-01-24
2899,2899,1218385,2019-01-27
2900,2900,551731,2023-04-11
2901,2901,232671,2021-02-02
2902,2902,114605,2022-09-28
2903,2903,188989,2018-11-18
2904,2904,1258357,2021-11-08
2905,2905,128156,2019-11-16
2906,2906,691610,2019-11-11
2907,2907,958797,2019-08-20
2908,2908,215617,2018-10-25
2909,2909,905641,2021-08-10
2910,2910,250221,2019-10-25
2911,2911,1185013,2020-01-17
2912,2912,301792,2022-03-10
2913,2913,441235,2022-07-14
2914,2914,258063,2019-06-25
2915,2915,347207,2023-09-02
2916,2916,415940,2023-06-11
2917,2917,1089748,2022-10-23
2918,2918,885983,2024-02-23
2919,2919,224695,2021-05-07
2920,2920,116178,2021-12-18
2921,2921,1003174,2022-12-24
2922,2922,539806,2020-11-27
2923,2923,725083,2023-08-14
2924,2924,552939,2019-05-07
2925,2925,141098,2020-01-19
2926,2926,1036268,2022-02-06
2927,2927,1124072,2023-11-20
2928,2928,1030555,2024-03-08
2929,2929,944816,2018-01-13
2930,2930,143003,2020-09-14
2931,2931,986540,2024-12-19
2932,2932,1077191,2022-03-20
2933,2933,1018250,2020-02-29
2934,2934,1198588,2019-05-01
2935,2935,368853,2024-04-12
2936,2936,248386,2022-02-13
2937,2937,251188,2022-07-19
2938,2938,67691,2024-04-28
2939,2939,1203193,2018-11-28
2940,2940,595676,2024-06-28
2941,2941,644274,2023-10-21
2942,2942,66509,2018-06-25
2943,2943,738176,2020-09-26
2944,2944,1444110,2019-07-19
2945,2945,807412,2024-05-14
2946,2946,496874,2018-10-13
2947,2947,252809,2022-10-09
2948,2948,701259,2023-02-13
2949,2949,152236,2022-05-28
2950,2950,509570,2024-08-28
2951,2951,231580,2023-04-30
2952,2952,592101,2023-10-03
2953,2953,1057666,2021-02-12
2954,2954,1289589,2020-07-26
2955,2955,1374931,2024-03-15
2956,2956,1176583,2024-08-07
2957,2957,454121,2021-01-01
2958,2958,972750,2022-01-02
2959,2959,846665,2020-03-01
2960,2960,237138,2019-11-20
2961,2961,1463665,2020-12-04
2962,2962,505137,2023-11-20
2963,2963,702429,2023-02-13
2964,2964,884553,2024-11-27
2965,2965,289738,2021-06-24
2966,2966,813130,2021-10-07
2967,2967,717954,2019-02-19
2968,2968,1291271,2018-10-25
2969,2969,773608,2024-01-11
2970,2970,704223,2021-08-25
2971,2971,1293114,2021-02-16
2972,2972,842893,2022-03-06
2973,2973,1214673,2019-11-26
2974,2974,318076,2023-11-09
2975,2975,1265518,2022-01-23
2976,2976,126403,2023-11-09
2977,2977,486095,2019-12-21
2978,2978,1290956,2024-07-11
2979,2979,924431,2018-07-20
2980,2980,1180842,2022-02-14
2981,2981,172124,2018-04-15
2982,2982,1387658,2019-06-06
2983,2983,1240342,2018-02-24
2984,2984,920860,2024-02-29
2985,2985,923983,2018-03-01
2986,2986,676160,2018-03-08
2987,2987,1202060,2018-04-02
2988,2988,402427,2022-02-05
2989,2989,302532,2018-01-27
2990,2990,653746,2020-06-15
2991,2991,1408803,2022-09-13
2992,2992,182621,2018-05-04
2993,2993,1060334,2022-11-15
2994,2994,336640,2019-06-13
2995,2995,1044534,2019-03-06
2996,2996,994669,2021-06-01
2997,2997,947819,2018-06-14
2998,2998,208399,2021-05-19
2999,2999,1153522,2023-09-26
3000,3000,425449,2018-02-15
3001,3001,1050320,2024-07-16
3002,3002,749283,2018-03-16
3003,3003,616831,2019-11-07
3004,3004,661864,2020-06-30
3005,3005,152873,2023-12-17
3006,3006,800894,2021-03-28
3007,3007,545689,2021-07-03
3008,3008,99718,2019-12-16
3009,3009,1114498,2018-07-18
3010,3010,839171,2021-07-13
3011,3011,1319207,2024-01-24
3012,3012,326711,2018-08-31
3013,3013,747580,2020-12-31
3014,3014,949907,2020-01-24
3015,3015,1018760,2022-02-14
3016,3016,798261,2023-03-05
3017,3017,701074,2019-12-06
3018,3018,1120848,2020-01-18
3019,3019,500855,2019-04-07
3020,3020,1159016,2024-12-17
3021,3021,629384,2023-05-05
3022,3022,502838,2024-03-17
3023,3023,454764,2021-02-17
3024,3024,236005,2018-10-20
3025,3025,1140228,2018-08-14
3026,3026,192015,2022-01-13
3027,3027,1090384,2021-12-01
3028,3028,619783,2024-10-21
3029,3029,1465733,2023-03-09
3030,3030,1346803,2021-04-09
3031,3031,412094,2021-01-09
3032,3032,1343804,2021-11-05
3033,3033,1107974,2018-08-05
3034,3034,414386,2018-07-01
3035,3035,1468627,2018-01-19
3036,3036,1108433,2018-03-28
3037,3037,61608,2023-08-03
3038,3038,670856,2020-11-19
3039,3039,566995,2019-08-11
3040,3040,419887,2024-10-19
3041,3041,150792,2021-04-23
3042,3042,1037993,2022-07-01
3043,3043,979841,2020-04-07
3044,3044,694090,2018-05-04
3045,3045,1464042,2023-10-27
3046,3046,135219,2021-07-16
3047,3047,660547,2021-10-13
3048,3048,1031522,2024-06-22
3049,3049,1131883,2020-07-20
3050,3050,314267,2021-02-27
3051,3051,941436,2019-05-22
3052,3052,271030,2021-02-10
3053,3053,1489185,2021-09-05
3054,3054,149612,2024-09-01
3055,3055,839621,2024-02-05
3056,3056,1264986,2022-01-24
3057,3057,1462649,2018-11-04
3058,3058,389249,2022-09-25
3059,3059,1475312,2024-04-13
3060,3060,963917,2018-05-16
3061,3061,193279,2022-09-13
3062,3062,691607,2021-10-29
3063,3063,341485,2023-05-30
3064,3064,1189933,2019-12-10
3065,3065,974071,2023-05-06
3066,3066,795980,2020-03-04
3067,3067,1063803,2021-12-17
3068,3068,1194644,2021-04-29
3069,3069,816493,2020-01-03
3070,3070,98234,2021-06-23
3071,3071,297250,2023-02-15
3072,3072,1367676,2019-12-02
3073,3073,701385,2022-07-22
3074,3074,543947,2018-08-26
3075,3075,1270692,2019-05-05
3076,3076,1018539,2024-03-07
3077,3077,960513,2018-07-18
3078,3078,1202708,2019-05-31
3079,3079,1492906,2018-03-25
3080,3080,361238,2019-07-14
3081,3081,1345320,2020-08-12
3082,3082,942439,2024-07-04
3083,3083,900253,2022-06-08
3084,3084,655061,2024-02-29
3085,3085,139849,2023-10-22
3086,3086,1071551,2018-10-01
3087,3087,304668,2019-08-30
3088,3088,716071,2018-10-21
3089,3089,340173,2019-01-28
3090,3090,1049659,2020-07-14
3091,3091,884029,2024-07-25
3092,3092,113357,2021-06-21
3093,3093,256460,2022-12-18
3094,3094,1070498,2021-03-16
3095,3095,393729,2020-01-29
3096,3096,452479,2018-01-03
3097,3097,1413489,2018-05-16
3098,3098,110971,2023-12-07
3099,3099,1159751,2020-04-11
3100,3100,1085191,2023-03-14
3101,3101,509445,2023-10-02
3102,3102,875475,2022-05-25
3103,3103,1108311,2018-06-01
3104,3104,1393038,2020-08-08
3105,3105,385833,2019-10-30
3106,3106,1242574,2023-06-01
3107,3107,357649,2019-11-26
3108,3108,274003,2018-11-07
3109,3109,469267,2019-10-26
3110,3110,1415410,2023-08-21
3111,3111,1369455,2018-01-11
3112,3112,809037,2022-09-27
3113,3113,872481,2023-09-05
3114,3114,835495,2023-06-10
3115,3115,662925,2022-11-23
3116,3116,1344024,2018-01-11
3117,3117,528316,2023-07-20
3118,3118,94169,2020-05-01
3119,3119,65502,2023-01-03
3120,3120,1156294,2021-07-04
3121,3121,864639,2023-04-09
3122,3122,1132478,2018-12-01
3123,3123,824631,2022-09-27
3124,3124,379770,2019-11-14
3125,3125,1409971,2024-11-09
3126,3126,852313,2022-03-23
3127,3127,354090,2021-07-26
3128,3128,1324660,2018-01-05
3129,3129,484364,2022-12-23
3130,3130,1429418,2021-12-12
3131,3131,861498,2023-04-04
3132,3132,397049,2019-09-26
3133,3133,649442,2022-12-08
3134,3134,614561,2022-03-07
3135,3135,109159,2019-11-19
3136,3136,728708,2023-12-15
3137,3137,109088,2022-05-20
3138,3138,1278242,2024-09-17
3139,3139,1087415,2024-07-08
3140,3140,742691,2022-01-29
3141,3141,747816,2023-02-10
3142,3142,843578,2024-06-16
3143,3143,757781,2021-05-24
3144,3144,1101751,2018-06-13
3145,3145,880461,2020-03-26
3146,3146,840793,2024-03-17
3147,3147,624517,2021-11-01
3148,3148,852486,2022-05-23
3149,3149,428155,2021-04-14
3150,3150,717513,2022-11-27
3151,3151,474619,2019-01-10
3152,3152,156086,2024-12-05
3153,3153,1450855,2020-09-23
3154,3154,102732,2023-06-07
3155,3155,533785,2022-04-17
3156,3156,281757,2019-01-30
3157,3157,1396922,2018-03-29
3158,3158,703740,2022-04-07
3159,3159,148953,2021-11-17
3160,3160,553219,2021-06-24
3161,3161,679712,2020-10-16
3162,3162,356822,2019-01-03
3163,3163,1228628,2020-01-05
3164,3164,490919,2022-10-26
3165,3165,259062,2022-01-23
3166,3166,372715,2018-01-06
3167,3167,1008930,2021-02-08
3168,3168,104324,2019-10-26
3169,3169,1134150,2019-08-07
3170,3170,130911,2020-11-11
3171,3171,1097811,2018-02-16
3172,3172,81638,2024-12-12
3173,3173,655539,2024-10-07
3174,3174,1444628,2024-08-30
3175,3175,188288,2019-01-03
3176,3176,586800,2019-07-24
3177,3177,1167873,2018-03-14
3178,3178,140157,2019-11-26
3179,3179,80398,2018-01-16
3180,3180,1291981,2022-05-31
3181,3181,518374,2021-10-14
3182,3182,805722,2022-04-09
3183,3183,691691,2018-03-15
3184,3184,1156876,2022-04-14
3185,3185,696317,2022-05-09
3186,3186,454805,2022-12-02
3187,3187,1440147,2021-03-03
3188,3188,1184615,2019-03-08
3189,3189,1475264,2021-07-21
3190,3190,789137,2023-02-24
3191,3191,772570,2020-08-02
3192,3192,679217,2018-10-18
3193,3193,235322,2023-02-18
3194,3194,910150,2019-10-11
3195,3195,624082,2019-07-29
3196,3196,798132,2018-08-04
3197,3197,945205,2018-03-13
3198,3198,569275,2024-03-05
3199,3199,646799,2021-11-19
3200,3200,944773,2024-03-05
3201,3201,1386452,2018-03-30
3202,3202,1125230,2018-03-02
3203,3203,212821,2024-08-15
3204,3204,314899,2021-02-17
3205,3205,898883,2020-09-03
3206,3206,125714,2024-06-20
3207,3207,88794,2022-05-20
3208,3208,113747,2021-02-18
3209,3209,262214,2018-07-03
3210,3210,721015,2020-02-26
3211,3211,1491635,2019-02-10
3212,3212,1010627,2020-09-03
3213,3213,930947,2023-04-06
3214,3214,841586,2023-11-14
3215,3215,1392897,2023-08-04
3216,3216,292353,2019-07-22
3217,3217,1118134,2019-10-11
3218,3218,422069,2024-07-05
3219,3219,1011745,2018-12-31
3220,3220,1171355,2023-12-08
3221,3221,1267349,2024-07-18
3222,3222,508057,2019-02-27
3223,3223,422002,2020-12-14
3224,3224,1103262,2021-08-17
3225,3225,1427816,2020-08-19
3226,3226,582267,2020-07-10
3227,3227,272895,2021-08-07
3228,3228,1074553,2023-12-03
3229,3229,265435,2023-11-04
3230,3230,330905,2022-09-16
3231,3231,356042,2022-06-01
3232,3232,216079,2020-02-02
3233,3233,1392220,2020-04-28
3234,3234,1176987,2021-03-16
3235,3235,293886,2024-10-25
3236,3236,493136,2019-11-05
3237,3237,1483291,2020-05-24
3238,3238,1144457,2018-05-03
3239,3239,1402168,2019-03-06
3240,3240,1268538,2022-01-13
3241,3241,693480,2022-01-12
3242,3242,978704,2019-11-02
3243,3243,736479,2024-03-13
3244,3244,237808,2022-03-27
3245,3245,1214683,2019-02-06
3246,3246,88444,2020-11-23
3247,3247,1173001,2024-11-29
3248,3248,516064,2022-03-12
3249,3249,570310,2021-03-29
3250,3250,1366094,2018-06-20
3251,3251,1209968,2023-06-17
3252,3252,265138,2018-09-01
3253,3253,1491901,2019-11-08
3254,3254,1428474,2019-11-07
3255,3255,1264849,2018-05-11
3256,3256,1409272,2018-03-07
3257,3257,777567,2020-03-26
3258,3258,1350305,2023-08-06
3259,3259,1155767,2024-06-06
3260,3260,1389350,2022-12-10
3261,3261,434000,2021-11-10
3262,3262,622593,2020-10-03
3263,3263,1052198,2019-09-09
3264,3264,954249,2022-09-12
3265,3265,1000392,2019-07-07
3266,3266,912937,2024-07-02
3267,3267,486733,2021-03-22
3268,3268,1155417,2018-06-10
3269,3269,507983,2019-06-23
3270,3270,823725,2019-04-06
3271,3271,1047528,2023-03-05
3272,3272,1422500,2021-04-02
3273,3273,206739,2022-05-12
3274,3274,266413,2022-03-07
3275,3275,738526,2022-07-18
3276,3276,77306,2024-12-22
3277,3277,1182537,2024-11-10
3278,3278,1161245,2019-05-18
3279,3279,855726,2022-09-04
3280,3280,339688,2021-12-07
3281,3281,1249526,2022-07-25
3282,3282,787980,2018-10-11
3283,3283,777716,2018-11-27
3284,3284,1200843,2020-08-16
3285,3285,682183,2024-12-15
3286,3286,479506,2023-12-29
3287,3287,774811,2022-11-03
3288,3288,193309,2022-03-17
3289,3289,1098875,2020-07-21
3290,3290,352489,2021-12-08
3291,3291,591441,2021-08-03
3292,3292,906389,2023-09-25
3293,3293,849899,2021-10-13
3294,3294,443958,2022-06-27
3295,3295,657698,2019-04-21
3296,3296,1420089,2019-08-20
3297,3297,169332,2020-06-29
3298,3298,723319,2018-03-24
3299,3299,835219,2024-01-11
3300,3300,1039483,2022-11-20
3301,3301,1368001,2023-04-30
3302,3302,206944,2018-10-21
3303,3303,1039466,2021-08-27
3304,3304,1237609,2018-08-19
3305,3305,553589,2018-11-09
3306,3306,634733,2022-12-09
3307,3307,1008914,2023-04-21
3308,3308,304325,2022-09-21
3309,3309,896184,2019-07-15
3310,3310,453649,2024-06-04
3311,3311,99295,2024-05-18
3312,3312,545493,2020-03-14
3313,3313,653435,2018-10-01
3314,3314,300353,2019-03-25
3315,3315,887403,2018-09-20
3316,3316,404106,2021-05-17
3317,3317,1061152,2019-02-14
3318,3318,1365050,2018-10-10
3319,3319,1322527,2018-05-29
3320,3320,248086,2024-03-25
3321,3321,188573,2018-05-03
3322,3322,1494782,2024-10-31
3323,3323,256555,2020-04-19
3324,3324,1379010,2023-11-20
3325,3325,1216319,2022-08-02
3326,3326,985374,2020-07-17
3327,3327,840390,2021-02-24
3328,3328,1238073,2022-11-03
3329,3329,252510,2021-01-07
3330,3330,640442,2021-03-21
3331,3331,1298260,2020-09-10
3332,3332,413137,2024-09-07
3333,3333,1228042,2023-02-16
3334,3334,116578,2022-09-23
3335,3335,799062,2024-10-24
3336,3336,948994,2024-02-25
3337,3337,374209,2020-12-24
3338,3338,1366914,2023-08-19
3339,3339,407187,2021-12-24
3340,3340,418423,2024-04-19
3341,3341,1417155,2023-04-28
3342,3342,586621,2020-10-05
3343,3343,1470989,2018-11-13
3344,3344,1305723,2019-11-18
3345,3345,369520,2024-09-13
3346,3346,1202100,2023-06-04
3347,3347,1024144,2023-11-02
3348,3348,365406,2018-08-01
3349,3349,1172466,2020-01-08
3350,3350,527348,2019-09-01
3351,3351,465320,2021-03-26
3352,3352,1252356,2020-07-01
3353,3353,1137899,2022-05-30
3354,3354,1476091,2023-12-16
3355,3355,382052,2020-12-22
3356,3356,635842,2019-01-19
3357,3357,1097580,2024-03-31
3358,3358,914910,2024-01-22
3359,3359,434346,2023-02-27
3360,3360,1160597,2023-03-04
3361,3361,1308129,2023-11-26
3362,3362,1300103,2024-05-21
3363,3363,422742,2024-09-02
3364,3364,149616,2018-04-05
3365,3365,232420,2019-01-04
3366,3366,320883,2024-09-02
3367,3367,701743,2018-08-11
3368,3368,321451,2023-07-12
3369,3369,948884,2018-12-16
3370,3370,1245456,2021-08-14
3371,3371,1380804,2018-09-17
3372,3372,1040503,2018-12-13
3373,3373,830680,2019-06-04
3374,3374,1270606,2018-06-11
3375,3375,307684,2020-09-06
3376,3376,1204717,2018-07-02
3377,3377,1305653,2024-11-03
3378,3378,710582,2024-10-28
3379,3379,1043052,2022-02-28
3380,3380,520332,2021-01-28
3381,3381,125273,2018-04-28
3382,3382,1063596,2021-10-06
3383,3383,185438,2018-03-27
3384,3384,241384,2024-03-02
3385,3385,941779,2021-03-15
3386,3386,1194282,2023-05-14
3387,3387,1193137,2023-04-05
3388,3388,1385795,2022-08-20
3389,3389,213354,2022-07-30
3390,3390,1469499,2018-01-19
3391,3391,1141949,2018-05-06
3392,3392,1159948,2018-07-26
3393,3393,1250671,2024-10-09
3394,3394,276395,2020-09-03
3395,3395,543765,2023-07-03
3396,3396,416421,2024-04-10
3397,3397,1061925,2023-05-17
3398,3398,964749,2024-07-31
3399,3399,411334,2022-05-01
3400,3400,1296076,2024-06-09
3401,3401,530849,2019-04-08
3402,3402,657313,2022-06-04
3403,3403,598046,2021-10-09
3404,3404,552817,2019-09-11
3405,3405,1209259,2022-07-10
3406,3406,659568,2024-03-27
3407,3407,566484,2023-06-09
3408,3408,138652,2023-11-02
3409,3409,600583,2021-05-03
3410,3410,193224,2019-11-19
3411,3411,779839,2020-03-15
3412,3412,340547,2023-09-29
3413,3413,686029,2020-08-18
3414,3414,793664,2020-07-09
3415,3415,485264,2020-07-13
3416,3416,784102,2019-03-22
3417,3417,1399552,2021-08-03
3418,3418,175890,2024-05-22
3419,3419,1238411,2021-08-10
3420,3420,92517,2024-10-03
3421,3421,830158,2023-10-26
3422,3422,1454266,2019-06-25
3423,3423,719737,2019-10-27
3424,3424,591615,2018-05-22
3425,3425,232047,2024-03-13
3426,3426,1202968,2021-05-07
3427,3427,968764,2020-10-07
3428,3428,528705,2023-05-29
3429,3429,344704,2020-10-05
3430,3430,116314,2024-01-10
3431,3431,329984,2024-05-29
3432,3432,1201989,2018-12-08
3433,3433,1036802,2023-01-24
3434,3434,929545,2024-08-06
3435,3435,193816,2018-03-11
3436,3436,726044,2021-10-31
3437,3437,1335278,2019-10-22
3438,3438,958352,2018-11-26
3439,3439,736090,2024-08-13
3440,3440,1205450,2021-08-04
3441,3441,327586,2019-08-10
3442,3442,515740,2020-07-15
3443,3443,1369691,2018-05-03
3444,3444,135399,2022-01-12
3445,3445,85278,2019-12-18
3446,3446,827780,2024-07-18
3447,3447,395688,2021-06-12
3448,3448,1059931,2018-07-03
3449,3449,1233680,2020-03-30
3450,3450,1463069,2024-12-11
3451,3451,74074,2018-05-11
3452,3452,759855,2024-12-15
3453,3453,882279,2022-01-06
3454,3454,417251,2021-10-05
3455,3455,1062233,2023-02-08
3456,3456,1108741,2020-02-10
3457,3457,838606,2024-05-11
3458,3458,1260663,2021-03-15
3459,3459,1020309,2021-03-12
3460,3460,314513,2020-10-22
3461,3461,1211767,2021-12-30
3462,3462,53750,2019-06-29
3463,3463,953166,2020-05-26
3464,3464,1234435,2020-03-02
3465,3465,639164,2023-05-28
3466,3466,966919,2022-11-18
3467,3467,1083954,2021-01-29
3468,3468,962977,2018-09-19
3469,3469,934092,2022-01-09
3470,3470,1028380,2020-07-16
3471,3471,613594,2022-05-10
3472,3472,857688,2019-09-21
3473,3473,558196,2021-01-19
3474,3474,295151,2022-04-13
3475,3475,1282610,2022-09-07
3476,3476,492649,2019-09-03
3477,3477,1454809,2024-06-02
3478,3478,1208364,2022-07-23
3479,3479,1425891,2020-09-18
3480,3480,1413895,2019-12-05
3481,3481,1090835,2018-05-06
3482,3482,195004,2023-09-14
3483,3483,901903,2024-09-18
3484,3484,801258,2020-03-23
3485,3485,518847,2019-04-10
3486,3486,1030816,2019-11-18
3487,3487,1153703,2021-02-11
3488,3488,1298236,2024-02-21
3489,3489,1214633,2019-12-03
3490,3490,61380,2019-12-21
3491,3491,1358725,2023-04-16
3492,3492,1152261,2024-09-30
3493,3493,498798,2021-02-09
3494,3494,685804,2018-03-09
3495,3495,448781,2023-07-17
3496,3496,1179926,2023-01-18
3497,3497,967227,2021-08-25
3498,3498,357730,2018-09-21
3499,3499,278419,2023-04-17
3500,3500,379768,2020-12-19
3501,3501,119716,2021-11-07
3502,3502,864467,2021-11-11
3503,3503,1164152,2018-07-17
3504,3504,1098023,2023-03-06
3505,3505,1084398,2021-05-10
3506,3506,1170829,2021-03-14
3507,3507,1228382,2018-06-25
3508,3508,1346830,2020-10-30
3509,3509,100767,2020-04-30
3510,3510,126336,2018-04-10
3511,3511,1474219,2021-11-27
3512,3512,995741,2023-08-20
3513,3513,629156,2022-04-26
3514,3514,718352,2018-07-04
3515,3515,938754,2019-08-22
3516,3516,606690,2022-02-26
3517,3517,616188,2023-10-16
3518,3518,1047630,2024-07-23
3519,3519,457789,2022-08-26
3520,3520,782007,2021-06-04
3521,3521,59750,2021-05-14
3522,3522,1397746,2018-04-06
3523,3523,427505,2019-05-11
3524,3524,375029,2022-01-23
3525,3525,1414506,2021-01-09
3526,3526,1094191,2020-01-10
3527,3527,257186,2019-07-14
3528,3528,341308,2023-08-07
3529,3529,1076902,2023-12-15
3530,3530,766134,2020-10-22
3531,3531,1466590,2019-12-03
3532,3532,1269529,2024-12-30
3533,3533,149220,2020-07-09
3534,3534,1106714,2024-06-06
3535,3535,1355889,2018-05-25
3536,3536,1210714,2020-06-24
3537,3537,834528,2023-08-12
3538,3538,693464,2020-01-26
3539,3539,507777,2020-07-19
3540,3540,1272034,2018-04-03
3541,3541,1459950,2019-11-04
3542,3542,673666,2020-08-26
3543,3543,132122,2022-05-06
3544,3544,582967,2024-02-14
3545,3545,691590,2023-09-24
3546,3546,272663,2020-01-19
3547,3547,678730,2019-11-18
3548,3548,1168534,2020-01-23
3549,3549,1294552,2024-09-06
3550,3550,1372383,2023-09-13
3551,3551,551293,2018-02-06
3552,3552,1278305,2021-08-12
3553,3553,543078,2021-11-15
3554,3554,817470,2022-05-18
3555,3555,200372,2022-07-06
3556,3556,1073603,2018-08-07
3557,3557,1420346,2019-06-23
3558,3558,1202458,2021-11-12
3559,3559,834994,2022-10-01
3560,3560,796492,2020-02-23
3561,3561,102632,2024-03-08
3562,3562,340490,2020-06-05
3563,3563,917885,2021-05-22
3564,3564,189923,2018-06-26
3565,3565,380673,2022-09-07
3566,3566,405203,2023-12-17
3567,3567,1258263,2023-12-01
3568,3568,1351819,2023-04-11
3569,3569,1338125,2019-07-28
3570,3570,434946,2020-05-13
3571,3571,725062,2020-02-09
3572,3572,473433,2020-12-02
3573,3573,877187,2021-04-28
3574,3574,643593,2021-08-12
3575,3575,1063886,2021-07-18
3576,3576,1182703,2022-03-20
3577,3577,281411,2022-03-27
3578,3578,107978,2024-11-07
3579,3579,1419933,2021-12-06
3580,3580,51671,2018-12-04
3581,3581,329297,2018-04-17
3582,3582,237544,2021-10-10
3583,3583,1049246,2024-07-20
3584,3584,708328,2018-06-20
3585,3585,999524,2018-08-13
3586,3586,676165,2019-10-05
3587,3587,180740,2019-04-25
3588,3588,1351867,2018-03-01
3589,3589,1036930,2018-07-04
3590,3590,339654,2023-08-07
3591,3591,593118,2023-05-04
3592,3592,1019985,2021-07-21
3593,3593,1256507,2024-04-23
3594,3594,1481014,2022-04-12
3595,3595,1162946,2022-10-03
3596,3596,649150,2018-11-16
3597,3597,1247232,2018-08-24
3598,3598,1313909,2023-02-06
3599,3599,784722,2019-12-29
3600,3600,1081463,2023-04-20
3601,3601,711639,2020-12-05
3602,3602,228796,2018-03-02
3603,3603,1009378,2018-01-23
3604,3604,1409269,2024-09-01
3605,3605,409446,2021-05-27
3606,3606,1268681,2024-05-30
3607,3607,195548,2018-07-05
3608,3608,1033005,2024-09-23
3609,3609,1122712,2024-12-07
3610,3610,295224,2020-06-10
3611,3611,1132081,2024-09-11
3612,3612,1227180,2019-12-23
3613,3613,814061,2022-11-07
3614,3614,488309,2018-03-18
3615,3615,336126,2018-05-13
3616,3616,1046797,2021-04-30
3617,3617,1467092,2022-05-03
3618,3618,1230266,2018-07-22
3619,3619,1482899,2019-05-17
3620,3620,190185,2019-02-18
3621,3621,1181542,2022-03-17
3622,3622,1206204,2023-09-21
3623,3623,443188,2020-02-01
3624,3624,1042422,2020-09-11
3625,3625,1089178,2023-05-08
3626,3626,578103,2020-09-09
3627,3627,1033743,2024-10-30
3628,3628,1361708,2024-02-29
3629,3629,252100,2021-06-27
3630,3630,1162449,2019-08-22
3631,3631,1423056,2018-03-05
3632,3632,303783,2018-11-01
3633,3633,366483,2021-09-22
3634,3634,351478,2021-08-15
3635,3635,1022412,2022-01-25
3636,3636,636444,2024-01-27
3637,3637,1234276,2020-03-23
3638,3638,952603,2023-06-14
3639,3639,1335870,2020-01-01
3640,3640,1128636,2020-11-01
3641,3641,448775,2019-04-23
3642,3642,146212,2020-01-08
3643,3643,340662,2022-05-27
3644,3644,1482646,2020-06-18
3645,3645,253576,2022-11-02
3646,3646,708275,2021-03-08
3647,3647,541177,2020-01-06
3648,3648,990968,2019-06-03
3649,3649,720945,2021-11-13
3650,3650,535026,2022-07-23
3651,3651,996690,2019-06-30
3652,3652,1187266,2022-05-28
3653,3653,232653,2020-01-27
3654,3654,782923,2020-07-07
3655,3655,1383218,2022-08-13
3656,3656,1432298,2019-07-24
3657,3657,289797,2023-10-14
3658,3658,146107,2020-02-27
3659,3659,612109,2022-10-16
3660,3660,80291,2020-12-27
3661,3661,1064948,2021-10-05
3662,3662,297394,2021-11-04
3663,3663,395499,2021-07-27
3664,3664,1345744,2018-03-21
3665,3665,1417293,2021-05-11
3666,3666,108050,2020-03-24
3667,3667,400599,2021-12-12
3668,3668,310421,2019-10-21
3669,3669,860340,2022-01-26
3670,3670,332933,2021-01-26
3671,3671,1385149,2020-01-21
3672,3672,217096,2023-05-05
3673,3673,279223,2023-09-16
3674,3674,153565,2020-10-14
3675,3675,1300339,2018-04-03
3676,3676,53235,2024-03-06
3677,3677,715553,2021-03-06
3678,3678,1211580,2023-01-02
3679,3679,321911,2021-12-20
3680,3680,577597,2020-10-09
3681,3681,1200479,2022-08-08
3682,3682,913027,2019-03-04
3683,3683,402283,2023-01-31
3684,3684,164262,2024-01-23
3685,3685,547339,2023-01-14
3686,3686,713803,2018-07-19
3687,3687,96775,2022-06-29
3688,3688,617113,2019-05-15
3689,3689,709932,2019-03-06
3690,3690,1343999,2019-07-01
3691,3691,806770,2022-06-13
3692,3692,1060966,2020-04-10
3693,3693,1103155,2018-03-04
3694,3694,397323,2020-05-26
3695,3695,1094401,2021-11-30
3696,3696,285760,2023-03-16
3697,3697,972536,2022-12-15
3698,3698,804812,2021-09-29
3699,3699,366037,2020-09-12
3700,3700,1192398,2021-01-19
3701,3701,229105,2024-12-02
3702,3702,1123734,2023-08-30
3703,3703,63816,2018-01-25
3704,3704,1078825,2024-04-25
3705,3705,381983,2024-06-06
3706,3706,107353,2018-06-26
3707,3707,973967,2019-10-03
3708,3708,391785,2020-02-16
3709,3709,498034,2020-01-30
3710,3710,1328202,2021-10-27
3711,3711,1011409,2023-02-11
3712,3712,1469071,2023-08-01
3713,3713,990029,2019-12-23
3714,3714,411329,2021-02-16
3715,3715,552629,2020-08-29
3716,3716,734779,2024-04-22
3717,3717,980392,2019-11-12
3718,3718,1165690,2019-09-14
3719,3719,171361,2019-07-02
3720,3720,1329212,2024-06-28
3721,3721,927264,2023-11-19
3722,3722,1260603,2020-05-15
3723,3723,1298885,2021-08-06
3724,3724,441111,2018-03-26
3725,3725,299316,2018-09-09
3726,3726,894116,2019-01-05
3727,3727,635298,2021-05-09
3728,3728,1116277,2022-10-11
3729,3729,1399216,2020-07-22
3730,3730,121893,2023-07-06
3731,3731,153964,2020-02-15
3732,3732,1487497,2019-11-12
3733,3733,1283294,2022-05-28
3734,3734,1037850,2019-02-17
3735,3735,804078,2021-10-03
3736,3736,763305,2020-06-29
3737,3737,770373,2022-09-11
3738,3738,1373896,2024-05-06
3739,3739,832681,2022-09-12
3740,3740,1030824,2020-03-13
3741,3741,673391,2018-06-24
3742,3742,1355898,2020-07-29
3743,3743,830017,2022-09-07
3744,3744,1235376,2024-05-16
3745,3745,1467641,2021-07-12
3746,3746,1487551,2023-11-09
3747,3747,1477226,2018-12-04
3748,3748,471966,2021-08-17
3749,3749,779044,2020-09-24
3750,3750,61775,2022-03-08
3751,3751,491262,2023-08-13
3752,3752,713496,2018-03-13
3753,3753,238238,2021-03-01
3754,3754,881061,2021-07-30
3755,3755,596330,2024-09-09
3756,3756,1240376,2022-10-28
3757,3757,440684,2024-02-12
3758,3758,819236,2023-03-01
3759,3759,730152,2018-04-24
3760,3760,1422773,2024-06-25
3761,3761,595798,2024-12-24
3762,3762,525530,2023-08-30
3763,3763,81389,2018-05-28
3764,3764,205292,2022-06-22
3765,3765,1308798,2024-06-09
3766,3766,643581,2018-08-16
3767,3767,1346137,2020-09-23
3768,3768,1278828,2019-11-06
3769,3769,1156042,2018-06-07
3770,3770,425007,2023-10-01
3771,3771,966329,2021-03-02
3772,3772,74325,2022-06-22
3773,3773,245585,2020-03-28
3774,3774,78164,2024-12-31
3775,3775,1213727,2019-04-13
3776,3776,815728,2023-05-18
3777,3777,315482,2022-11-29
3778,3778,898211,2023-07-04
3779,3779,1173932,2018-03-19
3780,3780,1385152,2023-12-27
3781,3781,1473725,2020-10-13
3782,3782,380788,2022-08-05
3783,3783,612063,2018-05-28
3784,3784,1162871,2022-05-11
3785,3785,960612,2018-06-02
3786,3786,515473,2023-12-18
3787,3787,998507,2019-04-01
3788,3788,358040,2022-03-07
3789,3789,1264809,2019-02-05
3790,3790,222537,2018-02-10
3791,3791,1305001,2019-07-10
3792,3792,922219,2018-09-08
3793,3793,1439760,2018-12-25
3794,3794,801745,2021-02-10
3795,3795,1351527,2021-05-06
3796,3796,985470,2018-12-21
3797,3797,542262,2018-02-25
3798,3798,390337,2021-03-18
3799,3799,934066,2021-05-22
3800,3800,905140,2021-03-21
3801,3801,411969,2024-09-17
3802,3802,179104,2019-06-08
3803,3803,1117519,2018-05-24
3804,3804,1203305,2023-04-05
3805,3805,66297,2018-08-16
3806,3806,722632,2021-10-07
3807,3807,578408,2021-08-19
3808,3808,141666,2022-07-05
3809,3809,1001265,2018-12-19
3810,3810,732162,2023-06-23
3811,3811,170455,2019-10-09
3812,3812,910813,2019-05-19
3813,3813,1056137,2024-12-17
3814,3814,641634,2020-10-18
3815,3815,769282,2020-04-02
3816,3816,1024379,2021-08-02
3817,3817,243468,2024-11-21
3818,3818,496076,2022-07-26
3819,3819,635745,2024-03-12
3820,3820,1227132,2021-09-24
3821,3821,1265790,2019-10-10
3822,3822,945240,2019-12-07
3823,3823,658157,2019-05-01
3824,3824,1398011,2022-08-19
3825,3825,1182001,2024-01-10
3826,3826,1309747,2019-06-13
3827,3827,859565,2022-10-01
3828,3828,1223077,2024-08-23
3829,3829,531851,2024-10-30
3830,3830,1477079,2023-02-10
3831,3831,851206,2019-08-24
3832,3832,234130,2019-04-02
3833,3833,144111,2022-11-08
3834,3834,379873,2021-12-29
3835,3835,1255812,2023-12-17
3836,3836,625967,2018-02-11
3837,3837,783704,2021-10-27
3838,3838,1450915,2022-05-30
3839,3839,959356,2021-06-06
3840,3840,430388,2019-01-08
3841,3841,614261,2023-10-28
3842,3842,376604,2019-07-02
3843,3843,1446692,2019-01-13
3844,3844,1325266,2021-12-20
3845,3845,1426658,2022-09-12
3846,3846,1449432,2019-02-13
3847,3847,648268,2020-11-23
3848,3848,757961,2024-10-09
3849,3849,1247410,2019-12-07
3850,3850,1368392,2024-02-16
3851,3851,434810,2024-03-02
3852,3852,807646,2018-03-20
3853,3853,224681,2018-10-20
3854,3854,237952,2022-09-15
3855,3855,1448976,2021-04-13
3856,3856,1139419,2018-09-20
3857,3857,957878,2022-04-12
3858,3858,471640,2020-05-03
3859,3859,577884,2020-01-08
3860,3860,298309,2023-01-26
3861,3861,1283839,2019-01-02
3862,3862,1244453,2021-11-27
3863,3863,280499,2018-03-09
3864,3864,426010,2023-11-30
3865,3865,699205,2024-06-02
3866,3866,438043,2020-10-28
3867,3867,80869,2019-03-01
3868,3868,303030,2024-09-14
3869,3869,658282,2023-05-07
3870,3870,628569,2019-04-02
3871,3871,344011,2019-12-19
3872,3872,1202776,2021-06-20
3873,3873,286873,2023-07-20
3874,3874,299689,2020-01-15
3875,3875,542558,2021-08-04
3876,3876,1217241,2022-08-15
3877,3877,1357455,2020-01-05
3878,3878,1321142,2024-06-11
3879,3879,559590,2023-01-13
3880,3880,223396,2019-05-08
3881,3881,471609,2018-11-22
3882,3882,864293,2018-09-20
3883,3883,938414,2021-09-21
3884,3884,1139957,2024-11-03
3885,3885,1415736,2023-01-03
3886,3886,1430947,2023-02-04
3887,3887,214756,2024-06-03
3888,3888,1092652,2021-03-31
3889,3889,67233,2022-12-23
3890,3890,60388,2020-11-11
3891,3891,240690,2022-10-17
3892,3892,296623,2024-03-27
3893,3893,853494,2024-11-19
3894,3894,525998,2022-07-10
3895,3895,415158,2023-07-26
3896,3896,719453,2022-04-03
3897,3897,458882,2018-07-29
3898,3898,455578,2018-07-09
3899,3899,1095919,2024-10-01
3900,3900,1439604,2024-04-26
3901,3901,871582,2019-11-30
3902,3902,1163616,2024-07-18
3903,3903,1066803,2024-09-16
3904,3904,77107,2023-09-06
3905,3905,1449862,2018-01-20
3906,3906,915062,2019-12-09
3907,3907,1211503,2019-08-10
3908,3908,977425,2019-12-02
3909,3909,225398,2020-07-06
3910,3910,239702,2021-05-05
3911,3911,509224,2022-12-25
3912,3912,1118030,2020-03-16
3913,3913,598568,2018-09-08
3914,3914,575512,2023-10-28
3915,3915,130073,2018-09-13
3916,3916,435284,2019-06-27
3917,3917,770595,2023-05-14
3918,3918,865973,2024-09-08
3919,3919,222725,2021-05-26
3920,3920,949647,2024-05-19
3921,3921,734227,2020-03-11
3922,3922,1135477,2020-05-14
3923,3923,725167,2024-11-07
3924,3924,877699,2020-04-28
3925,3925,318289,2021-08-31
3926,3926,761418,2024-02-24
3927,3927,1473956,2024-01-14
3928,3928,108362,2021-01-23
3929,3929,506879,2018-10-19
3930,3930,823970,2020-02-14
3931,3931,914414,2021-03-02
3932,3932,174230,2019-04-02
3933,3933,1486496,2024-09-04
3934,3934,809897,2023-07-29
3935,3935,1083938,2023-09-03
3936,3936,1444989,2023-01-20
3937,3937,222058,2019-12-04
3938,3938,121674,2022-11-20
3939,3939,895355,2024-07-30
3940,3940,718679,2020-05-02
3941,3941,573457,2019-06-30
3942,3942,1277771,2021-05-05
3943,3943,745839,2021-04-12
3944,3944,1095679,2020-09-13
3945,3945,381036,2021-05-21
3946,3946,335887,2018-03-09
3947,3947,1283566,2019-07-16
3948,3948,723458,2018-05-26
3949,3949,326688,2021-08-24
3950,3950,616330,2020-01-17
3951,3951,270023,2022-07-05
3952,3952,1184247,2022-06-22
3953,3953,382476,2019-07-25
3954,3954,676346,2019-08-03
3955,3955,1476043,2019-08-27
3956,3956,1286313,2022-01-10
3957,3957,933967,2023-11-07
3958,3958,379182,2023-06-07
3959,3959,660336,2020-03-17
3960,3960,966632,2020-04-24
3961,3961,1402959,2020-03-01
3962,3962,1238612,2024-10-27
3963,3963,1079363,2019-04-21
3964,3964,305253,2024-05-04
3965,3965,625468,2019-08-21
3966,3966,374691,2023-11-30
3967,3967,1307318,2024-11-01
3968,3968,1008187,2021-10-11
3969,3969,517924,2020-11-17
3970,3970,155087,2019-04-26
3971,3971,805191,2023-09-18
3972,3972,611468,2023-10-03
3973,3973,804262,2018-04-29
3974,3974,921194,2024-04-17
3975,3975,188352,2020-06-23
3976,3976,1425019,2020-06-26
3977,3977,366148,2020-10-30
3978,3978,871548,2024-10-23
3979,3979,692737,2019-09-12
3980,3980,1211255,2024-09-11
3981,3981,521418,2018-03-06
3982,3982,1174252,2018-03-15
3983,3983,828410,2020-10-21
3984,3984,1366604,2019-07-03
3985,3985,1484138,2022-12-03
3986,3986,1002180,2019-04-07
3987,3987,779080,2020-02-02
3988,3988,1153426,2018-10-10
3989,3989,56822,2020-05-10
3990,3990,457557,2020-07-09
3991,3991,1090586,2019-03-27
3992,3992,1447174,2019-06-16
3993,3993,843656,2019-04-17
3994,3994,497405,2018-12-09
3995,3995,98286,2019-03-31
3996,3996,1254568,2019-04-13
3997,3997,755741,2019-06-16
3998,3998,155412,2020-05-27
3999,3999,836481,2021-12-15
4000,4000,465084,2021-08-29
4001,4001,172655,2018-09-01
4002,4002,1488398,2021-08-12
4003,4003,747333,2023-10-07
4004,4004,1399184,2020-10-13
4005,4005,1380885,2022-07-24
4006,4006,1160815,2020-04-17
4007,4007,784711,2021-10-28
4008,4008,1237765,2018-02-06
4009,4009,291185,2021-10-15
4010,4010,507109,2023-10-07
4011,4011,815123,2022-03-29
4012,4012,1157311,2020-08-23
4013,4013,1019227,2020-10-08
4014,4014,1457724,2018-01-03
4015,4015,1414188,2024-10-13
4016,4016,1044866,2021-09-29
4017,4017,249663,2024-10-22
4018,4018,387132,2020-09-15
4019,4019,508948,2024-12-31
4020,4020,979636,2023-08-17
4021,4021,1482412,2024-11-11
4022,4022,326883,2020-02-26
4023,4023,1309402,2021-07-31
4024,4024,523250,2022-04-08
4025,4025,470656,2020-08-15
4026,4026,307149,2023-12-25
4027,4027,1104504,2020-02-01
4028,4028,1251474,2019-08-27
4029,4029,166773,2018-10-13
4030,4030,1177618,2023-09-17
4031,4031,357579,2024-11-11
4032,4032,391485,2024-05-27
4033,4033,250930,2023-07-02
4034,4034,857884,2022-10-02
4035,4035,1071582,2023-03-03
4036,4036,992988,2018-10-31
4037,4037,554655,2024-02-13
4038,4038,608399,2020-06-21
4039,4039,568808,2021-07-27
4040,4040,1213466,2022-12-25
4041,4041,871780,2022-11-01
4042,4042,1468453,2023-09-29
4043,4043,676483,2020-08-24
4044,4044,279662,2020-03-21
4045,4045,502516,2024-12-27
4046,4046,416886,2021-08-22
4047,4047,228912,2023-04-16
4048,4048,1063158,2022-01-13
4049,4049,1022987,2023-03-22
4050,4050,739668,2023-03-11
4051,4051,842746,2024-07-01
4052,4052,694933,2022-06-01
4053,4053,1231185,2020-08-12
4054,4054,1364609,2019-10-17
4055,4055,131132,2019-03-20
4056,4056,1244518,2018-07-28
4057,4057,662408,2022-07-18
4058,4058,1044376,2018-12-13
4059,4059,105170,2024-06-11
4060,4060,745354,2020-06-11
4061,4061,106046,2023-02-05
4062,4062,1487801,2018-08-10
4063,4063,79006,2021-11-28
4064,4064,1464165,2019-04-05
4065,4065,687467,2023-05-28
4066,4066,810891,2021-07-05
4067,4067,1115856,2018-10-11
4068,4068,113668,2020-01-20
4069,4069,1260733,2021-09-24
4070,4070,397081,2023-09-29
4071,4071,747434,2021-06-30
4072,4072,1197202,2018-11-09
4073,4073,494319,2023-01-07
4074,4074,633016,2024-02-18
4075,4075,1139581,2023-06-26
4076,4076,90390,2020-05-14
4077,4077,928244,2024-05-31
4078,4078,571711,2019-01-16
4079,4079,296728,2020-08-29
4080,4080,695000,2019-03-08
4081,4081,983923,2021-08-17
4082,4082,962060,2019-01-01
4083,4083,199348,2018-09-12
4084,4084,167079,2022-07-13
4085,4085,1137774,2020-05-25
4086,4086,760271,2019-04-29
4087,4087,1061055,2020-01-19
4088,4088,1068705,2022-05-07
4089,4089,837147,2021-12-23
4090,4090,1261382,2021-10-25
4091,4091,767928,2024-11-28
4092,4092,578110,2024-08-05
4093,4093,988734,2020-10-20
4094,4094,701843,2020-05-12
4095,4095,290499,2018-08-10
4096,4096,675101,2023-09-14
4097,4097,1470853,2023-06-20
4098,4098,776223,2020-10-14
4099,4099,598949,2022-09-16
4100,4100,1041331,2024-01-02
4101,4101,1339070,2021-07-24
4102,4102,1196522,2024-01-11
4103,4103,1409701,2023-10-28
4104,4104,730454,2020-04-13
4105,4105,293277,2023-09-29
4106,4106,970623,2021-01-19
4107,4107,1467862,2024-12-20
4108,4108,500333,2019-07-17
4109,4109,1364170,2023-02-08
4110,4110,961559,2021-01-15
4111,4111,1188049,2019-10-23
4112,4112,659036,2023-11-29
4113,4113,1315486,2020-09-22
4114,4114,110846,2020-09-28
4115,4115,1063829,2023-01-22
4116,4116,135072,2023-06-02
4117,4117,950559,2021-10-23
4118,4118,1326714,2020-02-19
4119,4119,1227419,2019-12-05
4120,4120,1496352,2022-07-18
4121,4121,903636,2020-02-24
4122,4122,1061860,2024-10-24
4123,4123,76322,2018-01-15
4124,4124,1248132,2020-10-01
4125,4125,100967,2023-11-13
4126,4126,1470150,2019-01-21
4127,4127,421085,2023-11-24
4128,4128,577486,2024-01-29
4129,4129,386259,2021-09-21
4130,4130,611135,2019-04-25
4131,4131,1344690,2023-11-04
4132,4132,1289046,2022-12-23
4133,4133,1416933,2020-09-24
4134,4134,853842,2018-02-09
4135,4135,59737,2023-12-06
4136,4136,709549,2023-01-22
4137,4137,455877,2019-04-11
4138,4138,114428,2019-08-04
4139,4139,1004346,2021-04-22
4140,4140,749898,2019-11-23
4141,4141,1390963,2023-05-12
4142,4142,480953,2019-05-31
4143,4143,57091,2024-06-30
4144,4144,1189671,2021-06-02
4145,4145,959159,2023-07-12
4146,4146,787480,2020-08-07
4147,4147,168141,2022-11-11
4148,4148,1468411,2019-02-18
4149,4149,483508,2021-10-10
4150,4150,79410,2023-08-05
4151,4151,142235,2023-06-06
4152,4152,1047339,2018-07-06
4153,4153,472464,2018-07-20
4154,4154,426957,2020-09-09
4155,4155,1342910,2023-12-23
4156,4156,1001345,2018-04-28
4157,4157,168326,2024-05-10
4158,4158,774798,2019-06-30
4159,4159,1004481,2023-03-23
4160,4160,56780,2022-07-30
4161,4161,806049,2024-04-09
4162,4162,956036,2019-05-10
4163,4163,1291123,2023-02-17
4164,4164,1452053,2023-12-26
4165,4165,727211,2023-03-24
4166,4166,499519,2020-08-26
4167,4167,802899,2018-05-24
4168,4168,105725,2022-01-20
4169,4169,527207,2020-07-23
4170,4170,976699,2019-06-03
4171,4171,1145708,2019-03-01
4172,4172,889840,2019-08-20
4173,4173,55304,2018-06-20
4174,4174,503689,2024-10-12
4175,4175,81147,2022-07-09
4176,4176,1107737,2024-01-18
4177,4177,121356,2022-05-14
4178,4178,1213758,2024-03-13
4179,4179,1326569,2023-02-17
4180,4180,1337092,2019-06-13
4181,4181,1283464,2022-06-24
4182,4182,1221461,2024-04-08
4183,4183,366317,2024-11-02
4184,4184,918487,2024-05-12
4185,4185,933745,2018-06-01
4186,4186,587160,2020-06-01
4187,4187,1336305,2023-01-30
4188,4188,487107,2022-10-16
4189,4189,160942,2024-07-01
4190,4190,817202,2020-01-08
4191,4191,1314101,2020-08-06
4192,4192,516221,2020-02-10
4193,4193,1330095,2019-07-06
4194,4194,1238995,2019-10-04
4195,4195,1372378,2018-02-08
4196,4196,1143609,2018-08-07
4197,4197,1126457,2021-04-29
4198,4198,1220885,2022-05-12
4199,4199,1365976,2018-10-06
4200,4200,75190,2023-09-27
4201,4201,690924,2018-05-25
4202,4202,1169390,2019-01-20
4203,4203,60630,2018-12-29
4204,4204,1078421,2021-03-09
4205,4205,253049,2019-12-12
4206,4206,589090,2019-02-23
4207,4207,453586,2023-07-02
4208,4208,1097023,2018-11-20
4209,4209,117792,2021-05-15
4210,4210,1141071,2024-09-19
4211,4211,722999,2018-01-21
4212,4212,1414210,2018-06-08
4213,4213,1320565,2022-10-24
4214,4214,652951,2018-09-02
4215,4215,1195563,2023-03-12
4216,4216,73232,2020-01-12
4217,4217,929681,2024-05-26
4218,4218,943078,2024-09-23
4219,4219,1199701,2023-11-25
4220,4220,1471535,2022-11-26
4221,4221,804300,2018-12-15
4222,4222,1110261,2019-07-19
4223,4223,1221478,2023-07-05
4224,4224,1086383,2018-11-16
4225,4225,1226024,2020-02-29
4226,4226,529260,2023-06-16
4227,4227,808605,2023-11-03
4228,4228,452916,2022-12-10
4229,4229,1410865,2021-04-11
4230,4230,1163363,2018-01-13
4231,4231,1138753,2022-04-05
4232,4232,926609,2022-12-27
4233,4233,82948,2023-03-05
4234,4234,1036324,2020-12-28
4235,4235,597128,2024-01-30
4236,4236,756181,2024-09-08
4237,4237,1324113,2023-12-05
4238,4238,944888,2021-11-13
4239,4239,1429705,2021-07-15
4240,4240,62655,2021-01-13
4241,4241,262243,2023-01-03
4242,4242,1285355,2019-06-27
4243,4243,229032,2024-08-16
4244,4244,889984,2018-08-08
4245,4245,1196541,2019-03-23
4246,4246,1087331,2022-09-28
4247,4247,278515,2021-07-16
4248,4248,1078505,2020-03-30
4249,4249,1168047,2023-04-14
4250,4250,323018,2021-07-10
4251,4251,186278,2018-03-05
4252,4252,697639,2019-02-24
4253,4253,1454706,2023-11-12
4254,4254,831710,2024-08-04
4255,4255,121357,2020-09-11
4256,4256,1201124,2023-09-25
4257,4257,1322571,2024-09-03
4258,4258,172462,2020-07-18
4259,4259,1366848,2018-01-26
4260,4260,56985,2019-01-05
4261,4261,293355,2022-01-05
4262,4262,1166810,2020-12-25
4263,4263,1326871,2022-01-21
4264,4264,1285868,2022-02-06
4265,4265,1107877,2021-08-21
4266,4266,1394523,2018-11-28
4267,4267,562786,2021-11-15
4268,4268,867959,2021-07-11
4269,4269,1361858,2023-06-06
4270,4270,1125557,2019-04-02
4271,4271,788275,2023-01-03
4272,4272,352770,2019-09-02
4273,4273,611499,2019-03-08
4274,4274,1460107,2020-06-27
4275,4275,1468474,2019-02-04
4276,4276,425804,2020-07-03
4277,4277,445120,2023-04-15
4278,4278,372292,2018-04-04
4279,4279,1074673,2018-05-03
4280,4280,647135,2020-10-03
4281,4281,424577,2023-09-23
4282,4282,275867,2024-02-12
4283,4283,563411,2018-08-17
4284,4284,984615,2024-02-12
4285,4285,715148,2022-12-11
4286,4286,347619,2023-06-08
4287,4287,1031315,2018-01-22
4288,4288,839302,2018-10-14
4289,4289,196520,2023-11-13
4290,4290,1377808,2023-01-25
4291,4291,1234210,2018-07-04
4292,4292,333512,2021-10-14
4293,4293,1396856,2020-03-07
4294,4294,1000583,2020-01-08
4295,4295,594651,2024-12-15
4296,4296,823099,2024-09-20
4297,4297,934777,2019-12-25
4298,4298,825573,2021-11-28
4299,4299,733532,2018-07-07
4300,4300,904974,2023-03-27
4301,4301,348356,2020-12-25
4302,4302,740815,2022-08-23
4303,4303,570615,2018-05-05
4304,4304,1008137,2024-02-06
4305,4305,1123538,2024-03-15
4306,4306,1282998,2021-01-10
4307,4307,767151,2022-06-23
4308,4308,1181612,2020-02-12
4309,4309,876993,2022-06-30
4310,4310,620560,2019-07-19
4311,4311,123530,2021-03-13
4312,4312,1499794,2022-12-07
4313,4313,663361,2019-05-07
4314,4314,1452508,2019-09-14
4315,4315,1282305,2019-05-11
4316,4316,431560,2022-12-08
4317,4317,1333370,2018-07-17
4318,4318,398722,2023-03-07
4319,4319,1275373,2021-10-10
4320,4320,1260632,2019-03-10
4321,4321,762443,2019-04-01
4322,4322,810870,2023-05-31
4323,4323,377768,2022-07-02
4324,4324,1315303,2018-05-29
4325,4325,1105275,2023-05-24
4326,4326,1064473,2021-04-10
4327,4327,1136003,2023-01-23
4328,4328,136687,2018-01-27
4329,4329,1047333,2021-05-06
4330,4330,698545,2023-04-28
4331,4331,1134723,2021-11-22
4332,4332,643550,2022-07-18
4333,4333,775877,2018-04-19
4334,4334,1076027,2019-06-24
4335,4335,630774,2021-03-01
4336,4336,1381478,2021-09-19
4337,4337,1365968,2021-07-28
4338,4338,273791,2019-03-14
4339,4339,971060,2020-11-12
4340,4340,1339958,2024-08-23
4341,4341,203619,2018-06-10
4342,4342,291742,2024-07-08
4343,4343,174513,2023-04-25
4344,4344,1352375,2024-05-26
4345,4345,489147,2022-12-02
4346,4346,309900,2021-12-25
4347,4347,579878,2020-10-25
4348,4348,1257916,2024-01-18
4349,4349,501432,2020-07-04
4350,4350,363471,2019-06-25
4351,4351,369396,2021-06-01
4352,4352,1253274,2018-05-14
4353,4353,534478,2020-11-16
4354,4354,1272093,2020-11-23
4355,4355,248240,2022-09-06
4356,4356,1179571,2018-05-26
4357,4357,195330,2023-06-01
4358,4358,1296691,2022-11-21
4359,4359,296931,2021-04-13
4360,4360,1298070,2021-11-15
4361,4361,1070476,2018-03-18
4362,4362,1076528,2019-05-31
4363,4363,1125439,2020-06-02
4364,4364,220015,2024-10-31
4365,4365,893599,2019-03-22
4366,4366,1014577,2022-10-01
4367,4367,1229288,2020-05-06
4368,4368,1118704,2021-10-26
4369,4369,708900,2019-03-17
4370,4370,665945,2024-05-03
4371,4371,431337,2018-10-22
4372,4372,1378682,2024-02-10
4373,4373,915714,2019-01-16
4374,4374,199137,2019-08-30
4375,4375,844554,2021-01-20
4376,4376,839004,2024-12-25
4377,4377,852127,2022-06-05
4378,4378,1122763,2023-01-16
4379,4379,905136,2021-09-13
4380,4380,1268428,2020-05-01
4381,4381,1080911,2020-06-11
4382,4382,1008143,2024-01-09
4383,4383,201835,2022-09-08
4384,4384,946391,2020-05-05
4385,4385,134320,2020-10-23
4386,4386,605875,2021-10-20
4387,4387,1236973,2019-04-17
4388,4388,1297339,2022-06-28
4389,4389,854192,2024-02-11
4390,4390,631728,2018-01-19
4391,4391,221551,2022-03-03
4392,4392,882535,2024-07-31
4393,4393,652686,2021-10-19
4394,4394,205101,2023-01-27
4395,4395,467175,2020-10-06
4396,4396,866824,2022-08-09
4397,4397,746266,2024-08-10
4398,4398,200981,2019-05-02
4399,4399,1355531,2022-09-29
4400,4400,1362421,2019-01-31
4401,4401,1495906,2018-09-20
4402,4402,773437,2023-01-16
4403,4403,251767,2020-03-24
4404,4404,232920,2019-01-21
4405,4405,1150946,2020-06-13
4406,4406,1277111,2019-06-22
4407,4407,493335,2019-07-24
4408,4408,827122,2021-01-27
4409,4409,646994,2022-03-11
4410,4410,596541,2023-09-03
4411,4411,1026765,2018-05-04
4412,4412,149580,2019-01-21
4413,4413,1083084,2023-12-21
4414,4414,349477,2021-08-11
4415,4415,229428,2022-04-06
4416,4416,401011,2019-10-19
4417,4417,1413712,2023-09-17
4418,4418,208595,2019-03-14
4419,4419,1170067,2024-01-24
4420,4420,1187355,2018-10-09
4421,4421,506090,2020-10-27
4422,4422,403933,2020-05-25
4423,4423,106280,2020-04-04
4424,4424,1038431,2023-12-01
4425,4425,739492,2023-02-08
4426,4426,1190782,2022-11-29
4427,4427,268477,2024-05-06
4428,4428,204088,2022-02-24
4429,4429,1107712,2020-08-29
4430,4430,626031,2024-03-10
4431,4431,829154,2018-04-18
4432,4432,1488228,2023-11-18
4433,4433,1313602,2021-11-13
4434,4434,1265549,2023-01-09
4435,4435,1332840,2024-01-31
4436,4436,509648,2018-06-19
4437,4437,1420504,2019-07-13
4438,4438,1006598,2022-08-02
4439,4439,622427,2019-02-07
4440,4440,1139807,2019-09-16
4441,4441,558988,2023-07-13
4442,4442,796672,2018-05-23
4443,4443,409779,2023-05-21
4444,4444,787402,2024-07-25
4445,4445,542761,2021-01-19
4446,4446,592101,2024-12-10
4447,4447,1158839,2024-10-15
4448,4448,514391,2023-12-07
4449,4449,1130046,2023-07-17
4450,4450,276096,2024-03-11
4451,4451,1337293,2023-04-19
4452,4452,1200863,2021-11-30
4453,4453,227481,2020-06-26
4454,4454,1147263,2021-07-01
4455,4455,239599,2024-07-13
4456,4456,698989,2018-12-27
4457,4457,326101,2020-07-09
4458,4458,965695,2022-03-07
4459,4459,1386352,2018-08-19
4460,4460,1041659,2018-01-21
4461,4461,1203576,2021-01-23
4462,4462,627094,2019-09-13
4463,4463,953245,2018-06-19
4464,4464,1227743,2023-06-24
4465,4465,698166,2019-01-30
4466,4466,696940,2022-10-05
4467,4467,946639,2024-09-13
4468,4468,967069,2022-11-10
4469,4469,59457,2023-02-21
4470,4470,420003,2024-05-24
4471,4471,63477,2024-06-18
4472,4472,902559,2024-08-06
4473,4473,927849,2020-08-27
4474,4474,140499,2019-11-18
4475,4475,405756,2020-08-20
4476,4476,983395,2024-03-12
4477,4477,547400,2023-05-23
4478,4478,1116859,2020-09-16
4479,4479,752049,2019-07-13
4480,4480,1443761,2023-05-03
4481,4481,1173717,2024-07-16
4482,4482,242872,2020-05-28
4483,4483,229356,2024-10-20
4484,4484,236243,2023-06-06
4485,4485,824508,2021-05-06
4486,4486,1132665,2018-12-06
4487,4487,1405566,2024-03-22
4488,4488,1482351,2019-10-09
4489,4489,932082,2019-05-15
4490,4490,473475,2021-07-28
4491,4491,518539,2023-07-30
4492,4492,779229,2022-08-16
4493,4493,314400,2024-03-01
4494,4494,710666,2023-02-16
4495,4495,512992,2023-09-22
4496,4496,911930,2018-11-18
4497,4497,1369480,2024-05-01
4498,4498,177276,2021-05-17
4499,4499,541755,2018-11-05
4500,4500,1022044,2024-02-09
4501,4501,1309124,2024-07-04
4502,4502,1176975,2018-12-16
4503,4503,871289,2022-01-09
4504,4504,561250,2020-11-28
4505,4505,1097734,2019-01-12
4506,4506,1210812,2022-11-20
4507,4507,1252549,2024-08-23
4508,4508,1172921,2019-01-04
4509,4509,445673,2021-03-16
4510,4510,615174,2021-01-10
4511,4511,196852,2020-07-04
4512,4512,948171,2024-02-26
4513,4513,929451,2022-08-29
4514,4514,1015130,2020-10-17
4515,4515,1165755,2023-04-30
4516,4516,914821,2020-01-01
4517,4517,602822,2018-12-10
4518,4518,419869,2019-03-07
4519,4519,483399,2022-05-31
4520,4520,905608,2020-06-21
4521,4521,517267,2020-01-16
4522,4522,86024,2024-04-11
4523,4523,260489,2023-04-20
4524,4524,986400,2018-06-20
4525,4525,993876,2018-12-30
4526,4526,527213,2018-05-29
4527,4527,88921,2024-04-13
4528,4528,1006133,2021-06-02
4529,4529,767985,2024-12-01
4530,4530,1148435,2022-12-28
4531,4531,1399836,2018-12-02
4532,4532,52942,2020-04-22
4533,4533,704095,2020-12-05
4534,4534,878831,2018-09-14
4535,4535,588003,2024-07-13
4536,4536,1214016,2019-10-20
4537,4537,120136,2020-07-23
4538,4538,1293980,2023-09-09
4539,4539,109042,2020-03-16
4540,4540,1165549,2020-12-27
4541,4541,1051208,2022-09-14
4542,4542,105641,2022-01-15
4543,4543,1078046,2023-06-25
4544,4544,323223,2019-04-11
4545,4545,668954,2018-04-07
4546,4546,821198,2024-04-21
4547,4547,1214021,2023-03-10
4548,4548,764605,2023-04-15
4549,4549,1314087,2021-03-08
4550,4550,206599,2020-01-17
4551,4551,539643,2019-05-03
4552,4552,1150057,2020-03-28
4553,4553,780325,2022-09-03
4554,4554,690823,2018-04-12
4555,4555,481368,2021-09-10
4556,4556,594219,2022-12-03
4557,4557,620120,2018-02-16
4558,4558,814765,2023-09-12
4559,4559,929980,2019-04-19
4560,4560,585669,2024-10-09
4561,4561,1330006,2024-03-14
4562,4562,559177,2023-08-04
4563,4563,77037,2018-10-14
4564,4564,1308826,2020-04-28
4565,4565,1199455,2018-03-03
4566,4566,1451815,2022-11-22
4567,4567,1072798,2019-08-21
4568,4568,997285,2021-05-06
4569,4569,429009,2021-01-31
4570,4570,1221332,2021-01-21
4571,4571,1338339,2022-04-26
4572,4572,274634,2023-07-30
4573,4573,1280388,2019-01-28
4574,4574,873836,2021-09-12
4575,4575,95797,2021-03-09
4576,4576,437042,2024-08-31
4577,4577,55706,2023-01-12
4578,4578,1203136,2021-10-08
4579,4579,205683,2020-12-15
4580,4580,853782,2023-09-22
4581,4581,340531,2019-12-26
4582,4582,843827,2018-03-12
4583,4583,1121605,2020-10-19
4584,4584,320980,2018-02-19
4585,4585,558873,2018-02-20
4586,4586,1206937,2024-08-30
4587,4587,1374273,2023-05-22
4588,4588,641788,2024-10-17
4589,4589,1265190,2020-06-20
4590,4590,1278917,2024-10-23
4591,4591,244650,2022-12-14
4592,4592,203261,2018-02-25
4593,4593,652649,2024-06-30
4594,4594,1374607,2018-07-08
4595,4595,321132,2018-04-25
4596,4596,876181,2021-06-10
4597,4597,1394999,2022-01-27
4598,4598,1231729,2023-11-07
4599,4599,793069,2022-12-23
4600,4600,989393,2021-10-12
4601,4601,528342,2022-11-09
4602,4602,1419116,2018-04-18
4603,4603,446656,2018-07-09
4604,4604,285450,2023-01-02
4605,4605,876658,2023-05-19
4606,4606,1415604,2023-11-04
4607,4607,1061368,2019-11-19
4608,4608,938129,2022-04-22
4609,4609,1198135,2021-06-26
4610,4610,274926,2023-03-16
4611,4611,1213051,2021-08-10
4612,4612,970576,2024-09-04
4613,4613,451048,2020-09-05
4614,4614,282414,2023-12-31
4615,4615,1349645,2019-05-24
4616,4616,178291,2023-08-03
4617,4617,1333295,2020-05-05
4618,4618,390442,2022-07-21
4619,4619,1451225,2021-09-15
4620,4620,1123311,2023-11-20
4621,4621,904834,2018-01-31
4622,4622,810345,2020-11-08
4623,4623,543439,2018-05-10
4624,4624,892484,2019-08-30
4625,4625,1035521,2018-12-10
4626,4626,1021689,2018-06-12
4627,4627,236785,2022-07-01
4628,4628,778137,2022-12-23
4629,4629,608037,2024-04-29
4630,4630,1411435,2020-06-01
4631,4631,672734,2019-05-03
4632,4632,1072725,2022-11-16
4633,4633,406504,2020-11-17
4634,4634,139509,2020-05-11
4635,4635,1158327,2020-03-28
4636,4636,1157267,2024-11-24
4637,4637,1342572,2019-05-04
4638,4638,404434,2023-12-16
4639,4639,606293,2023-09-07
4640,4640,1026661,2021-02-08
4641,4641,872160,2018-07-05
4642,4642,475459,2022-12-06
4643,4643,622615,2022-06-24
4644,4644,1119679,2019-10-16
4645,4645,996710,2020-03-05
4646,4646,1203272,2021-08-05
4647,4647,821575,2024-08-11
4648,4648,547184,2022-04-18
4649,4649,863729,2021-02-09
4650,4650,1036686,2024-02-18
4651,4651,1128879,2020-12-19
4652,4652,138678,2018-01-21
4653,4653,551878,2023-05-01
4654,4654,1062838,2020-08-31
4655,4655,1050072,2021-11-22
4656,4656,250266,2019-05-26
4657,4657,728800,2018-01-07
4658,4658,741298,2021-11-13
4659,4659,325552,2019-07-04
4660,4660,1389429,2023-10-03
4661,4661,146252,2022-05-23
4662,4662,422505,2018-12-31
4663,4663,786576,2022-12-10
4664,4664,756703,2024-04-25
4665,4665,515762,2022-09-14
4666,4666,128784,2021-08-07
4667,4667,170118,2024-08-28
4668,4668,1482005,2023-01-22
4669,4669,1069038,2020-11-21
4670,4670,1101836,2023-11-10
4671,4671,255167,2024-11-19
4672,4672,1383376,2024-11-08
4673,4673,203861,2018-01-15
4674,4674,538844,2022-06-22
4675,4675,904532,2021-03-10
4676,4676,473697,2019-12-12
4677,4677,864004,2023-10-05
4678,4678,1014334,2020-12-03
4679,4679,1366453,2021-11-02
4680,4680,408279,2022-11-21
4681,4681,477663,2019-01-07
4682,4682,995422,2018-07-02
4683,4683,52751,2022-08-19
4684,4684,78053,2021-04-30
4685,4685,601949,2021-08-19
4686,4686,859025,2019-06-17
4687,4687,856692,2020-10-27
4688,4688,751259,2023-11-09
4689,4689,486447,2018-10-07
4690,4690,475099,2021-05-07
4691,4691,1491448,2023-08-09
4692,4692,1391081,2023-07-03
4693,4693,308305,2021-04-03
4694,4694,231584,2023-03-03
4695,4695,362428,2024-02-02
4696,4696,253859,2018-12-06
4697,4697,790075,2018-12-08
4698,4698,1052704,2018-04-01
4699,4699,408422,2023-10-06
4700,4700,720054,2019-01-18
4701,4701,1426688,2023-01-07
4702,4702,185881,2020-12-14
4703,4703,1400130,2021-06-08
4704,4704,291691,2022-12-28
4705,4705,1227398,2020-02-06
4706,4706,1152180,2021-01-25
4707,4707,1224801,2024-07-09
4708,4708,1479279,2023-03-07
4709,4709,907970,2022-08-07
4710,4710,1405715,2020-08-24
4711,4711,1234570,2023-10-29
4712,4712,662713,2019-10-20
4713,4713,1383053,2018-08-28
4714,4714,1330101,2021-11-18
4715,4715,1076076,2024-03-24
4716,4716,1135835,2019-12-27
4717,4717,869059,2019-04-07
4718,4718,259829,2020-07-13
4719,4719,1049526,2021-02-15
4720,4720,1244198,2023-05-23
4721,4721,860586,2019-03-19
4722,4722,980374,2019-12-04
4723,4723,1131264,2023-12-14
4724,4724,1420490,2024-05-04
4725,4725,403790,2023-12-31
4726,4726,384307,2023-11-09
4727,4727,898128,2024-05-23
4728,4728,1083191,2020-07-12
4729,4729,1336658,2021-04-28
4730,4730,795007,2020-08-30
4731,4731,83316,2018-11-23
4732,4732,1006670,2018-01-29
4733,4733,578561,2024-05-27
4734,4734,413416,2024-08-12
4735,4735,562179,2023-04-19
4736,4736,415519,2024-11-05
4737,4737,208030,2024-08-09
4738,4738,628637,2021-02-24
4739,4739,931126,2024-01-11
4740,4740,1074547,2021-03-13
4741,4741,1421757,2023-12-14
4742,4742,749816,2021-08-28
4743,4743,1346858,2018-02-06
4744,4744,165378,2018-02-02
4745,4745,1001826,2022-02-09
4746,4746,1249097,2020-09-10
4747,4747,1407100,2021-10-16
4748,4748,1193643,2019-07-24
4749,4749,566648,2020-01-16
4750,4750,598452,2018-07-21
4751,4751,1002254,2022-05-04
4752,4752,687476,2018-07-27
4753,4753,950116,2020-02-14
4754,4754,860975,2024-06-05
4755,4755,393348,2018-03-04
4756,4756,1146795,2020-06-18
4757,4757,265361,2021-05-24
4758,4758,266106,2021-03-02
4759,4759,352806,2024-03-02
4760,4760,102284,2020-12-29
4761,4761,1426992,2019-09-15
4762,4762,340522,2021-11-23
4763,4763,132003,2021-12-15
4764,4764,1445797,2024-07-10
4765,4765,825514,2021-09-30
4766,4766,1256224,2020-02-07
4767,4767,600160,2019-07-18
4768,4768,252386,2020-08-01
4769,4769,522589,2023-07-20
4770,4770,612089,2021-07-20
4771,4771,390198,2024-02-09
4772,4772,1279862,2018-08-24
4773,4773,1103816,2020-10-21
4774,4774,702238,2023-11-17
4775,4775,1397359,2024-03-20
4776,4776,146947,2021-10-06
4777,4777,1191985,2021-01-04
4778,4778,1298375,2020-03-31
4779,4779,1196251,2024-06-27
4780,4780,653025,2019-10-30
4781,4781,715865,2023-01-01
4782,4782,690925,2024-08-24
4783,4783,1204592,2020-04-22
4784,4784,875512,2018-04-26
4785,4785,976962,2019-01-19
4786,4786,464878,2021-01-27
4787,4787,1451257,2024-06-05
4788,4788,220226,2018-03-21
4789,4789,808439,2024-04-03
4790,4790,1124753,2022-03-09
4791,4791,970111,2023-03-13
4792,4792,1175342,2024-12-14
4793,4793,102203,2019-04-29
4794,4794,875559,2018-09-11
4795,4795,523887,2021-01-01
4796,4796,883342,2023-09-30
4797,4797,662371,2018-06-15
4798,4798,1374202,2021-04-28
4799,4799,1137931,2024-04-20
4800,4800,714613,2020-07-15
4801,4801,448168,2019-03-11
4802,4802,1456604,2024-05-08
4803,4803,574810,2020-02-22
4804,4804,126315,2023-03-15
4805,4805,1293816,2021-06-07
4806,4806,1320124,2022-06-14
4807,4807,559305,2022-06-20
4808,4808,963770,2023-11-02
4809,4809,462624,2021-04-18
4810,4810,124443,2019-07-13
4811,4811,802233,2022-07-21
4812,4812,447263,2024-08-28
4813,4813,79621,2020-05-23
4814,4814,1001560,2023-07-17
4815,4815,700557,2018-12-26
4816,4816,994518,2021-11-24
4817,4817,979223,2023-06-30
4818,4818,350910,2020-12-29
4819,4819,1210671,2023-04-02
4820,4820,1233384,2023-06-04
4821,4821,1139214,2018-04-08
4822,4822,1458226,2018-12-22
4823,4823,838922,2019-01-29
4824,4824,1434034,2022-06-23
4825,4825,1419125,2022-10-08
4826,4826,1174732,2018-08-05
4827,4827,436949,2019-07-12
4828,4828,297935,2019-12-13
4829,4829,208324,2018-05-17
4830,4830,868314,2023-02-24
4831,4831,922663,2023-04-02
4832,4832,1333317,2018-05-30
4833,4833,1218450,2018-07-23
4834,4834,144931,2022-08-16
4835,4835,469670,2020-11-12
4836,4836,987244,2020-01-08
4837,4837,1096188,2021-01-27
4838,4838,631675,2023-08-07
4839,4839,715995,2018-11-15
4840,4840,680639,2021-03-05
4841,4841,867024,2024-08-27
4842,4842,313265,2023-10-03
4843,4843,1348376,2020-11-18
4844,4844,767049,2023-12-15
4845,4845,557123,2021-09-30
4846,4846,980821,2021-04-28
4847,4847,788024,2021-09-20
4848,4848,628975,2023-12-28
4849,4849,1319606,2021-08-08
4850,4850,380893,2020-10-27
4851,4851,1367134,2021-12-26
4852,4852,619555,2024-02-19
4853,4853,595821,2020-11-13
4854,4854,862731,2023-10-05
4855,4855,495414,2023-07-18
4856,4856,856402,2023-01-13
4857,4857,1190062,2022-04-28
4858,4858,1071377,2019-01-18
4859,4859,640393,2022-01-20
4860,4860,1273566,2019-12-31
4861,4861,1224938,2023-02-21
4862,4862,764184,2022-09-19
4863,4863,1063159,2021-09-07
4864,4864,547163,2020-08-03
4865,4865,1242502,2018-08-28
4866,4866,747224,2018-05-10
4867,4867,575069,2023-04-25
4868,4868,1039123,2023-09-10
4869,4869,580129,2022-03-15
4870,4870,237462,2019-05-12
4871,4871,684933,2024-06-15
4872,4872,620779,2024-02-07
4873,4873,670387,2019-07-06
4874,4874,1259356,2019-09-30
4875,4875,854157,2020-03-01
4876,4876,1020858,2023-12-18
4877,4877,170370,2024-12-07
4878,4878,1174421,2020-06-25
4879,4879,706102,2018-03-23
4880,4880,970330,2024-02-15
4881,4881,1457477,2022-10-30
4882,4882,1419962,2019-02-21
4883,4883,1030589,2023-03-21
4884,4884,71527,2024-01-31
4885,4885,913219,2021-01-17
4886,4886,1295356,2018-09-16
4887,4887,129247,2022-12-25
4888,4888,460331,2023-04-09
4889,4889,1342104,2020-09-20
4890,4890,1457612,2023-11-25
4891,4891,604614,2018-05-02
4892,4892,991518,2020-07-10
4893,4893,1281909,2023-06-25
4894,4894,1491494,2018-11-20
4895,4895,973201,2020-05-26
4896,4896,460139,2020-02-23
4897,4897,1104047,2022-11-25
4898,4898,229402,2024-04-05
4899,4899,1099746,2023-06-12
4900,4900,739500,2023-11-09
4901,4901,633568,2020-12-05
4902,4902,554691,2023-07-11
4903,4903,426578,2024-01-05
4904,4904,1356415,2021-03-03
4905,4905,1487813,2022-07-21
4906,4906,218226,2018-03-26
4907,4907,938342,2022-07-23
4908,4908,1288401,2022-04-17
4909,4909,871757,2022-05-11
4910,4910,1330960,2024-07-21
4911,4911,1034884,2024-02-04
4912,4912,670748,2018-10-22
4913,4913,701514,2020-05-06
4914,4914,662191,2023-02-20
4915,4915,981287,2023-08-25
4916,4916,712510,2022-11-30
4917,4917,1250344,2018-11-11
4918,4918,1183949,2024-11-24
4919,4919,584079,2020-01-08
4920,4920,1031455,2024-03-14
4921,4921,807863,2023-05-09
4922,4922,125046,2018-01-03
4923,4923,391436,2021-01-26
4924,4924,672086,2022-11-06
4925,4925,1168333,2022-05-05
4926,4926,1167193,2021-01-17
4927,4927,135655,2019-11-04
4928,4928,834602,2020-01-14
4929,4929,1061683,2021-04-20
4930,4930,540986,2020-11-27
4931,4931,640497,2019-04-01
4932,4932,1121730,2023-05-12
4933,4933,56236,2019-10-20
4934,4934,702986,2018-01-23
4935,4935,1459026,2020-10-28
4936,4936,1123256,2023-10-17
4937,4937,709723,2019-12-06
4938,4938,932215,2024-05-01
4939,4939,1492143,2024-06-03
4940,4940,1033694,2024-10-08
4941,4941,458354,2024-11-24
4942,4942,1449092,2024-01-24
4943,4943,187140,2021-10-21
4944,4944,1303057,2023-06-12
4945,4945,1060399,2018-12-26
4946,4946,471629,2020-05-20
4947,4947,894526,2020-08-06
4948,4948,1335915,2019-03-23
4949,4949,249316,2019-03-08
4950,4950,850242,2018-09-16
4951,4951,1131873,2022-04-27
4952,4952,1208865,2021-06-09
4953,4953,203165,2021-05-31
4954,4954,449182,2021-02-27
4955,4955,948131,2020-03-21
4956,4956,1129500,2018-03-23
4957,4957,539004,2021-09-24
4958,4958,404160,2023-10-25
4959,4959,1014859,2024-06-26
4960,4960,1113354,2021-12-07
4961,4961,469390,2021-10-15
4962,4962,1115356,2023-02-18
4963,4963,1389005,2023-05-28
4964,4964,828007,2024-04-05
4965,4965,1287130,2018-05-06
4966,4966,402280,2021-01-05
4967,4967,900427,2024-02-23
4968,4968,1234271,2023-07-18
4969,4969,1078099,2018-11-11
4970,4970,523738,2018-07-14
4971,4971,1259099,2018-02-11
4972,4972,95000,2018-11-30
4973,4973,625726,2022-03-16
4974,4974,1153780,2022-08-15
4975,4975,1173583,2023-03-10
4976,4976,131047,2021-11-29
4977,4977,872830,2018-01-17
4978,4978,51669,2020-09-02
4979,4979,1020328,2023-09-20
4980,4980,700330,2021-06-01
4981,4981,801698,2022-09-24
4982,4982,707486,2018-03-18
4983,4983,848671,2019-04-11
4984,4984,483516,2023-02-16
4985,4985,1079093,2021-11-20
4986,4986,257162,2024-09-05
4987,4987,1353757,2024-01-17
4988,4988,793399,2023-06-12
4989,4989,997303,2019-03-29
4990,4990,466559,2024-04-24
4991,4991,901195,2024-07-16
4992,4992,1152102,2023-02-17
4993,4993,1301741,2022-11-11
4994,4994,1448480,2024-10-24
4995,4995,685778,2020-07-30
4996,4996,1372736,2020-04-28
4997,4997,627451,2022-05-03
4998,4998,1346927,2019-10-18
4999,4999,126945,2022-08-20
5000,5000,713556,2020-07-24
5001,5001,1024379,2023-12-05
5002,5002,816248,2019-01-18
5003,5003,1176049,2018-04-15
5004,5004,721877,2020-03-24
5005,5005,321897,2019-06-03
5006,5006,78768,2024-12-10
5007,5007,148154,2024-01-07
5008,5008,1255606,2022-11-11
5009,5009,1390249,2021-07-31
5010,5010,1203813,2018-01-16
5011,5011,1035422,2024-04-06
5012,5012,1185367,2019-06-28
5013,5013,842605,2019-06-04
5014,5014,1309999,2024-08-20
5015,5015,187907,2022-03-24
5016,5016,657839,2021-11-18
5017,5017,177703,2024-04-23
5018,5018,555120,2021-01-15
5019,5019,1297017,2022-06-09
5020,5020,483486,2024-01-04
5021,5021,1129523,2018-12-24
5022,5022,943677,2023-07-19
5023,5023,119870,2021-01-26
5024,5024,755331,2023-09-11
5025,5025,379280,2019-01-25
5026,5026,120997,2023-08-14
5027,5027,1076239,2024-05-13
5028,5028,353170,2022-02-04
5029,5029,621523,2022-06-18
5030,5030,1478910,2024-08-08
5031,5031,1020420,2022-02-02
5032,5032,1086476,2021-04-25
5033,5033,1407186,2019-03-12
5034,5034,492719,2020-09-19
5035,5035,874943,2024-11-24
5036,5036,1213710,2024-05-20
5037,5037,1189490,2024-04-20
5038,5038,497603,2024-12-29
5039,5039,538883,2020-09-22
5040,5040,105568,2019-12-22
5041,5041,1386062,2024-10-24
5042,5042,1224343,2020-03-07
5043,5043,469842,2021-08-31
5044,5044,1313934,2019-05-09
5045,5045,615616,2024-06-27
5046,5046,1138313,2020-03-01
5047,5047,276592,2020-05-10
5048,5048,1456955,2022-06-21
5049,5049,858081,2020-05-10
5050,5050,1382304,2022-10-26
5051,5051,1097444,2022-05-21
5052,5052,91383,2024-01-28
5053,5053,1154040,2019-07-12
5054,5054,1214960,2018-08-26
5055,5055,567125,2019-11-18
5056,5056,518200,2021-09-10
5057,5057,1439734,2021-01-04
5058,5058,729355,2020-12-14
5059,5059,133643,2021-07-02
5060,5060,178923,2019-10-09
5061,5061,190964,2022-01-29
5062,5062,259687,2021-05-10
5063,5063,1347291,2022-08-03
5064,5064,948797,2024-06-07
5065,5065,673651,2019-03-17
5066,5066,816518,2018-11-29
5067,5067,495891,2023-05-18
5068,5068,1010231,2020-10-10
5069,5069,936047,2021-08-07
5070,5070,141509,2020-05-16
5071,5071,681687,2024-02-02
5072,5072,924961,2021-07-02
5073,5073,835899,2024-03-22
5074,5074,58747,2024-03-15
5075,5075,1181966,2021-02-19
5076,5076,1384889,2023-05-07
5077,5077,1003730,2021-04-05
5078,5078,715517,2022-05-24
5079,5079,411221,2024-10-25
5080,5080,679785,2018-07-05
5081,5081,627875,2019-10-26
5082,5082,428873,2023-02-17
5083,5083,623355,2018-06-12
5084,5084,728639,2021-06-12
5085,5085,615714,2019-03-23
5086,5086,348244,2020-05-24
5087,5087,251187,2020-03-04
5088,5088,453651,2019-10-20
5089,5089,834703,2024-06-15
5090,5090,1376855,2024-09-21
5091,5091,264405,2022-02-13
5092,5092,327664,2024-11-19
5093,5093,442589,2024-01-29
5094,5094,437433,2018-09-01
5095,5095,1037578,2023-01-16
5096,5096,121310,2018-06-30
5097,5097,1312313,2019-12-31
5098,5098,498609,2023-08-11
5099,5099,1134817,2018-07-25
5100,5100,1214640,2018-04-30
5101,5101,1289436,2019-09-15
5102,5102,194551,2020-07-10
5103,5103,1262945,2020-02-08
5104,5104,449192,2023-02-26
5105,5105,747521,2023-08-11
5106,5106,1037401,2020-10-12
5107,5107,1406106,2020-12-11
5108,5108,1040528,2023-12-28
5109,5109,795618,2024-10-08
5110,5110,581883,2018-08-26
5111,5111,1060390,2020-04-13
5112,5112,553437,2021-10-26
5113,5113,1341389,2022-01-11
5114,5114,940586,2018-01-13
5115,5115,670976,2023-11-23
5116,5116,91069,2021-07-14
5117,5117,350726,2023-09-19
5118,5118,502031,2018-10-10
5119,5119,957370,2018-11-23
5120,5120,1364488,2022-11-05
5121,5121,374086,2023-06-11
5122,5122,1427685,2020-04-12
5123,5123,1428440,2021-06-27
5124,5124,406048,2020-05-14
5125,5125,1319087,2024-05-04
5126,5126,522385,2022-03-20
5127,5127,664389,2020-10-22
5128,5128,387601,2023-09-26
5129,5129,601456,2024-12-14
5130,5130,995451,2024-02-24
5131,5131,837352,2019-01-06
5132,5132,875216,2019-07-17
5133,5133,78201,2018-07-05
5134,5134,520572,2020-09-08
5135,5135,814292,2020-07-14
5136,5136,716116,2024-12-30
5137,5137,1028650,2022-11-14
5138,5138,1418348,2020-07-14
5139,5139,1105078,2023-08-22
5140,5140,1281337,2024-12-07
5141,5141,233653,2018-09-01
5142,5142,1223997,2018-07-07
5143,5143,1039352,2019-08-01
5144,5144,547535,2020-02-25
5145,5145,775653,2019-09-12
5146,5146,951820,2022-05-18
5147,5147,334233,2018-03-26
5148,5148,456617,2024-02-21
5149,5149,713014,2024-12-09
5150,5150,703146,2018-08-31
5151,5151,1240674,2021-11-19
5152,5152,915783,2020-12-25
5153,5153,485105,2020-01-17
5154,5154,179476,2020-06-11
5155,5155,891146,2024-12-05
5156,5156,297800,2023-07-13
5157,5157,1320949,2020-03-28
5158,5158,1438334,2024-12-05
5159,5159,1333841,2020-02-15
5160,5160,680105,2020-08-12
5161,5161,1078839,2022-09-30
5162,5162,1299906,2022-12-25
5163,5163,634980,2023-10-11
5164,5164,996082,2023-12-31
5165,5165,1335489,2018-10-16
5166,5166,614460,2019-11-07
5167,5167,60921,2023-09-14
5168,5168,408705,2023-07-01
5169,5169,705324,2023-07-10
5170,5170,101255,2022-12-08
5171,5171,942800,2021-04-27
5172,5172,481273,2022-01-01
5173,5173,466320,2023-02-02
5174,5174,872603,2018-06-02
5175,5175,208436,2020-08-26
5176,5176,859894,2018-04-18
5177,5177,932643,2018-01-22
5178,5178,228298,2018-02-22
5179,5179,1403554,2020-01-16
5180,5180,122419,2021-05-31
5181,5181,575272,2023-02-21
5182,5182,809470,2024-01-30
5183,5183,429340,2020-02-23
5184,5184,681505,2020-06-01
5185,5185,1328207,2024-06-21
5186,5186,196912,2022-02-14
5187,5187,779379,2019-01-25
5188,5188,586968,2022-12-26
5189,5189,1052842,2020-08-20
5190,5190,260885,2021-12-05
5191,5191,621087,2023-12-11
5192,5192,508406,2021-10-24
5193,5193,1453997,2019-05-23
5194,5194,692554,2022-04-27
5195,5195,1431876,2018-09-27
5196,5196,558223,2021-11-25
5197,5197,1163240,2023-01-08
5198,5198,913835,2022-04-20
5199,5199,799348,2024-05-24
5200,5200,1342292,2019-11-22
5201,5201,1118795,2018-04-15
5202,5202,1359177,2023-10-15
5203,5203,712305,2020-03-19
5204,5204,1419883,2024-10-22
5205,5205,557419,2021-02-24
5206,5206,1117190,2022-01-31
5207,5207,1214485,2019-09-21
5208,5208,573002,2020-04-08
5209,5209,551042,2018-02-01
5210,5210,270794,2018-04-05
5211,5211,1168359,2020-09-26
5212,5212,109440,2024-09-17
5213,5213,212047,2020-05-06
5214,5214,448611,2021-01-21
5215,5215,690903,2022-08-24
5216,5216,1146596,2019-03-23
5217,5217,1232682,2019-09-30
5218,5218,952834,2024-06-07
5219,5219,122429,2020-02-23
5220,5220,437362,2021-08-11
5221,5221,384833,2018-05-26
5222,5222,796919,2019-12-10
5223,5223,803235,2024-04-06
5224,5224,786514,2024-04-11
5225,5225,1087730,2019-06-17
5226,5226,547823,2018-07-24
5227,5227,678214,2019-06-22
5228,5228,1115774,2019-01-21
5229,5229,752353,2021-12-05
5230,5230,1224723,2021-07-28
5231,5231,759963,2021-03-16
5232,5232,1403793,2023-08-25
5233,5233,799002,2023-09-04
5234,5234,740860,2020-04-03
5235,5235,148010,2018-04-20
5236,5236,560558,2018-12-14
5237,5237,273844,2019-10-20
5238,5238,1301723,2018-12-13
5239,5239,1022442,2019-06-07
5240,5240,563050,2020-11-02
5241,5241,1176801,2021-07-05
5242,5242,721184,2022-04-30
5243,5243,398121,2023-05-13
5244,5244,1392088,2019-01-17
5245,5245,886697,2019-08-17
5246,5246,579254,2019-01-18
5247,5247,1311759,2019-02-04
5248,5248,229364,2019-11-23
5249,5249,1199151,2024-09-01
5250,5250,689206,2020-03-27
5251,5251,698259,2020-12-04
5252,5252,1102932,2018-10-29
5253,5253,687056,2020-04-09
5254,5254,941388,2021-06-21
5255,5255,317888,2020-05-14
5256,5256,1321833,2023-07-05
5257,5257,443814,2020-07-08
5258,5258,1275620,2019-08-06
5259,5259,1408717,2018-07-04
5260,5260,280047,2023-08-21
5261,5261,894189,2023-05-09
5262,5262,1054179,2020-02-17
5263,5263,1462416,2018-01-12
5264,5264,1456636,2021-12-20
5265,5265,1424865,2018-10-23
5266,5266,1300455,2018-01-22
5267,5267,1063330,2023-04-14
5268,5268,1199174,2018-04-01
5269,5269,264131,2019-05-12
5270,5270,93797,2020-07-22
5271,5271,258995,2023-09-24
5272,5272,683138,2024-10-04
5273,5273,1433022,2021-07-05
5274,5274,1389468,2024-05-15
5275,5275,476193,2019-11-26
5276,5276,1351411,2019-08-25
5277,5277,171338,2019-02-21
5278,5278,1062223,2018-10-21
5279,5279,58844,2019-05-16
5280,5280,367866,2019-03-19
5281,5281,1284101,2018-05-12
5282,5282,324942,2024-01-15
5283,5283,1159200,2018-02-17
5284,5284,1217917,2024-12-28
5285,5285,1238787,2019-10-20
5286,5286,1115114,2022-08-25
5287,5287,127943,2018-06-22
5288,5288,235983,2023-12-16
5289,5289,515181,2021-02-04
5290,5290,267636,2021-05-29
5291,5291,237316,2019-03-29
5292,5292,343849,2024-04-09
5293,5293,152441,2020-01-03
5294,5294,888526,2019-07-15
5295,5295,469323,2023-06-20
5296,5296,1126886,2020-08-05
5297,5297,1241517,2020-01-16
5298,5298,496307,2019-03-03
5299,5299,685881,2023-05-15
5300,5300,1083918,2019-12-31
5301,5301,1358775,2018-06-07
5302,5302,398584,2024-09-26
5303,5303,1302349,2019-05-18
5304,5304,1179546,2021-05-14
5305,5305,1193499,2020-03-14
5306,5306,1346215,2019-05-03
5307,5307,1038424,2019-07-07
5308,5308,447587,2024-03-24
5309,5309,975679,2018-03-05
5310,5310,1487785,2019-09-03
5311,5311,398482,2020-05-20
5312,5312,1136666,2024-08-20
5313,5313,253198,2020-03-10
5314,5314,296790,2021-11-23
5315,5315,894191,2018-09-23
5316,5316,900045,2022-07-14
5317,5317,1485504,2019-04-08
5318,5318,314849,2020-09-15
5319,5319,1151924,2024-04-17
5320,5320,882694,2024-05-01
5321,5321,821282,2022-04-20
5322,5322,1257255,2024-11-15
5323,5323,596506,2019-11-20
5324,5324,1093841,2018-01-07
5325,5325,1019530,2019-12-10
5326,5326,570074,2020-12-25
5327,5327,1122431,2020-09-29
5328,5328,471117,2020-05-07
5329,5329,732818,2024-03-12
5330,5330,943222,2023-02-16
5331,5331,581294,2018-06-17
5332,5332,115164,2023-09-23
5333,5333,519935,2023-11-12
5334,5334,442553,2021-03-03
5335,5335,953283,2024-10-06
5336,5336,213626,2021-09-17
5337,5337,1313405,2019-11-04
5338,5338,511788,2019-04-07
5339,5339,409068,2023-09-07
5340,5340,852221,2023-07-28
5341,5341,1373646,2020-12-27
5342,5342,1385388,2020-02-18
5343,5343,375393,2023-05-07
5344,5344,793572,2022-09-13
5345,5345,51096,2021-09-22
5346,5346,514326,2019-04-28
5347,5347,771494,2020-12-08
5348,5348,863303,2022-08-07
5349,5349,906482,2022-11-25
5350,5350,115286,2024-11-11
5351,5351,1460106,2024-01-30
5352,5352,1114275,2020-06-11
5353,5353,1056681,2018-05-23
5354,5354,79565,2024-04-13
5355,5355,486721,2022-04-11
5356,5356,1451334,2018-06-21
5357,5357,816765,2019-01-18
5358,5358,67967,2020-07-04
5359,5359,1289693,2020-01-10
5360,5360,951072,2022-01-28
5361,5361,385128,2020-06-09
5362,5362,1144006,2022-01-24
5363,5363,643816,2022-07-20
5364,5364,1265197,2018-01-05
5365,5365,1405457,2018-06-06
5366,5366,521129,2018-12-12
5367,5367,769822,2021-05-14
5368,5368,973137,2019-07-25
5369,5369,987223,2024-08-03
5370,5370,1340221,2023-04-10
5371,5371,325001,2020-05-13
5372,5372,848526,2024-04-30
5373,5373,1028800,2023-12-15
5374,5374,435804,2022-04-28
5375,5375,1016320,2018-03-25
5376,5376,1278808,2021-04-25
5377,5377,725106,2019-05-19
5378,5378,1167734,2018-12-16
5379,5379,677130,2019-02-27
5380,5380,514497,2024-09-28
5381,5381,1206327,2023-05-21
5382,5382,79497,2020-07-02
5383,5383,335681,2023-01-15
5384,5384,416599,2021-09-02
5385,5385,1378851,2019-08-31
5386,5386,914656,2021-07-04
5387,5387,129294,2023-04-26
5388,5388,1341133,2023-03-01
5389,5389,363163,2021-02-14
5390,5390,961931,2019-07-30
5391,5391,1229320,2018-03-06
5392,5392,127463,2024-05-21
5393,5393,427380,2024-04-29
5394,5394,810958,2018-09-06
5395,5395,85351,2019-11-12
5396,5396,666930,2021-09-19
5397,5397,850011,2021-04-28
5398,5398,1446471,2022-04-16
5399,5399,762378,2023-03-14
5400,5400,1254983,2020-03-08
5401,5401,210376,2019-11-22
5402,5402,1218635,2020-11-19
5403,5403,295941,2024-10-20
5404,5404,96937,2018-07-30
5405,5405,397096,2019-05-22
5406,5406,1098874,2023-03-18
5407,5407,1408136,2019-04-28
5408,5408,53422,2024-01-01
5409,5409,1420810,2023-08-11
5410,5410,1445139,2020-02-13
5411,5411,1175327,2024-06-15
5412,5412,916565,2020-09-15
5413,5413,823099,2020-02-24
5414,5414,1340519,2024-07-26
5415,5415,780715,2023-03-01
5416,5416,113265,2023-11-01
5417,5417,1218649,2022-12-17
5418,5418,1180830,2018-04-13
5419,5419,1467975,2022-01-16
5420,5420,793681,2020-03-13
5421,5421,905698,2021-12-07
5422,5422,109273,2019-05-20
5423,5423,121791,2023-12-01
5424,5424,1369282,2020-07-15
5425,5425,1093878,2024-10-24
5426,5426,1295846,2019-10-31
5427,5427,1213729,2018-09-22
5428,5428,1476461,2021-01-08
5429,5429,162494,2019-10-03
5430,5430,640268,2019-06-21
5431,5431,882917,2022-11-16
5432,5432,812097,2023-06-15
5433,5433,1050635,2024-11-16
5434,5434,461064,2022-02-14
5435,5435,132499,2022-05-19
5436,5436,576465,2020-06-30
5437,5437,1238645,2024-11-01
5438,5438,1458855,2018-07-13
5439,5439,457869,2019-10-04
5440,5440,1165056,2020-12-07
5441,5441,1081554,2024-06-19
5442,5442,164859,2024-06-21
5443,5443,231343,2023-07-07
5444,5444,520046,2020-12-30
5445,5445,141125,2018-11-08
5446,5446,1288794,2020-11-03
5447,5447,427480,2019-07-26
5448,5448,1091404,2021-10-25
5449,5449,1110795,2022-07-11
5450,5450,1166121,2022-08-14
5451,5451,430761,2022-09-12
5452,5452,1202781,2020-03-03
5453,5453,94544,2020-11-26
5454,5454,1378523,2024-03-22
5455,5455,636551,2023-03-20
5456,5456,129440,2024-10-13
5457,5457,695468,2021-01-05
5458,5458,579540,2021-06-03
5459,5459,471405,2021-10-18
5460,5460,748437,2018-07-28
5461,5461,897450,2021-06-17
5462,5462,1034607,2023-02-13
5463,5463,546370,2021-04-17
5464,5464,131443,2018-08-26
5465,5465,1169484,2023-06-16
5466,5466,182801,2018-12-16
5467,5467,872374,2019-12-17
5468,5468,890779,2018-11-04
5469,5469,557344,2022-06-18
5470,5470,217951,2022-04-10
5471,5471,1296983,2023-10-31
5472,5472,486414,2019-07-09
5473,5473,1222603,2023-06-27
5474,5474,721735,2020-07-02
5475,5475,51276,2019-03-24
5476,5476,991576,2024-05-14
5477,5477,398060,2023-11-07
5478,5478,269305,2018-04-21
5479,5479,464779,2019-11-08
5480,5480,551126,2021-04-28
5481,5481,572711,2022-02-11
5482,5482,758607,2018-03-27
5483,5483,391826,2020-12-13
5484,5484,1051003,2018-01-31
5485,5485,717819,2021-07-08
5486,5486,1180168,2021-03-16
5487,5487,547327,2023-07-06
5488,5488,1102785,2019-04-07
5489,5489,67307,2020-11-26
5490,5490,692317,2023-11-21
5491,5491,763585,2022-01-27
5492,5492,847003,2023-07-15
5493,5493,105787,2018-11-28
5494,5494,468294,2023-05-15
5495,5495,234580,2021-05-30
5496,5496,1248316,2019-01-20
5497,5497,1076990,2019-02-07
5498,5498,1427007,2022-09-18
5499,5499,1306525,2020-10-13
5500,5500,1060182,2020-01-28
5501,5501,89245,2021-10-02
5502,5502,1186504,2020-06-15
5503,5503,915258,2021-09-05
5504,5504,196068,2020-05-28
5505,5505,790222,2023-09-01
5506,5506,1064036,2023-01-22
5507,5507,1259898,2022-12-03
5508,5508,289722,2019-03-08
5509,5509,388438,2024-07-09
5510,5510,1318740,2023-11-19
5511,5511,723057,2024-06-02
5512,5512,1174222,2023-09-05
5513,5513,909755,2018-05-14
5514,5514,719363,2024-09-21
5515,5515,1406362,2018-07-07
5516,5516,883439,2018-04-24
5517,5517,652195,2024-03-22
5518,5518,596500,2022-12-02
5519,5519,404051,2024-10-15
5520,5520,511107,2022-07-31
5521,5521,104533,2021-06-06
5522,5522,1121528,2022-04-29
5523,5523,1332587,2021-08-24
5524,5524,1079342,2024-07-28
5525,5525,836026,2019-10-07
5526,5526,203013,2023-07-21
5527,5527,1092596,2022-04-23
5528,5528,1389324,2023-06-17
5529,5529,750371,2023-03-10
5530,5530,260881,2021-03-21
5531,5531,314806,2023-11-22
5532,5532,753435,2020-05-29
5533,5533,1108548,2020-10-04
5534,5534,495118,2019-11-16
5535,5535,160915,2022-04-29
5536,5536,84489,2021-10-03
5537,5537,330282,2024-01-23
5538,5538,1180972,2022-11-13
5539,5539,822498,2023-05-15
5540,5540,456759,2023-03-19
5541,5541,1328134,2020-11-23
5542,5542,1358129,2020-12-13
5543,5543,835493,2023-05-07
5544,5544,1003540,2024-08-13
5545,5545,1173755,2020-04-29
5546,5546,1248780,2023-07-11
5547,5547,292107,2018-08-25
5548,5548,572093,2024-07-10
5549,5549,467355,2024-09-02
5550,5550,1466092,2020-11-26
5551,5551,95388,2018-04-29
5552,5552,838994,2023-03-29
5553,5553,686642,2018-09-08
5554,5554,229902,2024-02-07
5555,5555,1086281,2020-07-06
5556,5556,509407,2019-12-13
5557,5557,1486327,2024-11-08
5558,5558,424263,2019-06-03
5559,5559,503710,2021-03-15
5560,5560,1054050,2020-04-03
5561,5561,575756,2019-06-21
5562,5562,1360597,2023-04-29
5563,5563,751942,2022-07-11
5564,5564,254730,2024-07-16
5565,5565,911071,2019-12-17
5566,5566,477273,2020-01-13
5567,5567,1451352,2020-06-18
5568,5568,648113,2024-06-27
5569,5569,105728,2023-06-03
5570,5570,800481,2018-03-27
5571,5571,108736,2018-08-16
5572,5572,899072,2021-12-25
5573,5573,300781,2022-03-12
5574,5574,238694,2022-05-22
5575,5575,740924,2018-12-30
5576,5576,122462,2020-08-27
5577,5577,1116194,2024-02-04
5578,5578,237281,2022-08-29
5579,5579,854278,2019-05-25
5580,5580,1029446,2020-09-27
5581,5581,1146894,2018-06-10
5582,5582,743434,2024-05-06
5583,5583,880385,2019-05-24
5584,5584,731069,2018-07-07
5585,5585,1386118,2020-06-28
5586,5586,561607,2024-06-01
5587,5587,216766,2022-08-03
5588,5588,619599,2022-01-23
5589,5589,219157,2024-05-25
5590,5590,1119829,2024-01-04
5591,5591,204587,2021-09-12
5592,5592,516531,2021-10-23
5593,5593,290416,2019-03-23
5594,5594,1029745,2022-06-13
5595,5595,1215284,2018-09-02
5596,5596,71338,2021-04-15
5597,5597,540628,2021-09-06
5598,5598,381870,2024-11-11
5599,5599,1020623,2020-01-04
5600,5600,862219,2024-03-14
5601,5601,655442,2019-10-09
5602,5602,1252868,2021-03-06
5603,5603,321593,2022-10-03
5604,5604,83587,2023-03-19
5605,5605,770891,2019-04-30
5606,5606,952853,2023-05-29
5607,5607,750984,2024-07-25
5608,5608,208522,2022-09-07
5609,5609,905849,2021-01-10
5610,5610,1276982,2021-11-24
5611,5611,184522,2021-07-12
5612,5612,1328671,2018-09-29
5613,5613,1099935,2024-06-20
5614,5614,201364,2019-10-23
5615,5615,540245,2021-04-28
5616,5616,89842,2021-06-14
5617,5617,1239814,2020-08-02
5618,5618,689061,2022-04-18
5619,5619,685466,2018-10-12
5620,5620,1460096,2021-03-22
5621,5621,817982,2023-07-15
5622,5622,438426,2019-10-08
5623,5623,1064221,2024-03-30
5624,5624,383293,2024-05-04
5625,5625,793850,2018-10-03
5626,5626,1393110,2024-12-28
5627,5627,1333272,2022-12-29
5628,5628,1333349,2022-04-03
5629,5629,569364,2024-07-03
5630,5630,166452,2018-10-17
5631,5631,913177,2019-04-26
5632,5632,1396708,2024-01-16
5633,5633,1074830,2019-03-12
5634,5634,992544,2022-07-23
5635,5635,1419729,2019-11-02
5636,5636,367871,2020-01-31
5637,5637,1477441,2023-05-19
5638,5638,1263868,2018-07-27
5639,5639,433754,2023-11-24
5640,5640,788216,2024-05-10
5641,5641,1357878,2021-03-31
5642,5642,1423450,2021-09-13
5643,5643,584514,2021-03-02
5644,5644,127704,2020-06-02
5645,5645,123448,2018-10-08
5646,5646,378339,2024-02-12
5647,5647,783292,2020-01-24
5648,5648,932671,2022-04-15
5649,5649,150914,2019-03-29
5650,5650,1205227,2024-07-03
5651,5651,391925,2018-05-16
5652,5652,414618,2022-06-25
5653,5653,603409,2019-02-05
5654,5654,946298,2018-08-26
5655,5655,149885,2023-09-20
5656,5656,1312429,2022-09-29
5657,5657,1390695,2018-05-24
5658,5658,1140526,2022-02-26
5659,5659,73894,2023-05-23
5660,5660,375347,2018-01-08
5661,5661,477204,2024-08-29
5662,5662,1196448,2019-02-07
5663,5663,155263,2023-02-02
5664,5664,1486611,2021-06-25
5665,5665,1340831,2022-07-07
5666,5666,888967,2022-07-21
5667,5667,118552,2020-06-27
5668,5668,552884,2022-01-04
5669,5669,1164838,2024-10-10
5670,5670,691063,2019-10-14
5671,5671,672139,2022-03-28
5672,5672,155432,2023-04-13
5673,5673,768710,2021-09-27
5674,5674,1133259,2023-04-30
5675,5675,341171,2019-09-04
5676,5676,678503,2023-01-12
5677,5677,97354,2023-06-05
5678,5678,470996,2023-04-19
5679,5679,748578,2021-11-18
5680,5680,500410,2019-08-23
5681,5681,1256765,2020-08-16
5682,5682,1190587,2023-11-08
5683,5683,915852,2022-06-19
5684,5684,1432276,2019-06-28
5685,5685,474589,2023-06-12
5686,5686,434319,2021-09-15
5687,5687,341384,2018-07-22
5688,5688,894058,2024-12-27
5689,5689,523225,2019-09-10
5690,5690,1077006,2019-05-21
5691,5691,1122101,2024-04-03
5692,5692,1021211,2023-08-17
5693,5693,610809,2023-06-15
5694,5694,1147477,2024-10-12
5695,5695,77212,2018-11-22
5696,5696,657455,2024-10-25
5697,5697,213000,2022-01-24
5698,5698,812973,2023-04-25
5699,5699,1248208,2022-08-12
5700,5700,1218119,2018-10-28
5701,5701,516478,2022-05-15
5702,5702,1040386,2024-10-01
5703,5703,711533,2024-02-05
5704,5704,520021,2019-11-22
5705,5705,1215804,2022-05-15
5706,5706,767702,2023-08-19
5707,5707,514161,2020-08-09
5708,5708,554416,2019-06-07
5709,5709,512162,2020-10-15
5710,5710,1275810,2018-03-11
5711,5711,1437454,2019-02-27
5712,5712,669520,2020-06-19
5713,5713,311285,2018-05-05
5714,5714,207263,2020-03-21
5715,5715,240398,2018-04-04
5716,5716,866339,2024-05-07
5717,5717,457653,2018-02-23
5718,5718,304840,2022-01-08
5719,5719,1000637,2023-01-09
5720,5720,1124229,2022-11-19
5721,5721,289414,2021-10-06
5722,5722,197927,2020-03-15
5723,5723,653691,2019-05-16
5724,5724,1342946,2021-01-23
5725,5725,871368,2022-01-29
5726,5726,645757,2021-12-17
5727,5727,831921,2023-01-10
5728,5728,1462888,2024-12-14
5729,5729,924925,2024-06-23
5730,5730,669968,2023-11-24
5731,5731,404550,2023-07-19
5732,5732,586183,2023-03-14
5733,5733,1349382,2020-10-30
5734,5734,756036,2024-10-05
5735,5735,212242,2023-09-22
5736,5736,1091166,2020-11-09
5737,5737,676313,2024-03-05
5738,5738,870866,2023-05-09
5739,5739,1480886,2021-04-02
5740,5740,719743,2018-01-12
5741,5741,354698,2024-01-17
5742,5742,541315,2023-12-10
5743,5743,790410,2021-07-09
5744,5744,714028,2020-01-26
5745,5745,766679,2019-11-26
5746,5746,720923,2024-04-08
5747,5747,1017826,2020-09-02
5748,5748,557271,2023-03-08
5749,5749,827814,2023-05-07
5750,5750,257065,2020-09-07
5751,5751,1310809,2024-09-17
5752,5752,1305372,2018-02-21
5753,5753,806243,2024-07-13
5754,5754,1488163,2022-08-17
5755,5755,628365,2024-12-31
5756,5756,1066984,2021-07-01
5757,5757,1226557,2019-07-15
5758,5758,383235,2020-02-27
5759,5759,658759,2021-06-25
5760,5760,670072,2020-08-05
5761,5761,254136,2019-03-17
5762,5762,390718,2018-10-26
5763,5763,637379,2019-07-04
5764,5764,61016,2024-10-28
5765,5765,1137871,2021-01-02
5766,5766,1337418,2018-08-24
5767,5767,590822,2020-01-29
5768,5768,1085089,2020-08-18
5769,5769,231030,2021-01-31
5770,5770,1023333,2021-03-07
5771,5771,227311,2020-11-02
5772,5772,1475718,2018-05-27
5773,5773,592869,2023-03-09
5774,5774,1133371,2022-03-13
5775,5775,862282,2020-06-19
5776,5776,686235,2021-07-18
5777,5777,1117358,2023-05-11
5778,5778,1380585,2022-12-02
5779,5779,245444,2021-02-07
5780,5780,278598,2024-01-20
5781,5781,731234,2020-09-30
5782,5782,314442,2022-08-30
5783,5783,1089522,2019-09-12
5784,5784,759267,2022-08-12
5785,5785,849815,2020-08-02
5786,5786,130338,2024-10-11
5787,5787,1461711,2019-02-18
5788,5788,1138566,2021-03-11
5789,5789,1251639,2024-03-29
5790,5790,157620,2021-03-26
5791,5791,658086,2019-03-12
5792,5792,471050,2023-07-07
5793,5793,1179385,2022-05-08
5794,5794,1331284,2023-03-17
5795,5795,733834,2020-09-04
5796,5796,1099964,2018-09-09
5797,5797,249715,2018-04-08
5798,5798,799336,2020-08-29
5799,5799,730653,2021-02-04
5800,5800,1429653,2020-11-09
5801,5801,1235698,2020-07-24
5802,5802,625295,2021-09-09
5803,5803,1462856,2020-04-08
5804,5804,1267904,2023-04-19
5805,5805,134317,2024-02-22
5806,5806,538889,2021-06-06
5807,5807,172497,2021-07-20
5808,5808,1247720,2021-04-26
5809,5809,336872,2021-06-09
5810,5810,1040224,2020-10-28
5811,5811,89633,2018-06-25
5812,5812,340920,2024-05-16
5813,5813,704594,2021-05-22
5814,5814,226600,2018-07-15
5815,5815,93684,2024-07-12
5816,5816,605308,2018-08-15
5817,5817,242635,2023-06-03
5818,5818,1432357,2018-03-24
5819,5819,223051,2022-10-30
5820,5820,349558,2023-01-21
5821,5821,66648,2023-11-28
5822,5822,652479,2020-01-30
5823,5823,807633,2022-06-10
5824,5824,983966,2024-03-14
5825,5825,587817,2023-09-19
5826,5826,401523,2018-01-22
5827,5827,872478,2021-01-01
5828,5828,876359,2024-03-14
5829,5829,254094,2022-09-12
5830,5830,1253802,2024-04-24
5831,5831,1005118,2023-08-15
5832,5832,1066974,2019-05-22
5833,5833,441185,2020-08-10
5834,5834,921321,2020-06-13
5835,5835,255088,2022-06-03
5836,5836,474187,2018-04-18
5837,5837,1478682,2024-03-24
5838,5838,1270704,2018-02-02
5839,5839,930438,2021-08-29
5840,5840,363090,2024-04-19
5841,5841,1118635,2024-11-25
5842,5842,469105,2023-05-23
5843,5843,962842,2020-06-29
5844,5844,450250,2020-06-11
5845,5845,106837,2024-08-09
5846,5846,1478118,2023-12-11
5847,5847,203501,2019-06-27
5848,5848,1493446,2021-04-06
5849,5849,1396685,2019-02-11
5850,5850,201851,2023-03-18
5851,5851,1084771,2024-07-15
5852,5852,401193,2020-11-09
5853,5853,1185017,2021-12-25
5854,5854,508635,2021-03-19
5855,5855,1004503,2018-06-24
5856,5856,79364,2018-08-31
5857,5857,986538,2022-07-16
5858,5858,970577,2019-02-24
5859,5859,462469,2020-12-30
5860,5860,1447557,2019-09-22
5861,5861,72888,2024-12-15
5862,5862,1413496,2019-04-27
5863,5863,1240731,2018-08-06
5864,5864,1013213,2024-06-17
5865,5865,879561,2024-01-06
5866,5866,769613,2020-06-28
5867,5867,576040,2021-08-19
5868,5868,271612,2018-12-02
5869,5869,57621,2023-01-19
5870,5870,870827,2024-09-18
5871,5871,1367587,2024-08-08
5872,5872,1370226,2018-04-07
5873,5873,787268,2023-10-25
5874,5874,967110,2022-06-01
5875,5875,220999,2020-02-16
5876,5876,355825,2020-05-07
5877,5877,240302,2024-02-04
5878,5878,1452992,2021-02-21
5879,5879,896577,2018-08-05
5880,5880,1435733,2021-12-31
5881,5881,913465,2022-09-23
5882,5882,708102,2022-09-09
5883,5883,1093404,2019-07-07
5884,5884,668072,2019-05-14
5885,5885,650488,2024-04-15
5886,5886,85790,2020-04-28
5887,5887,922369,2023-02-26
5888,5888,394079,2023-05-16
5889,5889,461487,2023-05-17
5890,5890,813866,2023-06-28
5891,5891,174369,2021-07-19
5892,5892,1214275,2018-12-03
5893,5893,332157,2020-09-10
5894,5894,1268947,2021-06-18
5895,5895,714316,2019-04-15
5896,5896,809098,2020-03-24
5897,5897,704463,2020-05-07
5898,5898,631906,2022-03-25
5899,5899,1167288,2020-08-21
5900,5900,108755,2023-11-06
5901,5901,1324788,2022-07-25
5902,5902,324466,2020-03-12
5903,5903,807869,2021-09-05
5904,5904,299074,2022-08-23
5905,5905,1219975,2019-03-25
5906,5906,364008,2023-11-19
5907,5907,876680,2018-07-30
5908,5908,987276,2023-09-09
5909,5909,394099,2018-08-15
5910,5910,1397834,2018-03-12
5911,5911,889130,2023-02-15
5912,5912,1073395,2019-02-12
5913,5913,936986,2020-12-06
5914,5914,989882,2022-05-21
5915,5915,1122239,2023-07-10
5916,5916,1269237,2018-09-18
5917,5917,573788,2023-04-07
5918,5918,1320993,2022-03-09
5919,5919,1445399,2019-02-10
5920,5920,537977,2019-07-23
5921,5921,1195278,2018-02-16
5922,5922,1026254,2024-01-23
5923,5923,710279,2024-03-12
5924,5924,1199473,2024-02-21
5925,5925,856776,2019-09-06
5926,5926,1442800,2019-06-21
5927,5927,1282740,2021-09-12
5928,5928,1096614,2022-12-10
5929,5929,681589,2021-08-04
5930,5930,845536,2018-05-07
5931,5931,727182,2022-08-04
5932,5932,387762,2023-06-13
5933,5933,906206,2022-11-15
5934,5934,514582,2021-10-19
5935,5935,952394,2023-09-12
5936,5936,932551,2021-12-22
5937,5937,1428834,2021-01-30
5938,5938,1102931,2024-05-28
5939,5939,466162,2023-08-09
5940,5940,92381,2019-07-13
5941,5941,1138411,2024-01-26
5942,5942,411991,2018-03-08
5943,5943,993132,2023-11-19
5944,5944,866932,2020-08-18
5945,5945,329895,2024-01-24
5946,5946,1181251,2022-07-29
5947,5947,1499331,2019-12-27
5948,5948,1458598,2020-04-22
5949,5949,490716,2022-06-29
5950,5950,1340627,2018-05-29
5951,5951,838713,2018-08-23
5952,5952,825805,2024-04-20
5953,5953,1275080,2021-04-02
5954,5954,437381,2019-04-03
5955,5955,507372,2023-06-30
5956,5956,1437263,2021-10-16
5957,5957,58178,2022-06-25
5958,5958,1185749,2019-09-14
5959,5959,1041747,2020-12-31
5960,5960,684542,2022-11-30
5961,5961,662526,2022-09-04
5962,5962,407879,2020-10-07
5963,5963,1245615,2020-05-15
5964,5964,776793,2018-03-10
5965,5965,554523,2022-07-12
5966,5966,877189,2019-02-27
5967,5967,813242,2024-06-24
5968,5968,1283942,2018-01-29
5969,5969,770416,2022-05-20
5970,5970,101192,2020-07-09
5971,5971,459097,2021-03-01
5972,5972,1338912,2022-03-15
5973,5973,233390,2019-11-08
5974,5974,693251,2023-09-13
5975,5975,656056,2021-10-26
5976,5976,661097,2018-12-08
5977,5977,171912,2019-10-06
5978,5978,558621,2022-10-21
5979,5979,273376,2024-07-05
5980,5980,629739,2019-08-24
5981,5981,1390590,2023-06-09
5982,5982,347615,2024-02-09
5983,5983,526451,2023-12-04
5984,5984,564170,2021-09-09
5985,5985,1423138,2022-06-04
5986,5986,811464,2018-05-28
5987,5987,712332,2024-08-03
5988,5988,1425720,2024-07-17
5989,5989,569009,2024-01-08
5990,5990,69516,2020-10-19
5991,5991,745063,2024-07-17
5992,5992,1113203,2018-11-20
5993,5993,687892,2023-11-06
5994,5994,369368,2019-02-24
5995,5995,568552,2019-02-22
5996,5996,1202907,2024-10-16
5997,5997,538138,2024-09-06
5998,5998,893927,2018-12-27
5999,5999,1444791,2024-08-06
6000,6000,1262176,2018-05-21
6001,6001,551397,2020-12-25
6002,6002,1091525,2022-05-03
6003,6003,1440205,2021-01-03
6004,6004,226232,2024-07-05
6005,6005,1377064,2022-03-17
6006,6006,949127,2020-02-13
6007,6007,96638,2021-12-26
6008,6008,1276305,2020-03-16
6009,6009,275861,2020-10-01
6010,6010,250791,2023-08-26
6011,6011,1088752,2022-08-10
6012,6012,470122,2020-06-06
6013,6013,1253194,2023-06-13
6014,6014,1153208,2020-01-18
6015,6015,1409944,2022-04-07
6016,6016,967822,2020-02-18
6017,6017,942969,2021-05-03
6018,6018,223428,2023-11-09
6019,6019,316871,2023-11-16
6020,6020,687181,2024-04-11
6021,6021,893844,2024-05-19
6022,6022,1174695,2022-02-01
6023,6023,697138,2022-11-09
6024,6024,131078,2024-05-14
6025,6025,1268291,2019-04-17
6026,6026,863042,2022-07-09
6027,6027,50113,2018-06-23
6028,6028,684741,2022-08-20
6029,6029,939335,2020-12-30
6030,6030,1015103,2020-09-08
6031,6031,351851,2023-06-02
6032,6032,1174371,2018-07-31
6033,6033,1301476,2023-03-17
6034,6034,336061,2023-08-17
6035,6035,665216,2018-04-27
6036,6036,582088,2024-10-13
6037,6037,1288049,2019-02-26
6038,6038,1068546,2020-12-02
6039,6039,1122116,2024-04-26
6040,6040,409008,2018-11-29
6041,6041,264166,2020-11-11
6042,6042,676356,2022-04-23
6043,6043,130155,2022-01-14
6044,6044,523848,2022-04-07
6045,6045,282724,2020-06-13
6046,6046,474582,2021-10-11
6047,6047,383979,2018-09-12
6048,6048,1418542,2024-09-27
6049,6049,1493305,2018-09-26
6050,6050,115234,2022-12-13
6051,6051,1346944,2024-08-19
6052,6052,712561,2022-10-20
6053,6053,929333,2019-05-20
6054,6054,817719,2018-01-18
6055,6055,1282501,2018-10-29
6056,6056,1274752,2020-09-21
6057,6057,1091659,2022-08-28
6058,6058,455324,2022-02-14
6059,6059,77763,2020-09-30
6060,6060,701921,2021-07-08
6061,6061,96260,2020-11-19
6062,6062,653786,2019-09-22
6063,6063,1178164,2020-03-26
6064,6064,530796,2021-12-12
6065,6065,660518,2019-08-20
6066,6066,1464635,2020-10-30
6067,6067,90274,2021-01-16
6068,6068,996719,2021-04-12
6069,6069,96881,2021-10-21
6070,6070,268033,2022-07-19
6071,6071,435943,2021-01-24
6072,6072,188197,2021-10-28
6073,6073,960840,2022-09-01
6074,6074,537494,2022-03-02
6075,6075,331963,2020-06-19
6076,6076,603723,2020-11-24
6077,6077,543683,2022-09-20
6078,6078,312174,2022-02-08
6079,6079,180562,2023-11-20
6080,6080,699940,2024-11-01
6081,6081,846949,2018-09-02
6082,6082,1136260,2021-06-28
6083,6083,382921,2022-02-05
6084,6084,82533,2019-10-10
6085,6085,356927,2018-12-20
6086,6086,652268,2021-01-15
6087,6087,648005,2018-01-22
6088,6088,155566,2022-04-25
6089,6089,1423979,2018-07-10
6090,6090,1203466,2019-08-09
6091,6091,228471,2019-07-27
6092,6092,965008,2022-11-27
6093,6093,1228988,2019-09-29
6094,6094,287623,2020-03-27
6095,6095,184800,2022-10-28
6096,6096,1353579,2020-07-24
6097,6097,1375865,2024-07-08
6098,6098,444657,2021-04-22
6099,6099,1054567,2019-12-03
6100,6100,853280,2019-05-06
6101,6101,98443,2022-06-12
6102,6102,822131,2022-04-17
6103,6103,265833,2020-11-26
6104,6104,408293,2021-06-16
6105,6105,265756,2021-12-01
6106,6106,1370227,2022-04-25
6107,6107,1029614,2023-05-28
6108,6108,945907,2024-02-14
6109,6109,1208565,2023-12-23
6110,6110,1218221,2023-10-28
6111,6111,901660,2018-04-20
6112,6112,845304,2018-01-27
6113,6113,246104,2023-12-21
6114,6114,267650,2022-03-28
6115,6115,570959,2024-06-22
6116,6116,810815,2019-05-04
6117,6117,721349,2018-06-25
6118,6118,746785,2023-01-23
6119,6119,354887,2023-04-19
6120,6120,307128,2024-06-27
6121,6121,556619,2020-10-22
6122,6122,1207169,2022-11-23
6123,6123,253868,2020-04-13
6124,6124,778238,2023-11-21
6125,6125,356645,2023-02-13
6126,6126,250695,2021-03-26
6127,6127,480317,2023-05-06
6128,6128,1287444,2024-10-13
6129,6129,378507,2022-04-21
6130,6130,864270,2018-09-29
6131,6131,550180,2022-08-31
6132,6132,131824,2023-11-03
6133,6133,857079,2021-04-18
6134,6134,934214,2018-01-08
6135,6135,232503,2024-05-19
6136,6136,261130,2019-08-05
6137,6137,956931,2021-08-12
6138,6138,667519,2019-02-22
6139,6139,1278917,2019-10-25
6140,6140,70201,2019-10-13
6141,6141,893835,2023-12-26
6142,6142,331010,2020-11-09
6143,6143,273355,2018-07-01
6144,6144,512341,2018-05-15
6145,6145,552778,2022-03-15
6146,6146,972596,2018-11-11
6147,6147,228029,2024-08-06
6148,6148,706095,2020-02-29
6149,6149,145904,2018-04-26
6150,6150,1143385,2021-09-26
6151,6151,895990,2022-02-16
6152,6152,1163315,2021-11-22
6153,6153,533376,2018-10-31
6154,6154,802879,2024-10-12
6155,6155,816818,2022-02-10
6156,6156,1055832,2018-09-20
6157,6157,681467,2024-01-28
6158,6158,898755,2018-11-26
6159,6159,531306,2021-11-21
6160,6160,723847,2018-10-25
6161,6161,952618,2018-08-20
6162,6162,1274146,2018-01-28
6163,6163,833564,2020-03-04
6164,6164,954040,2023-12-21
6165,6165,1389047,2021-11-04
6166,6166,1377297,2021-11-02
6167,6167,405031,2021-12-25
6168,6168,909754,2023-12-27
6169,6169,447713,2018-06-28
6170,6170,777289,2023-09-30
6171,6171,1362335,2021-05-02
6172,6172,1288818,2021-09-29
6173,6173,647057,2019-04-04
6174,6174,522882,2024-04-03
6175,6175,481617,2019-05-01
6176,6176,1442701,2020-08-20
6177,6177,597571,2023-07-18
6178,6178,1486927,2019-07-09
6179,6179,864191,2023-03-24
6180,6180,396091,2023-05-02
6181,6181,507138,2018-12-19
6182,6182,56332,2022-04-20
6183,6183,493614,2019-12-08
6184,6184,1191824,2023-03-27
6185,6185,1121978,2022-09-03
6186,6186,880775,2023-03-17
6187,6187,150226,2020-07-06
6188,6188,1055415,2020-05-20
6189,6189,1000987,2021-11-26
6190,6190,940042,2020-09-26
6191,6191,709851,2019-04-01
6192,6192,1263122,2023-08-20
6193,6193,1012021,2020-03-25
6194,6194,530490,2021-12-02
6195,6195,1114095,2024-09-27
6196,6196,564143,2022-07-11
6197,6197,1000454,2018-06-13
6198,6198,1307022,2021-12-29
6199,6199,628934,2019-02-27
6200,6200,1455428,2018-06-14
6201,6201,544495,2018-12-17
6202,6202,1410408,2024-08-02
6203,6203,490256,2020-01-11
6204,6204,1199449,2023-09-22
6205,6205,1235024,2019-04-15
6206,6206,818976,2021-01-06
6207,6207,494192,2021-07-22
6208,6208,184034,2022-08-04
6209,6209,1157057,2023-11-29
6210,6210,981291,2018-01-09
6211,6211,1448525,2021-02-22
6212,6212,1465783,2018-08-21
6213,6213,1202632,2020-11-12
6214,6214,623287,2024-01-10
6215,6215,1271655,2018-07-30
6216,6216,944587,2020-02-10
6217,6217,588785,2019-06-16
6218,6218,615879,2021-03-14
6219,6219,700383,2021-01-01
6220,6220,1211397,2020-07-27
6221,6221,184860,2022-07-19
6222,6222,84266,2021-12-03
6223,6223,707394,2024-09-06
6224,6224,747414,2020-07-10
6225,6225,889260,2018-04-08
6226,6226,881371,2020-12-28
6227,6227,68186,2024-08-25
6228,6228,673957,2018-10-25
6229,6229,578784,2018-07-13
6230,6230,1107627,2023-08-01
6231,6231,1042653,2022-09-07
6232,6232,1253634,2020-07-18
6233,6233,302978,2023-04-16
6234,6234,55287,2018-02-12
6235,6235,1364724,2023-08-24
6236,6236,291676,2022-06-15
6237,6237,1387091,2021-11-19
6238,6238,1460511,2020-11-27
6239,6239,380973,2019-08-19
6240,6240,1397357,2019-07-24
6241,6241,1333864,2019-10-02
6242,6242,193065,2023-05-03
6243,6243,512516,2021-07-17
6244,6244,124279,2020-12-30
6245,6245,124263,2023-11-02
6246,6246,328967,2019-08-10
6247,6247,1209922,2018-07-22
6248,6248,694288,2021-10-20
6249,6249,542647,2023-08-21
6250,6250,139056,2021-06-28
6251,6251,707198,2020-05-12
6252,6252,246866,2020-04-15
6253,6253,1431416,2023-03-12
6254,6254,994859,2021-01-25
6255,6255,994136,2021-06-28
6256,6256,486020,2018-08-10
6257,6257,590572,2023-11-06
6258,6258,553069,2020-07-06
6259,6259,782982,2019-07-09
6260,6260,230908,2018-11-03
6261,6261,1334386,2020-11-18
6262,6262,434600,2020-01-29
6263,6263,1410219,2023-07-25
6264,6264,688864,2024-01-20
6265,6265,1174604,2018-01-04
6266,6266,576969,2022-11-22
6267,6267,493591,2024-05-10
6268,6268,849162,2019-08-26
6269,6269,761496,2019-04-05
6270,6270,1358736,2018-09-05
6271,6271,1484980,2020-08-14
6272,6272,113272,2020-04-09
6273,6273,452947,2021-10-19
6274,6274,1467450,2024-04-21
6275,6275,1135041,2022-10-20
6276,6276,97456,2024-10-18
6277,6277,1339999,2019-05-21
6278,6278,1353984,2021-09-25
6279,6279,57681,2019-05-27
6280,6280,277198,2021-12-03
6281,6281,917663,2018-06-17
6282,6282,925948,2022-06-13
6283,6283,713664,2020-09-22
6284,6284,237449,2024-11-27
6285,6285,59600,2019-08-07
6286,6286,632411,2020-07-19
6287,6287,1018852,2023-05-06
6288,6288,1221998,2021-09-22
6289,6289,104035,2021-11-27
6290,6290,1076181,2020-06-11
6291,6291,1421950,2023-03-27
6292,6292,983118,2022-11-25
6293,6293,422169,2024-06-16
6294,6294,951069,2019-04-01
6295,6295,1172232,2018-08-24
6296,6296,1421277,2020-04-13
6297,6297,1073003,2024-04-12
6298,6298,1441837,2020-09-16
6299,6299,666684,2021-01-07
6300,6300,857370,2020-05-16
6301,6301,142580,2018-03-12
6302,6302,1369949,2018-07-05
6303,6303,621284,2018-07-22
6304,6304,224876,2019-02-26
6305,6305,929413,2018-01-21
6306,6306,989658,2023-12-02
6307,6307,1294968,2022-02-25
6308,6308,886465,2019-07-13
6309,6309,476048,2020-03-06
6310,6310,826827,2022-04-30
6311,6311,313000,2020-10-20
6312,6312,386926,2022-07-14
6313,6313,561222,2020-05-25
6314,6314,1370218,2020-06-05
6315,6315,163331,2019-03-18
6316,6316,616534,2024-05-08
6317,6317,625167,2024-04-23
6318,6318,148164,2020-02-29
6319,6319,847864,2024-05-31
6320,6320,72659,2019-05-08
6321,6321,689673,2021-04-15
6322,6322,999824,2023-09-12
6323,6323,440925,2023-01-19
6324,6324,886805,2019-07-13
6325,6325,928149,2022-11-07
6326,6326,1196125,2022-06-29
6327,6327,788184,2019-02-05
6328,6328,254865,2020-06-29
6329,6329,1258414,2023-01-18
6330,6330,1395600,2022-05-20
6331,6331,1010398,2024-03-20
6332,6332,1161381,2024-09-12
6333,6333,791401,2020-09-22
6334,6334,842920,2018-11-08
6335,6335,771166,2024-05-24
6336,6336,1187573,2019-07-15
6337,6337,116493,2020-04-04
6338,6338,1489642,2021-04-20
6339,6339,902926,2021-04-16
6340,6340,1230588,2024-06-02
6341,6341,187531,2021-08-21
6342,6342,532910,2019-02-10
6343,6343,527816,2020-07-02
6344,6344,1367915,2022-12-23
6345,6345,1225398,2021-10-10
6346,6346,292338,2019-11-10
6347,6347,1262430,2024-02-28
6348,6348,307398,2020-05-23
6349,6349,340837,2023-02-10
6350,6350,213486,2021-07-01
6351,6351,453789,2022-11-30
6352,6352,749215,2024-03-19
6353,6353,452990,2020-06-05
6354,6354,1199524,2020-09-15
6355,6355,184378,2022-11-03
6356,6356,680891,2022-12-25
6357,6357,422177,2020-06-07
6358,6358,539082,2023-08-16
6359,6359,852817,2018-11-30
6360,6360,616127,2020-05-20
6361,6361,962428,2022-03-18
6362,6362,132508,2022-06-10
6363,6363,461651,2018-11-09
6364,6364,155292,2023-06-03
6365,6365,1234690,2022-05-22
6366,6366,1343127,2020-05-27
6367,6367,330375,2020-08-12
6368,6368,1185845,2022-09-08
6369,6369,1404962,2021-10-29
6370,6370,416638,2020-03-28
6371,6371,438192,2020-05-01
6372,6372,517897,2023-07-28
6373,6373,754398,2018-11-19
6374,6374,531764,2019-05-14
6375,6375,643609,2020-05-22
6376,6376,1019765,2021-06-05
6377,6377,419034,2021-09-20
6378,6378,101540,2019-02-19
6379,6379,1134448,2019-05-16
6380,6380,981177,2023-11-06
6381,6381,1164568,2022-02-17
6382,6382,1066297,2023-08-01
6383,6383,804050,2021-06-11
6384,6384,546574,2022-07-18
6385,6385,672359,2018-04-04
6386,6386,1473387,2024-12-28
6387,6387,1073050,2020-02-03
6388,6388,766710,2022-12-09
6389,6389,1374074,2022-03-30
6390,6390,1351628,2024-08-27
6391,6391,697570,2023-10-02
6392,6392,550561,2021-05-29
6393,6393,1069042,2024-03-02
6394,6394,122736,2022-06-05
6395,6395,282324,2023-01-24
6396,6396,1443960,2023-03-23
6397,6397,88302,2024-12-25
6398,6398,1266308,2024-05-04
6399,6399,271167,2023-12-09
6400,6400,900502,2021-12-03
6401,6401,1103577,2019-06-28
6402,6402,1185015,2024-09-28
6403,6403,1132077,2018-07-20
6404,6404,1146641,2023-08-26
6405,6405,966395,2021-10-04
6406,6406,731547,2022-03-11
6407,6407,1185089,2023-11-28
6408,6408,790239,2021-08-29
6409,6409,177912,2021-12-07
6410,6410,105376,2020-03-14
6411,6411,972518,2024-01-02
6412,6412,940340,2018-04-04
6413,6413,1230273,2019-07-08
6414,6414,885872,2024-10-16
6415,6415,170158,2022-02-28
6416,6416,946891,2019-12-25
6417,6417,1108291,2022-01-14
6418,6418,1227373,2022-08-13
6419,6419,145922,2020-07-20
6420,6420,1441311,2024-04-17
6421,6421,718655,2019-09-02
6422,6422,1175121,2022-07-31
6423,6423,1468990,2022-05-29
6424,6424,1257891,2019-03-10
6425,6425,1434271,2018-05-24
6426,6426,98568,2022-04-30
6427,6427,1489827,2021-04-01
6428,6428,545008,2019-04-25
6429,6429,801715,2019-07-21
6430,6430,1347332,2023-10-03
6431,6431,518444,2023-04-05
6432,6432,419569,2018-04-22
6433,6433,444239,2021-10-16
6434,6434,1278771,2021-09-23
6435,6435,713582,2019-09-13
6436,6436,850887,2022-05-14
6437,6437,536110,2020-11-17
6438,6438,60396,2021-04-14
6439,6439,856361,2023-12-29
6440,6440,880374,2023-10-16
6441,6441,1268282,2021-08-16
6442,6442,872474,2019-04-07
6443,6443,1008006,2021-04-26
6444,6444,773142,2022-01-05
6445,6445,862451,2022-02-23
6446,6446,1310258,2022-11-11
6447,6447,788383,2020-01-16
6448,6448,840440,2024-12-28
6449,6449,105021,2024-05-17
6450,6450,113545,2018-08-03
6451,6451,562541,2024-08-28
6452,6452,1317538,2018-01-23
6453,6453,735905,2020-12-20
6454,6454,1262321,2024-06-22
6455,6455,337722,2021-03-19
6456,6456,1417150,2021-08-24
6457,6457,552564,2022-12-22
6458,6458,1212545,2021-02-28
6459,6459,132860,2022-05-21
6460,6460,632106,2019-01-23
6461,6461,670607,2024-06-19
6462,6462,200761,2020-05-23
6463,6463,712381,2020-01-20
6464,6464,1315436,2020-09-08
6465,6465,332238,2023-06-18
6466,6466,916619,2021-03-30
6467,6467,1032499,2024-07-09
6468,6468,289963,2021-04-17
6469,6469,194832,2021-11-27
6470,6470,1360011,2021-06-25
6471,6471,1287330,2023-11-27
6472,6472,1348042,2018-02-19
6473,6473,1281217,2019-08-26
6474,6474,589642,2022-10-30
6475,6475,1257398,2021-12-06
6476,6476,1205446,2023-04-03
6477,6477,480623,2021-12-28
6478,6478,402863,2019-09-03
6479,6479,1430845,2021-05-27
6480,6480,931739,2018-07-08
6481,6481,1146631,2023-10-08
6482,6482,791782,2023-12-18
6483,6483,78196,2024-09-25
6484,6484,485193,2021-01-04
6485,6485,77282,2020-10-05
6486,6486,724685,2019-08-06
6487,6487,938602,2022-05-18
6488,6488,1359987,2018-05-06
6489,6489,552233,2018-08-05
6490,6490,61346,2018-08-16
6491,6491,357037,2020-06-08
6492,6492,316026,2023-08-18
6493,6493,126972,2018-02-09
6494,6494,1041634,2019-03-05
6495,6495,992650,2024-08-06
6496,6496,839463,2022-01-20
6497,6497,300594,2020-12-04
6498,6498,456797,2022-10-23
6499,6499,175372,2021-03-02
6500,6500,69345,2020-08-13
6501,6501,199981,2024-11-02
6502,6502,464645,2022-08-07
6503,6503,421918,2018-05-24
6504,6504,587242,2019-04-06
6505,6505,301221,2024-03-20
6506,6506,1266786,2019-08-03
6507,6507,1125898,2019-02-16
6508,6508,1031247,2022-02-05
6509,6509,734405,2024-08-17
6510,6510,182492,2022-08-12
6511,6511,812139,2021-08-10
6512,6512,1253720,2022-12-06
6513,6513,1218840,2019-03-23
6514,6514,704440,2018-09-13
6515,6515,368686,2024-04-10
6516,6516,513151,2023-06-30
6517,6517,749922,2021-09-17
6518,6518,129145,2019-09-28
6519,6519,1479430,2019-04-14
6520,6520,414141,2023-05-18
6521,6521,436066,2019-01-13
6522,6522,681722,2019-08-02
6523,6523,1015371,2020-04-24
6524,6524,380209,2019-09-21
6525,6525,756565,2022-08-23
6526,6526,832813,2023-08-30
6527,6527,139667,2020-10-22
6528,6528,1366483,2021-12-03
6529,6529,1214314,2019-10-26
6530,6530,1305077,2021-01-30
6531,6531,1093155,2022-05-22
6532,6532,118042,2023-03-03
6533,6533,418826,2022-01-15
6534,6534,979049,2023-08-01
6535,6535,1151940,2018-11-24
6536,6536,1251681,2023-10-25
6537,6537,268592,2024-04-20
6538,6538,345544,2020-04-26
6539,6539,1412653,2021-08-17
6540,6540,73755,2020-12-25
6541,6541,1213249,2024-01-03
6542,6542,308092,2019-06-30
6543,6543,1140151,2024-09-11
6544,6544,666808,2021-01-08
6545,6545,1388011,2019-05-06
6546,6546,528697,2022-06-05
6547,6547,1439927,2024-10-15
6548,6548,849144,2024-09-22
6549,6549,829323,2019-07-26
6550,6550,1449308,2024-11-14
6551,6551,709424,2018-01-01
6552,6552,1396585,2018-06-07
6553,6553,884964,2020-02-11
6554,6554,347968,2019-07-27
6555,6555,219205,2019-04-26
6556,6556,1460315,2019-03-06
6557,6557,362226,2020-07-17
6558,6558,173632,2022-02-13
6559,6559,1050977,2020-02-15
6560,6560,511652,2024-09-28
6561,6561,831612,2023-07-03
6562,6562,1384733,2022-08-24
6563,6563,797467,2018-09-21
6564,6564,1259049,2024-12-15
6565,6565,1323148,2024-11-22
6566,6566,245576,2018-07-08
6567,6567,969783,2023-05-30
6568,6568,1400807,2022-01-12
6569,6569,1441696,2019-05-25
6570,6570,832537,2018-11-01
6571,6571,134056,2021-12-15
6572,6572,657422,2018-06-21
6573,6573,534477,2023-09-12
6574,6574,1085055,2019-10-20
6575,6575,1297112,2021-10-13
6576,6576,998412,2021-09-02
6577,6577,748816,2024-02-02
6578,6578,1392228,2019-09-08
6579,6579,1164302,2024-06-13
6580,6580,200481,2024-02-01
6581,6581,222547,2019-08-18
6582,6582,1312981,2018-03-27
6583,6583,839175,2023-05-02
6584,6584,1459356,2018-07-31
6585,6585,224417,2021-07-26
6586,6586,1142356,2021-09-01
6587,6587,491688,2022-11-09
6588,6588,61587,2023-07-26
6589,6589,742412,2023-04-24
6590,6590,1453502,2024-03-27
6591,6591,284879,2019-03-12
6592,6592,1441832,2021-10-26
6593,6593,641071,2022-12-23
6594,6594,255150,2021-08-30
6595,6595,393992,2021-05-16
6596,6596,525366,2023-01-04
6597,6597,751601,2018-08-27
6598,6598,1140755,2020-03-02
6599,6599,1045000,2021-11-19
6600,6600,1243045,2022-04-16
6601,6601,727860,2021-03-20
6602,6602,171201,2018-01-03
6603,6603,369753,2022-08-09
6604,6604,946067,2019-07-11
6605,6605,164150,2018-07-24
6606,6606,1408542,2023-07-12
6607,6607,983756,2021-02-23
6608,6608,136625,2024-04-21
6609,6609,610451,2020-04-21
6610,6610,73015,2019-08-24
6611,6611,1271260,2022-11-20
6612,6612,996481,2021-05-03
6613,6613,862435,2022-02-25
6614,6614,1407295,2018-07-03
6615,6615,392397,2021-05-06
6616,6616,203446,2021-01-07
6617,6617,264018,2023-07-20
6618,6618,221540,2024-05-03
6619,6619,1332580,2021-11-22
6620,6620,947836,2024-01-18
6621,6621,1163727,2021-10-29
6622,6622,1017823,2024-02-10
6623,6623,1125023,2021-10-21
6624,6624,1028737,2021-03-01
6625,6625,282280,2018-04-14
6626,6626,1445790,2019-02-24
6627,6627,1481439,2018-11-13
6628,6628,1382749,2019-10-25
6629,6629,1087476,2023-01-28
6630,6630,835703,2019-04-15
6631,6631,1209999,2023-08-26
6632,6632,727627,2018-06-20
6633,6633,923743,2021-10-16
6634,6634,1359236,2023-06-19
6635,6635,368428,2022-06-25
6636,6636,744024,2024-04-14
6637,6637,783017,2022-07-02
6638,6638,1263319,2020-06-29
6639,6639,653989,2024-03-31
6640,6640,962062,2021-06-19
6641,6641,354517,2024-05-29
6642,6642,1001945,2022-05-25
6643,6643,595700,2022-10-05
6644,6644,688864,2021-01-05
6645,6645,63488,2020-11-22
6646,6646,595867,2018-11-05
6647,6647,1480288,2023-12-30
6648,6648,965679,2019-09-06
6649,6649,343847,2024-03-28
6650,6650,1301318,2020-04-16
6651,6651,505762,2023-10-17
6652,6652,1107338,2018-12-14
6653,6653,1280338,2023-07-04
6654,6654,1024588,2024-02-16
6655,6655,1042763,2024-01-15
6656,6656,209359,2020-07-10
6657,6657,690134,2018-03-13
6658,6658,766785,2020-02-13
6659,6659,318620,2024-01-23
6660,6660,886209,2022-12-18
6661,6661,454643,2022-09-20
6662,6662,824589,2022-10-18
6663,6663,648390,2023-11-04
6664,6664,1172159,2022-02-22
6665,6665,765071,2020-08-09
6666,6666,263197,2018-01-23
6667,6667,482269,2023-02-23
6668,6668,753151,2023-02-09
6669,6669,1192997,2020-07-05
6670,6670,393178,2023-06-01
6671,6671,408319,2021-01-17
6672,6672,532775,2020-06-06
6673,6673,296096,2020-11-27
6674,6674,1429203,2023-11-19
6675,6675,1407986,2020-11-27
6676,6676,1356674,2020-12-30
6677,6677,1441806,2020-11-16
6678,6678,253918,2018-10-25
6679,6679,1187524,2018-09-14
6680,6680,590923,2023-10-14
6681,6681,1184724,2023-12-12
6682,6682,1295629,2024-11-12
6683,6683,369217,2019-07-05
6684,6684,660798,2021-05-28
6685,6685,1110633,2018-01-18
6686,6686,1170373,2022-05-20
6687,6687,1446044,2024-05-12
6688,6688,621333,2022-11-16
6689,6689,565703,2021-03-17
6690,6690,280632,2018-02-10
6691,6691,246958,2020-12-11
6692,6692,843339,2021-10-21
6693,6693,700846,2018-01-30
6694,6694,1407897,2022-10-31
6695,6695,1312243,2024-12-07
6696,6696,291525,2021-06-29
6697,6697,1418995,2020-08-19
6698,6698,885557,2024-02-03
6699,6699,496507,2024-10-05
6700,6700,592789,2021-01-24
6701,6701,1120020,2018-05-20
6702,6702,1149819,2021-06-03
6703,6703,86860,2024-05-28
6704,6704,842894,2018-08-09
6705,6705,926102,2024-01-07
6706,6706,267006,2024-12-24
6707,6707,686725,2024-04-20
6708,6708,945412,2023-07-06
6709,6709,1120904,2021-11-06
6710,6710,675009,2018-04-03
6711,6711,1373454,2023-09-10
6712,6712,1448076,2018-09-06
6713,6713,729920,2021-09-10
6714,6714,857126,2018-07-21
6715,6715,890354,2021-05-20
6716,6716,429385,2022-02-09
6717,6717,537772,2018-08-03
6718,6718,1235906,2024-09-01
6719,6719,1160204,2022-11-10
6720,6720,81184,2022-05-27
6721,6721,1055213,2019-01-17
6722,6722,173918,2021-06-22
6723,6723,340049,2020-09-24
6724,6724,115359,2022-03-09
6725,6725,1162292,2020-05-26
6726,6726,1159400,2022-07-01
6727,6727,878298,2019-10-28
6728,6728,196704,2018-09-26
6729,6729,639789,2021-02-01
6730,6730,803529,2020-12-03
6731,6731,939050,2024-05-21
6732,6732,668777,2021-08-10
6733,6733,1398741,2022-01-07
6734,6734,1378145,2019-03-27
6735,6735,852118,2021-04-04
6736,6736,1246710,2022-04-10
6737,6737,651089,2023-07-21
6738,6738,485249,2018-10-11
6739,6739,1433070,2020-03-31
6740,6740,883746,2019-03-15
6741,6741,1351076,2023-05-25
6742,6742,621879,2021-10-13
6743,6743,1437720,2024-06-07
6744,6744,172866,2023-10-11
6745,6745,600074,2023-10-14
6746,6746,1103395,2021-10-09
6747,6747,294672,2022-05-22
6748,6748,838898,2018-05-08
6749,6749,335771,2024-08-28
6750,6750,695032,2018-10-21
6751,6751,628761,2022-05-23
6752,6752,452682,2021-10-25
6753,6753,972700,2024-06-16
6754,6754,779130,2023-06-30
6755,6755,1078115,2019-01-01
6756,6756,262664,2018-11-04
6757,6757,1205389,2021-07-24
6758,6758,93687,2024-04-26
6759,6759,520756,2021-10-25
6760,6760,572816,2022-02-13
6761,6761,274929,2018-04-03
6762,6762,284399,2022-06-27
6763,6763,1184964,2024-08-25
6764,6764,1213962,2023-12-11
6765,6765,466596,2022-04-02
6766,6766,122222,2018-11-28
6767,6767,991654,2024-05-18
6768,6768,1395305,2024-11-06
6769,6769,862441,2021-01-14
6770,6770,565426,2021-05-18
6771,6771,807736,2020-08-08
6772,6772,291683,2020-10-26
6773,6773,1420415,2021-03-12
6774,6774,435984,2024-07-16
6775,6775,1277366,2018-04-11
6776,6776,1094802,2018-11-10
6777,6777,593115,2024-02-10
6778,6778,431469,2023-11-10
6779,6779,1305688,2021-06-20
6780,6780,276549,2023-09-20
6781,6781,654503,2021-08-02
6782,6782,292066,2019-12-06
6783,6783,836266,2022-06-06
6784,6784,115237,2019-05-03
6785,6785,726771,2018-02-01
6786,6786,163382,2022-04-04
6787,6787,1406062,2018-08-20
6788,6788,953579,2021-02-10
6789,6789,336513,2020-11-09
6790,6790,172510,2021-10-04
6791,6791,249977,2018-06-26
6792,6792,811728,2023-12-05
6793,6793,485023,2024-11-09
6794,6794,602090,2024-07-14
6795,6795,281200,2021-09-19
6796,6796,750631,2020-11-12
6797,6797,1039435,2019-02-28
6798,6798,1431461,2018-06-07
6799,6799,742761,2018-07-13
6800,6800,1104629,2020-10-23
6801,6801,91607,2021-03-29
6802,6802,1396896,2024-04-05
6803,6803,1152048,2024-12-29
6804,6804,1337384,2020-05-06
6805,6805,168053,2019-06-13
6806,6806,910615,2019-11-29
6807,6807,552257,2021-03-16
6808,6808,1009991,2020-01-21
6809,6809,270931,2018-06-20
6810,6810,739467,2021-12-15
6811,6811,428660,2020-06-10
6812,6812,1427200,2023-09-25
6813,6813,677485,2020-02-22
6814,6814,835225,2018-12-10
6815,6815,1350633,2024-10-05
6816,6816,602281,2024-10-08
6817,6817,1103784,2022-09-25
6818,6818,1209856,2022-05-13
6819,6819,630271,2021-09-05
6820,6820,1130878,2021-07-21
6821,6821,565546,2022-02-17
6822,6822,607470,2022-10-27
6823,6823,522322,2024-04-13
6824,6824,953222,2022-01-20
6825,6825,91187,2019-06-22
6826,6826,243491,2022-04-26
6827,6827,559769,2021-12-03
6828,6828,802546,2023-04-03
6829,6829,680982,2018-02-18
6830,6830,526725,2019-06-19
6831,6831,928484,2020-01-22
6832,6832,509235,2019-09-28
6833,6833,112301,2020-11-14
6834,6834,498102,2018-07-12
6835,6835,959841,2022-03-01
6836,6836,134117,2024-09-16
6837,6837,1276335,2022-10-31
6838,6838,858073,2020-01-15
6839,6839,1435028,2021-10-27
6840,6840,690548,2023-10-14
6841,6841,643122,2024-06-27
6842,6842,1146007,2024-06-08
6843,6843,253501,2023-02-08
6844,6844,596347,2018-06-03
6845,6845,551264,2019-01-06
6846,6846,69511,2023-02-09
6847,6847,96013,2022-03-17
6848,6848,1417273,2024-04-30
6849,6849,696112,2024-04-18
6850,6850,1252598,2019-09-10
6851,6851,470522,2020-06-11
6852,6852,406285,2019-06-20
6853,6853,1350084,2023-11-25
6854,6854,872826,2021-10-18
6855,6855,736165,2020-09-17
6856,6856,534196,2021-12-30
6857,6857,53891,2020-06-21
6858,6858,905366,2020-03-31
6859,6859,1185350,2021-02-03
6860,6860,919206,2023-01-28
6861,6861,141096,2022-03-24
6862,6862,715274,2019-09-28
6863,6863,1450118,2021-11-02
6864,6864,1225455,2019-12-19
6865,6865,880938,2023-09-02
6866,6866,781615,2023-07-19
6867,6867,650709,2024-09-13
6868,6868,1107898,2020-07-31
6869,6869,1082098,2022-12-11
6870,6870,1168015,2021-05-30
6871,6871,357219,2018-11-18
6872,6872,1126891,2024-03-20
6873,6873,1205143,2018-08-20
6874,6874,581384,2022-06-07
6875,6875,194898,2022-12-12
6876,6876,732897,2019-01-30
6877,6877,455916,2021-09-17
6878,6878,827092,2024-09-29
6879,6879,1476177,2020-10-19
6880,6880,1303700,2018-02-11
6881,6881,401434,2018-10-01
6882,6882,1333179,2019-08-15
6883,6883,457738,2024-04-25
6884,6884,1367364,2021-05-14
6885,6885,278583,2020-06-23
6886,6886,880331,2019-11-27
6887,6887,1009269,2021-03-09
6888,6888,801035,2023-05-11
6889,6889,493065,2022-07-19
6890,6890,124252,2022-04-05
6891,6891,330650,2019-11-09
6892,6892,1147167,2024-01-21
6893,6893,254918,2018-09-19
6894,6894,1221748,2023-07-11
6895,6895,1300467,2024-11-16
6896,6896,771464,2022-12-19
6897,6897,1008912,2024-11-24
6898,6898,1438302,2022-08-15
6899,6899,192073,2019-03-06
6900,6900,796577,2018-09-16
6901,6901,128099,2023-03-03
6902,6902,234324,2022-09-26
6903,6903,704922,2023-07-20
6904,6904,755267,2021-01-27
6905,6905,95970,2019-01-28
6906,6906,904264,2018-10-07
6907,6907,1418714,2024-09-30
6908,6908,549298,2018-07-09
6909,6909,1445924,2020-05-29
6910,6910,301674,2023-02-20
6911,6911,572450,2020-09-21
6912,6912,166850,2019-03-23
6913,6913,254983,2020-10-14
6914,6914,856301,2024-10-17
6915,6915,461615,2019-09-19
6916,6916,969859,2022-10-21
6917,6917,1389567,2023-05-09
6918,6918,1128898,2022-09-21
6919,6919,347782,2023-03-30
6920,6920,483827,2019-01-28
6921,6921,617720,2018-04-16
6922,6922,348250,2021-03-02
6923,6923,1055592,2019-07-05
6924,6924,1292523,2020-11-19
6925,6925,1240553,2018-07-09
6926,6926,54626,2019-11-14
6927,6927,437185,2019-04-22
6928,6928,650849,2020-08-05
6929,6929,323593,2023-06-12
6930,6930,230476,2022-09-29
6931,6931,121732,2018-07-18
6932,6932,726218,2018-10-17
6933,6933,1046549,2022-05-30
6934,6934,1152350,2023-03-05
6935,6935,184603,2022-10-23
6936,6936,1095984,2021-09-05
6937,6937,876067,2022-04-11
6938,6938,564314,2020-04-05
6939,6939,1067193,2018-06-30
6940,6940,859898,2021-08-25
6941,6941,126500,2021-07-31
6942,6942,1119338,2019-08-04
6943,6943,228524,2023-09-05
6944,6944,99959,2021-08-22
6945,6945,772841,2023-10-16
6946,6946,314787,2019-02-02
6947,6947,1264923,2019-05-02
6948,6948,1351824,2024-08-06
6949,6949,1486630,2022-08-25
6950,6950,627673,2022-07-02
6951,6951,761024,2024-09-17
6952,6952,298474,2020-03-20
6953,6953,850297,2023-03-21
6954,6954,360491,2022-08-25
6955,6955,588621,2022-06-14
6956,6956,582475,2020-04-03
6957,6957,640519,2019-06-23
6958,6958,758078,2024-05-20
6959,6959,1132258,2019-04-19
6960,6960,1473211,2024-01-28
6961,6961,1461743,2020-07-05
6962,6962,1124986,2019-04-02
6963,6963,799613,2024-09-26
6964,6964,1337535,2020-12-02
6965,6965,410360,2020-10-09
6966,6966,530029,2022-01-08
6967,6967,1047229,2018-02-05
6968,6968,53216,2022-07-17
6969,6969,328139,2021-01-07
6970,6970,1150732,2021-08-22
6971,6971,62906,2023-10-05
6972,6972,121605,2020-02-27
6973,6973,99650,2021-09-07
6974,6974,331987,2019-04-06
6975,6975,999370,2018-10-24
6976,6976,319704,2019-06-27
6977,6977,718461,2022-12-12
6978,6978,266826,2021-03-09
6979,6979,277418,2024-07-15
6980,6980,539617,2022-09-29
6981,6981,58765,2024-09-13
6982,6982,84521,2020-11-11
6983,6983,1284788,2022-03-03
6984,6984,1091120,2020-10-27
6985,6985,1367400,2021-04-04
6986,6986,699330,2021-06-20
6987,6987,1054740,2022-05-28
6988,6988,1149944,2019-03-07
6989,6989,1091278,2022-07-14
6990,6990,128398,2019-03-12
6991,6991,277212,2023-04-27
6992,6992,1258166,2020-02-05
6993,6993,789443,2022-03-07
6994,6994,144454,2024-06-14
6995,6995,1498447,2021-08-17
6996,6996,59773,2024-07-13
6997,6997,1250652,2019-07-08
6998,6998,1176961,2018-07-03
6999,6999,1298803,2023-11-27
7000,7000,1352713,2023-06-05
7001,7001,332031,2022-04-01
7002,7002,1496979,2020-02-26
7003,7003,967186,2023-06-20
7004,7004,354843,2019-12-22
7005,7005,518109,2020-01-27
7006,7006,1091524,2018-03-19
7007,7007,1081618,2021-05-25
7008,7008,1014019,2022-12-02
7009,7009,954965,2023-10-25
7010,7010,653399,2024-12-14
7011,7011,1172419,2019-05-28
7012,7012,443438,2020-02-03
7013,7013,71585,2023-05-25
7014,7014,410921,2023-05-01
7015,7015,1057225,2019-01-01
7016,7016,1010508,2018-05-12
7017,7017,809694,2019-12-10
7018,7018,879209,2019-07-25
7019,7019,222941,2019-12-21
7020,7020,837505,2024-02-23
7021,7021,415598,2020-10-03
7022,7022,1405962,2023-04-13
7023,7023,1088838,2024-11-28
7024,7024,940341,2019-03-10
7025,7025,1034156,2022-07-27
7026,7026,1256869,2021-05-23
7027,7027,547289,2021-06-26
7028,7028,1399366,2024-04-22
7029,7029,1340254,2024-09-19
7030,7030,1096058,2020-06-01
7031,7031,335370,2019-11-04
7032,7032,633353,2018-04-23
7033,7033,392776,2019-10-13
7034,7034,1229377,2019-10-08
7035,7035,927032,2023-04-18
7036,7036,253895,2024-04-08
7037,7037,1261372,2020-06-02
7038,7038,211591,2021-02-04
7039,7039,790626,2018-01-03
7040,7040,543588,2021-05-09
7041,7041,876693,2023-07-18
7042,7042,1263719,2019-09-09
7043,7043,491229,2022-04-27
7044,7044,301280,2024-11-14
7045,7045,294753,2023-04-29
7046,7046,903073,2022-05-11
7047,7047,1419402,2020-05-10
7048,7048,1126198,2021-09-15
7049,7049,1357640,2020-03-24
7050,7050,1142658,2024-12-19
7051,7051,1285586,2023-04-12
7052,7052,544489,2021-10-02
7053,7053,50354,2023-11-12
7054,7054,345128,2019-05-18
7055,7055,1239449,2021-02-05
7056,7056,1259452,2023-08-09
7057,7057,290602,2021-06-20
7058,7058,63210,2019-11-29
7059,7059,615204,2024-10-08
7060,7060,722296,2019-01-12
7061,7061,1161780,2023-08-03
7062,7062,1389777,2024-08-30
7063,7063,1201523,2019-03-26
7064,7064,300000,2018-05-30
7065,7065,247871,2019-01-31
7066,7066,1169643,2023-11-18
7067,7067,295292,2024-07-18
7068,7068,1127108,2018-12-22
7069,7069,1435266,2024-01-22
7070,7070,738761,2019-07-19
7071,7071,874683,2020-12-01
7072,7072,1268879,2021-01-20
7073,7073,1438795,2021-09-09
7074,7074,743723,2024-11-08
7075,7075,126871,2022-12-18
7076,7076,71818,2024-04-15
7077,7077,553612,2018-11-04
7078,7078,129245,2019-06-02
7079,7079,581430,2021-11-06
7080,7080,359427,2019-05-01
7081,7081,421371,2023-05-25
7082,7082,1332655,2023-11-24
7083,7083,416864,2020-05-16
7084,7084,1231667,2022-06-17
7085,7085,1007221,2019-10-09
7086,7086,321971,2020-12-23
7087,7087,60129,2022-12-30
7088,7088,326474,2019-02-13
7089,7089,220988,2018-04-07
7090,7090,1265933,2022-12-18
7091,7091,1338490,2024-12-22
7092,7092,1222359,2021-06-11
7093,7093,469757,2019-10-05
7094,7094,763276,2018-09-19
7095,7095,405427,2022-01-07
7096,7096,1474779,2020-06-08
7097,7097,1439722,2018-12-17
7098,7098,636974,2019-10-24
7099,7099,330454,2024-02-22
7100,7100,1147170,2021-09-29
7101,7101,324189,2024-11-24
7102,7102,854363,2023-12-02
7103,7103,1070330,2024-03-28
7104,7104,1331025,2020-12-22
7105,7105,386110,2018-06-02
7106,7106,877699,2019-10-04
7107,7107,736856,2023-08-19
7108,7108,961736,2020-07-23
7109,7109,879613,2020-09-18
7110,7110,312443,2024-09-19
7111,7111,763882,2021-09-17
7112,7112,880600,2021-09-04
7113,7113,602516,2022-08-21
7114,7114,1430420,2019-10-06
7115,7115,1260865,2024-07-02
7116,7116,73566,2022-09-18
7117,7117,596808,2022-08-13
7118,7118,721644,2023-04-24
7119,7119,887851,2024-05-14
7120,7120,1207038,2022-04-26
7121,7121,390470,2018-08-15
7122,7122,1371627,2019-09-05
7123,7123,484937,2018-11-02
7124,7124,985848,2023-10-17
7125,7125,1062788,2019-06-16
7126,7126,1403804,2024-06-18
7127,7127,1465534,2024-09-27
7128,7128,422595,2020-09-03
7129,7129,1435409,2018-08-19
7130,7130,1192270,2023-12-06
7131,7131,110136,2018-01-27
7132,7132,1465473,2021-02-02
7133,7133,1030232,2022-01-26
7134,7134,523341,2022-09-30
7135,7135,125651,2021-12-19
7136,7136,710263,2024-11-27
7137,7137,1065325,2021-11-06
7138,7138,1009932,2022-08-04
7139,7139,379580,2023-05-26
7140,7140,217304,2022-11-20
7141,7141,347143,2022-03-22
7142,7142,97893,2020-05-10
7143,7143,947404,2022-04-27
7144,7144,442393,2018-02-08
7145,7145,291313,2020-07-05
7146,7146,956123,2018-07-09
7147,7147,417398,2019-10-26
7148,7148,1326816,2023-02-15
7149,7149,55494,2020-09-21
7150,7150,1063376,2022-05-08
7151,7151,813274,2018-09-30
7152,7152,803749,2022-07-20
7153,7153,451988,2024-12-26
7154,7154,480176,2018-11-15
7155,7155,1097447,2024-12-29
7156,7156,899106,2022-08-05
7157,7157,1162056,2020-10-09
7158,7158,1198444,2023-12-03
7159,7159,1355121,2024-08-10
7160,7160,958375,2019-04-07
7161,7161,583411,2024-07-06
7162,7162,1402630,2023-06-06
7163,7163,1291492,2024-11-07
7164,7164,1208488,2020-03-25
7165,7165,723140,2023-10-22
7166,7166,459486,2024-06-30
7167,7167,387078,2020-11-19
7168,7168,1217298,2023-02-26
7169,7169,1316411,2021-03-16
7170,7170,1201264,2018-12-20
7171,7171,325345,2018-10-30
7172,7172,1075244,2021-12-22
7173,7173,1193294,2020-01-25
7174,7174,800432,2018-06-13
7175,7175,392952,2021-12-06
7176,7176,471346,2018-02-28
7177,7177,1212130,2022-04-24
7178,7178,748000,2020-07-26
7179,7179,219983,2020-12-17
7180,7180,243999,2024-05-18
7181,7181,230946,2024-09-17
7182,7182,978188,2018-03-20
7183,7183,63938,2022-08-18
7184,7184,879357,2024-07-31
7185,7185,1059110,2019-01-02
7186,7186,120988,2022-01-23
7187,7187,1421093,2018-04-24
7188,7188,888737,2024-08-19
7189,7189,614418,2018-04-06
7190,7190,705441,2022-06-06
7191,7191,778114,2022-11-01
7192,7192,1104003,2024-12-18
7193,7193,1040379,2023-11-04
7194,7194,240277,2018-10-19
7195,7195,1481418,2023-09-26
7196,7196,736185,2020-02-19
7197,7197,413150,2020-06-27
7198,7198,1371550,2018-09-20
7199,7199,1164645,2024-01-15
7200,7200,306696,2022-11-08
7201,7201,678453,2019-05-09
7202,7202,1421453,2018-11-05
7203,7203,881036,2020-05-08
7204,7204,1267328,2019-11-10
7205,7205,536739,2021-01-31
7206,7206,737891,2018-09-13
7207,7207,460986,2022-06-01
7208,7208,871196,2019-03-06
7209,7209,1047336,2023-09-19
7210,7210,1386846,2018-06-04
7211,7211,419269,2019-06-06
7212,7212,723701,2020-06-19
7213,7213,739246,2018-12-14
7214,7214,253586,2019-03-14
7215,7215,633887,2018-12-03
7216,7216,1019709,2020-08-30
7217,7217,230970,2019-04-14
7218,7218,683748,2024-10-20
7219,7219,1343752,2019-08-24
7220,7220,332855,2020-03-20
7221,7221,903516,2022-07-17
7222,7222,787696,2018-05-31
7223,7223,640819,2024-08-20
7224,7224,373128,2024-02-07
7225,7225,282959,2019-05-08
7226,7226,1033223,2019-02-10
7227,7227,1291290,2024-01-06
7228,7228,1019463,2020-06-18
7229,7229,1268093,2020-12-20
7230,7230,650195,2021-09-11
7231,7231,1102985,2019-01-12
7232,7232,828956,2023-08-10
7233,7233,812846,2018-03-18
7234,7234,339706,2024-06-14
7235,7235,107407,2024-07-03
7236,7236,290956,2018-10-08
7237,7237,94792,2018-08-20
7238,7238,1340789,2018-05-30
7239,7239,91141,2021-05-28
7240,7240,870280,2019-12-20
7241,7241,525759,2021-03-07
7242,7242,721261,2020-05-14
7243,7243,1055848,2024-01-23
7244,7244,1006158,2022-08-08
7245,7245,787857,2020-11-30
7246,7246,946227,2022-03-17
7247,7247,1100113,2024-10-25
7248,7248,645248,2020-12-01
7249,7249,786532,2024-03-10
7250,7250,1064213,2019-02-08
7251,7251,1267182,2023-03-30
7252,7252,334317,2021-12-09
7253,7253,925369,2019-03-25
7254,7254,1143836,2024-11-07
7255,7255,1425714,2018-12-12
7256,7256,1163314,2024-08-21
7257,7257,1154711,2022-01-27
7258,7258,258468,2019-05-25
7259,7259,862286,2023-10-07
7260,7260,858135,2018-09-02
7261,7261,590639,2024-12-13
7262,7262,338476,2020-08-27
7263,7263,360075,2019-09-11
7264,7264,626266,2023-09-07
7265,7265,1272088,2023-06-13
7266,7266,724546,2019-04-30
7267,7267,379510,2021-06-11
7268,7268,714550,2020-11-04
7269,7269,488949,2024-08-02
7270,7270,1054236,2021-10-29
7271,7271,293817,2023-06-27
7272,7272,415405,2022-10-27
7273,7273,1252279,2021-01-18
7274,7274,419331,2021-06-30
7275,7275,1364580,2022-03-10
7276,7276,937599,2023-01-13
7277,7277,1044946,2023-11-10
7278,7278,228229,2024-11-24
7279,7279,833979,2022-11-30
7280,7280,137927,2018-03-03
7281,7281,1314139,2020-10-22
7282,7282,365612,2023-09-17
7283,7283,1146063,2018-06-27
7284,7284,498690,2020-12-15
7285,7285,750164,2018-04-26
7286,7286,824208,2019-12-19
7287,7287,463670,2022-07-13
7288,7288,984832,2023-02-18
7289,7289,1303844,2021-03-16
7290,7290,507287,2021-07-22
7291,7291,393110,2019-07-25
7292,7292,422678,2023-03-07
7293,7293,1016784,2023-11-07
7294,7294,178071,2020-11-05
7295,7295,455062,2021-06-09
7296,7296,935431,2020-04-16
7297,7297,1296482,2023-01-10
7298,7298,1059169,2021-01-25
7299,7299,108698,2020-07-10
7300,7300,629004,2018-03-25
7301,7301,279806,2018-05-19
7302,7302,621278,2019-05-02
7303,7303,584607,2018-08-09
7304,7304,690958,2024-08-22
7305,7305,349155,2020-04-09
7306,7306,546134,2021-06-28
7307,7307,674115,2019-04-21
7308,7308,331801,2022-01-30
7309,7309,1375766,2023-03-18
7310,7310,1058410,2019-06-24
7311,7311,1413576,2018-05-05
7312,7312,203471,2021-03-29
7313,7313,607326,2018-02-12
7314,7314,1401740,2021-02-12
7315,7315,1129693,2023-07-11
7316,7316,1015597,2020-06-20
7317,7317,738693,2022-04-20
7318,7318,61918,2019-03-20
7319,7319,1013424,2021-09-06
7320,7320,1022860,2023-11-16
7321,7321,1213882,2022-12-18
7322,7322,551423,2021-05-25
7323,7323,1241218,2020-06-11
7324,7324,637968,2024-12-22
7325,7325,474129,2020-02-20
7326,7326,507589,2019-03-04
7327,7327,1394845,2022-08-03
7328,7328,1148164,2018-06-29
7329,7329,1333264,2021-01-22
7330,7330,680275,2018-01-29
7331,7331,271691,2024-10-10
7332,7332,117038,2024-09-22
7333,7333,73242,2020-09-04
7334,7334,1224807,2018-12-01
7335,7335,743548,2020-05-09
7336,7336,860852,2018-02-07
7337,7337,571492,2022-02-05
7338,7338,1133031,2024-08-30
7339,7339,831671,2018-10-07
7340,7340,1392945,2023-12-20
7341,7341,964889,2022-10-17
7342,7342,1010251,2021-10-29
7343,7343,1390929,2018-08-13
7344,7344,293973,2020-09-03
7345,7345,737533,2020-12-04
7346,7346,1257020,2021-11-15
7347,7347,1149395,2022-02-22
7348,7348,1363777,2019-12-09
7349,7349,1136686,2024-05-02
7350,7350,794240,2020-04-23
7351,7351,611148,2023-03-08
7352,7352,236702,2021-09-21
7353,7353,466100,2024-03-02
7354,7354,234622,2020-04-27
7355,7355,716129,2024-04-12
7356,7356,1205959,2024-07-24
7357,7357,888153,2019-12-22
7358,7358,926442,2022-08-10
7359,7359,1030044,2019-10-04
7360,7360,692591,2019-11-11
7361,7361,473729,2024-10-13
7362,7362,952841,2021-04-19
7363,7363,1108693,2023-02-15
7364,7364,604341,2021-10-19
7365,7365,880960,2022-06-16
7366,7366,629347,2022-07-02
7367,7367,622319,2018-11-29
7368,7368,1415931,2018-10-10
7369,7369,226097,2024-10-06
7370,7370,1033395,2019-09-27
7371,7371,52984,2024-06-17
7372,7372,1032462,2021-11-10
7373,7373,466390,2021-09-08
7374,7374,115939,2022-07-02
7375,7375,123784,2018-02-24
7376,7376,341005,2019-06-26
7377,7377,721012,2018-02-19
7378,7378,903792,2024-03-16
7379,7379,1161355,2023-03-21
7380,7380,546139,2022-07-06
7381,7381,995647,2019-09-17
7382,7382,922592,2021-09-04
7383,7383,1220575,2024-10-23
7384,7384,86665,2023-01-11
7385,7385,291083,2019-10-20
7386,7386,1000085,2021-11-29
7387,7387,658146,2020-09-20
7388,7388,485240,2024-10-12
7389,7389,140628,2020-07-05
7390,7390,656360,2020-04-25
7391,7391,1113877,2022-06-20
7392,7392,315918,2021-05-01
7393,7393,89944,2018-02-17
7394,7394,668892,2018-02-11
7395,7395,565524,2020-09-11
7396,7396,1062733,2023-08-19
7397,7397,819849,2020-03-14
7398,7398,448399,2022-01-26
7399,7399,355529,2021-12-04
7400,7400,642950,2022-09-08
7401,7401,860871,2021-06-15
7402,7402,765657,2023-03-29
7403,7403,807988,2021-01-25
7404,7404,179103,2023-09-30
7405,7405,253129,2023-10-30
7406,7406,1327262,2018-07-18
7407,7407,1190714,2020-11-22
7408,7408,136033,2022-02-05
7409,7409,272895,2019-11-18
7410,7410,315029,2021-07-17
7411,7411,1147738,2021-04-27
7412,7412,1329676,2022-07-20
7413,7413,935309,2022-05-03
7414,7414,614929,2024-05-28
7415,7415,1398129,2024-03-26
7416,7416,1098991,2023-03-21
7417,7417,149239,2024-04-14
7418,7418,893836,2019-04-25
7419,7419,1449038,2024-12-02
7420,7420,1304083,2020-08-07
7421,7421,117749,2020-04-22
7422,7422,998179,2024-02-10
7423,7423,1271463,2019-12-12
7424,7424,631228,2018-07-04
7425,7425,726251,2018-09-27
7426,7426,306009,2024-08-15
7427,7427,793997,2020-06-03
7428,7428,147883,2024-09-23
7429,7429,810062,2020-02-08
7430,7430,1399692,2020-02-12
7431,7431,1131435,2021-12-01
7432,7432,1448451,2021-06-11
7433,7433,1397689,2022-03-25
7434,7434,1092805,2021-05-29
7435,7435,331858,2023-02-11
7436,7436,1424557,2018-04-22
7437,7437,361644,2023-08-15
7438,7438,516247,2018-11-27
7439,7439,1231938,2021-05-13
7440,7440,877774,2024-11-08
7441,7441,977114,2021-08-27
7442,7442,299951,2019-08-04
7443,7443,447872,2023-01-27
7444,7444,156931,2024-02-10
7445,7445,956719,2023-10-04
7446,7446,1219175,2019-06-21
7447,7447,685527,2019-03-05
7448,7448,1283800,2023-09-15
7449,7449,1076570,2022-09-06
7450,7450,205737,2022-06-20
7451,7451,407176,2018-12-08
7452,7452,556218,2022-02-06
7453,7453,52862,2020-02-10
7454,7454,828531,2018-05-09
7455,7455,904477,2019-12-22
7456,7456,1360452,2023-11-06
7457,7457,1313802,2018-10-20
7458,7458,1241878,2018-08-09
7459,7459,381429,2023-05-14
7460,7460,1120242,2022-12-14
7461,7461,600398,2023-02-20
7462,7462,471355,2019-05-31
7463,7463,224284,2018-08-31
7464,7464,224877,2022-02-20
7465,7465,586282,2018-08-19
7466,7466,1012056,2019-07-08
7467,7467,925645,2022-02-24
7468,7468,290404,2022-02-09
7469,7469,168550,2020-05-12
7470,7470,567959,2018-04-04
7471,7471,1163169,2018-10-15
7472,7472,461051,2023-11-29
7473,7473,1203462,2023-02-04
7474,7474,177578,2018-07-05
7475,7475,999861,2018-07-24
7476,7476,1265881,2021-11-02
7477,7477,1154389,2023-10-02
7478,7478,187824,2019-12-28
7479,7479,697087,2020-04-11
7480,7480,1208358,2022-12-22
7481,7481,875825,2020-12-31
7482,7482,475210,2021-01-29
7483,7483,977009,2021-03-03
7484,7484,858426,2021-12-23
7485,7485,195933,2018-10-21
7486,7486,815272,2023-06-10
7487,7487,1207620,2018-03-14
7488,7488,333721,2021-08-07
7489,7489,72577,2018-07-30
7490,7490,1290944,2018-12-05
7491,7491,631214,2023-04-02
7492,7492,731973,2019-02-07
7493,7493,897770,2022-05-22
7494,7494,548441,2020-06-19
7495,7495,711456,2024-01-13
7496,7496,1301310,2018-10-31
7497,7497,1094550,2023-03-02
7498,7498,71688,2018-04-14
7499,7499,683279,2019-07-17
7500,7500,1205253,2022-11-26
7501,7501,998353,2022-06-14
7502,7502,813068,2020-05-25
7503,7503,922566,2021-05-17
7504,7504,633972,2020-12-23
7505,7505,758524,2020-06-26
7506,7506,1355369,2024-02-07
7507,7507,1473733,2024-07-08
7508,7508,871516,2020-09-01
7509,7509,1425785,2021-02-26
7510,7510,433081,2019-07-02
7511,7511,785471,2023-06-06
7512,7512,637758,2020-10-27
7513,7513,1144221,2023-06-18
7514,7514,966821,2018-08-15
7515,7515,1181654,2023-10-13
7516,7516,650880,2022-02-11
7517,7517,1464991,2018-10-29
7518,7518,160532,2020-11-05
7519,7519,1479837,2021-09-23
7520,7520,695809,2023-10-31
7521,7521,1007470,2021-04-07
7522,7522,59713,2022-12-06
7523,7523,215637,2024-10-15
7524,7524,73967,2023-12-25
7525,7525,379332,2024-11-20
7526,7526,300415,2023-11-18
7527,7527,733251,2020-11-28
7528,7528,648125,2023-07-01
7529,7529,366065,2023-08-07
7530,7530,1282252,2024-11-14
7531,7531,684757,2019-03-11
7532,7532,1340035,2018-11-06
7533,7533,456793,2020-01-17
7534,7534,1125106,2023-02-13
7535,7535,99470,2019-06-28
7536,7536,487926,2019-08-17
7537,7537,1424803,2021-07-01
7538,7538,319350,2018-05-02
7539,7539,438352,2020-12-19
7540,7540,360811,2020-05-04
7541,7541,854687,2023-05-27
7542,7542,690928,2021-03-10
7543,7543,647865,2021-04-03
7544,7544,1125328,2018-05-21
7545,7545,454720,2022-03-20
7546,7546,396325,2023-10-03
7547,7547,1075333,2022-06-12
7548,7548,481147,2024-02-01
7549,7549,404062,2019-09-11
7550,7550,334116,2019-07-22
7551,7551,265317,2019-09-16
7552,7552,518563,2023-01-17
7553,7553,156454,2021-12-24
7554,7554,1055973,2022-10-27
7555,7555,359606,2019-02-13
7556,7556,770201,2021-12-23
7557,7557,272375,2022-12-17
7558,7558,1145650,2019-10-21
7559,7559,139811,2019-09-03
7560,7560,1328522,2018-03-05
7561,7561,104138,2019-05-27
7562,7562,1381168,2022-08-07
7563,7563,408740,2024-03-23
7564,7564,495015,2020-10-31
7565,7565,539171,2020-09-16
7566,7566,826786,2024-07-11
7567,7567,1419332,2020-02-11
7568,7568,1308782,2023-02-16
7569,7569,89220,2024-10-24
7570,7570,1000056,2024-11-23
7571,7571,200051,2019-02-16
7572,7572,871679,2024-04-22
7573,7573,857852,2021-07-24
7574,7574,848501,2021-09-17
7575,7575,160258,2019-01-07
7576,7576,961836,2020-08-10
7577,7577,670328,2019-10-08
7578,7578,297627,2022-10-31
7579,7579,1200898,2022-01-10
7580,7580,1437690,2023-09-21
7581,7581,314336,2021-02-22
7582,7582,425509,2020-10-10
7583,7583,724581,2018-04-12
7584,7584,901150,2019-04-05
7585,7585,446421,2024-09-17
7586,7586,1222661,2022-06-23
7587,7587,390799,2023-02-18
7588,7588,708272,2019-12-21
7589,7589,442194,2020-06-25
7590,7590,954295,2018-04-05
7591,7591,1487242,2021-12-29
7592,7592,138722,2020-09-18
7593,7593,496902,2024-05-25
7594,7594,879624,2019-08-09
7595,7595,1251011,2021-05-17
7596,7596,1296107,2024-07-14
7597,7597,966951,2024-07-20
7598,7598,527505,2023-02-13
7599,7599,556227,2020-05-13
7600,7600,1397887,2023-06-10
7601,7601,393501,2020-12-31
7602,7602,1082164,2021-04-09
7603,7603,637138,2022-12-27
7604,7604,1332250,2021-04-29
7605,7605,1341107,2022-12-03
7606,7606,399638,2019-07-04
7607,7607,379442,2020-02-27
7608,7608,1417903,2018-08-26
7609,7609,1125191,2019-11-01
7610,7610,244375,2024-02-27
7611,7611,909950,2024-05-31
7612,7612,943305,2021-10-08
7613,7613,862397,2024-04-04
7614,7614,1298461,2019-05-19
7615,7615,743960,2023-11-22
7616,7616,1468587,2023-11-01
7617,7617,824836,2022-02-13
7618,7618,927131,2022-01-28
7619,7619,1144257,2022-05-06
7620,7620,485424,2019-04-26
7621,7621,1154227,2024-11-29
7622,7622,1141148,2022-08-07
7623,7623,133924,2024-04-10
7624,7624,1481994,2023-11-16
7625,7625,661593,2023-12-14
7626,7626,680142,2018-06-29
7627,7627,543353,2018-04-17
7628,7628,1416497,2024-06-15
7629,7629,1003102,2018-11-02
7630,7630,818057,2021-07-14
7631,7631,1023684,2021-08-17
7632,7632,391322,2018-07-31
7633,7633,533517,2019-05-15
7634,7634,961714,2021-04-22
7635,7635,1275350,2020-12-18
7636,7636,820188,2018-12-16
7637,7637,1297438,2023-10-30
7638,7638,1005387,2019-02-14
7639,7639,1321496,2020-09-19
7640,7640,1042430,2021-08-19
7641,7641,807401,2022-10-15
7642,7642,1459942,2021-12-18
7643,7643,1222417,2019-01-09
7644,7644,808575,2024-05-14
7645,7645,909644,2022-08-22
7646,7646,1085762,2021-02-16
7647,7647,1155609,2022-12-26
7648,7648,427677,2022-10-06
7649,7649,218243,2024-12-03
7650,7650,499586,2023-06-08
7651,7651,290896,2024-03-28
7652,7652,178090,2020-06-12
7653,7653,261631,2021-02-06
7654,7654,990816,2024-12-22
7655,7655,1080262,2019-04-13
7656,7656,351100,2023-12-27
7657,7657,422359,2024-05-15
7658,7658,67337,2018-10-06
7659,7659,1350552,2021-04-12
7660,7660,244654,2023-06-21
7661,7661,855454,2024-05-09
7662,7662,559650,2022-07-13
7663,7663,289676,2019-09-08
7664,7664,1148501,2021-06-29
7665,7665,432367,2021-09-18
7666,7666,409008,2018-08-07
7667,7667,773688,2023-12-22
7668,7668,538105,2020-07-28
7669,7669,1240379,2022-10-08
7670,7670,461297,2018-03-11
7671,7671,339553,2021-01-17
7672,7672,1330700,2020-04-01
7673,7673,448339,2022-12-11
7674,7674,416263,2023-10-13
7675,7675,599706,2021-07-12
7676,7676,141016,2022-02-13
7677,7677,236974,2022-05-05
7678,7678,1107299,2023-12-26
7679,7679,561991,2019-05-11
7680,7680,447786,2018-02-15
7681,7681,1012191,2022-02-01
7682,7682,824544,2019-04-18
7683,7683,1203700,2024-09-05
7684,7684,1360472,2024-04-02
7685,7685,471739,2021-04-14
7686,7686,498039,2022-01-31
7687,7687,754239,2022-09-28
7688,7688,198330,2021-12-13
7689,7689,756829,2019-02-06
7690,7690,429054,2018-06-11
7691,7691,1486020,2023-03-20
7692,7692,865239,2019-12-07
7693,7693,319014,2024-04-24
7694,7694,1268705,2018-01-11
7695,7695,73524,2022-12-27
7696,7696,433069,2019-11-13
7697,7697,918444,2024-11-12
7698,7698,1257555,2020-01-17
7699,7699,365504,2021-07-14
7700,7700,1065071,2020-09-12
7701,7701,605421,2018-08-04
7702,7702,1099749,2018-08-15
7703,7703,1234923,2022-05-05
7704,7704,510367,2019-08-14
7705,7705,453098,2019-06-13
7706,7706,1215585,2020-04-10
7707,7707,488484,2022-02-15
7708,7708,1350758,2019-04-17
7709,7709,75803,2024-05-10
7710,7710,328380,2022-12-02
7711,7711,438950,2020-01-03
7712,7712,1179371,2022-01-30
7713,7713,505998,2024-02-16
7714,7714,828101,2018-11-23
7715,7715,832147,2022-02-27
7716,7716,561511,2024-01-03
7717,7717,1130840,2018-04-28
7718,7718,1489858,2024-09-30
7719,7719,870547,2019-09-29
7720,7720,1321474,2022-10-07
7721,7721,432073,2019-07-11
7722,7722,538336,2020-03-08
7723,7723,80768,2024-11-02
7724,7724,539969,2018-12-08
7725,7725,1127060,2021-09-09
7726,7726,1226803,2023-06-22
7727,7727,1175030,2023-04-09
7728,7728,87906,2023-03-12
7729,7729,696496,2021-09-27
7730,7730,348150,2024-12-24
7731,7731,880041,2021-12-05
7732,7732,578800,2023-06-26
7733,7733,933383,2024-03-31
7734,7734,1174253,2018-09-19
7735,7735,778350,2021-12-24
7736,7736,1116967,2023-12-03
7737,7737,174984,2020-02-28
7738,7738,204331,2021-06-26
7739,7739,507807,2018-02-24
7740,7740,1095348,2018-07-05
7741,7741,362260,2022-01-15
7742,7742,988184,2022-08-11
7743,7743,379064,2024-06-04
7744,7744,693115,2021-08-14
7745,7745,389361,2020-04-03
7746,7746,810477,2023-01-14
7747,7747,1046888,2020-02-24
7748,7748,178531,2022-07-08
7749,7749,1355929,2021-09-13
7750,7750,348824,2022-03-17
7751,7751,915508,2022-07-03
7752,7752,953851,2019-10-20
7753,7753,702389,2021-07-09
7754,7754,100283,2018-04-05
7755,7755,1158285,2024-02-22
7756,7756,62292,2021-07-27
7757,7757,1351178,2020-05-31
7758,7758,625681,2018-01-24
7759,7759,1245209,2023-09-15
7760,7760,1264837,2018-09-25
7761,7761,904848,2023-01-10
7762,7762,1093400,2023-11-28
7763,7763,849668,2019-08-23
7764,7764,1037817,2024-02-23
7765,7765,1476214,2018-02-20
7766,7766,1289830,2020-05-30
7767,7767,78846,2018-11-06
7768,7768,1465807,2021-02-14
7769,7769,255425,2020-03-31
7770,7770,182914,2018-07-18
7771,7771,471623,2023-01-17
7772,7772,1074749,2024-03-26
7773,7773,477405,2021-04-12
7774,7774,937286,2018-08-30
7775,7775,429875,2018-10-20
7776,7776,1172834,2024-01-29
7777,7777,344955,2019-08-11
7778,7778,1463048,2018-01-30
7779,7779,963815,2022-05-01
7780,7780,549970,2022-04-03
7781,7781,755997,2020-11-23
7782,7782,673808,2020-03-15
7783,7783,1129996,2024-12-24
7784,7784,722866,2018-10-20
7785,7785,1292896,2022-05-18
7786,7786,1056768,2019-06-23
7787,7787,1259883,2019-10-27
7788,7788,136162,2024-10-12
7789,7789,1233804,2024-01-28
7790,7790,301076,2019-01-27
7791,7791,1130563,2019-07-25
7792,7792,541658,2020-05-17
7793,7793,784870,2022-02-11
7794,7794,939351,2020-03-12
7795,7795,96062,2024-01-05
7796,7796,534107,2018-09-02
7797,7797,745220,2021-01-12
7798,7798,133180,2024-03-13
7799,7799,74451,2022-10-21
7800,7800,535344,2021-04-19
7801,7801,989511,2024-07-19
7802,7802,88419,2018-08-03
7803,7803,1284482,2021-08-20
7804,7804,1116142,2022-03-31
7805,7805,492660,2019-11-21
7806,7806,312507,2022-02-07
7807,7807,1028443,2021-05-26
7808,7808,881102,2019-10-25
7809,7809,1487026,2021-04-18
7810,7810,250815,2019-09-20
7811,7811,372704,2022-09-16
7812,7812,1324274,2021-07-23
7813,7813,463069,2023-08-17
7814,7814,368082,2021-06-08
7815,7815,1260866,2024-09-27
7816,7816,644526,2024-06-16
7817,7817,831862,2019-02-07
7818,7818,466583,2020-11-19
7819,7819,843615,2023-02-09
7820,7820,767576,2019-06-22
7821,7821,1354143,2018-12-15
7822,7822,1215598,2022-06-09
7823,7823,1486285,2019-05-09
7824,7824,278919,2024-05-09
7825,7825,244467,2024-07-25
7826,7826,1407099,2022-05-25
7827,7827,1335314,2020-02-28
7828,7828,1444498,2018-11-21
7829,7829,1244077,2022-10-25
7830,7830,329574,2019-07-08
7831,7831,947479,2018-10-20
7832,7832,724945,2022-12-05
7833,7833,527700,2019-07-08
7834,7834,694662,2023-11-03
7835,7835,1216443,2019-10-16
7836,7836,536604,2022-04-18
7837,7837,590133,2023-01-17
7838,7838,1190342,2019-10-28
7839,7839,1170392,2024-11-18
7840,7840,1095648,2022-01-13
7841,7841,455396,2023-08-21
7842,7842,1384387,2023-10-31
7843,7843,1081582,2019-02-06
7844,7844,747367,2021-06-18
7845,7845,845880,2024-10-17
7846,7846,1027154,2022-09-07
7847,7847,418935,2021-02-01
7848,7848,671209,2018-10-25
7849,7849,783995,2021-02-28
7850,7850,1212478,2022-10-17
7851,7851,1112381,2020-06-22
7852,7852,486688,2021-12-25
7853,7853,863326,2021-05-27
7854,7854,112369,2023-09-27
7855,7855,1116897,2021-07-30
7856,7856,1275345,2024-07-03
7857,7857,412652,2023-11-24
7858,7858,220812,2023-10-16
7859,7859,127645,2024-06-07
7860,7860,512228,2019-11-06
7861,7861,355151,2022-10-15
7862,7862,117172,2021-03-23
7863,7863,1460124,2024-08-07
7864,7864,89422,2018-12-21
7865,7865,1061746,2019-10-29
7866,7866,1049830,2018-06-24
7867,7867,980443,2023-08-19
7868,7868,1181350,2020-06-27
7869,7869,401855,2020-01-22
7870,7870,666079,2022-06-24
7871,7871,1493913,2021-12-20
7872,7872,977895,2020-03-18
7873,7873,1371537,2024-02-14
7874,7874,91632,2018-02-15
7875,7875,1355293,2022-06-11
7876,7876,1240178,2024-10-13
7877,7877,1237150,2023-11-30
7878,7878,1047165,2020-07-20
7879,7879,726579,2022-05-16
7880,7880,419634,2024-07-25
7881,7881,1165083,2019-10-31
7882,7882,1012431,2020-11-15
7883,7883,136884,2022-11-25
7884,7884,895428,2019-11-18
7885,7885,1415756,2022-09-18
7886,7886,1365228,2019-09-12
7887,7887,662999,2021-02-10
7888,7888,239800,2019-04-04
7889,7889,452179,2024-01-08
7890,7890,116721,2024-10-20
7891,7891,892458,2018-09-26
7892,7892,1448442,2021-10-18
7893,7893,535484,2024-10-25
7894,7894,1445736,2018-04-12
7895,7895,268750,2022-04-27
7896,7896,630664,2023-11-14
7897,7897,633971,2024-03-24
7898,7898,104101,2020-12-14
7899,7899,922082,2020-02-21
7900,7900,402073,2020-07-10
7901,7901,1129267,2024-01-05
7902,7902,1344433,2021-09-10
7903,7903,549298,2024-11-03
7904,7904,690445,2020-09-08
7905,7905,709305,2024-08-12
7906,7906,622389,2022-09-29
7907,7907,1349258,2018-01-22
7908,7908,538368,2021-01-28
7909,7909,237211,2022-03-29
7910,7910,963497,2021-12-26
7911,7911,1175660,2020-01-25
7912,7912,843968,2024-08-30
7913,7913,418982,2023-02-03
7914,7914,1386953,2023-04-03
7915,7915,1380710,2023-05-21
7916,7916,126081,2020-11-12
7917,7917,740887,2018-03-18
7918,7918,153591,2018-11-01
7919,7919,1330551,2022-02-11
7920,7920,1080533,2018-04-23
7921,7921,722937,2020-04-04
7922,7922,758774,2021-08-13
7923,7923,1072030,2022-05-16
7924,7924,376404,2022-01-13
7925,7925,667094,2019-09-15
7926,7926,1100319,2018-06-28
7927,7927,484092,2018-09-26
7928,7928,54162,2020-07-18
7929,7929,671600,2021-12-13
7930,7930,511819,2018-02-23
7931,7931,501190,2020-07-15
7932,7932,840808,2022-01-31
7933,7933,206105,2020-06-16
7934,7934,1158781,2019-12-30
7935,7935,1048627,2018-07-12
7936,7936,652421,2024-11-21
7937,7937,968293,2020-05-27
7938,7938,88874,2022-02-04
7939,7939,68196,2021-11-04
7940,7940,318994,2020-07-07
7941,7941,1328670,2019-12-07
7942,7942,1392754,2022-06-12
7943,7943,1320342,2019-12-07
7944,7944,564314,2023-08-24
7945,7945,1488031,2024-05-07
7946,7946,220579,2024-03-13
7947,7947,376116,2023-01-21
7948,7948,1120747,2021-03-04
7949,7949,1213563,2020-02-13
7950,7950,55913,2019-08-20
7951,7951,400059,2018-12-03
7952,7952,709911,2022-09-02
7953,7953,108153,2023-09-11
7954,7954,571667,2019-05-19
7955,7955,895453,2019-09-13
7956,7956,934348,2018-06-25
7957,7957,837142,2019-01-27
7958,7958,170103,2024-02-28
7959,7959,964885,2019-09-04
7960,7960,1208896,2018-08-30
7961,7961,576297,2019-05-24
7962,7962,801053,2022-04-27
7963,7963,381689,2019-07-15
7964,7964,820249,2021-01-30
7965,7965,1312693,2020-12-08
7966,7966,357080,2020-01-07
7967,7967,1175324,2020-03-03
7968,7968,884434,2019-01-07
7969,7969,1473007,2019-04-29
7970,7970,283051,2020-03-29
7971,7971,271279,2020-11-08
7972,7972,213470,2022-11-21
7973,7973,1413490,2018-04-14
7974,7974,81485,2023-05-20
7975,7975,423863,2021-05-24
7976,7976,516227,2021-11-08
7977,7977,928430,2020-02-08
7978,7978,576495,2021-03-12
7979,7979,608127,2019-05-13
7980,7980,615391,2019-07-03
7981,7981,434299,2021-05-03
7982,7982,1283089,2021-01-11
7983,7983,912160,2022-12-13
7984,7984,1442012,2020-05-23
7985,7985,881900,2024-01-21
7986,7986,929781,2020-03-07
7987,7987,1181188,2022-02-23
7988,7988,639169,2018-10-03
7989,7989,1387357,2024-07-15
7990,7990,1489666,2019-01-14
7991,7991,877221,2023-05-06
7992,7992,549025,2021-01-14
7993,7993,802334,2020-09-07
7994,7994,609171,2023-05-24
7995,7995,605874,2021-04-27
7996,7996,714500,2021-05-08
7997,7997,157827,2020-02-07
7998,7998,184265,2018-08-07
7999,7999,551573,2021-03-29
8000,8000,628770,2023-04-28
8001,8001,452917,2022-09-29
8002,8002,901046,2019-07-21
8003,8003,109746,2018-05-08
8004,8004,1272934,2023-03-25
8005,8005,1321139,2022-06-17
8006,8006,539497,2019-06-05
8007,8007,1439085,2024-07-11
8008,8008,363545,2022-11-28
8009,8009,83616,2023-09-04
8010,8010,400484,2018-11-26
8011,8011,1134385,2024-04-03
8012,8012,875644,2024-02-06
8013,8013,1227713,2019-12-07
8014,8014,154516,2021-05-15
8015,8015,483306,2019-07-13
8016,8016,863770,2018-01-24
8017,8017,1254329,2022-02-16
8018,8018,1441652,2022-08-04
8019,8019,953863,2020-07-11
8020,8020,938640,2021-04-11
8021,8021,535970,2023-06-29
8022,8022,664182,2019-01-24
8023,8023,281344,2023-10-20
8024,8024,598315,2019-01-28
8025,8025,1449809,2019-11-05
8026,8026,1388611,2022-01-30
8027,8027,814974,2020-08-14
8028,8028,1099177,2023-05-03
8029,8029,1388614,2023-03-13
8030,8030,1460082,2023-08-27
8031,8031,1007812,2019-03-04
8032,8032,944381,2020-12-06
8033,8033,510873,2023-08-26
8034,8034,1486274,2018-04-01
8035,8035,1006781,2023-08-23
8036,8036,1013562,2024-06-20
8037,8037,635582,2023-07-03
8038,8038,1470618,2021-06-16
8039,8039,426376,2022-01-06
8040,8040,526460,2021-07-19
8041,8041,821563,2020-11-19
8042,8042,370862,2022-07-29
8043,8043,1276458,2024-07-01
8044,8044,1295231,2022-12-25
8045,8045,744530,2021-12-23
8046,8046,1365759,2023-04-30
8047,8047,709391,2021-12-02
8048,8048,976765,2018-05-22
8049,8049,862166,2018-06-14
8050,8050,1080035,2019-09-30
8051,8051,80024,2022-03-23
8052,8052,274846,2020-06-09
8053,8053,100396,2022-05-15
8054,8054,417962,2021-08-04
8055,8055,913907,2020-01-16
8056,8056,704998,2020-01-05
8057,8057,1311430,2021-04-22
8058,8058,1431492,2022-10-03
8059,8059,1067100,2020-10-27
8060,8060,909244,2020-09-08
8061,8061,850821,2022-08-09
8062,8062,989580,2019-03-21
8063,8063,281747,2023-08-06
8064,8064,901016,2018-01-28
8065,8065,472128,2021-08-22
8066,8066,1461415,2019-11-14
8067,8067,113115,2018-01-06
8068,8068,280638,2021-11-12
8069,8069,762436,2020-03-26
8070,8070,881889,2020-12-30
8071,8071,758749,2019-12-07
8072,8072,581338,2020-03-23
8073,8073,1190104,2019-06-19
8074,8074,63891,2019-10-24
8075,8075,174825,2023-02-23
8076,8076,1326857,2019-05-25
8077,8077,826447,2021-12-30
8078,8078,148992,2018-07-16
8079,8079,736642,2024-10-05
8080,8080,1252220,2019-07-28
8081,8081,1254436,2024-08-22
8082,8082,145792,2022-12-31
8083,8083,769646,2023-06-23
8084,8084,91879,2023-08-08
8085,8085,134273,2024-07-01
8086,8086,673041,2023-06-16
8087,8087,1387283,2019-03-30
8088,8088,1271082,2019-09-11
8089,8089,518634,2023-05-05
8090,8090,762464,2024-03-19
8091,8091,363583,2023-05-28
8092,8092,438461,2018-01-26
8093,8093,426726,2019-10-02
8094,8094,335289,2021-03-16
8095,8095,1157248,2019-09-03
8096,8096,1465981,2020-09-06
8097,8097,706895,2022-02-02
8098,8098,1098344,2018-03-04
8099,8099,795941,2024-09-14
8100,8100,1308324,2022-03-25
8101,8101,707269,2018-02-26
8102,8102,1138306,2019-07-17
8103,8103,1401663,2024-04-26
8104,8104,1472144,2023-02-12
8105,8105,1292919,2022-06-09
8106,8106,962294,2022-09-05
8107,8107,1438646,2018-09-10
8108,8108,1122059,2020-01-17
8109,8109,1106133,2024-01-28
8110,8110,360878,2019-11-22
8111,8111,809432,2024-06-20
8112,8112,1055594,2018-08-27
8113,8113,142254,2024-09-05
8114,8114,1026195,2020-08-09
8115,8115,533281,2018-04-01
8116,8116,1399434,2021-12-02
8117,8117,694605,2019-01-11
8118,8118,88155,2024-07-23
8119,8119,553046,2024-06-22
8120,8120,1257307,2024-04-05
8121,8121,1464126,2020-02-20
8122,8122,1404938,2018-08-26
8123,8123,763719,2018-05-01
8124,8124,186400,2021-03-03
8125,8125,314088,2021-02-04
8126,8126,663545,2022-02-09
8127,8127,1071751,2022-09-30
8128,8128,871942,2023-10-15
8129,8129,1215836,2020-08-25
8130,8130,1334779,2024-06-13
8131,8131,1092851,2019-10-16
8132,8132,1305797,2020-09-03
8133,8133,302711,2019-12-13
8134,8134,459488,2018-04-04
8135,8135,1014096,2020-06-18
8136,8136,1102792,2023-10-20
8137,8137,1155561,2020-02-24
8138,8138,551481,2019-06-12
8139,8139,666006,2018-03-09
8140,8140,895927,2021-01-25
8141,8141,1051982,2023-11-16
8142,8142,1022665,2021-11-14
8143,8143,954297,2021-01-14
8144,8144,1026486,2018-05-02
8145,8145,208396,2024-03-05
8146,8146,655116,2019-11-17
8147,8147,528268,2019-03-04
8148,8148,189984,2023-03-22
8149,8149,572341,2020-05-18
8150,8150,1462155,2019-09-07
8151,8151,1397935,2023-05-01
8152,8152,869831,2022-03-08
8153,8153,900745,2018-12-03
8154,8154,1232552,2023-03-19
8155,8155,1277314,2018-03-28
8156,8156,1218988,2019-03-17
8157,8157,400361,2019-06-02
8158,8158,1330548,2019-06-01
8159,8159,821535,2022-03-19
8160,8160,190008,2020-02-17
8161,8161,302859,2023-03-07
8162,8162,590007,2020-12-11
8163,8163,1381397,2023-02-14
8164,8164,288190,2019-08-31
8165,8165,77732,2024-10-11
8166,8166,1045831,2021-08-08
8167,8167,288712,2024-03-10
8168,8168,142886,2019-09-23
8169,8169,413523,2021-02-28
8170,8170,449009,2021-05-23
8171,8171,1369345,2018-03-22
8172,8172,1343054,2019-11-18
8173,8173,1044569,2023-10-01
8174,8174,1309343,2023-12-24
8175,8175,870546,2018-09-27
8176,8176,233758,2019-10-07
8177,8177,760266,2020-09-07
8178,8178,743614,2020-08-02
8179,8179,1266939,2020-02-14
8180,8180,853942,2019-07-19
8181,8181,1351767,2020-02-23
8182,8182,1025878,2018-07-17
8183,8183,1167012,2021-11-10
8184,8184,1201397,2019-10-09
8185,8185,800642,2024-04-29
8186,8186,1255585,2023-01-07
8187,8187,1007424,2021-11-15
8188,8188,693271,2021-01-03
8189,8189,76649,2024-10-21
8190,8190,1141966,2018-06-12
8191,8191,152548,2020-05-28
8192,8192,866336,2021-11-03
8193,8193,795077,2020-10-20
8194,8194,1131595,2020-06-23
8195,8195,674447,2019-12-25
8196,8196,1478798,2024-11-14
8197,8197,56851,2024-02-24
8198,8198,694880,2024-10-04
8199,8199,722140,2022-08-10
8200,8200,1035445,2020-02-19
8201,8201,717600,2023-02-23
8202,8202,337169,2019-10-23
8203,8203,130738,2018-01-24
8204,8204,1093945,2022-08-08
8205,8205,782849,2019-04-01
8206,8206,190034,2021-09-07
8207,8207,754467,2023-09-08
8208,8208,1173747,2023-02-15
8209,8209,795096,2020-06-24
8210,8210,1357541,2019-02-28
8211,8211,761314,2018-04-05
8212,8212,1078523,2024-12-14
8213,8213,1214394,2022-01-10
8214,8214,609188,2021-11-13
8215,8215,798238,2024-08-27
8216,8216,607236,2019-11-19
8217,8217,882309,2020-01-11
8218,8218,192194,2021-08-22
8219,8219,1015937,2019-10-29
8220,8220,1358048,2023-11-12
8221,8221,628235,2024-06-09
8222,8222,1313936,2023-04-12
8223,8223,160622,2021-04-19
8224,8224,1385417,2018-06-13
8225,8225,119870,2019-07-27
8226,8226,967568,2020-05-13
8227,8227,567880,2020-12-02
8228,8228,1232077,2024-03-13
8229,8229,121714,2024-01-08
8230,8230,869071,2018-09-18
8231,8231,538698,2021-08-11
8232,8232,662227,2021-10-30
8233,8233,300408,2023-04-10
8234,8234,1495280,2022-05-09
8235,8235,569288,2018-04-01
8236,8236,1299426,2021-03-07
8237,8237,308560,2024-04-20
8238,8238,255653,2021-02-02
8239,8239,677211,2023-05-20
8240,8240,464737,2018-06-03
8241,8241,579906,2019-01-09
8242,8242,1397322,2020-01-14
8243,8243,475733,2021-01-16
8244,8244,1243350,2019-05-16
8245,8245,937397,2023-11-28
8246,8246,124148,2024-05-27
8247,8247,358247,2020-04-08
8248,8248,1248041,2020-02-13
8249,8249,1094632,2020-10-12
8250,8250,1490417,2021-07-19
8251,8251,651448,2023-02-03
8252,8252,730047,2021-01-14
8253,8253,143570,2020-02-29
8254,8254,453557,2022-06-07
8255,8255,279910,2020-12-03
8256,8256,848317,2023-01-17
8257,8257,181035,2023-10-06
8258,8258,329871,2022-02-10
8259,8259,1462993,2018-03-18
8260,8260,588799,2023-12-18
8261,8261,1159459,2024-07-17
8262,8262,145100,2019-08-22
8263,8263,218200,2021-05-25
8264,8264,301287,2019-09-04
8265,8265,1090057,2021-07-28
8266,8266,610783,2022-01-11
8267,8267,542141,2024-05-08
8268,8268,472373,2023-10-16
8269,8269,334826,2022-11-06
8270,8270,981471,2022-11-08
8271,8271,1475805,2022-02-16
8272,8272,813840,2024-05-25
8273,8273,152723,2021-01-17
8274,8274,431391,2023-02-15
8275,8275,506513,2022-09-24
8276,8276,717438,2021-05-19
8277,8277,129379,2023-07-22
8278,8278,973342,2024-01-08
8279,8279,227620,2018-11-14
8280,8280,1006526,2024-03-30
8281,8281,153234,2020-04-26
8282,8282,1104862,2019-03-06
8283,8283,402298,2021-12-05
8284,8284,1063285,2019-05-07
8285,8285,247350,2023-09-08
8286,8286,1106177,2018-09-21
8287,8287,1258162,2018-12-13
8288,8288,1078236,2022-06-30
8289,8289,596563,2023-10-06
8290,8290,366497,2019-01-10
8291,8291,746943,2024-01-03
8292,8292,960391,2021-07-05
8293,8293,1449885,2024-02-21
8294,8294,838933,2019-04-15
8295,8295,608168,2021-02-02
8296,8296,367000,2021-12-11
8297,8297,1209719,2024-01-04
8298,8298,772804,2018-06-19
8299,8299,1000124,2022-09-13
8300,8300,1353090,2018-08-18
8301,8301,908214,2022-05-18
8302,8302,1029870,2024-01-15
8303,8303,1412010,2020-09-15
8304,8304,571491,2018-12-16
8305,8305,741614,2022-11-10
8306,8306,1074473,2019-08-09
8307,8307,1454791,2019-05-16
8308,8308,1078187,2021-12-01
8309,8309,1403341,2018-05-08
8310,8310,1281006,2023-04-12
8311,8311,1385390,2019-08-06
8312,8312,420148,2022-03-06
8313,8313,647581,2019-01-31
8314,8314,811159,2020-01-31
8315,8315,1020920,2024-02-29
8316,8316,329924,2021-11-09
8317,8317,1040033,2023-12-26
8318,8318,1240416,2023-04-05
8319,8319,117552,2022-12-28
8320,8320,661605,2019-07-28
8321,8321,1129949,2024-04-22
8322,8322,792889,2022-04-08
8323,8323,75766,2022-06-19
8324,8324,970294,2022-03-20
8325,8325,934200,2023-03-03
8326,8326,352214,2021-12-29
8327,8327,458348,2022-11-21
8328,8328,788243,2020-09-01
8329,8329,308772,2019-10-17
8330,8330,285052,2024-12-11
8331,8331,1052465,2018-07-11
8332,8332,403338,2023-10-22
8333,8333,1272193,2022-01-15
8334,8334,1480251,2022-07-25
8335,8335,1076768,2021-05-01
8336,8336,1238950,2023-12-02
8337,8337,320819,2019-01-01
8338,8338,708150,2021-08-27
8339,8339,1347866,2018-05-04
8340,8340,1454105,2020-06-20
8341,8341,1101930,2022-07-18
8342,8342,846098,2019-09-27
8343,8343,673628,2023-07-08
8344,8344,941790,2022-06-30
8345,8345,1436286,2019-12-18
8346,8346,453963,2018-05-29
8347,8347,1422372,2020-06-01
8348,8348,440535,2022-07-18
8349,8349,1444481,2024-04-02
8350,8350,160544,2022-09-18
8351,8351,63576,2022-02-28
8352,8352,1291997,2021-03-04
8353,8353,684939,2018-11-09
8354,8354,1138986,2020-01-16
8355,8355,315352,2021-12-25
8356,8356,402080,2022-03-05
8357,8357,702908,2018-07-19
8358,8358,703679,2021-12-09
8359,8359,494115,2023-11-20
8360,8360,822964,2023-08-27
8361,8361,801174,2022-08-08
8362,8362,1404832,2023-10-24
8363,8363,221058,2018-03-18
8364,8364,523869,2023-05-29
8365,8365,1326081,2020-04-27
8366,8366,444576,2018-09-19
8367,8367,170978,2021-10-01
8368,8368,410532,2024-06-19
8369,8369,1164552,2024-09-21
8370,8370,618875,2018-12-28
8371,8371,1245913,2021-12-11
8372,8372,633014,2019-01-07
8373,8373,1138504,2018-01-31
8374,8374,446807,2024-01-11
8375,8375,1052281,2019-02-09
8376,8376,799288,2024-02-12
8377,8377,1094766,2022-03-25
8378,8378,126004,2020-11-27
8379,8379,930250,2022-08-06
8380,8380,1326428,2018-04-26
8381,8381,644127,2019-05-06
8382,8382,763123,2019-01-31
8383,8383,1126407,2018-05-07
8384,8384,478773,2018-12-23
8385,8385,189110,2018-08-31
8386,8386,242414,2018-05-10
8387,8387,157530,2024-01-27
8388,8388,1204530,2018-10-21
8389,8389,601921,2019-11-14
8390,8390,1235566,2020-07-27
8391,8391,758708,2020-06-11
8392,8392,781693,2023-12-09
8393,8393,1410691,2023-10-24
8394,8394,1058684,2024-09-01
8395,8395,57816,2020-09-13
8396,8396,961925,2022-10-06
8397,8397,380720,2024-07-30
8398,8398,312686,2018-02-04
8399,8399,449691,2021-04-07
8400,8400,623623,2023-12-22
8401,8401,789176,2019-04-19
8402,8402,562676,2021-07-05
8403,8403,472752,2019-05-16
8404,8404,534485,2021-10-05
8405,8405,1176303,2018-10-04
8406,8406,791436,2018-10-17
8407,8407,793634,2018-01-08
8408,8408,662070,2019-02-20
8409,8409,1124976,2018-12-31
8410,8410,249677,2024-05-12
8411,8411,1152173,2022-09-10
8412,8412,62735,2024-02-03
8413,8413,1215191,2018-05-13
8414,8414,1271575,2024-03-06
8415,8415,747179,2022-03-06
8416,8416,505730,2020-01-02
8417,8417,1121916,2023-08-18
8418,8418,314757,2022-06-21
8419,8419,1432586,2024-05-17
8420,8420,288946,2018-09-26
8421,8421,712585,2019-03-09
8422,8422,1164037,2020-05-24
8423,8423,531567,2024-06-08
8424,8424,472680,2022-09-14
8425,8425,1229667,2019-09-25
8426,8426,836131,2024-02-16
8427,8427,496003,2019-07-08
8428,8428,954765,2023-11-01
8429,8429,641115,2021-08-11
8430,8430,357997,2024-09-29
8431,8431,1280961,2020-01-02
8432,8432,1333328,2020-10-17
8433,8433,1011703,2021-12-10
8434,8434,462770,2023-07-16
8435,8435,1414656,2024-01-27
8436,8436,612192,2022-12-17
8437,8437,898162,2023-10-08
8438,8438,657044,2024-06-20
8439,8439,1299210,2019-01-10
8440,8440,208174,2019-03-08
8441,8441,1107240,2019-12-28
8442,8442,625789,2022-06-01
8443,8443,123632,2022-11-25
8444,8444,829285,2021-04-02
8445,8445,637965,2019-09-13
8446,8446,647308,2019-10-01
8447,8447,490928,2023-10-23
8448,8448,1350894,2018-07-05
8449,8449,1457790,2020-03-07
8450,8450,360991,2024-12-09
8451,8451,168399,2020-09-17
8452,8452,391372,2024-09-17
8453,8453,477534,2024-07-02
8454,8454,901105,2021-08-19
8455,8455,308730,2019-05-28
8456,8456,830382,2018-02-01
8457,8457,770030,2022-04-19
8458,8458,518759,2021-05-31
8459,8459,1215522,2020-02-01
8460,8460,248669,2020-09-29
8461,8461,530508,2021-01-21
8462,8462,555641,2022-08-28
8463,8463,759311,2019-05-29
8464,8464,570495,2020-11-15
8465,8465,112878,2019-09-06
8466,8466,1400870,2022-09-11
8467,8467,162913,2024-10-24
8468,8468,859376,2023-12-15
8469,8469,1347814,2021-01-29
8470,8470,207070,2019-05-23
8471,8471,968796,2019-04-14
8472,8472,352737,2018-08-16
8473,8473,282640,2023-07-13
8474,8474,603579,2018-04-19
8475,8475,1408605,2021-05-29
8476,8476,1326692,2021-06-12
8477,8477,193163,2022-02-07
8478,8478,1026599,2024-12-19
8479,8479,1074374,2018-03-08
8480,8480,282384,2024-03-21
8481,8481,779632,2024-02-12
8482,8482,396088,2022-05-30
8483,8483,1312571,2023-12-19
8484,8484,1230140,2023-10-30
8485,8485,162961,2023-03-26
8486,8486,458931,2024-09-29
8487,8487,1473369,2019-07-09
8488,8488,1262543,2023-05-06
8489,8489,511292,2019-10-24
8490,8490,717896,2018-01-01
8491,8491,263107,2023-08-03
8492,8492,1380024,2021-12-05
8493,8493,207244,2021-11-12
8494,8494,314757,2021-05-28
8495,8495,62207,2020-01-02
8496,8496,209573,2021-10-16
8497,8497,365376,2021-10-01
8498,8498,376541,2023-11-09
8499,8499,533085,2020-06-06
8500,8500,469633,2018-01-25
8501,8501,1156070,2018-06-23
8502,8502,1253318,2022-05-27
8503,8503,1036331,2019-06-13
8504,8504,943373,2019-08-07
8505,8505,1291900,2024-02-13
8506,8506,913608,2021-03-20
8507,8507,1430128,2023-08-22
8508,8508,1467042,2023-01-13
8509,8509,1376826,2018-12-11
8510,8510,1265995,2020-03-28
8511,8511,1403318,2019-05-01
8512,8512,1462951,2018-11-08
8513,8513,815587,2023-07-20
8514,8514,702716,2020-01-25
8515,8515,1332059,2021-02-26
8516,8516,659335,2019-12-03
8517,8517,580297,2021-01-19
8518,8518,1423943,2018-02-04
8519,8519,643427,2022-09-09
8520,8520,648324,2022-09-07
8521,8521,829984,2021-03-04
8522,8522,1204675,2021-05-30
8523,8523,726727,2022-11-05
8524,8524,261525,2023-01-28
8525,8525,991474,2022-02-21
8526,8526,160446,2024-10-16
8527,8527,484971,2019-03-06
8528,8528,1299712,2020-05-02
8529,8529,588601,2019-06-23
8530,8530,113985,2024-05-28
8531,8531,68064,2021-05-02
8532,8532,659893,2018-11-13
8533,8533,730997,2018-10-11
8534,8534,466994,2018-04-24
8535,8535,1116078,2020-11-25
8536,8536,157222,2019-05-28
8537,8537,215676,2024-07-05
8538,8538,1429543,2018-02-27
8539,8539,76191,2020-01-31
8540,8540,484912,2018-12-16
8541,8541,443325,2024-03-26
8542,8542,633898,2022-06-05
8543,8543,264693,2021-03-21
8544,8544,432399,2022-03-02
8545,8545,236210,2021-02-02
8546,8546,208223,2021-09-11
8547,8547,85839,2022-06-30
8548,8548,1413086,2019-01-14
8549,8549,486949,2023-01-11
8550,8550,313701,2021-08-23
8551,8551,1020921,2020-10-20
8552,8552,392628,2023-10-14
8553,8553,1157506,2022-04-24
8554,8554,1054536,2023-05-29
8555,8555,1431790,2019-10-09
8556,8556,505539,2024-09-09
8557,8557,124289,2022-06-05
8558,8558,381960,2019-08-05
8559,8559,880211,2018-01-01
8560,8560,126172,2020-08-10
8561,8561,303309,2020-01-20
8562,8562,320545,2024-11-06
8563,8563,823835,2022-01-17
8564,8564,374514,2021-02-07
8565,8565,1156151,2019-07-22
8566,8566,1032335,2019-07-15
8567,8567,1018806,2018-05-11
8568,8568,504418,2019-02-20
8569,8569,1273015,2018-09-14
8570,8570,1397877,2019-04-24
8571,8571,405008,2020-03-16
8572,8572,1247928,2019-12-08
8573,8573,880431,2023-10-30
8574,8574,727416,2021-10-16
8575,8575,985212,2019-03-31
8576,8576,522792,2024-01-28
8577,8577,167359,2022-08-24
8578,8578,1405790,2022-01-06
8579,8579,446945,2020-05-25
8580,8580,326083,2021-05-21
8581,8581,444546,2023-07-10
8582,8582,277593,2024-11-23
8583,8583,1277467,2020-01-23
8584,8584,1125299,2023-05-24
8585,8585,198993,2019-07-13
8586,8586,968171,2019-01-12
8587,8587,1041090,2020-05-01
8588,8588,1248617,2021-08-25
8589,8589,640824,2020-07-05
8590,8590,528729,2022-02-22
8591,8591,1125514,2019-06-19
8592,8592,461471,2019-01-02
8593,8593,652580,2018-03-29
8594,8594,1386674,2022-02-18
8595,8595,691774,2018-08-10
8596,8596,431446,2022-12-12
8597,8597,376434,2018-04-26
8598,8598,1066135,2019-03-01
8599,8599,981495,2023-09-11
8600,8600,64383,2019-03-14
8601,8601,890920,2018-01-19
8602,8602,901637,2021-07-20
8603,8603,886212,2022-01-10
8604,8604,566583,2023-03-05
8605,8605,1368161,2018-11-23
8606,8606,1275964,2021-03-21
8607,8607,243481,2019-09-21
8608,8608,1088341,2023-06-18
8609,8609,980278,2021-08-25
8610,8610,542170,2021-10-06
8611,8611,163134,2020-11-16
8612,8612,1277253,2022-03-08
8613,8613,297087,2021-03-06
8614,8614,279837,2021-01-03
8615,8615,269366,2024-11-04
8616,8616,1232844,2019-08-24
8617,8617,487312,2022-11-14
8618,8618,487103,2018-10-20
8619,8619,615870,2021-11-08
8620,8620,1391879,2019-05-05
8621,8621,1320607,2021-02-23
8622,8622,635074,2022-09-29
8623,8623,642259,2022-04-07
8624,8624,1242053,2021-11-15
8625,8625,655486,2019-05-18
8626,8626,915292,2023-12-23
8627,8627,767237,2020-09-22
8628,8628,447151,2024-08-07
8629,8629,1196796,2024-02-27
8630,8630,383680,2022-12-16
8631,8631,74077,2020-05-06
8632,8632,1063736,2022-04-27
8633,8633,1386685,2023-11-25
8634,8634,859510,2020-09-14
8635,8635,369419,2018-04-05
8636,8636,1473508,2020-05-04
8637,8637,320156,2023-09-12
8638,8638,1228521,2019-08-04
8639,8639,565872,2018-06-22
8640,8640,959065,2022-10-31
8641,8641,1301103,2018-07-07
8642,8642,711620,2024-10-26
8643,8643,1138856,2018-05-03
8644,8644,857009,2024-02-21
8645,8645,497464,2022-01-31
8646,8646,1293765,2023-12-20
8647,8647,374253,2020-08-28
8648,8648,1390172,2018-08-22
8649,8649,1161011,2023-09-01
8650,8650,1085659,2020-08-08
8651,8651,834888,2022-11-07
8652,8652,562912,2023-10-21
8653,8653,1462244,2021-12-26
8654,8654,1291320,2020-05-18
8655,8655,1030561,2019-03-02
8656,8656,1268462,2022-01-21
8657,8657,1417962,2022-04-17
8658,8658,1236639,2024-12-29
8659,8659,247951,2023-02-09
8660,8660,1055257,2018-03-31
8661,8661,753252,2023-09-04
8662,8662,1133221,2018-10-17
8663,8663,206930,2023-01-10
8664,8664,552361,2020-11-10
8665,8665,921921,2020-10-03
8666,8666,1377825,2023-09-05
8667,8667,1320034,2019-02-28
8668,8668,1438655,2019-02-11
8669,8669,217680,2020-04-26
8670,8670,1355340,2020-01-18
8671,8671,592982,2021-08-26
8672,8672,695032,2019-07-23
8673,8673,469777,2024-12-07
8674,8674,342788,2023-10-29
8675,8675,837034,2021-08-07
8676,8676,1442333,2021-03-02
8677,8677,1010555,2019-04-10
8678,8678,666801,2024-11-10
8679,8679,175801,2024-01-24
8680,8680,1211747,2021-09-24
8681,8681,623020,2019-07-12
8682,8682,209278,2020-11-27
8683,8683,173222,2023-03-16
8684,8684,772047,2019-12-15
8685,8685,457431,2018-09-12
8686,8686,257523,2020-10-05
8687,8687,310389,2022-09-22
8688,8688,881577,2024-11-18
8689,8689,1473021,2023-08-14
8690,8690,155786,2023-03-15
8691,8691,975347,2021-10-29
8692,8692,525094,2023-09-02
8693,8693,322608,2021-05-01
8694,8694,1114556,2018-08-07
8695,8695,1255059,2019-05-28
8696,8696,1034088,2021-02-06
8697,8697,82322,2021-01-07
8698,8698,215178,2021-12-20
8699,8699,781518,2022-12-27
8700,8700,462518,2019-09-24
8701,8701,50190,2018-09-22
8702,8702,95141,2020-01-29
8703,8703,599170,2020-10-24
8704,8704,53218,2018-12-09
8705,8705,1467851,2023-09-09
8706,8706,1469757,2023-08-17
8707,8707,1431473,2024-06-04
8708,8708,671928,2018-09-11
8709,8709,694763,2023-08-06
8710,8710,330188,2023-03-18
8711,8711,1064162,2023-08-13
8712,8712,216410,2020-11-20
8713,8713,1316285,2019-03-30
8714,8714,705540,2022-11-12
8715,8715,505784,2023-06-29
8716,8716,866891,2019-04-01
8717,8717,1040690,2020-07-01
8718,8718,1062190,2018-04-10
8719,8719,643632,2019-04-25
8720,8720,837087,2022-04-23
8721,8721,294167,2019-05-09
8722,8722,168835,2021-02-24
8723,8723,1428321,2020-11-21
8724,8724,1066933,2018-08-20
8725,8725,955948,2022-01-03
8726,8726,703215,2019-03-18
8727,8727,605581,2024-02-25
8728,8728,578242,2022-05-07
8729,8729,226277,2019-12-19
8730,8730,444010,2019-05-13
8731,8731,1267801,2019-10-02
8732,8732,1042218,2018-01-16
8733,8733,1496105,2022-06-14
8734,8734,1349822,2018-03-15
8735,8735,64144,2018-09-20
8736,8736,1196491,2018-06-11
8737,8737,831053,2023-05-21
8738,8738,1087967,2024-05-21
8739,8739,1315959,2020-06-11
8740,8740,511496,2020-08-08
8741,8741,438968,2019-08-15
8742,8742,931046,2024-12-25
8743,8743,777243,2020-06-26
8744,8744,1324779,2021-05-10
8745,8745,457552,2024-07-02
8746,8746,501505,2019-08-19
8747,8747,1305685,2022-11-23
8748,8748,518959,2023-12-29
8749,8749,566203,2023-03-07
8750,8750,430443,2022-11-30
8751,8751,130100,2021-03-29
8752,8752,657719,2021-12-27
8753,8753,998327,2024-05-29
8754,8754,1345623,2019-06-10
8755,8755,482242,2018-01-13
8756,8756,454908,2023-05-24
8757,8757,819584,2024-09-13
8758,8758,743411,2019-10-02
8759,8759,959040,2020-10-20
8760,8760,1414935,2018-09-22
8761,8761,1451117,2021-08-28
8762,8762,635850,2018-05-03
8763,8763,927775,2020-12-04
8764,8764,1047521,2024-01-31
8765,8765,1208691,2024-02-29
8766,8766,1138458,2023-09-17
8767,8767,101705,2021-09-13
8768,8768,324323,2024-01-06
8769,8769,1179559,2020-03-24
8770,8770,1160489,2018-01-10
8771,8771,1418376,2023-03-03
8772,8772,1049763,2020-10-20
8773,8773,117939,2018-09-22
8774,8774,869420,2021-01-07
8775,8775,999032,2022-02-16
8776,8776,203382,2022-02-05
8777,8777,620639,2018-01-11
8778,8778,56888,2024-07-02
8779,8779,1143426,2019-09-13
8780,8780,868197,2022-06-25
8781,8781,1447112,2019-09-15
8782,8782,1286816,2019-05-26
8783,8783,1290269,2020-03-15
8784,8784,1236856,2022-04-17
8785,8785,960968,2024-01-26
8786,8786,891329,2020-08-27
8787,8787,1153662,2019-11-09
8788,8788,91932,2021-12-03
8789,8789,1303466,2021-07-19
8790,8790,527269,2021-08-31
8791,8791,1008627,2018-04-04
8792,8792,704839,2019-03-29
8793,8793,771040,2022-07-05
8794,8794,801576,2023-07-29
8795,8795,1097426,2020-08-20
8796,8796,224492,2022-12-09
8797,8797,498322,2022-11-19
8798,8798,760670,2021-09-10
8799,8799,1353868,2024-01-16
8800,8800,616577,2021-12-27
8801,8801,492590,2020-05-30
8802,8802,630305,2021-04-20
8803,8803,601128,2020-01-07
8804,8804,356216,2024-11-13
8805,8805,1201898,2022-03-14
8806,8806,318364,2020-01-10
8807,8807,1007750,2023-01-05
8808,8808,1122913,2019-06-13
8809,8809,1245810,2022-01-29
8810,8810,303508,2023-03-28
8811,8811,1014405,2023-12-09
8812,8812,1322603,2024-11-22
8813,8813,880552,2019-05-20
8814,8814,1043795,2020-11-08
8815,8815,880957,2018-09-09
8816,8816,1482983,2021-03-04
8817,8817,442813,2022-10-05
8818,8818,345536,2023-03-06
8819,8819,1095347,2021-12-26
8820,8820,528112,2019-12-11
8821,8821,576048,2024-04-19
8822,8822,1233424,2020-07-14
8823,8823,693380,2023-09-12
8824,8824,370584,2022-04-24
8825,8825,181729,2018-10-15
8826,8826,557426,2022-03-11
8827,8827,175860,2020-05-04
8828,8828,1442986,2023-11-16
8829,8829,533662,2023-05-07
8830,8830,514165,2020-04-24
8831,8831,1134911,2022-03-15
8832,8832,1127622,2020-05-29
8833,8833,340139,2022-02-23
8834,8834,412414,2021-10-15
8835,8835,647440,2023-08-21
8836,8836,1353721,2024-04-22
8837,8837,437569,2020-03-05
8838,8838,79452,2020-06-16
8839,8839,354738,2023-07-13
8840,8840,1329121,2021-03-19
8841,8841,1283894,2021-02-07
8842,8842,55750,2022-02-18
8843,8843,1161694,2024-02-08
8844,8844,1379564,2020-12-03
8845,8845,1435343,2023-03-18
8846,8846,1145759,2021-07-11
8847,8847,735984,2018-12-25
8848,8848,275781,2024-06-23
8849,8849,434724,2024-11-24
8850,8850,1010169,2024-11-18
8851,8851,499480,2021-10-08
8852,8852,137802,2021-10-09
8853,8853,631828,2022-06-13
8854,8854,732467,2019-06-04
8855,8855,1027200,2018-03-20
8856,8856,821792,2020-10-08
8857,8857,107066,2018-11-24
8858,8858,192979,2024-12-21
8859,8859,1244235,2018-08-24
8860,8860,1036190,2023-06-27
8861,8861,261010,2021-07-05
8862,8862,1270793,2020-01-02
8863,8863,1428323,2022-08-28
8864,8864,1291234,2020-12-11
8865,8865,597155,2023-02-16
8866,8866,1462413,2021-12-02
8867,8867,66422,2019-08-16
8868,8868,397822,2021-10-03
8869,8869,1041398,2019-11-18
8870,8870,530465,2023-11-21
8871,8871,96357,2021-11-26
8872,8872,774272,2023-06-29
8873,8873,160915,2018-03-12
8874,8874,905795,2021-05-19
8875,8875,189313,2023-12-27
8876,8876,655513,2019-03-08
8877,8877,1242815,2023-04-29
8878,8878,114641,2024-07-13
8879,8879,1377113,2021-06-19
8880,8880,57891,2022-02-04
8881,8881,1310091,2020-08-24
8882,8882,770131,2023-07-21
8883,8883,202171,2018-09-12
8884,8884,1166076,2018-06-28
8885,8885,207348,2020-08-11
8886,8886,1096351,2018-02-25
8887,8887,531338,2019-04-01
8888,8888,1474462,2020-12-26
8889,8889,1120544,2020-06-19
8890,8890,217260,2024-02-20
8891,8891,715544,2021-06-29
8892,8892,989187,2022-08-02
8893,8893,648108,2018-09-06
8894,8894,1424334,2019-11-01
8895,8895,1429413,2020-05-03
8896,8896,804269,2023-08-22
8897,8897,1333758,2022-03-12
8898,8898,978642,2023-08-07
8899,8899,408942,2022-01-12
8900,8900,760275,2019-02-28
8901,8901,1027452,2021-03-29
8902,8902,777329,2024-05-03
8903,8903,681041,2023-04-16
8904,8904,96664,2020-05-28
8905,8905,1229916,2018-09-27
8906,8906,520606,2020-06-01
8907,8907,357730,2022-10-28
8908,8908,1109596,2020-07-29
8909,8909,998972,2022-09-27
8910,8910,1026802,2019-05-07
8911,8911,319193,2022-07-25
8912,8912,748012,2022-03-28
8913,8913,386469,2021-04-16
8914,8914,1273161,2022-02-26
8915,8915,612011,2019-11-04
8916,8916,354090,2022-05-11
8917,8917,1259044,2021-01-23
8918,8918,776096,2023-02-06
8919,8919,251840,2021-05-28
8920,8920,533334,2019-03-11
8921,8921,523438,2018-10-22
8922,8922,976189,2024-05-25
8923,8923,221425,2020-10-04
8924,8924,1499447,2020-12-22
8925,8925,606483,2020-04-10
8926,8926,743517,2020-08-02
8927,8927,979026,2020-01-16
8928,8928,606941,2022-06-12
8929,8929,1362435,2020-02-11
8930,8930,620410,2022-10-05
8931,8931,870382,2022-12-11
8932,8932,808867,2018-01-01
8933,8933,1310391,2023-10-06
8934,8934,1273844,2024-10-05
8935,8935,1442661,2022-02-20
8936,8936,461966,2022-02-03
8937,8937,505323,2018-04-05
8938,8938,315231,2022-03-31
8939,8939,418590,2023-08-15
8940,8940,1073154,2019-11-08
8941,8941,1164746,2023-12-27
8942,8942,274711,2021-07-19
8943,8943,804143,2024-03-09
8944,8944,1402677,2018-11-08
8945,8945,280949,2021-09-28
8946,8946,832098,2024-08-09
8947,8947,458645,2019-11-30
8948,8948,806040,2020-05-20
8949,8949,312464,2018-04-02
8950,8950,426080,2019-02-11
8951,8951,453933,2024-10-06
8952,8952,140148,2018-09-11
8953,8953,1298156,2024-03-06
8954,8954,1350755,2020-12-31
8955,8955,950150,2019-07-04
8956,8956,371336,2023-06-29
8957,8957,1455064,2021-09-03
8958,8958,660579,2022-10-16
8959,8959,1069104,2020-11-02
8960,8960,165560,2022-05-13
8961,8961,1284226,2021-05-01
8962,8962,1490042,2024-10-15
8963,8963,106147,2018-04-30
8964,8964,765217,2019-12-10
8965,8965,1287708,2024-04-03
8966,8966,147968,2023-07-31
8967,8967,816170,2023-08-11
8968,8968,643644,2024-11-11
8969,8969,895458,2019-08-16
8970,8970,861707,2021-11-17
8971,8971,764911,2020-01-31
8972,8972,183438,2021-09-05
8973,8973,994728,2020-03-10
8974,8974,857034,2022-03-27
8975,8975,893290,2018-02-16
8976,8976,85109,2021-12-15
8977,8977,1079459,2023-01-03
8978,8978,653794,2020-03-26
8979,8979,773051,2020-01-07
8980,8980,1076922,2021-11-10
8981,8981,211472,2024-01-21
8982,8982,173840,2021-10-03
8983,8983,962108,2024-10-01
8984,8984,355361,2018-06-28
8985,8985,839200,2021-11-21
8986,8986,660733,2023-04-26
8987,8987,1187562,2024-11-28
8988,8988,494666,2018-05-25
8989,8989,1485263,2023-05-05
8990,8990,776360,2021-11-17
8991,8991,1109243,2020-07-21
8992,8992,1086174,2019-02-09
8993,8993,274067,2021-03-07
8994,8994,1041705,2018-07-26
8995,8995,748321,2018-10-29
8996,8996,1053420,2020-04-06
8997,8997,685011,2024-01-28
8998,8998,618175,2019-11-24
8999,8999,634150,2019-10-23
9000,9000,1188716,2021-01-19
9001,9001,1285562,2023-06-09
9002,9002,1319966,2022-12-09
9003,9003,914979,2018-08-16
9004,9004,88317,2024-07-07
9005,9005,1022022,2018-01-22
9006,9006,1297543,2022-06-16
9007,9007,833560,2018-09-03
9008,9008,371188,2021-10-25
9009,9009,1101073,2018-05-27
9010,9010,834280,2021-10-26
9011,9011,261488,2019-11-29
9012,9012,153856,2023-03-06
9013,9013,1195224,2019-05-31
9014,9014,380234,2018-04-18
9015,9015,1225454,2021-07-11
9016,9016,769092,2018-09-05
9017,9017,304054,2023-11-30
9018,9018,205607,2024-04-19
9019,9019,869350,2022-07-15
9020,9020,302907,2022-07-29
9021,9021,875129,2019-07-16
9022,9022,1184116,2023-01-04
9023,9023,1406148,2021-04-10
9024,9024,1286126,2023-08-23
9025,9025,410969,2024-07-31
9026,9026,1131407,2020-10-25
9027,9027,1275382,2023-05-03
9028,9028,297441,2022-10-14
9029,9029,855624,2019-11-21
9030,9030,293527,2020-03-05
9031,9031,341172,2022-06-03
9032,9032,892710,2022-03-21
9033,9033,1028411,2020-09-17
9034,9034,1087324,2024-07-15
9035,9035,646585,2018-12-09
9036,9036,1474554,2023-02-07
9037,9037,685933,2022-09-11
9038,9038,462323,2021-03-30
9039,9039,986860,2022-08-18
9040,9040,293151,2020-02-16
9041,9041,1249828,2023-12-06
9042,9042,1182812,2018-03-02
9043,9043,1158016,2022-01-17
9044,9044,1294084,2020-06-05
9045,9045,1146092,2021-10-11
9046,9046,1471295,2018-05-19
9047,9047,358349,2019-03-23
9048,9048,633193,2023-03-14
9049,9049,155772,2023-10-11
9050,9050,410645,2021-08-04
9051,9051,569917,2020-09-19
9052,9052,492458,2020-04-11
9053,9053,225193,2021-01-14
9054,9054,800399,2021-10-28
9055,9055,69905,2024-08-28
9056,9056,1329862,2022-10-03
9057,9057,1186322,2022-05-15
9058,9058,305141,2020-10-28
9059,9059,355373,2021-09-07
9060,9060,270592,2021-04-30
9061,9061,236762,2020-05-23
9062,9062,1237009,2022-08-15
9063,9063,365081,2024-04-19
9064,9064,1097664,2021-01-08
9065,9065,81419,2022-03-04
9066,9066,158675,2018-12-07
9067,9067,1493293,2022-11-22
9068,9068,852978,2021-09-05
9069,9069,1413222,2022-09-02
9070,9070,129562,2023-06-12
9071,9071,883919,2019-01-15
9072,9072,427772,2018-12-27
9073,9073,1127124,2022-05-27
9074,9074,920582,2018-07-11
9075,9075,63839,2018-09-10
9076,9076,1311660,2020-06-02
9077,9077,117142,2023-09-27
9078,9078,655894,2018-02-27
9079,9079,748708,2023-07-10
9080,9080,885098,2019-06-06
9081,9081,789216,2024-12-21
9082,9082,200819,2024-05-10
9083,9083,529489,2020-07-03
9084,9084,133426,2022-03-31
9085,9085,1257968,2023-11-21
9086,9086,593146,2022-11-25
9087,9087,928505,2020-01-31
9088,9088,495566,2022-06-15
9089,9089,134961,2024-11-05
9090,9090,782810,2021-10-17
9091,9091,434281,2023-10-28
9092,9092,270543,2021-03-12
9093,9093,89101,2019-12-24
9094,9094,1042839,2022-09-09
9095,9095,1341816,2021-11-03
9096,9096,708310,2019-01-19
9097,9097,1052830,2023-06-30
9098,9098,233216,2024-12-22
9099,9099,664036,2021-11-12
9100,9100,763367,2024-09-14
9101,9101,681433,2023-04-08
9102,9102,626241,2019-03-16
9103,9103,1271005,2019-08-05
9104,9104,1128969,2021-11-08
9105,9105,555296,2019-02-04
9106,9106,88699,2019-08-08
9107,9107,91402,2023-08-11
9108,9108,177422,2018-05-09
9109,9109,685286,2021-10-20
9110,9110,942311,2022-08-11
9111,9111,811900,2022-05-11
9112,9112,850722,2020-09-08
9113,9113,757035,2024-07-08
9114,9114,709767,2020-11-09
9115,9115,796223,2023-11-17
9116,9116,1236913,2021-05-13
9117,9117,672496,2023-07-23
9118,9118,118023,2024-11-29
9119,9119,1135733,2018-12-04
9120,9120,129316,2020-08-27
9121,9121,900262,2024-03-04
9122,9122,1266279,2019-10-03
9123,9123,564267,2018-06-27
9124,9124,1054956,2019-06-30
9125,9125,1285962,2023-06-01
9126,9126,964077,2024-03-25
9127,9127,864965,2022-10-25
9128,9128,1100646,2018-09-19
9129,9129,236284,2020-08-02
9130,9130,732158,2021-01-26
9131,9131,583392,2022-03-11
9132,9132,790229,2024-02-28
9133,9133,105621,2020-10-27
9134,9134,120835,2020-04-26
9135,9135,670799,2024-05-14
9136,9136,1038081,2022-11-17
9137,9137,881809,2024-12-27
9138,9138,1187742,2022-05-17
9139,9139,728623,2023-12-05
9140,9140,303956,2021-07-09
9141,9141,1134425,2021-12-16
9142,9142,653757,2023-06-30
9143,9143,726228,2024-03-30
9144,9144,64365,2019-05-30
9145,9145,257676,2024-12-17
9146,9146,1188632,2023-06-08
9147,9147,135127,2023-02-27
9148,9148,1409846,2018-08-28
9149,9149,181238,2020-09-24
9150,9150,989261,2019-04-12
9151,9151,1344327,2018-10-26
9152,9152,965969,2019-06-10
9153,9153,1228370,2020-02-03
9154,9154,399257,2018-09-03
9155,9155,972813,2019-10-30
9156,9156,127971,2019-10-25
9157,9157,1156686,2021-01-02
9158,9158,1079926,2020-10-01
9159,9159,285020,2023-09-04
9160,9160,520267,2022-12-12
9161,9161,161882,2023-02-25
9162,9162,95641,2023-07-30
9163,9163,851493,2019-06-07
9164,9164,1421007,2019-06-12
9165,9165,896669,2023-06-16
9166,9166,1403089,2022-05-25
9167,9167,500539,2019-01-12
9168,9168,270512,2024-09-09
9169,9169,361408,2022-01-05
9170,9170,672557,2019-02-25
9171,9171,1358018,2022-12-29
9172,9172,533186,2022-01-25
9173,9173,601776,2020-09-20
9174,9174,573671,2024-09-01
9175,9175,276260,2021-05-08
9176,9176,653732,2021-02-27
9177,9177,153071,2023-08-12
9178,9178,1215761,2021-03-28
9179,9179,1410964,2020-10-14
9180,9180,768845,2023-07-28
9181,9181,284509,2023-09-21
9182,9182,1374204,2018-07-30
9183,9183,1214439,2020-08-29
9184,9184,751582,2024-06-13
9185,9185,919128,2019-05-30
9186,9186,196658,2019-07-02
9187,9187,189717,2021-01-22
9188,9188,685315,2020-02-05
9189,9189,673678,2022-07-10
9190,9190,568796,2019-09-07
9191,9191,1196968,2019-06-07
9192,9192,960633,2019-09-19
9193,9193,258637,2019-08-13
9194,9194,105683,2022-05-08
9195,9195,720398,2023-12-22
9196,9196,305295,2022-03-18
9197,9197,758488,2023-11-30
9198,9198,961321,2018-10-14
9199,9199,353866,2021-11-18
9200,9200,229581,2021-01-17
9201,9201,925957,2019-10-20
9202,9202,1236543,2022-06-05
9203,9203,565663,2020-12-26
9204,9204,384241,2022-08-27
9205,9205,1450359,2019-08-26
9206,9206,1094825,2020-08-10
9207,9207,591911,2022-02-10
9208,9208,188670,2018-06-28
9209,9209,228707,2020-09-18
9210,9210,1017029,2019-11-15
9211,9211,380625,2020-08-13
9212,9212,153897,2024-12-08
9213,9213,1047428,2022-03-07
9214,9214,1343532,2023-10-31
9215,9215,1441858,2021-03-03
9216,9216,605647,2020-11-13
9217,9217,936554,2021-01-26
9218,9218,171472,2021-08-23
9219,9219,1299341,2024-01-02
9220,9220,929215,2020-02-19
9221,9221,1335267,2024-05-12
9222,9222,507714,2023-03-11
9223,9223,1122786,2018-05-23
9224,9224,276774,2023-12-04
9225,9225,1368202,2021-08-16
9226,9226,547186,2019-03-13
9227,9227,883674,2022-01-11
9228,9228,807616,2022-11-13
9229,9229,1144088,2023-01-27
9230,9230,691894,2019-03-24
9231,9231,1045006,2019-08-06
9232,9232,53896,2023-07-20
9233,9233,1401732,2020-08-17
9234,9234,405127,2021-03-12
9235,9235,642302,2023-01-31
9236,9236,1404289,2020-04-18
9237,9237,707430,2022-03-20
9238,9238,601692,2019-02-28
9239,9239,1093365,2022-05-01
9240,9240,430432,2023-02-19
9241,9241,1283596,2023-12-28
9242,9242,1101977,2023-07-03
9243,9243,1494440,2022-10-29
9244,9244,161389,2021-02-28
9245,9245,1222714,2021-09-15
9246,9246,1209451,2021-01-27
9247,9247,598154,2024-12-03
9248,9248,1313435,2019-01-04
9249,9249,922479,2020-08-05
9250,9250,786627,2020-03-22
9251,9251,1194583,2023-04-06
9252,9252,779138,2024-10-02
9253,9253,629952,2022-11-02
9254,9254,649162,2024-07-29
9255,9255,346232,2024-10-18
9256,9256,1372521,2021-09-06
9257,9257,967755,2023-12-08
9258,9258,1432410,2020-03-30
9259,9259,1470894,2019-05-15
9260,9260,1278380,2021-04-23
9261,9261,221716,2023-06-20
9262,9262,450172,2021-12-07
9263,9263,203194,2024-03-09
9264,9264,1463735,2022-12-27
9265,9265,563474,2023-02-12
9266,9266,585881,2022-02-06
9267,9267,797554,2018-03-01
9268,9268,1446855,2023-04-03
9269,9269,443861,2024-06-06
9270,9270,715927,2023-05-14
9271,9271,686351,2023-11-10
9272,9272,929778,2018-03-14
9273,9273,776666,2020-11-12
9274,9274,1439450,2024-03-13
9275,9275,1443442,2023-12-01
9276,9276,485875,2021-03-23
9277,9277,1356162,2021-04-04
9278,9278,129336,2022-10-12
9279,9279,303123,2018-12-04
9280,9280,1487397,2024-12-02
9281,9281,504789,2019-08-06
9282,9282,962806,2022-10-12
9283,9283,962764,2022-12-25
9284,9284,682930,2019-01-19
9285,9285,942010,2021-09-08
9286,9286,145582,2019-03-26
9287,9287,156383,2018-02-18
9288,9288,1486669,2024-03-06
9289,9289,319525,2020-06-15
9290,9290,1267161,2022-09-15
9291,9291,890834,2021-04-13
9292,9292,974802,2021-06-07
9293,9293,158683,2019-12-08
9294,9294,1332289,2019-06-28
9295,9295,694408,2024-11-13
9296,9296,299996,2022-12-08
9297,9297,469522,2019-12-11
9298,9298,246069,2021-10-29
9299,9299,288322,2024-05-18
9300,9300,1163150,2023-01-08
9301,9301,1024966,2020-10-30
9302,9302,1416536,2020-10-19
9303,9303,987338,2024-05-06
9304,9304,577444,2024-12-08
9305,9305,851747,2021-12-20
9306,9306,525428,2022-11-16
9307,9307,775810,2024-08-07
9308,9308,402624,2021-02-03
9309,9309,295443,2019-01-19
9310,9310,632357,2022-08-19
9311,9311,252265,2024-10-01
9312,9312,741403,2021-05-26
9313,9313,1217501,2024-08-05
9314,9314,1114480,2020-04-27
9315,9315,474039,2021-05-15
9316,9316,702934,2022-02-22
9317,9317,1168650,2022-11-03
9318,9318,467376,2022-07-08
9319,9319,1038383,2024-08-02
9320,9320,1043552,2019-03-31
9321,9321,264810,2023-12-15
9322,9322,136280,2023-08-26
9323,9323,335879,2018-05-05
9324,9324,600387,2024-03-22
9325,9325,1471049,2020-10-02
9326,9326,1186333,2021-03-06
9327,9327,129926,2018-07-26
9328,9328,1138508,2019-12-22
9329,9329,362050,2024-02-15
9330,9330,614445,2020-08-21
9331,9331,1410425,2024-09-16
9332,9332,1389937,2021-09-06
9333,9333,1392931,2018-09-17
9334,9334,1303811,2020-05-30
9335,9335,253203,2023-09-24
9336,9336,868023,2021-11-05
9337,9337,731356,2023-12-16
9338,9338,713602,2020-05-28
9339,9339,1051101,2018-04-21
9340,9340,1171833,2019-06-19
9341,9341,1072275,2020-07-27
9342,9342,438526,2019-01-12
9343,9343,460327,2019-06-25
9344,9344,708229,2024-08-03
9345,9345,209326,2024-10-21
9346,9346,476790,2019-04-22
9347,9347,757734,2020-04-25
9348,9348,685278,2023-12-28
9349,9349,419204,2020-03-05
9350,9350,981000,2020-07-23
9351,9351,1103084,2022-11-28
9352,9352,862517,2022-05-12
9353,9353,822050,2018-03-19
9354,9354,607308,2019-10-03
9355,9355,1437985,2023-06-10
9356,9356,358071,2021-04-05
9357,9357,1342947,2020-10-13
9358,9358,591593,2022-03-14
9359,9359,1060270,2021-02-09
9360,9360,928271,2023-12-09
9361,9361,156830,2020-09-11
9362,9362,367368,2022-08-27
9363,9363,774447,2019-08-24
9364,9364,1103886,2021-08-28
9365,9365,1385033,2018-06-27
9366,9366,1143878,2022-07-06
9367,9367,674273,2020-02-28
9368,9368,76995,2024-12-07
9369,9369,1244632,2024-07-17
9370,9370,1461448,2018-09-12
9371,9371,539711,2021-03-22
9372,9372,91217,2018-10-26
9373,9373,1150941,2019-02-28
9374,9374,269500,2018-12-20
9375,9375,1179517,2021-09-22
9376,9376,254161,2024-06-02
9377,9377,1460538,2019-06-20
9378,9378,729151,2019-03-26
9379,9379,155580,2020-12-05
9380,9380,1031807,2024-03-30
9381,9381,370442,2023-07-07
9382,9382,902650,2018-11-06
9383,9383,214280,2019-06-13
9384,9384,645455,2018-01-04
9385,9385,526060,2023-10-08
9386,9386,340521,2021-07-20
9387,9387,264675,2019-12-22
9388,9388,334235,2024-04-12
9389,9389,1205499,2022-07-13
9390,9390,617797,2020-10-05
9391,9391,419091,2020-09-25
9392,9392,258635,2023-05-14
9393,9393,386944,2022-08-22
9394,9394,437053,2021-08-11
9395,9395,323550,2021-08-06
9396,9396,297208,2019-08-27
9397,9397,69178,2024-01-27
9398,9398,921796,2019-08-25
9399,9399,1166868,2020-09-19
9400,9400,380446,2020-07-06
9401,9401,342769,2024-05-06
9402,9402,1166659,2020-01-24
9403,9403,1350159,2021-06-10
9404,9404,1115260,2023-10-01
9405,9405,1411011,2022-06-29
9406,9406,973728,2019-08-11
9407,9407,917886,2019-10-15
9408,9408,456162,2020-04-02
9409,9409,1346098,2023-11-05
9410,9410,217626,2019-02-04
9411,9411,885912,2018-06-26
9412,9412,261250,2023-03-11
9413,9413,862419,2018-09-12
9414,9414,240077,2019-01-08
9415,9415,595225,2022-12-26
9416,9416,896689,2018-01-30
9417,9417,988706,2020-01-20
9418,9418,540920,2019-03-08
9419,9419,562553,2020-03-09
9420,9420,531665,2021-10-30
9421,9421,655969,2019-05-08
9422,9422,672617,2022-07-21
9423,9423,1409189,2020-03-31
9424,9424,152595,2018-06-22
9425,9425,254935,2022-09-30
9426,9426,1190253,2020-12-21
9427,9427,604372,2019-08-29
9428,9428,1374782,2024-08-10
9429,9429,1455169,2023-12-11
9430,9430,1368936,2020-07-28
9431,9431,1106050,2020-03-14
9432,9432,845079,2021-06-14
9433,9433,693935,2021-09-14
9434,9434,207682,2022-05-31
9435,9435,1322443,2023-04-27
9436,9436,1351293,2023-02-25
9437,9437,824103,2023-03-30
9438,9438,342136,2018-04-22
9439,9439,1321774,2021-06-29
9440,9440,493318,2018-10-16
9441,9441,906519,2024-08-04
9442,9442,336056,2020-11-05
9443,9443,1387251,2024-08-06
9444,9444,238286,2019-11-23
9445,9445,284587,2021-07-18
9446,9446,760042,2019-06-24
9447,9447,1278809,2019-11-21
9448,9448,318743,2018-05-02
9449,9449,464813,2022-10-21
9450,9450,142905,2019-07-17
9451,9451,454317,2020-10-22
9452,9452,456276,2018-06-19
9453,9453,845285,2020-10-10
9454,9454,1230264,2023-05-27
9455,9455,458859,2022-06-26
9456,9456,771147,2018-02-23
9457,9457,344207,2021-02-04
9458,9458,817153,2019-04-08
9459,9459,888408,2020-04-18
9460,9460,452235,2024-12-22
9461,9461,381357,2023-04-26
9462,9462,1262641,2018-04-19
9463,9463,630619,2023-11-14
9464,9464,303161,2023-02-02
9465,9465,708307,2019-02-25
9466,9466,130932,2024-11-09
9467,9467,664660,2019-03-29
9468,9468,1047563,2021-04-08
9469,9469,816974,2022-06-12
9470,9470,1318332,2023-06-11
9471,9471,414039,2021-09-01
9472,9472,1324438,2018-10-22
9473,9473,348447,2019-08-12
9474,9474,760362,2023-02-03
9475,9475,1352583,2024-11-13
9476,9476,273727,2021-01-05
9477,9477,400456,2019-01-11
9478,9478,1146127,2023-03-28
9479,9479,1420726,2018-10-11
9480,9480,1092189,2024-02-27
9481,9481,609737,2018-11-24
9482,9482,522402,2020-05-16
9483,9483,1436070,2024-11-04
9484,9484,655667,2023-12-20
9485,9485,546421,2023-04-02
9486,9486,571820,2022-09-12
9487,9487,966360,2019-11-28
9488,9488,927045,2023-06-03
9489,9489,394157,2020-11-02
9490,9490,1340059,2024-04-20
9491,9491,790438,2018-06-03
9492,9492,139048,2022-01-05
9493,9493,652557,2021-11-24
9494,9494,228102,2022-03-08
9495,9495,761773,2022-11-17
9496,9496,1128824,2022-10-04
9497,9497,632925,2023-11-08
9498,9498,1404899,2019-07-29
9499,9499,561676,2024-02-23
9500,9500,1121281,2023-02-09
9501,9501,1250992,2023-04-24
9502,9502,1404777,2019-11-06
9503,9503,234207,2024-02-14
9504,9504,1107146,2024-01-11
9505,9505,620985,2018-06-11
9506,9506,1000051,2020-05-28
9507,9507,272188,2019-10-25
9508,9508,1002582,2019-08-16
9509,9509,579038,2023-02-23
9510,9510,1140146,2018-02-27
9511,9511,907321,2024-10-10
9512,9512,934766,2021-05-03
9513,9513,1365941,2022-04-18
9514,9514,1165015,2021-05-03
9515,9515,864960,2023-01-17
9516,9516,804347,2024-05-28
9517,9517,1096231,2023-01-30
9518,9518,716972,2021-11-16
9519,9519,490954,2019-04-30
9520,9520,145318,2024-07-18
9521,9521,990627,2019-03-26
9522,9522,1420520,2022-10-21
9523,9523,344834,2020-03-04
9524,9524,520855,2021-10-05
9525,9525,732528,2024-12-24
9526,9526,1197849,2023-06-21
9527,9527,1242422,2022-09-13
9528,9528,667247,2023-12-24
9529,9529,784427,2019-10-15
9530,9530,447683,2019-09-15
9531,9531,1484263,2019-01-01
9532,9532,626371,2023-02-22
9533,9533,613991,2023-08-30
9534,9534,952909,2023-01-04
9535,9535,557999,2024-03-26
9536,9536,1272807,2020-12-29
9537,9537,323883,2024-01-12
9538,9538,343306,2021-12-24
9539,9539,903100,2022-06-02
9540,9540,333383,2020-07-23
9541,9541,909871,2019-01-27
9542,9542,1309218,2024-06-18
9543,9543,454985,2023-07-18
9544,9544,1433272,2019-08-02
9545,9545,548749,2020-01-29
9546,9546,597402,2018-01-29
9547,9547,569897,2020-11-16
9548,9548,557922,2021-02-15
9549,9549,196180,2019-10-20
9550,9550,1281798,2019-02-10
9551,9551,861118,2020-04-09
9552,9552,1276753,2023-11-04
9553,9553,971292,2023-01-22
9554,9554,59974,2018-07-20
9555,9555,595596,2023-04-02
9556,9556,1008682,2018-05-02
9557,9557,1095720,2020-08-27
9558,9558,582380,2022-07-16
9559,9559,217808,2018-02-04
9560,9560,523239,2019-02-03
9561,9561,197229,2020-09-09
9562,9562,968654,2024-09-15
9563,9563,436406,2022-08-02
9564,9564,445311,2021-02-19
9565,9565,1308545,2022-12-06
9566,9566,168288,2024-02-11
9567,9567,1252199,2019-10-09
9568,9568,94228,2021-09-28
9569,9569,595639,2023-03-28
9570,9570,846144,2023-12-12
9571,9571,918882,2023-01-28
9572,9572,749555,2022-04-13
9573,9573,1437326,2018-12-20
9574,9574,498144,2022-03-05
9575,9575,410599,2018-07-15
9576,9576,1297427,2024-02-24
9577,9577,58795,2024-11-12
9578,9578,1150265,2019-10-19
9579,9579,1399562,2021-05-29
9580,9580,79122,2021-04-10
9581,9581,1203129,2021-09-02
9582,9582,243698,2024-04-27
9583,9583,1301911,2019-07-28
9584,9584,1299772,2021-04-18
9585,9585,502261,2018-08-06
9586,9586,368872,2023-05-17
9587,9587,1485352,2024-04-25
9588,9588,128484,2019-02-26
9589,9589,835656,2024-01-01
9590,9590,1385563,2021-01-24
9591,9591,877044,2018-10-27
9592,9592,842667,2023-07-04
9593,9593,1335998,2023-11-10
9594,9594,1454001,2021-03-22
9595,9595,956339,2021-04-27
9596,9596,1103868,2020-03-26
9597,9597,841676,2021-01-29
9598,9598,896354,2020-08-22
9599,9599,1223876,2023-01-03
9600,9600,1334017,2019-02-24
9601,9601,577442,2021-06-01
9602,9602,809139,2020-02-07
9603,9603,1348944,2019-04-25
9604,9604,681072,2020-12-30
9605,9605,1342952,2019-08-18
9606,9606,366840,2020-11-10
9607,9607,214026,2020-01-13
9608,9608,1368865,2018-05-15
9609,9609,660373,2024-11-23
9610,9610,778451,2019-11-24
9611,9611,1177397,2023-07-04
9612,9612,1245406,2018-02-22
9613,9613,352251,2019-01-01
9614,9614,739007,2022-01-24
9615,9615,1020656,2022-03-27
9616,9616,1072461,2022-06-23
9617,9617,340902,2020-04-12
9618,9618,916393,2020-01-23
9619,9619,108901,2018-12-02
9620,9620,590729,2018-05-04
9621,9621,1131838,2021-06-17
9622,9622,749197,2021-11-28
9623,9623,50426,2022-06-24
9624,9624,1362348,2023-02-23
9625,9625,1020659,2020-02-25
9626,9626,1168422,2024-07-16
9627,9627,1272623,2018-08-23
9628,9628,369626,2023-10-25
9629,9629,765007,2022-03-14
9630,9630,166539,2021-11-16
9631,9631,70382,2018-11-15
9632,9632,843765,2024-11-02
9633,9633,202155,2018-03-09
9634,9634,1398925,2020-10-05
9635,9635,1256436,2019-07-18
9636,9636,146142,2022-05-21
9637,9637,1157798,2021-07-26
9638,9638,974330,2019-11-17
9639,9639,1475156,2023-04-23
9640,9640,1465440,2023-09-25
9641,9641,1055967,2018-06-29
9642,9642,143957,2020-06-13
9643,9643,970420,2020-10-20
9644,9644,523584,2021-07-13
9645,9645,1493869,2023-05-24
9646,9646,1085244,2022-12-06
9647,9647,544042,2023-11-05
9648,9648,1099188,2020-11-12
9649,9649,82144,2019-08-20
9650,9650,1344966,2021-10-02
9651,9651,1185277,2023-07-24
9652,9652,1267003,2018-04-03
9653,9653,403110,2022-02-19
9654,9654,390650,2020-06-10
9655,9655,570979,2021-08-25
9656,9656,1494313,2020-04-27
9657,9657,473003,2024-04-30
9658,9658,199406,2020-03-06
9659,9659,562118,2022-09-18
9660,9660,861187,2018-12-20
9661,9661,835109,2021-02-20
9662,9662,1116014,2018-02-23
9663,9663,693491,2023-11-26
9664,9664,432774,2018-05-19
9665,9665,1268866,2019-05-11
9666,9666,70012,2018-04-06
9667,9667,1316174,2020-03-10
9668,9668,355262,2020-01-29
9669,9669,634158,2019-11-29
9670,9670,1481228,2018-04-25
9671,9671,1058716,2021-11-07
9672,9672,753142,2023-11-22
9673,9673,987023,2023-09-10
9674,9674,167770,2019-06-15
9675,9675,494396,2019-05-10
9676,9676,566485,2021-04-16
9677,9677,980627,2020-02-22
9678,9678,922355,2020-04-22
9679,9679,859091,2018-07-18
9680,9680,1358167,2019-03-03
9681,9681,1262275,2020-01-24
9682,9682,1101716,2018-05-17
9683,9683,1298927,2024-05-17
9684,9684,1442443,2022-01-29
9685,9685,1070849,2018-11-14
9686,9686,668635,2022-06-23
9687,9687,537788,2018-08-12
9688,9688,903061,2022-04-22
9689,9689,1032100,2018-03-05
9690,9690,456757,2019-01-28
9691,9691,68556,2021-02-21
9692,9692,401962,2024-06-24
9693,9693,709928,2020-01-01
9694,9694,691079,2019-06-18
9695,9695,950364,2019-01-07
9696,9696,89368,2023-08-22
9697,9697,340480,2020-11-03
9698,9698,1301924,2022-05-26
9699,9699,1231143,2023-06-11
9700,9700,1071182,2018-10-13
9701,9701,364799,2021-09-12
9702,9702,333368,2018-03-24
9703,9703,185926,2018-01-08
9704,9704,656356,2018-02-23
9705,9705,253762,2019-12-11
9706,9706,86662,2020-06-06
9707,9707,644681,2018-11-05
9708,9708,278866,2024-06-26
9709,9709,438506,2023-03-27
9710,9710,331093,2021-01-10
9711,9711,466475,2018-04-29
9712,9712,1164082,2022-10-17
9713,9713,149461,2019-02-24
9714,9714,501548,2024-01-20
9715,9715,1275219,2019-04-17
9716,9716,548710,2022-12-09
9717,9717,1422994,2021-05-26
9718,9718,328420,2023-10-23
9719,9719,747972,2020-04-26
9720,9720,970209,2024-07-10
9721,9721,1093636,2023-01-10
9722,9722,805961,2024-06-03
9723,9723,733908,2021-09-08
9724,9724,770640,2018-05-20
9725,9725,107918,2023-02-03
9726,9726,678046,2023-12-22
9727,9727,814506,2019-08-05
9728,9728,670465,2018-01-29
9729,9729,385601,2019-07-24
9730,9730,604927,2019-06-22
9731,9731,172812,2020-09-09
9732,9732,126968,2024-03-18
9733,9733,1019426,2020-08-08
9734,9734,1370328,2021-10-23
9735,9735,614891,2023-07-13
9736,9736,1133205,2021-02-03
9737,9737,1066754,2020-09-19
9738,9738,336012,2020-03-21
9739,9739,254026,2021-04-28
9740,9740,480156,2024-04-09
9741,9741,1222381,2021-11-20
9742,9742,1292533,2021-08-12
9743,9743,588060,2023-08-27
9744,9744,659069,2024-11-27
9745,9745,143440,2023-12-09
9746,9746,875054,2018-10-25
9747,9747,458349,2024-01-14
9748,9748,606960,2024-11-11
9749,9749,1108235,2020-11-19
9750,9750,758913,2019-04-24
9751,9751,1406852,2019-11-15
9752,9752,630107,2024-06-26
9753,9753,1476857,2021-03-09
9754,9754,642994,2023-06-09
9755,9755,413737,2022-06-03
9756,9756,1355423,2023-01-13
9757,9757,1407863,2022-06-28
9758,9758,1371973,2024-04-19
9759,9759,78884,2018-11-09
9760,9760,236677,2019-09-03
9761,9761,363553,2021-02-01
9762,9762,985079,2020-04-12
9763,9763,1377851,2018-09-11
9764,9764,1411526,2020-07-12
9765,9765,834791,2018-01-05
9766,9766,1061375,2023-06-26
9767,9767,884597,2018-11-29
9768,9768,1006434,2018-06-09
9769,9769,95436,2023-11-06
9770,9770,283766,2018-07-20
9771,9771,1254145,2019-08-11
9772,9772,764932,2023-12-13
9773,9773,955358,2018-07-31
9774,9774,514066,2022-04-06
9775,9775,927940,2021-04-25
9776,9776,765033,2024-10-24
9777,9777,399110,2022-04-27
9778,9778,1237103,2021-11-21
9779,9779,456937,2018-07-18
9780,9780,515744,2023-06-22
9781,9781,675490,2022-07-13
9782,9782,146969,2023-03-17
9783,9783,149090,2019-06-03
9784,9784,737585,2019-08-31
9785,9785,798923,2021-11-20
9786,9786,1497571,2020-02-26
9787,9787,113663,2020-09-18
9788,9788,128131,2023-12-07
9789,9789,1466538,2021-09-16
9790,9790,1460485,2020-03-31
9791,9791,1407067,2018-10-15
9792,9792,416129,2022-03-21
9793,9793,947386,2021-12-06
9794,9794,298475,2023-10-16
9795,9795,175497,2023-04-23
9796,9796,286060,2019-02-10
9797,9797,1166334,2023-11-29
9798,9798,1462896,2024-11-06
9799,9799,655892,2022-11-26
9800,9800,1474501,2018-09-06
9801,9801,1054868,2020-09-10
9802,9802,595494,2022-04-03
9803,9803,140691,2021-03-02
9804,9804,298144,2022-03-24
9805,9805,242658,2022-04-09
9806,9806,576840,2019-12-03
9807,9807,190261,2023-11-20
9808,9808,1279337,2022-04-16
9809,9809,782775,2020-05-16
9810,9810,650642,2021-06-05
9811,9811,553665,2021-12-24
9812,9812,342414,2023-07-07
9813,9813,133768,2022-06-17
9814,9814,1214705,2024-08-18
9815,9815,91111,2021-05-19
9816,9816,1366571,2023-07-15
9817,9817,971679,2022-04-15
9818,9818,1321881,2021-03-30
9819,9819,249121,2020-04-05
9820,9820,914923,2022-10-01
9821,9821,203103,2019-10-20
9822,9822,869614,2022-07-01
9823,9823,817462,2022-07-14
9824,9824,981560,2022-10-15
9825,9825,1179646,2023-06-09
9826,9826,1250456,2023-08-15
9827,9827,500858,2018-01-28
9828,9828,1019615,2024-08-22
9829,9829,693761,2020-03-13
9830,9830,485868,2021-02-25
9831,9831,1288844,2020-02-13
9832,9832,376826,2024-08-08
9833,9833,817314,2021-01-25
9834,9834,1088935,2022-10-16
9835,9835,636397,2019-04-14
9836,9836,1352644,2020-03-27
9837,9837,341465,2018-08-07
9838,9838,839412,2018-07-30
9839,9839,1486412,2020-09-19
9840,9840,554976,2020-09-28
9841,9841,566458,2021-05-20
9842,9842,381768,2022-09-16
9843,9843,768490,2022-01-09
9844,9844,394448,2020-02-01
9845,9845,540091,2024-05-05
9846,9846,146019,2019-07-20
9847,9847,1091904,2023-11-25
9848,9848,1489434,2021-04-13
9849,9849,127431,2023-05-30
9850,9850,1445826,2023-04-06
9851,9851,485470,2019-02-27
9852,9852,653943,2023-01-24
9853,9853,502030,2023-06-10
9854,9854,1275619,2020-11-14
9855,9855,645758,2019-09-19
9856,9856,1078326,2023-06-13
9857,9857,504341,2020-10-31
9858,9858,73174,2023-03-23
9859,9859,1200557,2024-11-03
9860,9860,1444218,2024-07-24
9861,9861,799635,2020-11-07
9862,9862,875420,2018-07-11
9863,9863,1426889,2019-07-23
9864,9864,291459,2021-06-06
9865,9865,1470571,2024-08-11
9866,9866,928765,2022-08-26
9867,9867,1030960,2019-03-07
9868,9868,1465019,2020-08-09
9869,9869,516134,2022-09-09
9870,9870,889899,2018-07-19
9871,9871,1467995,2019-09-11
9872,9872,1138510,2019-05-21
9873,9873,858266,2021-11-02
9874,9874,134194,2024-09-17
9875,9875,1237860,2018-05-26
9876,9876,86257,2022-09-01
9877,9877,879170,2019-10-25
9878,9878,540621,2018-12-06
9879,9879,384823,2020-09-26
9880,9880,821182,2024-05-20
9881,9881,104062,2024-09-02
9882,9882,685977,2023-09-13
9883,9883,663915,2024-04-15
9884,9884,379359,2022-01-19
9885,9885,187399,2021-03-24
9886,9886,245558,2019-10-04
9887,9887,769057,2019-12-09
9888,9888,1049792,2024-03-28
9889,9889,276335,2024-03-19
9890,9890,737526,2019-12-24
9891,9891,766393,2018-06-24
9892,9892,510336,2023-04-19
9893,9893,471180,2020-01-15
9894,9894,1376019,2024-10-08
9895,9895,925661,2018-12-08
9896,9896,113796,2019-05-23
9897,9897,972410,2022-11-25
9898,9898,301342,2018-05-27
9899,9899,1258768,2024-02-17
9900,9900,1225279,2019-07-16
9901,9901,1485068,2019-03-25
9902,9902,900879,2021-01-19
9903,9903,958295,2023-11-16
9904,9904,237954,2022-12-10
9905,9905,749401,2019-10-20
9906,9906,319128,2022-01-28
9907,9907,121825,2024-07-13
9908,9908,712123,2022-10-12
9909,9909,843403,2024-05-10
9910,9910,616192,2021-02-17
9911,9911,705499,2021-02-05
9912,9912,1483752,2022-04-15
9913,9913,490101,2021-09-02
9914,9914,876605,2019-11-03
9915,9915,343049,2021-09-26
9916,9916,708122,2023-04-09
9917,9917,677950,2020-05-24
9918,9918,835671,2021-10-24
9919,9919,726980,2021-11-27
9920,9920,860945,2022-06-29
9921,9921,1329022,2020-03-02
9922,9922,618633,2022-06-12
9923,9923,729433,2024-01-25
9924,9924,1336857,2022-07-05
9925,9925,161710,2019-02-01
9926,9926,296233,2024-11-28
9927,9927,1448125,2018-02-18
9928,9928,668278,2019-08-07
9929,9929,1408342,2023-12-05
9930,9930,743045,2019-07-09
9931,9931,639295,2018-12-11
9932,9932,1445281,2024-08-19
9933,9933,500866,2019-04-10
9934,9934,1260501,2024-03-25
9935,9935,1384802,2021-12-21
9936,9936,1175637,2018-05-30
9937,9937,1060747,2024-03-08
9938,9938,757514,2024-05-26
9939,9939,187429,2024-03-01
9940,9940,978751,2024-07-17
9941,9941,692003,2018-01-14
9942,9942,263229,2022-05-02
9943,9943,273568,2024-11-02
9944,9944,65101,2018-10-02
9945,9945,280307,2018-07-17
9946,9946,534113,2018-08-16
9947,9947,260083,2020-12-06
9948,9948,527846,2018-01-01
9949,9949,971705,2019-05-27
9950,9950,303122,2020-03-20
9951,9951,400530,2024-06-01
9952,9952,603946,2022-10-08
9953,9953,209594,2023-05-27
9954,9954,1437369,2019-11-04
9955,9955,659959,2021-11-30
9956,9956,916434,2024-01-23
9957,9957,1485451,2023-11-24
9958,9958,716197,2018-10-13
9959,9959,1111129,2019-10-09
9960,9960,107317,2021-03-17
9961,9961,198753,2021-12-31
9962,9962,1065664,2023-10-13
9963,9963,783385,2024-01-17
9964,9964,760704,2024-10-26
9965,9965,263365,2019-02-04
9966,9966,150265,2018-04-30
9967,9967,1369140,2022-08-25
9968,9968,684027,2024-08-26
9969,9969,174744,2024-10-04
9970,9970,645342,2019-10-24
9971,9971,878084,2023-06-28
9972,9972,1402140,2022-07-05
9973,9973,921182,2019-12-13
9974,9974,908032,2024-12-03
9975,9975,819135,2019-06-08
9976,9976,263746,2019-11-21
9977,9977,373749,2024-07-20
9978,9978,100640,2022-03-14
9979,9979,1495196,2019-10-30
9980,9980,1047636,2024-04-03
9981,9981,304790,2021-10-23
9982,9982,1253775,2022-01-18
9983,9983,1395286,2022-03-07
9984,9984,1451607,2022-02-21
9985,9985,486596,2020-06-11
9986,9986,732325,2021-05-15
9987,9987,239813,2020-11-11
9988,9988,684360,2023-12-08
9989,9989,1303269,2020-02-22
9990,9990,214876,2020-07-20
9991,9991,217882,2020-11-25
9992,9992,879988,2020-02-24
9993,9993,746006,2018-04-05
9994,9994,1162411,2021-08-01
9995,9995,982661,2024-06-25
9996,9996,928771,2022-07-26
9997,9997,321677,2024-10-09
9998,9998,1114700,2019-06-23
9999,9999,222665,2022-01-24
10000,10000,545442,2023-01-10
10001,10001,1252720,2022-07-04
10002,10002,430910,2018-12-12
10003,10003,489254,2021-03-26
10004,10004,114688,2022-11-25
10005,10005,600692,2021-02-26
10006,10006,1431429,2024-09-26
10007,10007,1410258,2024-04-06
10008,10008,512320,2018-09-19
10009,10009,914605,2018-04-08
10010,10010,1092209,2018-05-19
10011,10011,822709,2018-09-07
10012,10012,1167597,2021-05-15
10013,10013,51519,2018-08-30
10014,10014,1061582,2021-03-21
10015,10015,189856,2024-04-03
10016,10016,959397,2023-06-05
10017,10017,515059,2019-06-15
10018,10018,1434197,2020-09-24
10019,10019,708797,2019-05-14
10020,10020,715631,2024-11-06
10021,10021,1171702,2020-08-22
10022,10022,1058097,2024-05-23
10023,10023,294651,2024-10-29
10024,10024,810474,2021-11-09
10025,10025,1371976,2020-06-16
10026,10026,1167831,2020-10-21
10027,10027,329080,2023-09-08
10028,10028,566770,2019-02-09
10029,10029,666522,2019-11-12
10030,10030,1485651,2018-06-18
10031,10031,1194010,2019-11-03
10032,10032,1242211,2020-10-23
10033,10033,639967,2023-07-01
10034,10034,853569,2019-02-17
10035,10035,63727,2022-09-21
10036,10036,714687,2021-10-15
10037,10037,1056196,2021-08-23
10038,10038,1030132,2018-05-04
10039,10039,893059,2024-11-23
10040,10040,1459104,2021-05-11
10041,10041,127640,2018-04-12
10042,10042,550974,2023-04-19
10043,10043,561834,2021-10-17
10044,10044,1496598,2021-11-22
10045,10045,1041550,2022-04-16
10046,10046,901760,2023-07-16
10047,10047,1362200,2022-06-26
10048,10048,323512,2019-08-20
10049,10049,861096,2023-10-07
10050,10050,1314897,2021-01-07
10051,10051,1177639,2023-05-19
10052,10052,648027,2021-11-22
10053,10053,280699,2021-12-07
10054,10054,631948,2024-08-02
10055,10055,1063634,2022-03-17
10056,10056,1384834,2024-10-09
10057,10057,98624,2024-01-26
10058,10058,1055405,2024-05-29
10059,10059,745206,2019-02-28
10060,10060,1036079,2021-05-01
10061,10061,1031976,2023-09-28
10062,10062,522564,2019-09-14
10063,10063,450287,2022-11-03
10064,10064,1164453,2023-01-21
10065,10065,773740,2023-01-10
10066,10066,492244,2023-03-30
10067,10067,802324,2020-10-01
10068,10068,1120428,2022-07-22
10069,10069,226332,2018-08-29
10070,10070,595153,2021-11-04
10071,10071,90833,2019-11-27
10072,10072,1218587,2019-01-11
10073,10073,143819,2021-04-11
10074,10074,1275713,2018-03-20
10075,10075,290684,2018-04-15
10076,10076,831463,2022-07-03
10077,10077,350475,2020-11-04
10078,10078,813943,2022-06-08
10079,10079,1209973,2022-08-09
10080,10080,1031181,2018-05-25
10081,10081,975431,2022-06-01
10082,10082,757652,2020-01-22
10083,10083,631187,2022-11-11
10084,10084,1070725,2023-10-17
10085,10085,457116,2024-08-10
10086,10086,961242,2021-02-11
10087,10087,377409,2024-03-21
10088,10088,1328062,2021-09-19
10089,10089,990691,2021-04-17
10090,10090,873621,2019-03-15
10091,10091,268969,2021-08-18
10092,10092,83058,2019-08-02
10093,10093,531433,2023-01-15
10094,10094,605355,2023-09-28
10095,10095,171528,2018-01-28
10096,10096,1110031,2019-03-12
10097,10097,502090,2022-10-09
10098,10098,108022,2023-06-08
10099,10099,740767,2022-01-21
10100,10100,411087,2024-06-10
10101,10101,538595,2018-11-01
10102,10102,1346657,2024-09-04
10103,10103,479080,2018-02-08
10104,10104,1021541,2019-01-12
10105,10105,644902,2019-02-17
10106,10106,354573,2021-05-30
10107,10107,1377958,2023-01-30
10108,10108,639050,2024-12-02
10109,10109,404719,2021-12-10
10110,10110,578237,2024-06-15
10111,10111,1179743,2018-11-15
10112,10112,1499947,2018-05-02
10113,10113,1316483,2024-06-14
10114,10114,1330971,2018-03-13
10115,10115,692797,2024-09-22
10116,10116,1283345,2020-12-06
10117,10117,511893,2024-12-06
10118,10118,1381055,2024-01-31
10119,10119,697025,2019-01-07
10120,10120,903497,2022-04-25
10121,10121,555311,2020-07-04
10122,10122,197049,2022-09-08
10123,10123,1333770,2018-01-11
10124,10124,1037202,2020-06-30
10125,10125,1468767,2021-12-28
10126,10126,1211415,2023-03-20
10127,10127,1363687,2018-10-10
10128,10128,1481477,2018-03-14
10129,10129,680461,2021-03-04
10130,10130,491967,2022-07-01
10131,10131,333225,2024-06-19
10132,10132,915497,2023-04-10
10133,10133,1396615,2019-08-01
10134,10134,861762,2020-10-16
10135,10135,425904,2024-11-29
10136,10136,921965,2023-03-06
10137,10137,1379641,2023-03-08
10138,10138,703426,2018-07-26
10139,10139,650478,2023-04-28
10140,10140,198453,2021-05-20
10141,10141,1180837,2020-04-14
10142,10142,859539,2023-05-29
10143,10143,567996,2021-01-28
10144,10144,1498721,2022-10-04
10145,10145,520129,2020-04-14
10146,10146,1130920,2019-04-26
10147,10147,913544,2020-04-30
10148,10148,1243644,2024-02-25
10149,10149,502254,2022-11-26
10150,10150,530953,2024-01-27
10151,10151,589511,2023-05-24
10152,10152,227208,2019-04-19
10153,10153,1240924,2019-10-10
10154,10154,171103,2018-04-17
10155,10155,88679,2019-08-15
10156,10156,459153,2018-08-18
10157,10157,197420,2020-12-04
10158,10158,1316242,2018-10-07
10159,10159,797217,2022-06-18
10160,10160,1202449,2023-02-24
10161,10161,394863,2020-11-06
10162,10162,600062,2019-03-31
10163,10163,491465,2020-01-19
10164,10164,398410,2018-06-02
10165,10165,1077757,2019-10-10
10166,10166,1497488,2024-09-24
10167,10167,557321,2022-03-31
10168,10168,1363447,2022-09-25
10169,10169,765067,2024-11-19
10170,10170,135523,2018-02-07
10171,10171,396969,2024-09-29
10172,10172,691848,2021-04-05
10173,10173,1351095,2018-03-23
10174,10174,1235874,2019-02-23
10175,10175,1420607,2023-02-01
10176,10176,429817,2019-02-12
10177,10177,325123,2018-11-17
10178,10178,1225644,2020-10-16
10179,10179,752278,2022-02-06
10180,10180,1052977,2023-03-20
10181,10181,1127593,2021-12-04
10182,10182,823981,2022-06-18
10183,10183,1321991,2021-02-25
10184,10184,92157,2020-10-21
10185,10185,715910,2021-10-02
10186,10186,871136,2018-03-06
10187,10187,1319607,2022-11-18
10188,10188,149833,2021-11-10
10189,10189,1090370,2018-07-19
10190,10190,1122268,2022-10-14
10191,10191,1154079,2019-11-23
10192,10192,672475,2020-12-26
10193,10193,325591,2022-12-25
10194,10194,394141,2024-03-19
10195,10195,712596,2018-05-25
10196,10196,1133516,2018-10-26
10197,10197,1007255,2023-03-27
10198,10198,151776,2022-02-07
10199,10199,294282,2018-10-05
10200,10200,1440949,2018-11-03
10201,10201,877971,2020-10-25
10202,10202,451798,2018-11-07
10203,10203,758592,2022-01-31
10204,10204,1404852,2023-11-16
10205,10205,304258,2021-12-11
10206,10206,368457,2020-04-01
10207,10207,1033802,2023-06-05
10208,10208,951172,2023-12-05
10209,10209,76273,2020-11-12
10210,10210,264926,2022-07-16
10211,10211,66568,2022-01-29
10212,10212,426500,2020-12-29
10213,10213,957489,2021-09-04
10214,10214,670877,2023-03-12
10215,10215,1397224,2021-02-28
10216,10216,255529,2022-02-16
10217,10217,756731,2022-06-09
10218,10218,1371178,2022-11-02
10219,10219,357052,2024-07-10
10220,10220,119801,2021-10-18
10221,10221,91702,2019-03-25
10222,10222,175589,2023-10-17
10223,10223,713676,2019-11-15
10224,10224,797711,2023-01-19
10225,10225,1090853,2024-03-08
10226,10226,557709,2022-03-26
10227,10227,477123,2021-09-16
10228,10228,790796,2022-05-20
10229,10229,134718,2021-10-27
10230,10230,865422,2023-01-15
10231,10231,124488,2019-09-20
10232,10232,802516,2023-06-06
10233,10233,777026,2024-12-23
10234,10234,834130,2022-04-17
10235,10235,1271324,2021-02-11
10236,10236,307326,2024-05-16
10237,10237,941583,2021-08-18
10238,10238,710396,2018-01-19
10239,10239,182259,2019-06-23
10240,10240,1012228,2024-02-02
10241,10241,356711,2022-11-22
10242,10242,591324,2019-05-04
10243,10243,837287,2023-12-05
10244,10244,1381409,2023-07-14
10245,10245,1471470,2021-05-28
10246,10246,352957,2024-12-19
10247,10247,814254,2018-07-09
10248,10248,1489880,2020-04-30
10249,10249,958116,2021-04-14
10250,10250,246207,2020-07-20
10251,10251,534477,2020-10-27
10252,10252,474277,2020-10-25
10253,10253,571883,2023-06-08
10254,10254,1166697,2024-12-02
10255,10255,471983,2023-08-16
10256,10256,1096756,2023-02-12
10257,10257,99528,2022-03-11
10258,10258,829343,2023-02-18
10259,10259,1479810,2022-01-27
10260,10260,971877,2022-05-21
10261,10261,94399,2018-04-03
10262,10262,537169,2023-06-09
10263,10263,1486771,2018-03-18
10264,10264,554071,2020-09-25
10265,10265,140576,2018-06-15
10266,10266,761625,2020-06-10
10267,10267,90748,2019-10-28
10268,10268,867806,2019-11-19
10269,10269,850135,2019-11-04
10270,10270,277224,2020-11-11
10271,10271,113713,2021-11-07
10272,10272,489708,2020-09-23
10273,10273,910705,2024-10-06
10274,10274,799486,2021-05-10
10275,10275,122502,2021-03-12
10276,10276,920908,2022-02-12
10277,10277,838181,2024-07-07
10278,10278,212750,2021-02-15
10279,10279,1053395,2018-09-01
10280,10280,1352528,2020-09-17
10281,10281,646022,2018-07-07
10282,10282,85540,2020-03-31
10283,10283,1254901,2024-05-07
10284,10284,281756,2024-05-30
10285,10285,608979,2021-03-18
10286,10286,77602,2019-11-19
10287,10287,1093515,2022-03-02
10288,10288,1085235,2022-10-15
10289,10289,843357,2019-09-28
10290,10290,112731,2023-05-31
10291,10291,885144,2024-06-13
10292,10292,1209815,2024-01-05
10293,10293,1114001,2021-08-14
10294,10294,1289646,2022-05-20
10295,10295,1096599,2023-03-10
10296,10296,569590,2019-02-23
10297,10297,637955,2019-01-18
10298,10298,1271200,2020-02-09
10299,10299,943058,2023-05-19
10300,10300,1479302,2020-02-29
10301,10301,477225,2024-06-01
10302,10302,131543,2021-03-26
10303,10303,181603,2024-04-18
10304,10304,688488,2024-11-28
10305,10305,678730,2018-09-26
10306,10306,713261,2019-06-11
10307,10307,1458660,2020-01-31
10308,10308,486981,2023-07-31
10309,10309,206047,2021-10-13
10310,10310,732870,2022-09-16
10311,10311,868087,2022-04-01
10312,10312,58272,2018-07-17
10313,10313,881979,2021-04-07
10314,10314,260548,2019-04-21
10315,10315,678249,2019-01-02
10316,10316,763028,2024-11-07
10317,10317,558662,2024-08-17
10318,10318,680393,2020-01-14
10319,10319,596719,2018-08-20
10320,10320,870158,2018-09-10
10321,10321,75566,2019-09-17
10322,10322,374472,2018-09-07
10323,10323,79155,2020-09-22
10324,10324,380708,2022-11-20
10325,10325,200234,2018-12-08
10326,10326,571669,2024-05-18
10327,10327,1032941,2022-01-28
10328,10328,689521,2022-09-03
10329,10329,866248,2023-10-09
10330,10330,618989,2020-07-27
10331,10331,539859,2024-03-30
10332,10332,806023,2019-02-07
10333,10333,781087,2019-11-10
10334,10334,1015481,2024-07-22
10335,10335,798950,2019-09-02
10336,10336,158601,2018-05-18
10337,10337,1245974,2023-06-29
10338,10338,103715,2019-07-17
10339,10339,397154,2021-11-08
10340,10340,1186593,2021-09-11
10341,10341,1479226,2024-08-31
10342,10342,1482067,2023-08-16
10343,10343,259972,2019-12-12
10344,10344,265777,2019-12-21
10345,10345,487890,2023-11-28
10346,10346,364788,2019-08-02
10347,10347,863429,2019-07-14
10348,10348,718279,2022-11-17
10349,10349,378448,2024-11-01
10350,10350,125334,2018-04-15
10351,10351,624835,2019-04-06
10352,10352,140174,2023-12-24
10353,10353,741334,2020-03-12
10354,10354,1361324,2021-03-15
10355,10355,218538,2024-02-12
10356,10356,1280575,2024-11-14
10357,10357,833604,2018-11-26
10358,10358,685714,2024-09-02
10359,10359,992830,2019-05-18
10360,10360,1487946,2023-04-28
10361,10361,1427232,2021-04-06
10362,10362,1164991,2024-08-28
10363,10363,681576,2019-11-05
10364,10364,888545,2018-01-16
10365,10365,556181,2022-03-17
10366,10366,1063642,2024-03-20
10367,10367,734930,2019-07-06
10368,10368,333678,2024-02-13
10369,10369,80250,2024-01-04
10370,10370,1314055,2019-12-10
10371,10371,150037,2023-08-20
10372,10372,292170,2019-09-19
10373,10373,885654,2020-09-11
10374,10374,191204,2018-07-07
10375,10375,1329609,2023-12-17
10376,10376,1014609,2021-09-03
10377,10377,742998,2019-09-04
10378,10378,867899,2023-04-23
10379,10379,393245,2023-12-21
10380,10380,1072469,2021-09-20
10381,10381,810320,2020-09-18
10382,10382,215449,2020-06-27
10383,10383,1166034,2020-01-08
10384,10384,1024446,2023-08-14
10385,10385,1499724,2020-06-17
10386,10386,739705,2022-08-03
10387,10387,602322,2018-11-09
10388,10388,1022750,2024-08-20
10389,10389,572943,2019-05-08
10390,10390,74676,2020-11-29
10391,10391,674498,2022-07-24
10392,10392,331183,2018-10-03
10393,10393,346871,2022-06-14
10394,10394,307440,2022-08-08
10395,10395,1263265,2024-01-28
10396,10396,313817,2024-07-29
10397,10397,341399,2020-07-25
10398,10398,1200657,2019-08-07
10399,10399,1301924,2018-12-23
10400,10400,371351,2020-07-04
10401,10401,785407,2018-03-07
10402,10402,994721,2023-06-19
10403,10403,138296,2020-09-01
10404,10404,560346,2021-03-20
10405,10405,392445,2020-04-19
10406,10406,1076751,2020-08-04
10407,10407,999331,2021-09-07
10408,10408,759588,2023-01-03
10409,10409,1355484,2019-12-15
10410,10410,507778,2019-05-04
10411,10411,151215,2023-11-08
10412,10412,217051,2023-10-15
10413,10413,524310,2022-02-06
10414,10414,553082,2018-03-22
10415,10415,1497592,2018-08-22
10416,10416,515620,2021-08-08
10417,10417,1412064,2022-04-30
10418,10418,1485178,2022-01-13
10419,10419,1406588,2023-06-24
10420,10420,539283,2021-10-20
10421,10421,405223,2019-02-13
10422,10422,1348544,2024-10-07
10423,10423,230564,2024-10-23
10424,10424,189034,2023-12-05
10425,10425,1110327,2019-08-14
10426,10426,1052964,2019-01-31
10427,10427,150246,2018-09-24
10428,10428,613102,2018-04-09
10429,10429,1012675,2023-11-02
10430,10430,502597,2024-10-13
10431,10431,467914,2022-12-28
10432,10432,1273391,2020-07-23
10433,10433,1374407,2019-08-29
10434,10434,284008,2018-08-23
10435,10435,839389,2021-06-27
10436,10436,1070202,2023-01-21
10437,10437,374216,2019-07-01
10438,10438,1140619,2019-11-19
10439,10439,1054748,2024-08-22
10440,10440,715081,2024-08-28
10441,10441,74922,2024-01-16
10442,10442,211389,2022-10-21
10443,10443,768636,2020-03-23
10444,10444,130843,2024-11-07
10445,10445,650994,2021-09-19
10446,10446,1373743,2018-12-12
10447,10447,1040529,2018-06-01
10448,10448,669148,2022-03-25
10449,10449,746603,2024-06-23
10450,10450,913748,2022-05-18
10451,10451,1021336,2023-03-14
10452,10452,1145496,2018-05-16
10453,10453,787469,2021-07-08
10454,10454,246957,2024-06-12
10455,10455,1269089,2018-08-24
10456,10456,433106,2021-08-06
10457,10457,1016989,2018-07-28
10458,10458,1173027,2019-08-26
10459,10459,1475008,2022-12-30
10460,10460,118174,2022-02-06
10461,10461,648269,2018-12-08
10462,10462,1085690,2023-07-25
10463,10463,437963,2018-04-09
10464,10464,1242119,2023-06-27
10465,10465,261097,2019-09-09
10466,10466,710810,2021-02-07
10467,10467,1476617,2018-05-22
10468,10468,816667,2019-11-12
10469,10469,343753,2020-09-21
10470,10470,609172,2023-11-03
10471,10471,826113,2024-07-20
10472,10472,235459,2018-03-02
10473,10473,104240,2019-12-29
10474,10474,369280,2021-07-26
10475,10475,125254,2022-08-12
10476,10476,1262493,2020-12-10
10477,10477,1344325,2019-04-30
10478,10478,1072023,2019-11-11
10479,10479,566418,2022-02-19
10480,10480,143123,2022-10-22
10481,10481,1492751,2020-02-21
10482,10482,952268,2020-03-09
10483,10483,1091174,2022-06-10
10484,10484,281474,2023-12-23
10485,10485,736785,2020-08-08
10486,10486,409313,2018-08-31
10487,10487,1406618,2020-06-23
10488,10488,735972,2019-08-25
10489,10489,1412589,2021-07-30
10490,10490,1035882,2019-07-10
10491,10491,1074674,2021-08-04
10492,10492,915839,2024-04-03
10493,10493,416220,2022-09-10
10494,10494,1326930,2022-02-18
10495,10495,323384,2022-04-29
10496,10496,133148,2019-10-13
10497,10497,730414,2020-03-09
10498,10498,1465053,2019-01-21
10499,10499,997687,2024-02-26
10500,10500,1211794,2019-10-11
10501,10501,726953,2022-03-22
10502,10502,461443,2020-06-10
10503,10503,427396,2020-11-21
10504,10504,612568,2018-06-23
10505,10505,1460833,2024-10-03
10506,10506,1436584,2022-05-20
10507,10507,1291781,2023-09-29
10508,10508,682071,2023-02-05
10509,10509,1451907,2021-03-21
10510,10510,153761,2023-10-27
10511,10511,484147,2019-12-05
10512,10512,332808,2018-01-26
10513,10513,537201,2024-12-19
10514,10514,186293,2020-08-31
10515,10515,50190,2024-02-14
10516,10516,995419,2024-10-30
10517,10517,1425120,2018-09-02
10518,10518,621711,2022-01-17
10519,10519,572114,2024-07-18
10520,10520,475575,2019-11-05
10521,10521,1089614,2021-05-21
10522,10522,355214,2021-03-21
10523,10523,824872,2024-06-30
10524,10524,414175,2023-04-29
10525,10525,123895,2021-09-01
10526,10526,920552,2021-12-08
10527,10527,1402702,2019-03-10
10528,10528,207504,2023-06-14
10529,10529,1238285,2018-03-06
10530,10530,581632,2022-08-08
10531,10531,151357,2021-06-11
10532,10532,152848,2021-05-25
10533,10533,364565,2024-02-10
10534,10534,456978,2019-12-10
10535,10535,87841,2019-01-03
10536,10536,844123,2024-07-30
10537,10537,1401943,2020-03-06
10538,10538,770057,2020-02-14
10539,10539,1188430,2018-02-19
10540,10540,1463016,2024-03-12
10541,10541,444116,2019-05-05
10542,10542,724486,2024-03-13
10543,10543,1018697,2022-03-22
10544,10544,100069,2019-07-23
10545,10545,1226865,2024-10-25
10546,10546,378973,2024-10-04
10547,10547,1190543,2024-11-16
10548,10548,100455,2021-07-19
10549,10549,803892,2018-06-05
10550,10550,1205764,2018-10-14
10551,10551,584986,2020-08-29
10552,10552,790059,2019-01-22
10553,10553,1483872,2024-08-01
10554,10554,1150942,2024-03-04
10555,10555,1052063,2023-10-06
10556,10556,514622,2023-04-30
10557,10557,571803,2023-02-21
10558,10558,567209,2020-02-27
10559,10559,1492616,2021-05-17
10560,10560,1243587,2018-09-21
10561,10561,1460605,2023-09-27
10562,10562,1410305,2022-02-09
10563,10563,194522,2023-02-07
10564,10564,94375,2019-06-04
10565,10565,331489,2019-10-19
10566,10566,683031,2023-02-28
10567,10567,367945,2018-01-09
10568,10568,470697,2019-02-21
10569,10569,399483,2020-06-29
10570,10570,743837,2018-06-26
10571,10571,186189,2023-01-11
10572,10572,762183,2024-01-22
10573,10573,167951,2023-10-29
10574,10574,1366133,2023-04-26
10575,10575,1065010,2021-01-07
10576,10576,402771,2023-12-10
10577,10577,945599,2020-04-13
10578,10578,803111,2023-12-09
10579,10579,1011775,2020-04-20
10580,10580,668983,2021-12-01
10581,10581,1367998,2018-02-28
10582,10582,1179442,2021-11-20
10583,10583,85712,2020-03-23
10584,10584,1153113,2020-07-31
10585,10585,705324,2023-07-19
10586,10586,1021352,2019-06-21
10587,10587,1437678,2020-05-02
10588,10588,1430511,2021-04-14
10589,10589,540379,2019-12-01
10590,10590,221732,2019-07-30
10591,10591,1098543,2024-05-07
10592,10592,1409587,2018-04-13
10593,10593,243613,2021-05-09
10594,10594,160287,2023-08-04
10595,10595,565136,2021-10-31
10596,10596,579038,2022-05-09
10597,10597,1427290,2019-05-26
10598,10598,1498939,2021-07-08
10599,10599,407911,2022-07-20
10600,10600,461618,2021-10-24
10601,10601,295356,2021-02-17
10602,10602,578306,2024-08-04
10603,10603,193661,2024-09-24
10604,10604,917919,2024-03-21
10605,10605,1403512,2022-11-10
10606,10606,614788,2018-01-22
10607,10607,1078686,2023-05-18
10608,10608,834092,2020-04-04
10609,10609,1199512,2021-04-17
10610,10610,808940,2022-06-28
10611,10611,1267360,2019-12-05
10612,10612,824681,2021-12-10
10613,10613,303390,2022-12-12
10614,10614,86527,2021-03-07
10615,10615,1162281,2020-06-09
10616,10616,758237,2022-03-30
10617,10617,1162141,2019-11-18
10618,10618,583878,2023-06-18
10619,10619,73268,2020-07-01
10620,10620,724201,2021-03-18
10621,10621,661857,2023-02-05
10622,10622,403827,2021-10-18
10623,10623,150753,2021-09-30
10624,10624,799573,2019-08-06
10625,10625,1235498,2018-01-25
10626,10626,1450124,2023-07-19
10627,10627,229534,2019-11-23
10628,10628,528501,2022-07-30
10629,10629,955705,2023-06-15
10630,10630,380584,2024-09-08
10631,10631,462190,2024-06-02
10632,10632,113509,2019-04-12
10633,10633,1087527,2019-11-01
10634,10634,312997,2018-05-15
10635,10635,657395,2023-09-20
10636,10636,328232,2020-12-30
10637,10637,542109,2022-10-04
10638,10638,926863,2023-05-01
10639,10639,1028796,2020-08-05
10640,10640,725733,2022-06-10
10641,10641,937804,2021-03-16
10642,10642,657236,2020-02-27
10643,10643,779146,2024-06-08
10644,10644,374697,2022-04-03
10645,10645,618172,2022-04-09
10646,10646,259802,2018-01-08
10647,10647,862527,2021-09-04
10648,10648,217452,2019-05-13
10649,10649,1458523,2018-02-15
10650,10650,482172,2024-02-17
10651,10651,924028,2022-10-10
10652,10652,1342652,2024-05-20
10653,10653,288745,2024-01-27
10654,10654,1456445,2018-06-02
10655,10655,69292,2024-09-07
10656,10656,568998,2021-12-01
10657,10657,1107011,2018-07-12
10658,10658,76734,2021-06-12
10659,10659,878580,2024-02-07
10660,10660,1067485,2018-03-17
10661,10661,239196,2018-04-15
10662,10662,550210,2021-09-18
10663,10663,237034,2021-11-20
10664,10664,876954,2023-04-13
10665,10665,1114764,2024-04-28
10666,10666,169873,2018-08-07
10667,10667,622266,2024-03-06
10668,10668,262835,2023-01-30
10669,10669,1159280,2020-07-25
10670,10670,960198,2020-04-13
10671,10671,697981,2019-01-12
10672,10672,1319531,2021-11-06
10673,10673,567702,2018-12-11
10674,10674,700740,2020-11-06
10675,10675,1374007,2023-12-29
10676,10676,497373,2018-01-11
10677,10677,759400,2023-12-05
10678,10678,178800,2024-06-25
10679,10679,147992,2018-03-30
10680,10680,1182108,2024-03-18
10681,10681,539640,2024-12-18
10682,10682,649760,2024-11-16
10683,10683,561102,2022-06-11
10684,10684,1063356,2019-01-11
10685,10685,247715,2023-07-26
10686,10686,1169402,2020-06-25
10687,10687,1028806,2018-04-01
10688,10688,670041,2023-09-02
10689,10689,1004391,2021-09-05
10690,10690,1336417,2023-06-08
10691,10691,705790,2023-03-27
10692,10692,470658,2019-11-01
10693,10693,222219,2019-05-27
10694,10694,728693,2024-04-13
10695,10695,1173886,2023-12-11
10696,10696,607905,2019-06-05
10697,10697,1485697,2019-12-15
10698,10698,100666,2021-06-08
10699,10699,343549,2020-05-26
10700,10700,231393,2022-06-27
10701,10701,644099,2023-09-04
10702,10702,350121,2018-05-22
10703,10703,533669,2020-09-07
10704,10704,1094819,2023-09-19
10705,10705,691864,2021-05-27
10706,10706,375826,2018-04-20
10707,10707,825547,2024-02-27
10708,10708,1370536,2020-11-02
10709,10709,269293,2021-03-18
10710,10710,1384488,2023-02-21
10711,10711,1493169,2022-12-27
10712,10712,364592,2024-02-08
10713,10713,291053,2023-03-14
10714,10714,871418,2020-01-22
10715,10715,509127,2019-03-16
10716,10716,1328016,2018-09-21
10717,10717,1476326,2019-07-30
10718,10718,1166568,2019-04-27
10719,10719,408744,2019-07-13
10720,10720,213460,2024-10-21
10721,10721,643754,2023-05-28
10722,10722,596616,2019-11-16
10723,10723,1205984,2023-02-19
10724,10724,1278677,2022-08-26
10725,10725,398512,2023-11-21
10726,10726,395495,2018-02-01
10727,10727,758095,2020-01-11
10728,10728,240318,2024-02-08
10729,10729,1386841,2024-03-05
10730,10730,276173,2021-06-12
10731,10731,1376372,2024-03-13
10732,10732,83162,2020-01-04
10733,10733,248962,2021-03-28
10734,10734,1169065,2021-11-29
10735,10735,367996,2024-05-29
10736,10736,1140429,2020-06-08
10737,10737,191486,2018-12-23
10738,10738,583206,2018-12-14
10739,10739,649886,2024-09-08
10740,10740,1045381,2020-09-29
10741,10741,857024,2023-10-04
10742,10742,1331260,2018-10-26
10743,10743,540467,2022-08-18
10744,10744,1275285,2023-02-25
10745,10745,1251334,2022-05-31
10746,10746,271748,2021-10-18
10747,10747,1356498,2023-01-19
10748,10748,1437956,2019-09-26
10749,10749,698001,2020-12-26
10750,10750,786515,2019-12-09
10751,10751,755509,2019-12-10
10752,10752,153400,2020-07-04
10753,10753,570920,2024-05-14
10754,10754,154191,2023-07-20
10755,10755,172501,2023-05-19
10756,10756,1306363,2024-05-19
10757,10757,951226,2024-02-13
10758,10758,1062064,2019-04-08
10759,10759,1360345,2019-06-17
10760,10760,962405,2018-12-26
10761,10761,826431,2018-02-01
10762,10762,135019,2018-11-24
10763,10763,57418,2019-04-16
10764,10764,1378769,2021-05-16
10765,10765,1022012,2022-08-10
10766,10766,576011,2019-01-29
10767,10767,742827,2019-05-20
10768,10768,880844,2023-12-29
10769,10769,405031,2021-10-06
10770,10770,635923,2021-05-09
10771,10771,435435,2019-06-01
10772,10772,891742,2022-08-04
10773,10773,883527,2019-11-17
10774,10774,302929,2019-12-10
10775,10775,1182555,2018-08-27
10776,10776,935981,2024-09-23
10777,10777,1275458,2024-06-13
10778,10778,769020,2021-06-12
10779,10779,406235,2018-03-13
10780,10780,1282934,2019-03-23
10781,10781,1406162,2022-03-06
10782,10782,1255399,2022-09-24
10783,10783,642990,2020-04-15
10784,10784,197427,2021-01-11
10785,10785,876893,2021-08-25
10786,10786,694914,2022-08-22
10787,10787,100297,2024-05-09
10788,10788,813898,2021-05-02
10789,10789,1354932,2021-06-17
10790,10790,691413,2020-09-17
10791,10791,1275858,2018-01-19
10792,10792,1434567,2023-04-04
10793,10793,467436,2018-08-15
10794,10794,122155,2019-05-04
10795,10795,634280,2021-06-02
10796,10796,158078,2021-06-09
10797,10797,748850,2018-11-07
10798,10798,1277534,2019-04-03
10799,10799,920943,2019-03-01
10800,10800,497693,2023-10-06
10801,10801,697231,2021-05-20
10802,10802,762914,2018-01-27
10803,10803,1247841,2021-04-07
10804,10804,1365658,2018-02-03
10805,10805,804473,2021-06-05
10806,10806,445146,2023-11-09
10807,10807,834219,2022-07-23
10808,10808,931729,2021-01-02
10809,10809,567192,2022-03-21
10810,10810,94789,2022-03-19
10811,10811,294890,2024-04-20
10812,10812,943795,2023-05-23
10813,10813,496865,2018-12-15
10814,10814,504575,2023-06-06
10815,10815,659902,2021-12-14
10816,10816,703803,2019-06-02
10817,10817,393497,2018-01-19
10818,10818,90642,2023-01-17
10819,10819,459444,2019-06-20
10820,10820,501850,2024-07-29
10821,10821,278464,2023-03-14
10822,10822,1065566,2019-07-03
10823,10823,216098,2021-07-28
10824,10824,292725,2020-10-11
10825,10825,777007,2022-11-12
10826,10826,1482918,2024-11-04
10827,10827,266577,2024-03-17
10828,10828,1159065,2020-08-07
10829,10829,945068,2022-11-10
10830,10830,900754,2022-12-20
10831,10831,487301,2022-10-09
10832,10832,909153,2019-08-03
10833,10833,1367057,2023-09-18
10834,10834,1375747,2024-09-25
10835,10835,1013453,2020-07-01
10836,10836,630868,2021-11-27
10837,10837,873295,2024-11-06
10838,10838,922509,2019-04-22
10839,10839,660673,2020-06-14
10840,10840,627615,2023-04-07
10841,10841,491829,2024-11-01
10842,10842,1366870,2024-06-18
10843,10843,1063613,2019-12-11
10844,10844,1154018,2019-07-01
10845,10845,147240,2018-05-01
10846,10846,392913,2018-07-21
10847,10847,757110,2021-10-11
10848,10848,1186331,2019-08-02
10849,10849,1233593,2022-12-12
10850,10850,191219,2022-06-01
10851,10851,392086,2022-09-24
10852,10852,1113645,2022-03-23
10853,10853,562304,2022-05-06
10854,10854,667569,2022-10-07
10855,10855,314109,2022-02-17
10856,10856,595818,2024-12-10
10857,10857,1421358,2021-11-26
10858,10858,1364109,2022-10-10
10859,10859,1004437,2020-12-12
10860,10860,1192970,2019-05-22
10861,10861,1084928,2021-09-24
10862,10862,53718,2023-09-13
10863,10863,158549,2022-08-12
10864,10864,1120490,2019-10-29
10865,10865,1358217,2020-06-25
10866,10866,122905,2024-05-26
10867,10867,740222,2019-09-08
10868,10868,689459,2020-06-03
10869,10869,1056236,2022-04-29
10870,10870,231717,2018-09-17
10871,10871,571893,2024-10-13
10872,10872,1211477,2021-09-17
10873,10873,1327152,2023-08-22
10874,10874,494996,2021-02-21
10875,10875,445884,2023-09-05
10876,10876,303393,2024-02-25
10877,10877,292988,2020-02-08
10878,10878,1021519,2018-05-27
10879,10879,141261,2023-03-03
10880,10880,1161753,2019-11-03
10881,10881,244195,2022-11-14
10882,10882,642715,2021-10-03
10883,10883,726851,2023-11-20
10884,10884,1132742,2021-08-14
10885,10885,1288354,2021-04-06
10886,10886,850196,2022-12-02
10887,10887,1164981,2022-04-05
10888,10888,329467,2024-03-17
10889,10889,503259,2020-01-03
10890,10890,1142461,2022-05-24
10891,10891,473209,2022-08-18
10892,10892,734961,2023-03-17
10893,10893,525142,2021-11-16
10894,10894,1462006,2019-10-26
10895,10895,1137933,2023-06-05
10896,10896,777284,2024-10-15
10897,10897,627297,2023-03-12
10898,10898,829526,2023-07-09
10899,10899,583578,2019-12-24
10900,10900,665814,2023-09-25
10901,10901,788309,2019-04-13
10902,10902,616771,2020-04-01
10903,10903,1235549,2019-12-25
10904,10904,227243,2021-09-01
10905,10905,109030,2018-07-28
10906,10906,958898,2018-02-11
10907,10907,1144822,2020-07-16
10908,10908,1418506,2023-10-26
10909,10909,319873,2019-05-07
10910,10910,1380480,2024-04-01
10911,10911,1013635,2023-02-11
10912,10912,1346509,2019-09-06
10913,10913,743954,2021-05-09
10914,10914,1027909,2020-07-12
10915,10915,1081679,2022-01-09
10916,10916,1449229,2019-12-12
10917,10917,684691,2024-01-15
10918,10918,1206068,2023-09-14
10919,10919,1142027,2022-09-15
10920,10920,229896,2020-02-18
10921,10921,845201,2019-06-06
10922,10922,491683,2023-09-26
10923,10923,486815,2020-02-16
10924,10924,1454375,2023-01-08
10925,10925,929983,2019-06-14
10926,10926,779275,2021-03-22
10927,10927,460766,2020-12-20
10928,10928,1127862,2019-03-13
10929,10929,640819,2023-07-18
10930,10930,470041,2021-10-16
10931,10931,160274,2022-11-20
10932,10932,1017294,2021-09-10
10933,10933,640771,2023-01-01
10934,10934,1281614,2022-11-21
10935,10935,660041,2022-08-12
10936,10936,651112,2022-07-19
10937,10937,346722,2018-01-17
10938,10938,992248,2023-11-16
10939,10939,319679,2024-06-21
10940,10940,1405992,2020-09-16
10941,10941,1002926,2020-09-22
10942,10942,61676,2021-01-22
10943,10943,259212,2024-12-22
10944,10944,586545,2019-10-21
10945,10945,635029,2018-11-24
10946,10946,1481782,2024-09-29
10947,10947,1434693,2022-02-22
10948,10948,1263729,2023-09-18
10949,10949,1123479,2021-01-20
10950,10950,824114,2021-06-21
10951,10951,400369,2021-10-02
10952,10952,231573,2021-07-20
10953,10953,443481,2019-02-14
10954,10954,1358026,2018-04-25
10955,10955,618010,2024-05-23
10956,10956,1380129,2019-06-03
10957,10957,1497838,2018-07-03
10958,10958,285198,2022-09-18
10959,10959,156857,2023-12-16
10960,10960,709857,2019-10-12
10961,10961,263605,2022-02-27
10962,10962,1083218,2024-04-23
10963,10963,461303,2020-02-06
10964,10964,1125337,2022-10-18
10965,10965,1048884,2019-11-10
10966,10966,1222643,2024-02-09
10967,10967,638717,2023-03-23
10968,10968,1365398,2024-01-11
10969,10969,1062815,2024-05-01
10970,10970,729351,2020-05-12
10971,10971,86382,2024-12-15
10972,10972,394448,2019-02-05
10973,10973,283229,2020-10-27
10974,10974,290773,2024-07-10
10975,10975,955442,2019-08-02
10976,10976,1264513,2024-09-13
10977,10977,1300274,2022-06-13
10978,10978,371604,2023-03-27
10979,10979,307810,2022-05-15
10980,10980,613698,2024-04-26
10981,10981,1155380,2023-10-28
10982,10982,1462233,2022-11-21
10983,10983,733137,2021-07-09
10984,10984,93989,2023-10-01
10985,10985,1428653,2021-02-02
10986,10986,89831,2023-05-10
10987,10987,248886,2019-08-03
10988,10988,589940,2023-05-27
10989,10989,63216,2022-11-15
10990,10990,1244442,2020-04-17
10991,10991,410185,2020-11-23
10992,10992,919599,2018-09-10
10993,10993,591825,2018-02-26
10994,10994,1125559,2020-02-08
10995,10995,1228198,2019-05-19
10996,10996,1116042,2024-09-14
10997,10997,783990,2021-01-05
10998,10998,88497,2021-05-28
10999,10999,165552,2023-08-03
11000,11000,1478600,2019-02-13
11001,11001,1407666,2019-10-27
11002,11002,1463577,2018-05-22
11003,11003,896558,2018-06-09
11004,11004,561648,2022-10-07
11005,11005,348487,2018-03-31
11006,11006,1489386,2024-06-30
11007,11007,970733,2019-10-26
11008,11008,279369,2024-12-24
11009,11009,512623,2020-04-01
11010,11010,97406,2021-03-13
11011,11011,384993,2024-08-24
11012,11012,856164,2019-02-17
11013,11013,467646,2018-08-10
11014,11014,794976,2019-07-02
11015,11015,880574,2024-05-20
11016,11016,518868,2019-08-07
11017,11017,421847,2020-07-30
11018,11018,800383,2023-04-20
11019,11019,970198,2024-02-15
11020,11020,808653,2020-11-23
11021,11021,472173,2023-06-26
11022,11022,64043,2020-06-19
11023,11023,87698,2021-01-22
11024,11024,716019,2019-06-23
11025,11025,1421152,2021-04-12
11026,11026,426262,2023-10-24
11027,11027,344076,2023-09-02
11028,11028,909601,2024-11-25
11029,11029,1447957,2022-01-21
11030,11030,792995,2024-09-30
11031,11031,372648,2024-02-05
11032,11032,191737,2022-07-12
11033,11033,1264679,2019-04-01
11034,11034,704143,2020-06-22
11035,11035,450154,2020-02-02
11036,11036,1258765,2023-04-19
11037,11037,1145685,2020-04-14
11038,11038,1161159,2019-01-16
11039,11039,355637,2021-08-27
11040,11040,999409,2019-09-24
11041,11041,706736,2018-12-07
11042,11042,263587,2021-07-07
11043,11043,1325763,2023-04-30
11044,11044,1136314,2022-10-08
11045,11045,639673,2018-09-20
11046,11046,359773,2022-09-18
11047,11047,729645,2023-09-23
11048,11048,860360,2022-12-13
11049,11049,584198,2020-08-05
11050,11050,1031859,2023-08-03
11051,11051,1014452,2018-12-07
11052,11052,860205,2022-08-29
11053,11053,776199,2024-04-20
11054,11054,462517,2023-01-06
11055,11055,350304,2021-09-24
11056,11056,651645,2020-04-02
11057,11057,759228,2020-08-30
11058,11058,763714,2021-03-07
11059,11059,1004147,2024-08-27
11060,11060,143772,2020-06-06
11061,11061,216504,2019-02-09
11062,11062,872336,2019-09-01
11063,11063,1270251,2021-06-12
11064,11064,1214875,2020-11-07
11065,11065,353540,2019-03-28
11066,11066,1254959,2020-05-22
11067,11067,1399513,2024-03-26
11068,11068,394336,2019-06-03
11069,11069,784616,2023-02-12
11070,11070,1280883,2020-11-16
11071,11071,372439,2024-10-05
11072,11072,986186,2021-12-21
11073,11073,1066067,2019-05-26
11074,11074,920807,2019-05-24
11075,11075,900091,2019-09-13
11076,11076,1366895,2021-12-07
11077,11077,757745,2021-01-10
11078,11078,674591,2024-12-11
11079,11079,1393005,2022-06-12
11080,11080,1311755,2022-09-21
11081,11081,426041,2019-04-12
11082,11082,1277463,2023-02-10
11083,11083,1109595,2022-02-02
11084,11084,250253,2020-09-08
11085,11085,1183953,2018-01-28
11086,11086,757612,2021-08-07
11087,11087,651881,2019-02-04
11088,11088,745476,2024-05-11
11089,11089,1132765,2018-11-04
11090,11090,771396,2024-02-25
11091,11091,1431700,2022-03-30
11092,11092,808092,2018-03-05
11093,11093,781618,2022-07-16
11094,11094,1284289,2019-02-05
11095,11095,233819,2023-10-25
11096,11096,1431977,2021-07-30
11097,11097,189881,2022-07-11
11098,11098,1484855,2021-10-23
11099,11099,1103742,2020-05-15
11100,11100,250839,2022-08-09
11101,11101,586766,2023-06-19
11102,11102,178218,2021-05-15
11103,11103,452338,2023-08-03
11104,11104,1284770,2024-12-21
11105,11105,725243,2018-06-24
11106,11106,1383348,2024-03-29
11107,11107,452879,2023-06-08
11108,11108,664575,2021-09-01
11109,11109,1308533,2023-03-05
11110,11110,625485,2018-07-22
11111,11111,1178431,2022-08-31
11112,11112,1494868,2021-09-07
11113,11113,251330,2021-11-06
11114,11114,1253314,2024-12-24
11115,11115,547722,2024-12-02
11116,11116,1060348,2022-05-31
11117,11117,1195073,2018-03-22
11118,11118,155118,2023-06-12
11119,11119,836802,2020-01-16
11120,11120,106222,2018-03-24
11121,11121,1450612,2021-09-21
11122,11122,1437894,2023-09-05
11123,11123,649913,2019-10-10
11124,11124,1437037,2024-10-08
11125,11125,1405842,2024-02-06
11126,11126,330122,2022-04-01
11127,11127,807054,2022-04-26
11128,11128,1427039,2024-10-08
11129,11129,695339,2023-01-24
11130,11130,852201,2023-12-07
11131,11131,1096400,2024-12-25
11132,11132,252350,2019-03-01
11133,11133,662436,2018-03-26
11134,11134,1350028,2021-04-18
11135,11135,496344,2021-11-29
11136,11136,548052,2024-05-17
11137,11137,370111,2024-05-20
11138,11138,310007,2023-08-26
11139,11139,740939,2021-09-08
11140,11140,552879,2023-01-25
11141,11141,1241282,2024-10-12
11142,11142,1286220,2023-04-01
11143,11143,1224957,2020-09-17
11144,11144,254061,2023-04-30
11145,11145,1422452,2020-11-13
11146,11146,747968,2022-12-20
11147,11147,1096397,2019-01-19
11148,11148,442596,2020-10-04
11149,11149,1195656,2022-07-11
11150,11150,1050786,2021-12-17
11151,11151,1166679,2021-11-10
11152,11152,997630,2021-06-03
11153,11153,426085,2020-11-13
11154,11154,1222980,2019-07-06
11155,11155,391683,2022-02-27
11156,11156,1264644,2023-12-11
11157,11157,1407560,2024-11-26
11158,11158,1182185,2023-05-02
11159,11159,1234345,2021-07-05
11160,11160,1388749,2020-07-26
11161,11161,1211055,2023-04-30
11162,11162,1104248,2022-01-22
11163,11163,97362,2018-09-12
11164,11164,670856,2020-09-01
11165,11165,922169,2022-04-25
11166,11166,1374515,2018-12-24
11167,11167,463027,2018-01-16
11168,11168,895491,2023-10-08
11169,11169,766823,2023-08-06
11170,11170,962502,2023-08-01
11171,11171,247949,2022-03-25
11172,11172,1022943,2024-05-10
11173,11173,773249,2023-04-05
11174,11174,1487249,2020-07-07
11175,11175,161870,2018-08-16
11176,11176,516076,2019-11-14
11177,11177,797643,2018-01-18
11178,11178,749246,2024-09-28
11179,11179,899545,2020-05-04
11180,11180,155347,2023-11-10
11181,11181,1001531,2019-03-13
11182,11182,293112,2021-05-11
11183,11183,840256,2024-02-03
11184,11184,650573,2020-03-13
11185,11185,123748,2020-02-16
11186,11186,833868,2018-06-27
11187,11187,492917,2019-10-28
11188,11188,363763,2022-08-02
11189,11189,803112,2024-11-13
11190,11190,1327190,2023-10-12
11191,11191,1442738,2020-04-20
11192,11192,1105307,2019-08-08
11193,11193,1164088,2021-07-31
11194,11194,820336,2022-03-06
11195,11195,894397,2019-07-10
11196,11196,550532,2018-03-05
11197,11197,801787,2022-05-06
11198,11198,1065890,2020-05-11
11199,11199,994068,2019-10-28
11200,11200,184829,2023-10-11
11201,11201,1235834,2022-06-26
11202,11202,741768,2023-12-06
11203,11203,218239,2021-09-26
11204,11204,656157,2023-10-30
11205,11205,284627,2021-12-25
11206,11206,1458098,2020-01-01
11207,11207,1387581,2023-03-16
11208,11208,657482,2018-09-20
11209,11209,1124732,2019-11-28
11210,11210,632675,2021-03-16
11211,11211,348719,2023-08-16
11212,11212,1301055,2018-03-08
11213,11213,1443309,2018-09-23
11214,11214,1452994,2020-04-24
11215,11215,289433,2022-02-20
11216,11216,654385,2020-07-23
11217,11217,1449315,2019-12-14
11218,11218,194365,2019-02-11
11219,11219,1466082,2024-01-08
11220,11220,549673,2020-08-05
11221,11221,449860,2022-03-07
11222,11222,175629,2021-06-25
11223,11223,766704,2020-05-24
11224,11224,883493,2019-08-24
11225,11225,1396482,2023-06-11
11226,11226,1128940,2022-08-16
11227,11227,1450849,2019-04-08
11228,11228,386092,2019-04-20
11229,11229,1187884,2020-08-03
11230,11230,128357,2023-09-24
11231,11231,1457818,2022-09-18
11232,11232,265793,2023-01-28
11233,11233,711534,2018-01-31
11234,11234,456147,2020-07-29
11235,11235,991008,2024-08-24
11236,11236,1310715,2019-03-15
11237,11237,1455085,2020-02-15
11238,11238,291196,2022-11-28
11239,11239,927341,2023-01-10
11240,11240,1397885,2023-05-22
11241,11241,225712,2021-07-20
11242,11242,1060547,2019-04-04
11243,11243,1141144,2021-02-25
11244,11244,783103,2020-02-27
11245,11245,767262,2020-01-10
11246,11246,1003461,2018-01-31
11247,11247,116017,2024-09-26
11248,11248,615159,2022-08-17
11249,11249,755369,2018-05-08
11250,11250,1035327,2021-09-16
11251,11251,490562,2024-12-21
11252,11252,617173,2024-03-26
11253,11253,760479,2022-07-05
11254,11254,219841,2020-12-04
11255,11255,671628,2019-02-02
11256,11256,1121260,2023-01-02
11257,11257,806783,2019-01-20
11258,11258,611600,2024-10-14
11259,11259,105871,2022-03-28
11260,11260,1317837,2018-04-05
11261,11261,1417645,2018-11-10
11262,11262,731479,2019-09-22
11263,11263,854836,2022-03-08
11264,11264,1049643,2019-09-03
11265,11265,757937,2020-11-14
11266,11266,1298758,2021-06-29
11267,11267,1467665,2021-01-28
11268,11268,769598,2019-03-19
11269,11269,771472,2023-07-15
11270,11270,1082285,2019-04-20
11271,11271,596764,2022-09-06
11272,11272,572937,2024-08-16
11273,11273,1108245,2020-05-15
11274,11274,412069,2024-01-11
11275,11275,871866,2024-11-11
11276,11276,229748,2020-07-09
11277,11277,258125,2019-06-02
11278,11278,1451064,2018-09-22
11279,11279,1079249,2020-10-02
11280,11280,1315691,2019-09-18
11281,11281,1336444,2023-07-26
11282,11282,895436,2024-02-01
11283,11283,565027,2022-04-19
11284,11284,922471,2018-02-17
11285,11285,321550,2023-07-15
11286,11286,169913,2021-11-13
11287,11287,1196521,2024-06-14
11288,11288,1450920,2020-08-27
11289,11289,216608,2021-11-24
11290,11290,124492,2020-05-17
11291,11291,1464867,2021-10-14
11292,11292,1063832,2018-11-03
11293,11293,1494273,2019-07-13
11294,11294,900678,2023-07-17
11295,11295,253383,2021-07-25
11296,11296,460514,2021-01-11
11297,11297,351090,2019-04-29
11298,11298,1327170,2020-02-15
11299,11299,873716,2023-05-19
11300,11300,219869,2021-10-07
11301,11301,671781,2023-08-09
11302,11302,1491576,2020-11-06
11303,11303,394731,2023-05-09
11304,11304,1412245,2023-11-08
11305,11305,583576,2023-05-09
11306,11306,941807,2024-06-21
11307,11307,549245,2019-08-10
11308,11308,238703,2020-06-14
11309,11309,131629,2023-06-18
11310,11310,1214153,2024-01-08
11311,11311,954175,2024-03-21
11312,11312,1261965,2022-02-17
11313,11313,701360,2022-10-16
11314,11314,1046270,2021-05-02
11315,11315,1073223,2018-05-18
11316,11316,625534,2023-07-17
11317,11317,339084,2024-09-30
11318,11318,550039,2020-12-30
11319,11319,1480915,2020-12-21
11320,11320,392114,2020-10-18
11321,11321,1178416,2022-11-25
11322,11322,1227855,2021-04-28
11323,11323,1366989,2024-11-01
11324,11324,149436,2021-02-26
11325,11325,924361,2020-03-29
11326,11326,496251,2018-10-23
11327,11327,1036379,2021-12-15
11328,11328,100740,2019-09-08
11329,11329,1110682,2018-04-08
11330,11330,239207,2024-01-30
11331,11331,1234372,2022-10-14
11332,11332,531770,2018-01-10
11333,11333,257934,2022-01-30
11334,11334,365216,2020-10-18
11335,11335,131327,2019-03-09
11336,11336,1028353,2022-08-17
11337,11337,1046920,2021-07-04
11338,11338,760278,2018-12-10
11339,11339,186635,2019-10-26
11340,11340,974968,2021-05-30
11341,11341,628193,2022-05-08
11342,11342,1102092,2024-07-13
11343,11343,1386063,2021-04-23
11344,11344,324716,2023-10-22
11345,11345,981187,2018-04-27
11346,11346,1248145,2023-01-16
11347,11347,148068,2021-06-26
11348,11348,535534,2023-04-17
11349,11349,126586,2018-04-15
11350,11350,875075,2022-07-28
11351,11351,876562,2021-04-01
11352,11352,219298,2021-06-12
11353,11353,474012,2023-01-19
11354,11354,693565,2018-02-08
11355,11355,495453,2021-04-10
11356,11356,1306354,2023-02-11
11357,11357,1444670,2018-07-03
11358,11358,1489666,2024-12-19
11359,11359,782785,2020-07-16
11360,11360,1137660,2019-03-23
11361,11361,319693,2024-08-12
11362,11362,1295982,2020-11-07
11363,11363,1463372,2019-03-06
11364,11364,157222,2024-12-19
11365,11365,1114225,2019-01-07
11366,11366,364747,2022-07-08
11367,11367,1110289,2022-06-09
11368,11368,599803,2021-06-13
11369,11369,1350777,2022-11-19
11370,11370,860498,2020-06-29
11371,11371,658679,2022-11-12
11372,11372,1025120,2019-02-27
11373,11373,711338,2024-05-11
11374,11374,155299,2020-03-03
11375,11375,660355,2022-06-05
11376,11376,476102,2018-03-11
11377,11377,270820,2023-04-24
11378,11378,447986,2020-11-19
11379,11379,1306055,2019-10-15
11380,11380,325926,2024-09-08
11381,11381,1074159,2020-09-13
11382,11382,976548,2020-09-25
11383,11383,1243433,2018-08-04
11384,11384,52919,2020-04-15
11385,11385,1363001,2021-10-17
11386,11386,591309,2024-02-22
11387,11387,829580,2018-08-24
11388,11388,1378908,2018-11-30
11389,11389,305302,2018-09-25
11390,11390,794766,2022-09-30
11391,11391,1407870,2019-07-15
11392,11392,311001,2019-07-30
11393,11393,1275440,2021-07-24
11394,11394,218566,2022-08-16
11395,11395,624539,2018-06-09
11396,11396,546653,2021-08-08
11397,11397,1080837,2020-11-06
11398,11398,198707,2019-01-20
11399,11399,523071,2022-11-15
11400,11400,126270,2020-10-05
11401,11401,649337,2022-02-01
11402,11402,336217,2023-07-25
11403,11403,527434,2018-11-16
11404,11404,1261190,2020-04-28
11405,11405,559784,2023-08-09
11406,11406,429161,2021-08-07
11407,11407,426656,2019-02-05
11408,11408,65212,2020-07-10
11409,11409,835631,2018-05-22
11410,11410,670263,2022-06-19
11411,11411,799355,2021-11-01
11412,11412,250110,2024-07-29
11413,11413,57126,2021-02-28
11414,11414,489413,2021-01-06
11415,11415,926363,2018-11-23
11416,11416,295235,2024-06-18
11417,11417,592117,2024-10-11
11418,11418,971364,2021-03-31
11419,11419,1477878,2022-02-25
11420,11420,274236,2021-07-01
11421,11421,175304,2020-06-22
11422,11422,327184,2023-04-09
11423,11423,1284719,2024-02-15
11424,11424,540688,2022-10-24
11425,11425,648280,2020-06-12
11426,11426,995519,2018-08-30
11427,11427,573651,2018-07-19
11428,11428,1245077,2020-12-31
11429,11429,433742,2021-07-09
11430,11430,83335,2019-11-27
11431,11431,111608,2018-12-27
11432,11432,84989,2018-11-22
11433,11433,816302,2018-04-16
11434,11434,746266,2023-08-15
11435,11435,1446278,2023-01-21
11436,11436,962404,2018-01-16
11437,11437,965844,2023-11-11
11438,11438,1213489,2020-08-26
11439,11439,1057167,2024-11-03
11440,11440,167552,2020-09-30
11441,11441,1270301,2020-04-30
11442,11442,361521,2022-03-11
11443,11443,344240,2020-11-01
11444,11444,1115831,2020-10-09
11445,11445,1352675,2020-04-16
11446,11446,619910,2018-05-24
11447,11447,677275,2022-11-30
11448,11448,1334280,2020-08-17
11449,11449,401641,2024-09-07
11450,11450,1496107,2021-09-28
11451,11451,81570,2020-10-09
11452,11452,1252034,2022-09-01
11453,11453,921130,2020-06-29
11454,11454,582501,2018-06-23
11455,11455,586128,2018-07-04
11456,11456,201914,2021-04-27
11457,11457,637855,2024-04-30
11458,11458,492074,2019-07-07
11459,11459,61906,2024-06-19
11460,11460,867812,2018-11-01
11461,11461,403591,2018-05-09
11462,11462,244840,2023-05-27
11463,11463,56545,2018-07-29
11464,11464,612405,2020-06-15
11465,11465,499305,2022-08-20
11466,11466,1300572,2023-09-05
11467,11467,362351,2018-04-20
11468,11468,941892,2022-09-27
11469,11469,386556,2021-04-12
11470,11470,967740,2020-12-12
11471,11471,1350633,2023-08-14
11472,11472,1107402,2020-05-11
11473,11473,1269935,2020-04-04
11474,11474,422837,2020-09-27
11475,11475,939987,2024-04-24
11476,11476,757852,2022-12-27
11477,11477,935987,2022-09-24
11478,11478,787560,2019-09-22
11479,11479,156229,2022-04-19
11480,11480,261545,2018-04-19
11481,11481,437867,2021-07-27
11482,11482,1288318,2020-07-13
11483,11483,904631,2021-05-23
11484,11484,325565,2020-02-06
11485,11485,1317416,2018-12-17
11486,11486,1309798,2019-09-04
11487,11487,930057,2020-08-03
11488,11488,964423,2024-06-30
11489,11489,1404612,2023-08-13
11490,11490,92934,2021-10-15
11491,11491,1356711,2023-09-16
11492,11492,1395764,2021-04-20
11493,11493,820902,2019-10-03
11494,11494,211652,2021-06-04
11495,11495,208606,2022-12-09
11496,11496,317976,2020-09-03
11497,11497,1020126,2019-05-03
11498,11498,412045,2022-06-20
11499,11499,1036845,2022-07-05
11500,11500,844736,2020-01-12
11501,11501,1141409,2020-01-07
11502,11502,810101,2024-06-21
11503,11503,585001,2021-11-15
11504,11504,641536,2020-05-16
11505,11505,99149,2024-11-18
11506,11506,1100729,2022-11-14
11507,11507,207372,2021-12-13
11508,11508,705049,2023-01-30
11509,11509,111360,2023-02-28
11510,11510,813431,2024-12-04
11511,11511,331383,2018-06-09
11512,11512,509483,2021-03-28
11513,11513,288007,2019-10-21
11514,11514,1285004,2019-08-07
11515,11515,927577,2021-04-23
11516,11516,998570,2018-10-05
11517,11517,831244,2022-06-28
11518,11518,1216137,2022-11-23
11519,11519,593994,2024-12-18
11520,11520,228261,2021-08-17
11521,11521,289944,2024-06-21
11522,11522,915210,2021-01-09
11523,11523,924938,2018-06-05
11524,11524,1110456,2024-11-07
11525,11525,605906,2018-12-27
11526,11526,149509,2021-08-24
11527,11527,886199,2021-05-30
11528,11528,957982,2021-11-26
11529,11529,324847,2019-07-05
11530,11530,529834,2022-08-29
11531,11531,463044,2022-01-24
11532,11532,714848,2020-11-17
11533,11533,92715,2021-10-14
11534,11534,748096,2024-04-12
11535,11535,229389,2022-01-25
11536,11536,988152,2018-04-18
11537,11537,156650,2018-02-28
11538,11538,1367680,2024-06-07
11539,11539,827771,2024-09-07
11540,11540,945073,2018-02-15
11541,11541,250797,2024-05-16
11542,11542,1275860,2024-12-17
11543,11543,1452975,2022-11-13
11544,11544,1284254,2023-09-18
11545,11545,550415,2023-05-04
11546,11546,669342,2019-06-05
11547,11547,1444170,2022-06-07
11548,11548,1295881,2023-02-27
11549,11549,1248231,2022-11-03
11550,11550,1316278,2022-05-31
11551,11551,850309,2019-11-05
11552,11552,281412,2018-09-12
11553,11553,704372,2022-03-19
11554,11554,1178059,2022-11-18
11555,11555,153264,2021-12-09
11556,11556,1100195,2020-05-14
11557,11557,863964,2022-09-02
11558,11558,1329151,2019-07-31
11559,11559,1057477,2024-01-08
11560,11560,961736,2019-11-22
11561,11561,139160,2023-02-22
11562,11562,906103,2020-01-27
11563,11563,473931,2021-01-27
11564,11564,1013946,2021-08-13
11565,11565,814538,2022-07-24
11566,11566,1280366,2020-11-22
11567,11567,1238016,2023-10-19
11568,11568,392851,2024-02-20
11569,11569,1327071,2020-02-26
11570,11570,581693,2019-09-15
11571,11571,879412,2023-09-05
11572,11572,655598,2024-07-13
11573,11573,715120,2021-12-27
11574,11574,1314179,2018-08-23
11575,11575,630372,2019-04-24
11576,11576,659557,2018-07-31
11577,11577,1135921,2018-12-03
11578,11578,1164206,2021-04-13
11579,11579,1139208,2023-05-10
11580,11580,1210777,2018-05-19
11581,11581,754879,2024-02-03
11582,11582,864740,2023-06-16
11583,11583,906793,2020-06-05
11584,11584,374204,2019-05-09
11585,11585,161014,2018-05-27
11586,11586,1344228,2022-01-08
11587,11587,99331,2018-09-09
11588,11588,615078,2022-08-26
11589,11589,982303,2019-10-04
11590,11590,234765,2020-01-16
11591,11591,974694,2022-08-16
11592,11592,1112027,2024-03-30
11593,11593,1085599,2020-10-28
11594,11594,1025515,2019-09-19
11595,11595,269189,2023-02-26
11596,11596,119220,2021-11-27
11597,11597,1242114,2019-12-19
11598,11598,932223,2019-06-03
11599,11599,577941,2022-04-20
11600,11600,982495,2019-07-14
11601,11601,737583,2022-03-17
11602,11602,1008145,2020-07-24
11603,11603,1027718,2023-05-01
11604,11604,973629,2021-12-12
11605,11605,799835,2020-04-24
11606,11606,1144059,2020-11-07
11607,11607,495782,2018-05-02
11608,11608,1321044,2022-06-27
11609,11609,122629,2024-04-23
11610,11610,157754,2020-06-03
11611,11611,710677,2022-10-05
11612,11612,1398216,2020-08-06
11613,11613,192930,2022-09-07
11614,11614,636638,2023-09-16
11615,11615,437892,2024-06-20
11616,11616,749602,2018-05-11
11617,11617,1443372,2019-12-21
11618,11618,1402875,2023-09-03
11619,11619,687137,2019-10-05
11620,11620,451502,2023-11-27
11621,11621,296171,2019-05-21
11622,11622,581133,2021-09-12
11623,11623,1208466,2019-05-04
11624,11624,242491,2022-07-28
11625,11625,678343,2021-05-17
11626,11626,700635,2019-04-05
11627,11627,1246395,2019-03-29
11628,11628,361355,2019-10-12
11629,11629,1057158,2023-09-14
11630,11630,511813,2024-10-21
11631,11631,1287838,2018-12-30
11632,11632,133003,2018-08-28
11633,11633,1205964,2019-01-12
11634,11634,885741,2023-03-21
11635,11635,1206466,2022-03-27
11636,11636,1293928,2022-07-11
11637,11637,1106792,2022-03-20
11638,11638,669475,2018-01-05
11639,11639,601336,2022-07-02
11640,11640,606410,2018-03-23
11641,11641,438827,2022-08-07
11642,11642,368834,2019-05-12
11643,11643,1076160,2019-12-12
11644,11644,392651,2022-05-20
11645,11645,1095742,2023-01-07
11646,11646,1408961,2024-08-14
11647,11647,845133,2018-01-20
11648,11648,477179,2019-07-21
11649,11649,360754,2020-01-31
11650,11650,1048683,2022-08-01
11651,11651,173692,2020-02-22
11652,11652,200334,2018-11-10
11653,11653,1182944,2024-07-09
11654,11654,1394634,2024-09-14
11655,11655,900990,2018-11-24
11656,11656,443168,2020-04-22
11657,11657,1307515,2024-07-06
11658,11658,496307,2023-12-14
11659,11659,407034,2023-06-02
11660,11660,933245,2022-04-10
11661,11661,142503,2020-04-03
11662,11662,1252625,2018-05-31
11663,11663,533017,2021-07-11
11664,11664,858399,2021-06-27
11665,11665,920452,2022-05-14
11666,11666,963121,2021-09-19
11667,11667,1445755,2018-12-22
11668,11668,964331,2021-01-31
11669,11669,182289,2022-06-27
11670,11670,900054,2021-01-17
11671,11671,1355345,2018-06-02
11672,11672,742404,2022-01-05
11673,11673,76924,2023-10-14
11674,11674,1247612,2021-06-21
11675,11675,843369,2020-04-18
11676,11676,1010902,2020-11-27
11677,11677,947322,2023-06-01
11678,11678,260484,2019-11-18
11679,11679,1188237,2022-03-30
11680,11680,248225,2020-09-12
11681,11681,1487593,2022-05-16
11682,11682,155710,2019-03-11
11683,11683,1367150,2019-04-15
11684,11684,1433763,2020-06-17
11685,11685,688438,2020-10-23
11686,11686,1272311,2022-09-14
11687,11687,910524,2018-06-26
11688,11688,88752,2022-05-21
11689,11689,830045,2022-04-03
11690,11690,1218093,2020-07-13
11691,11691,944261,2021-08-14
11692,11692,781999,2018-12-11
11693,11693,213285,2021-03-29
11694,11694,282850,2019-06-21
11695,11695,1138038,2020-11-18
11696,11696,420191,2021-06-20
11697,11697,144278,2020-10-22
11698,11698,270174,2020-10-21
11699,11699,663966,2018-05-21
11700,11700,1252361,2024-05-22
11701,11701,1121466,2020-02-08
11702,11702,410653,2022-11-14
11703,11703,1032174,2019-01-29
11704,11704,1471078,2024-02-05
11705,11705,1161779,2021-08-19
11706,11706,1267683,2022-04-12
11707,11707,501713,2021-04-27
11708,11708,467230,2022-05-10
11709,11709,105263,2018-02-08
11710,11710,494754,2023-02-19
11711,11711,398421,2021-06-07
11712,11712,56415,2022-04-11
11713,11713,1221266,2019-08-21
11714,11714,650713,2024-05-15
11715,11715,648294,2018-12-23
11716,11716,207341,2024-05-26
11717,11717,261792,2023-02-15
11718,11718,544081,2020-03-25
11719,11719,147460,2020-05-09
11720,11720,350530,2023-11-09
11721,11721,615383,2021-10-08
11722,11722,1318115,2018-09-01
11723,11723,489554,2021-01-02
11724,11724,660705,2024-04-09
11725,11725,1184664,2020-01-10
11726,11726,1085538,2021-10-05
11727,11727,1227220,2022-01-10
11728,11728,1359153,2019-12-22
11729,11729,220341,2022-04-21
11730,11730,312483,2020-07-22
11731,11731,211363,2023-03-30
11732,11732,954098,2022-02-24
11733,11733,591517,2024-06-24
11734,11734,1381925,2023-11-14
11735,11735,898009,2019-03-16
11736,11736,1190016,2018-12-07
11737,11737,1260045,2018-01-06
11738,11738,537712,2019-06-03
11739,11739,776372,2020-05-03
11740,11740,476823,2021-06-24
11741,11741,1382183,2020-03-01
11742,11742,1465980,2018-04-29
11743,11743,128291,2022-11-25
11744,11744,591591,2023-05-11
11745,11745,263438,2019-04-04
11746,11746,1368024,2020-09-15
11747,11747,1095474,2021-04-20
11748,11748,1458508,2022-03-31
11749,11749,1007097,2021-05-10
11750,11750,1202456,2018-11-08
11751,11751,328301,2021-02-23
11752,11752,1376246,2024-08-16
11753,11753,1337504,2023-05-13
11754,11754,276120,2020-07-04
11755,11755,726386,2018-03-25
11756,11756,88681,2019-02-12
11757,11757,1162629,2019-01-04
11758,11758,698540,2024-07-21
11759,11759,469333,2022-08-30
11760,11760,110828,2022-03-17
11761,11761,182219,2018-01-10
11762,11762,820764,2023-01-02
11763,11763,562958,2020-11-20
11764,11764,1417296,2024-05-23
11765,11765,1430407,2024-01-06
11766,11766,1456975,2024-04-16
11767,11767,1310274,2021-01-13
11768,11768,883824,2020-01-25
11769,11769,734479,2019-01-03
11770,11770,1074288,2023-11-23
11771,11771,1317531,2021-08-18
11772,11772,523607,2018-11-26
11773,11773,1030751,2023-02-05
11774,11774,499552,2018-08-15
11775,11775,1477166,2018-11-26
11776,11776,209294,2020-11-17
11777,11777,428853,2021-05-02
11778,11778,1126706,2019-06-08
11779,11779,880208,2019-03-03
11780,11780,460117,2022-10-28
11781,11781,100832,2019-08-27
11782,11782,262111,2022-05-06
11783,11783,1381097,2022-08-06
11784,11784,220099,2024-06-29
11785,11785,79537,2020-12-10
11786,11786,380855,2022-10-08
11787,11787,412531,2021-05-21
11788,11788,1049200,2020-12-04
11789,11789,1469206,2019-05-07
11790,11790,1192925,2023-11-08
11791,11791,1463874,2020-04-23
11792,11792,123794,2020-10-03
11793,11793,409061,2019-02-01
11794,11794,967997,2021-12-02
11795,11795,345400,2018-07-06
11796,11796,1465620,2021-02-01
11797,11797,637833,2018-07-31
11798,11798,1412320,2019-06-07
11799,11799,167131,2020-12-14
11800,11800,530937,2023-03-18
11801,11801,787638,2019-11-16
11802,11802,77212,2022-05-10
11803,11803,1291898,2019-08-20
11804,11804,100622,2022-01-20
11805,11805,1109544,2020-09-19
11806,11806,241732,2024-11-25
11807,11807,919002,2023-01-21
11808,11808,468872,2024-01-05
11809,11809,664834,2018-09-02
11810,11810,1138778,2020-09-17
11811,11811,891959,2019-12-03
11812,11812,872843,2024-07-07
11813,11813,1498192,2019-12-26
11814,11814,1332238,2024-06-17
11815,11815,1035114,2019-06-23
11816,11816,367357,2022-08-27
11817,11817,915366,2023-10-05
11818,11818,397177,2022-01-12
11819,11819,181480,2019-04-11
11820,11820,460665,2019-12-01
11821,11821,574559,2021-08-21
11822,11822,969082,2021-10-19
11823,11823,222562,2020-04-12
11824,11824,1002775,2018-05-20
11825,11825,1401016,2024-05-26
11826,11826,123336,2022-02-22
11827,11827,1389184,2018-09-10
11828,11828,1260872,2024-03-26
11829,11829,241336,2024-09-18
11830,11830,1437624,2020-07-07
11831,11831,1138105,2022-01-19
11832,11832,452061,2020-05-14
11833,11833,953490,2023-12-27
11834,11834,1286582,2021-07-26
11835,11835,1220143,2024-02-13
11836,11836,497983,2018-06-14
11837,11837,575428,2024-11-27
11838,11838,1453810,2024-05-02
11839,11839,131437,2021-01-10
11840,11840,1157159,2023-06-05
11841,11841,102545,2022-09-24
11842,11842,848004,2021-09-15
11843,11843,677026,2023-07-23
11844,11844,1201309,2023-10-19
11845,11845,561500,2024-04-04
11846,11846,1453918,2019-05-23
11847,11847,1144251,2020-09-03
11848,11848,342765,2024-11-22
11849,11849,1153968,2024-12-31
11850,11850,791810,2018-02-28
11851,11851,1437505,2022-06-11
11852,11852,281106,2022-04-06
11853,11853,785863,2018-07-18
11854,11854,829379,2022-02-07
11855,11855,954635,2020-11-06
11856,11856,630297,2020-09-28
11857,11857,86221,2021-03-10
11858,11858,167411,2022-01-09
11859,11859,452088,2020-12-12
11860,11860,1004349,2022-10-26
11861,11861,408590,2022-08-06
11862,11862,1453241,2021-02-22
11863,11863,72166,2019-10-25
11864,11864,1418267,2023-12-31
11865,11865,224424,2018-11-09
11866,11866,168008,2020-05-02
11867,11867,488125,2021-10-09
11868,11868,721884,2018-03-21
11869,11869,129876,2020-05-22
11870,11870,555171,2019-11-18
11871,11871,1473155,2023-08-24
11872,11872,919349,2018-02-09
11873,11873,1325381,2018-06-11
11874,11874,224208,2022-12-08
11875,11875,105219,2024-01-16
11876,11876,1394283,2018-10-16
11877,11877,501462,2019-09-24
11878,11878,807304,2021-09-30
11879,11879,841153,2022-05-15
11880,11880,1456638,2019-05-27
11881,11881,564782,2023-02-26
11882,11882,229713,2022-06-29
11883,11883,1115874,2018-05-24
11884,11884,291601,2019-04-17
11885,11885,389841,2019-03-23
11886,11886,1307761,2018-02-27
11887,11887,1202256,2019-02-20
11888,11888,1111680,2019-06-05
11889,11889,1374351,2020-03-10
11890,11890,916287,2021-10-08
11891,11891,302490,2021-07-12
11892,11892,446483,2020-07-29
11893,11893,257234,2020-04-19
11894,11894,395457,2024-02-17
11895,11895,714012,2019-03-13
11896,11896,154560,2023-08-14
11897,11897,322928,2022-06-29
11898,11898,1337094,2022-05-04
11899,11899,635092,2024-04-10
11900,11900,1481600,2018-03-14
11901,11901,364521,2023-06-06
11902,11902,968245,2021-04-24
11903,11903,770051,2019-03-03
11904,11904,1204770,2018-11-19
11905,11905,1027898,2020-10-14
11906,11906,1332076,2023-08-04
11907,11907,1308831,2018-07-29
11908,11908,311764,2019-09-03
11909,11909,681981,2022-11-08
11910,11910,770601,2019-01-18
11911,11911,1234359,2020-03-31
11912,11912,482241,2023-11-14
11913,11913,1026594,2018-11-30
11914,11914,530367,2021-03-12
11915,11915,283026,2024-10-05
11916,11916,997300,2019-02-25
11917,11917,1039284,2019-07-20
11918,11918,597255,2018-10-23
11919,11919,654757,2020-04-09
11920,11920,536422,2018-02-03
11921,11921,209414,2020-06-26
11922,11922,909605,2018-04-08
11923,11923,1386985,2022-11-27
11924,11924,722390,2021-10-18
11925,11925,62699,2019-12-11
11926,11926,1275129,2023-06-07
11927,11927,1358410,2022-08-28
11928,11928,418807,2021-03-31
11929,11929,114077,2024-12-27
11930,11930,404469,2022-04-24
11931,11931,591512,2022-02-20
11932,11932,456021,2020-10-25
11933,11933,890874,2019-08-13
11934,11934,1307881,2022-11-12
11935,11935,368816,2018-07-31
11936,11936,1257436,2020-05-22
11937,11937,1142444,2018-11-22
11938,11938,1066443,2020-07-07
11939,11939,1097148,2020-09-12
11940,11940,213285,2022-02-24
11941,11941,1165199,2018-07-15
11942,11942,506970,2019-06-28
11943,11943,216454,2018-03-18
11944,11944,499713,2023-12-08
11945,11945,53617,2024-11-24
11946,11946,408847,2022-12-12
11947,11947,601499,2018-06-05
11948,11948,823010,2021-12-27
11949,11949,880352,2021-01-07
11950,11950,1442379,2024-05-10
11951,11951,597301,2024-03-09
11952,11952,1016399,2021-02-05
11953,11953,648984,2020-10-28
11954,11954,200962,2020-02-29
11955,11955,1130931,2023-11-20
11956,11956,1445693,2019-11-29
11957,11957,1194261,2022-03-25
11958,11958,1165443,2023-09-11
11959,11959,279651,2019-05-09
11960,11960,1495122,2024-07-11
11961,11961,482930,2023-06-05
11962,11962,617303,2021-07-11
11963,11963,1448373,2018-05-28
11964,11964,583304,2020-01-29
11965,11965,473882,2018-10-27
11966,11966,54286,2021-02-02
11967,11967,736868,2020-06-21
11968,11968,684589,2023-08-26
11969,11969,593172,2020-09-25
11970,11970,1416182,2023-05-22
11971,11971,446174,2020-06-21
11972,11972,630625,2020-12-03
11973,11973,126408,2022-06-11
11974,11974,216164,2022-12-11
11975,11975,864916,2020-08-30
11976,11976,1280359,2018-03-29
11977,11977,165685,2023-03-26
11978,11978,904575,2018-04-04
11979,11979,818685,2023-06-09
11980,11980,385989,2019-01-03
11981,11981,980717,2020-06-02
11982,11982,879600,2018-04-16
11983,11983,535594,2023-04-18
11984,11984,1348857,2020-12-24
11985,11985,1149396,2021-07-22
11986,11986,293403,2018-11-29
11987,11987,824840,2023-10-24
11988,11988,439191,2023-07-15
11989,11989,267716,2019-03-02
11990,11990,230677,2020-12-22
11991,11991,636625,2023-07-10
11992,11992,891082,2023-01-10
11993,11993,559768,2021-09-29
11994,11994,718756,2024-11-27
11995,11995,1184580,2024-09-09
11996,11996,130739,2024-12-17
11997,11997,184418,2019-06-12
11998,11998,1145071,2021-10-04
11999,11999,539544,2024-01-07
12000,12000,1381837,2020-03-28
12001,12001,869204,2020-11-11
12002,12002,197555,2020-06-28
12003,12003,717549,2020-10-23
12004,12004,1249679,2023-05-17
12005,12005,669544,2023-05-25
12006,12006,1237770,2024-05-02
12007,12007,80425,2018-04-24
12008,12008,418915,2019-06-25
12009,12009,1014424,2018-08-05
12010,12010,1021915,2019-07-20
12011,12011,1221575,2024-02-02
12012,12012,429197,2023-11-29
12013,12013,276272,2021-04-19
12014,12014,484052,2019-01-29
12015,12015,290023,2022-07-14
12016,12016,603602,2024-03-27
12017,12017,1176923,2023-04-20
12018,12018,895784,2019-03-26
12019,12019,582975,2023-12-18
12020,12020,315188,2023-03-05
12021,12021,497563,2019-06-21
12022,12022,639120,2023-05-23
12023,12023,1084246,2020-03-10
12024,12024,302355,2024-08-15
12025,12025,1432956,2019-07-04
12026,12026,346809,2021-05-30
12027,12027,734120,2024-11-23
12028,12028,512746,2020-01-11
12029,12029,637292,2021-04-22
12030,12030,522529,2024-03-11
12031,12031,1203164,2019-05-22
12032,12032,980443,2020-07-22
12033,12033,828408,2019-02-08
12034,12034,424582,2021-01-31
12035,12035,859897,2020-02-22
12036,12036,1450573,2024-06-16
12037,12037,1426690,2022-02-05
12038,12038,121359,2021-12-06
12039,12039,1058153,2022-04-30
12040,12040,1219069,2018-10-19
12041,12041,957535,2022-02-04
12042,12042,1240036,2021-03-10
12043,12043,171347,2021-07-16
12044,12044,685849,2023-08-05
12045,12045,1364773,2023-02-01
12046,12046,1225358,2018-10-12
12047,12047,185260,2019-06-27
12048,12048,1337397,2024-11-17
12049,12049,104541,2018-05-27
12050,12050,775299,2023-12-26
12051,12051,1280727,2023-12-09
12052,12052,634867,2018-09-12
12053,12053,491317,2024-04-22
12054,12054,409467,2018-02-02
12055,12055,137752,2024-11-04
12056,12056,679918,2023-06-09
12057,12057,1488444,2024-12-12
12058,12058,880185,2022-04-17
12059,12059,1339977,2022-08-30
12060,12060,1480982,2020-06-18
12061,12061,1265602,2020-03-06
12062,12062,627463,2019-02-25
12063,12063,740378,2024-05-27
12064,12064,416712,2020-11-21
12065,12065,613285,2022-09-11
12066,12066,491467,2023-01-23
12067,12067,1241469,2021-06-15
12068,12068,1388045,2019-02-07
12069,12069,631981,2023-02-12
12070,12070,1219483,2023-03-15
12071,12071,69204,2021-08-04
12072,12072,1282412,2024-03-25
12073,12073,269070,2020-11-18
12074,12074,526947,2023-12-30
12075,12075,967643,2018-10-19
12076,12076,389497,2020-03-09
12077,12077,200208,2022-08-17
12078,12078,1099006,2023-07-29
12079,12079,1460363,2022-02-17
12080,12080,623459,2022-08-04
12081,12081,897690,2024-06-21
12082,12082,1490534,2024-07-13
12083,12083,610994,2018-07-17
12084,12084,177218,2020-11-24
12085,12085,273287,2019-09-02
12086,12086,186150,2020-07-16
12087,12087,221682,2020-01-28
12088,12088,1452951,2022-02-04
12089,12089,1269529,2024-12-29
12090,12090,1408144,2019-10-05
12091,12091,486404,2018-05-08
12092,12092,494758,2024-07-14
12093,12093,602711,2019-05-02
12094,12094,272033,2023-07-05
12095,12095,1146320,2023-05-23
12096,12096,318077,2018-09-24
12097,12097,1262038,2019-05-11
12098,12098,572158,2018-10-21
12099,12099,1257708,2023-03-21
12100,12100,567507,2019-01-08
12101,12101,1169619,2021-05-23
12102,12102,676562,2021-04-09
12103,12103,1397872,2019-10-17
12104,12104,1133260,2020-04-05
12105,12105,519813,2022-07-17
12106,12106,610853,2019-09-01
12107,12107,76167,2020-07-23
12108,12108,744819,2022-08-26
12109,12109,1176181,2022-05-06
12110,12110,1245032,2020-01-01
12111,12111,494461,2023-10-07
12112,12112,1270039,2023-07-16
12113,12113,793149,2020-08-25
12114,12114,1310055,2024-05-26
12115,12115,140661,2020-01-22
12116,12116,80276,2024-06-02
12117,12117,61497,2021-04-21
12118,12118,186355,2021-03-11
12119,12119,856504,2024-03-08
12120,12120,800318,2018-12-30
12121,12121,206277,2019-02-22
12122,12122,905725,2019-06-22
12123,12123,1307104,2022-10-28
12124,12124,351287,2020-03-23
12125,12125,818767,2021-02-02
12126,12126,654096,2021-09-12
12127,12127,869988,2019-11-30
12128,12128,1324998,2022-04-27
12129,12129,1224962,2019-06-07
12130,12130,1285110,2019-09-12
12131,12131,1223515,2020-10-31
12132,12132,470861,2020-09-16
12133,12133,645674,2019-10-28
12134,12134,1376431,2022-01-07
12135,12135,1250329,2019-01-29
12136,12136,1216618,2023-12-07
12137,12137,933014,2021-07-24
12138,12138,1153131,2024-07-09
12139,12139,921115,2023-08-15
12140,12140,344006,2020-04-18
12141,12141,69245,2023-11-29
12142,12142,143527,2021-06-18
12143,12143,262737,2018-08-18
12144,12144,769470,2018-04-23
12145,12145,1035848,2019-05-27
12146,12146,950801,2021-01-28
12147,12147,645848,2022-12-23
12148,12148,84873,2021-09-07
12149,12149,1423222,2021-06-24
12150,12150,1041040,2023-06-14
12151,12151,77155,2018-12-19
12152,12152,347558,2022-10-10
12153,12153,931586,2022-07-22
12154,12154,95788,2019-02-18
12155,12155,726988,2018-11-16
12156,12156,58972,2018-10-11
12157,12157,1441741,2021-10-04
12158,12158,704557,2022-05-02
12159,12159,830552,2019-01-18
12160,12160,829512,2019-05-26
12161,12161,1166690,2018-11-19
12162,12162,523183,2019-05-10
12163,12163,883331,2023-08-12
12164,12164,901622,2023-08-27
12165,12165,889364,2019-11-18
12166,12166,467318,2024-10-08
12167,12167,1042663,2023-09-08
12168,12168,259616,2018-08-09
12169,12169,389639,2020-12-11
12170,12170,1133388,2022-04-09
12171,12171,1215935,2019-04-01
12172,12172,248655,2018-02-23
12173,12173,966723,2024-08-14
12174,12174,326052,2024-06-09
12175,12175,1266017,2019-09-05
12176,12176,1144330,2018-01-31
12177,12177,779912,2019-11-10
12178,12178,596815,2023-06-28
12179,12179,1330488,2019-12-19
12180,12180,1270177,2020-05-25
12181,12181,286670,2024-09-13
12182,12182,1443087,2024-07-30
12183,12183,1404825,2022-03-06
12184,12184,493925,2021-07-26
12185,12185,1361465,2020-05-16
12186,12186,1383410,2024-09-16
12187,12187,1051845,2018-02-02
12188,12188,709802,2023-04-30
12189,12189,1265288,2023-03-01
12190,12190,1374970,2021-08-01
12191,12191,1472477,2022-08-18
12192,12192,81968,2021-09-04
12193,12193,326929,2021-09-14
12194,12194,506846,2019-08-09
12195,12195,992350,2022-04-13
12196,12196,440371,2021-01-08
12197,12197,306779,2022-11-14
12198,12198,1072562,2020-09-27
12199,12199,1353762,2018-07-13
12200,12200,280229,2019-10-13
12201,12201,923467,2022-10-29
12202,12202,1123637,2023-05-24
12203,12203,940531,2018-05-30
12204,12204,1379916,2021-07-04
12205,12205,1495103,2023-10-23
12206,12206,383074,2022-01-31
12207,12207,1213636,2018-01-19
12208,12208,1444389,2018-12-18
12209,12209,1003946,2019-06-03
12210,12210,1240557,2020-04-19
12211,12211,910734,2024-03-18
12212,12212,688322,2024-06-19
12213,12213,1065984,2023-07-02
12214,12214,954545,2021-01-26
12215,12215,790132,2019-11-30
12216,12216,1062155,2018-12-02
12217,12217,1445597,2019-07-25
12218,12218,86322,2024-06-21
12219,12219,881701,2022-10-28
12220,12220,1204332,2021-03-14
12221,12221,239223,2020-02-01
12222,12222,204810,2023-08-31
12223,12223,498656,2019-01-22
12224,12224,572286,2022-01-17
12225,12225,1281265,2018-10-10
12226,12226,528874,2018-08-08
12227,12227,798078,2021-05-14
12228,12228,1175024,2023-05-31
12229,12229,360377,2021-04-09
12230,12230,197236,2023-02-19
12231,12231,1398861,2022-06-29
12232,12232,1092976,2018-09-21
12233,12233,295613,2022-05-29
12234,12234,1424085,2023-03-02
12235,12235,1315687,2024-07-16
12236,12236,430783,2018-07-09
12237,12237,1341987,2020-10-10
12238,12238,575377,2018-06-24
12239,12239,441665,2020-05-19
12240,12240,267771,2024-12-07
12241,12241,416519,2023-05-18
12242,12242,921331,2021-04-28
12243,12243,258782,2022-03-09
12244,12244,912708,2023-11-06
12245,12245,1412117,2023-07-28
12246,12246,531246,2021-04-16
12247,12247,344149,2021-09-21
12248,12248,613429,2023-08-14
12249,12249,1404882,2019-08-16
12250,12250,1410769,2019-05-31
12251,12251,337174,2018-08-27
12252,12252,709352,2021-07-10
12253,12253,73710,2020-06-15
12254,12254,1293148,2022-05-30
12255,12255,182167,2021-12-01
12256,12256,295897,2022-01-25
12257,12257,969039,2021-10-04
12258,12258,129109,2023-07-12
12259,12259,1460675,2021-11-25
12260,12260,1221951,2023-07-01
12261,12261,384768,2018-04-04
12262,12262,60447,2018-11-20
12263,12263,195066,2020-06-07
12264,12264,1372105,2021-02-11
12265,12265,369731,2024-01-08
12266,12266,761569,2020-01-13
12267,12267,904742,2020-03-19
12268,12268,665313,2024-10-19
12269,12269,1259238,2019-09-20
12270,12270,292738,2019-07-06
12271,12271,812333,2021-01-25
12272,12272,101566,2019-12-11
12273,12273,1207068,2019-04-12
12274,12274,895543,2023-03-08
12275,12275,1228324,2021-05-21
12276,12276,1157103,2020-12-20
12277,12277,96547,2018-08-25
12278,12278,1212285,2023-04-20
12279,12279,344686,2024-09-07
12280,12280,282764,2023-09-24
12281,12281,337227,2020-03-12
12282,12282,1235830,2019-07-17
12283,12283,730840,2023-07-26
12284,12284,1160652,2019-04-06
12285,12285,193319,2022-02-28
12286,12286,1359160,2024-12-17
12287,12287,395259,2020-07-09
12288,12288,765261,2022-05-20
12289,12289,457792,2024-11-12
12290,12290,814023,2018-09-18
12291,12291,517250,2018-06-16
12292,12292,1233829,2021-11-16
12293,12293,493840,2024-12-13
12294,12294,1029885,2020-08-13
12295,12295,970328,2018-07-04
12296,12296,1164830,2022-05-02
12297,12297,766897,2022-12-03
12298,12298,118409,2020-01-13
12299,12299,1333532,2023-06-11
12300,12300,584459,2020-01-28
12301,12301,119666,2023-02-10
12302,12302,1451449,2019-05-03
12303,12303,323900,2019-09-24
12304,12304,97293,2024-02-14
12305,12305,359276,2024-09-14
12306,12306,705308,2019-12-06
12307,12307,330951,2024-07-17
12308,12308,872087,2022-12-30
12309,12309,132211,2019-01-04
12310,12310,1308187,2020-02-23
12311,12311,1120505,2024-05-27
12312,12312,270261,2019-01-30
12313,12313,1344634,2021-04-03
12314,12314,987109,2019-02-15
12315,12315,1137324,2019-11-17
12316,12316,1086744,2023-04-19
12317,12317,395754,2023-04-13
12318,12318,1423861,2023-02-22
12319,12319,546055,2018-08-10
12320,12320,733093,2023-07-20
12321,12321,1322749,2021-10-27
12322,12322,813280,2019-02-24
12323,12323,1001165,2021-02-18
12324,12324,840815,2022-08-26
12325,12325,1339948,2021-06-06
12326,12326,505571,2021-05-11
12327,12327,128527,2021-11-01
12328,12328,821903,2021-07-10
12329,12329,862284,2024-05-19
12330,12330,1215691,2021-08-07
12331,12331,711474,2018-05-11
12332,12332,396127,2024-11-03
12333,12333,528634,2022-07-15
12334,12334,607044,2021-08-08
12335,12335,500116,2023-07-09
12336,12336,319934,2020-03-02
12337,12337,1423892,2021-03-25
12338,12338,1106198,2022-08-04
12339,12339,351914,2019-07-28
12340,12340,1101387,2024-10-08
12341,12341,1297703,2023-02-01
12342,12342,828427,2018-10-16
12343,12343,1075702,2019-01-31
12344,12344,1009730,2021-05-07
12345,12345,875067,2024-01-01
12346,12346,171886,2021-07-19
12347,12347,1362307,2020-03-29
12348,12348,161699,2024-08-03
12349,12349,874637,2018-10-02
12350,12350,417330,2023-12-05
12351,12351,768486,2023-10-03
12352,12352,1212566,2020-11-26
12353,12353,208726,2020-01-18
12354,12354,334163,2024-08-06
12355,12355,349457,2023-03-27
12356,12356,103276,2024-10-19
12357,12357,1144780,2023-02-03
12358,12358,1441882,2020-12-30
12359,12359,1472710,2022-01-13
12360,12360,1058131,2022-04-24
12361,12361,137239,2018-02-15
12362,12362,1294488,2019-02-13
12363,12363,1079095,2023-12-21
12364,12364,1055010,2024-06-04
12365,12365,1248955,2019-12-11
12366,12366,724732,2018-10-23
12367,12367,219188,2024-01-18
12368,12368,980026,2021-02-25
12369,12369,160937,2019-01-09
12370,12370,142626,2021-07-20
12371,12371,1267584,2020-04-16
12372,12372,507567,2023-12-01
12373,12373,1214947,2018-04-11
12374,12374,1168501,2020-10-20
12375,12375,781279,2024-06-05
12376,12376,546439,2024-09-23
12377,12377,1432984,2021-12-25
12378,12378,782709,2023-10-23
12379,12379,480764,2024-10-01
12380,12380,587615,2022-03-06
12381,12381,740778,2019-07-24
12382,12382,1384833,2020-12-28
12383,12383,1051322,2020-10-12
12384,12384,970662,2020-09-17
12385,12385,688091,2020-10-07
12386,12386,861967,2024-03-09
12387,12387,421255,2018-03-26
12388,12388,183234,2020-01-11
12389,12389,437014,2019-09-03
12390,12390,1152020,2022-02-03
12391,12391,162981,2023-09-30
12392,12392,1170658,2018-02-01
12393,12393,786463,2018-02-10
12394,12394,87734,2018-07-05
12395,12395,885295,2018-08-09
12396,12396,320122,2021-12-11
12397,12397,1277992,2023-07-20
12398,12398,588820,2018-06-23
12399,12399,855079,2021-11-07
12400,12400,1486631,2024-11-05
12401,12401,906826,2018-07-31
12402,12402,1265128,2023-04-02
12403,12403,1011199,2021-09-15
12404,12404,417465,2022-11-08
12405,12405,1056926,2022-08-31
12406,12406,827256,2022-06-11
12407,12407,829813,2022-04-10
12408,12408,651340,2023-09-30
12409,12409,127498,2018-05-19
12410,12410,704390,2020-09-29
12411,12411,132809,2019-08-22
12412,12412,1007543,2024-08-23
12413,12413,719836,2022-02-10
12414,12414,102000,2021-01-02
12415,12415,421014,2022-07-06
12416,12416,426392,2021-09-05
12417,12417,390506,2023-11-28
12418,12418,1111174,2023-01-17
12419,12419,1192112,2022-06-13
12420,12420,155889,2020-09-03
12421,12421,75600,2021-07-21
12422,12422,1043786,2022-06-01
12423,12423,1240596,2024-07-07
12424,12424,453387,2019-10-13
12425,12425,1206871,2018-10-19
12426,12426,343964,2022-04-05
12427,12427,305270,2020-04-08
12428,12428,1228858,2018-09-26
12429,12429,660138,2018-08-06
12430,12430,840937,2020-02-08
12431,12431,204231,2020-08-05
12432,12432,411652,2023-01-18
12433,12433,199420,2020-08-30
12434,12434,1316960,2020-05-07
12435,12435,1287864,2024-09-15
12436,12436,86813,2023-07-05
12437,12437,1446152,2020-11-12
12438,12438,1449968,2018-02-15
12439,12439,1088259,2022-01-17
12440,12440,572268,2023-08-25
12441,12441,470944,2024-02-02
12442,12442,290033,2019-10-03
12443,12443,505348,2021-04-24
12444,12444,1415428,2021-10-20
12445,12445,159751,2024-09-23
12446,12446,607638,2018-07-13
12447,12447,605751,2021-04-19
12448,12448,1186934,2020-06-21
12449,12449,77424,2021-10-26
12450,12450,298544,2024-12-01
12451,12451,1488890,2024-05-29
12452,12452,525427,2023-03-31
12453,12453,264598,2020-09-14
12454,12454,1231355,2019-04-03
12455,12455,1048093,2022-07-10
12456,12456,1231508,2023-05-22
12457,12457,803045,2020-11-30
12458,12458,423371,2023-10-21
12459,12459,1215775,2024-10-03
12460,12460,698528,2021-05-25
12461,12461,1074658,2020-10-29
12462,12462,414247,2020-06-02
12463,12463,1043025,2022-11-04
12464,12464,581941,2018-02-28
12465,12465,912072,2019-12-08
12466,12466,1238827,2023-09-26
12467,12467,586117,2022-04-16
12468,12468,1027240,2020-05-18
12469,12469,906481,2021-03-09
12470,12470,1115439,2024-07-10
12471,12471,161234,2022-06-04
12472,12472,910047,2022-01-22
12473,12473,1014685,2018-09-02
12474,12474,1065126,2019-10-08
12475,12475,81693,2020-04-13
12476,12476,119340,2022-12-27
12477,12477,570795,2018-12-23
12478,12478,1392443,2019-04-16
12479,12479,1159392,2020-10-15
12480,12480,978488,2023-04-25
12481,12481,220162,2024-05-19
12482,12482,749129,2023-05-16
12483,12483,226597,2019-03-16
12484,12484,1138086,2024-07-26
12485,12485,135248,2021-10-09
12486,12486,948506,2023-07-19
12487,12487,412994,2019-07-02
12488,12488,460591,2020-07-05
12489,12489,1360653,2018-06-15
12490,12490,565841,2022-07-24
12491,12491,695897,2021-07-06
12492,12492,1279666,2019-12-17
12493,12493,965117,2019-02-20
12494,12494,201977,2024-03-06
12495,12495,1036109,2019-11-28
12496,12496,1164821,2021-09-03
12497,12497,408756,2018-05-27
12498,12498,1253602,2022-04-19
12499,12499,1307714,2021-04-17
12500,12500,996468,2021-01-05
12501,12501,1132510,2019-12-31
12502,12502,845434,2018-04-18
12503,12503,674535,2024-02-08
12504,12504,1407738,2024-09-28
12505,12505,103215,2021-11-13
12506,12506,1116469,2023-03-28
12507,12507,644955,2022-03-29
12508,12508,1152577,2020-01-03
12509,12509,455035,2020-01-05
12510,12510,194190,2021-07-23
12511,12511,140581,2024-09-30
12512,12512,366083,2020-06-08
12513,12513,564586,2024-10-28
12514,12514,118362,2024-04-10
12515,12515,1094222,2022-06-07
12516,12516,1193234,2021-05-09
12517,12517,1446243,2022-05-21
12518,12518,991081,2018-08-09
12519,12519,650074,2018-11-21
12520,12520,1076364,2024-05-01
12521,12521,85728,2021-02-13
12522,12522,462929,2024-05-20
12523,12523,703352,2021-04-08
12524,12524,587060,2020-03-05
12525,12525,148547,2023-10-09
12526,12526,262573,2018-06-29
12527,12527,1442443,2018-07-06
12528,12528,728925,2021-05-01
12529,12529,985039,2023-01-08
12530,12530,1463881,2021-10-28
12531,12531,794331,2023-11-22
12532,12532,1421966,2021-04-08
12533,12533,571131,2019-02-18
12534,12534,83270,2021-12-29
12535,12535,945125,2018-01-22
12536,12536,619434,2023-04-16
12537,12537,231129,2021-04-08
12538,12538,922100,2019-07-11
12539,12539,573465,2019-10-16
12540,12540,329968,2022-11-11
12541,12541,1080949,2021-05-28
12542,12542,322670,2020-09-29
12543,12543,293884,2024-03-12
12544,12544,361928,2018-03-18
12545,12545,1389348,2020-07-03
12546,12546,1311993,2020-04-29
12547,12547,536629,2024-10-23
12548,12548,563693,2018-02-09
12549,12549,1466394,2021-07-11
12550,12550,136187,2018-01-22
12551,12551,1065818,2019-02-07
12552,12552,659785,2021-05-16
12553,12553,825450,2023-03-27
12554,12554,370683,2024-12-09
12555,12555,1395649,2024-08-08
12556,12556,394926,2022-09-11
12557,12557,1174425,2024-12-31
12558,12558,1116101,2024-08-08
12559,12559,428329,2019-07-11
12560,12560,1129582,2018-06-18
12561,12561,559169,2020-03-28
12562,12562,581912,2022-09-08
12563,12563,936298,2019-07-18
12564,12564,1368053,2019-11-25
12565,12565,1398471,2023-02-13
12566,12566,431410,2018-04-19
12567,12567,583405,2021-01-14
12568,12568,347605,2021-09-22
12569,12569,710703,2022-03-21
12570,12570,1294227,2023-01-11
12571,12571,910593,2020-10-04
12572,12572,925616,2024-08-15
12573,12573,794654,2022-04-28
12574,12574,1419457,2024-10-01
12575,12575,506726,2022-06-02
12576,12576,1303866,2021-05-03
12577,12577,236338,2020-08-17
12578,12578,552055,2023-05-27
12579,12579,648786,2018-10-15
12580,12580,533000,2019-11-05
12581,12581,1135404,2023-01-23
12582,12582,1451436,2021-06-30
12583,12583,1249551,2024-10-03
12584,12584,1034065,2022-11-15
12585,12585,1383620,2022-04-16
12586,12586,798435,2018-08-21
12587,12587,936505,2022-02-14
12588,12588,87350,2018-04-15
12589,12589,429868,2023-01-20
12590,12590,505211,2021-02-10
12591,12591,593434,2023-08-12
12592,12592,752390,2018-10-27
12593,12593,736688,2024-05-04
12594,12594,211320,2018-02-03
12595,12595,1425340,2018-12-12
12596,12596,1470506,2020-09-23
12597,12597,749461,2019-05-04
12598,12598,1407397,2021-09-16
12599,12599,489888,2023-09-11
12600,12600,265683,2020-06-06
12601,12601,1365868,2021-06-18
12602,12602,685090,2018-12-17
12603,12603,732242,2022-03-17
12604,12604,1350420,2019-10-17
12605,12605,1118029,2021-09-17
12606,12606,1198369,2023-04-07
12607,12607,607663,2024-11-01
12608,12608,498760,2018-10-28
12609,12609,1313962,2024-04-17
12610,12610,764496,2019-01-10
12611,12611,1215915,2019-12-27
12612,12612,1433918,2023-07-30
12613,12613,1136282,2023-04-07
12614,12614,1140076,2020-06-16
12615,12615,219031,2019-07-13
12616,12616,1292812,2018-09-09
12617,12617,970065,2019-01-27
12618,12618,1191679,2024-01-15
12619,12619,701846,2020-03-01
12620,12620,852759,2023-04-06
12621,12621,77923,2022-05-06
12622,12622,181629,2019-12-16
12623,12623,97752,2022-02-07
12624,12624,1207946,2018-11-04
12625,12625,315727,2022-08-21
12626,12626,1321243,2021-05-14
12627,12627,1273675,2022-08-01
12628,12628,983226,2018-01-30
12629,12629,1371615,2021-02-21
12630,12630,1143068,2020-01-15
12631,12631,95602,2024-03-01
12632,12632,1115789,2023-09-17
12633,12633,775734,2022-06-21
12634,12634,697879,2022-03-24
12635,12635,1008694,2018-09-07
12636,12636,1269272,2020-02-16
12637,12637,734584,2019-10-07
12638,12638,50540,2024-04-04
12639,12639,1115229,2020-12-20
12640,12640,293138,2022-05-19
12641,12641,908655,2018-05-15
12642,12642,568212,2018-04-03
12643,12643,240701,2021-08-08
12644,12644,1449529,2021-05-15
12645,12645,100955,2023-03-28
12646,12646,1081845,2024-12-08
12647,12647,121848,2022-03-04
12648,12648,108266,2023-07-15
12649,12649,51809,2023-07-11
12650,12650,171186,2020-03-09
12651,12651,181657,2024-12-16
12652,12652,269608,2021-03-30
12653,12653,890047,2024-08-11
12654,12654,792566,2024-05-12
12655,12655,1164105,2019-03-30
12656,12656,111964,2018-02-03
12657,12657,127262,2022-03-21
12658,12658,1344471,2024-06-03
12659,12659,685724,2022-03-05
12660,12660,195674,2020-05-05
12661,12661,1380736,2020-07-10
12662,12662,418405,2024-11-24
12663,12663,994820,2022-06-16
12664,12664,634976,2021-03-11
12665,12665,925023,2022-03-26
12666,12666,359478,2020-10-07
12667,12667,973310,2023-07-20
12668,12668,484823,2024-02-11
12669,12669,1203260,2023-01-25
12670,12670,1400700,2022-01-14
12671,12671,773842,2018-07-13
12672,12672,1385701,2020-09-08
12673,12673,668127,2023-01-21
12674,12674,824544,2023-08-05
12675,12675,1317617,2022-07-17
12676,12676,1120374,2022-02-28
12677,12677,636257,2022-04-15
12678,12678,221290,2020-04-10
12679,12679,572466,2022-03-21
12680,12680,793483,2022-03-15
12681,12681,979672,2018-11-25
12682,12682,1303843,2018-05-03
12683,12683,426822,2024-06-23
12684,12684,757321,2024-08-30
12685,12685,1013559,2021-12-12
12686,12686,689018,2022-06-05
12687,12687,995011,2022-09-15
12688,12688,773100,2021-08-24
12689,12689,1325455,2019-11-22
12690,12690,1219890,2024-07-14
12691,12691,302112,2022-04-15
12692,12692,1171390,2024-02-10
12693,12693,902314,2024-02-05
12694,12694,590527,2018-09-01
12695,12695,1267418,2021-09-20
12696,12696,1368844,2020-01-02
12697,12697,1211662,2023-11-22
12698,12698,1217700,2023-12-10
12699,12699,487006,2024-03-06
12700,12700,590323,2022-08-09
12701,12701,137902,2024-08-29
12702,12702,877520,2021-11-27
12703,12703,1311542,2019-09-25
12704,12704,549446,2019-07-21
12705,12705,1463142,2023-09-03
12706,12706,961263,2021-01-24
12707,12707,681757,2019-09-18
12708,12708,583752,2021-08-27
12709,12709,1448701,2018-06-16
12710,12710,94406,2022-03-18
12711,12711,494655,2023-08-03
12712,12712,74169,2018-01-10
12713,12713,123985,2024-07-22
12714,12714,443544,2022-01-04
12715,12715,780172,2021-03-06
12716,12716,681391,2022-01-28
12717,12717,719868,2021-01-05
12718,12718,479561,2019-03-05
12719,12719,880025,2022-02-16
12720,12720,535971,2023-11-06
12721,12721,1106934,2020-05-31
12722,12722,130424,2024-06-19
12723,12723,1148728,2018-11-09
12724,12724,687826,2022-02-22
12725,12725,1434516,2023-06-27
12726,12726,898004,2020-12-01
12727,12727,1403418,2023-11-26
12728,12728,1113111,2022-01-19
12729,12729,1255832,2020-03-12
12730,12730,159361,2020-03-11
12731,12731,1018177,2023-12-08
12732,12732,214575,2020-12-06
12733,12733,191362,2024-09-29
12734,12734,624420,2022-06-14
12735,12735,331068,2018-02-09
12736,12736,740113,2019-03-21
12737,12737,1361671,2021-11-12
12738,12738,1048166,2018-07-20
12739,12739,696166,2019-03-10
12740,12740,641274,2020-06-08
12741,12741,408302,2021-08-03
12742,12742,1224876,2021-10-18
12743,12743,1464900,2018-04-05
12744,12744,1337840,2024-10-19
12745,12745,1292635,2019-08-14
12746,12746,620519,2020-02-17
12747,12747,847630,2022-11-26
12748,12748,1068417,2023-09-18
12749,12749,1044257,2023-05-28
12750,12750,473610,2024-12-16
12751,12751,219336,2022-04-05
12752,12752,591386,2022-04-30
12753,12753,341168,2024-01-14
12754,12754,88474,2018-06-25
12755,12755,500120,2021-03-03
12756,12756,821710,2020-01-31
12757,12757,616786,2021-05-05
12758,12758,826774,2020-08-01
12759,12759,221049,2021-10-10
12760,12760,684463,2021-06-29
12761,12761,873974,2019-05-19
12762,12762,1222867,2021-12-23
12763,12763,1278311,2018-09-21
12764,12764,1391792,2024-08-15
12765,12765,613302,2024-05-20
12766,12766,609659,2024-03-02
12767,12767,909006,2021-11-26
12768,12768,983306,2022-06-03
12769,12769,522971,2022-07-01
12770,12770,1196105,2023-12-18
12771,12771,1013728,2022-10-25
12772,12772,594571,2023-12-19
12773,12773,822215,2020-04-02
12774,12774,636257,2018-10-15
12775,12775,917461,2023-01-23
12776,12776,357330,2020-11-05
12777,12777,928590,2023-07-31
12778,12778,1369806,2020-08-31
12779,12779,1189652,2021-10-30
12780,12780,312828,2021-09-15
12781,12781,878940,2023-04-18
12782,12782,1211584,2019-08-09
12783,12783,566585,2019-04-09
12784,12784,325233,2019-05-11
12785,12785,1345263,2023-06-05
12786,12786,1064747,2021-06-06
12787,12787,211888,2020-09-25
12788,12788,1433909,2021-11-08
12789,12789,1278541,2019-10-30
12790,12790,844465,2023-05-07
12791,12791,97481,2018-08-11
12792,12792,871822,2020-08-10
12793,12793,154396,2020-03-25
12794,12794,305945,2024-11-27
12795,12795,1289614,2018-08-25
12796,12796,208728,2021-08-01
12797,12797,844772,2023-01-04
12798,12798,515737,2019-10-11
12799,12799,937355,2019-09-26
12800,12800,64731,2024-11-12
12801,12801,854537,2020-02-07
12802,12802,567979,2022-08-19
12803,12803,767270,2018-02-09
12804,12804,1424897,2019-07-23
12805,12805,148652,2022-05-31
12806,12806,81004,2024-11-21
12807,12807,1217105,2022-04-28
12808,12808,1095801,2020-01-02
12809,12809,364330,2020-05-14
12810,12810,398694,2019-03-06
12811,12811,543307,2022-06-06
12812,12812,733867,2023-12-15
12813,12813,361630,2021-01-05
12814,12814,173499,2020-04-28
12815,12815,1465879,2023-06-05
12816,12816,1228229,2024-01-04
12817,12817,1382277,2024-06-07
12818,12818,796443,2018-08-21
12819,12819,101137,2018-11-22
12820,12820,796803,2023-05-03
12821,12821,1070821,2019-10-13
12822,12822,735080,2023-09-25
12823,12823,1095312,2023-11-07
12824,12824,428681,2022-11-20
12825,12825,584391,2018-07-15
12826,12826,159155,2023-09-15
12827,12827,952166,2022-10-22
12828,12828,328952,2023-09-05
12829,12829,618734,2022-07-24
12830,12830,1379939,2019-08-22
12831,12831,816139,2020-03-09
12832,12832,1222924,2021-12-03
12833,12833,813806,2022-08-11
12834,12834,258490,2020-11-07
12835,12835,1481388,2022-11-25
12836,12836,939259,2022-04-25
12837,12837,237283,2024-02-18
12838,12838,531137,2022-07-12
12839,12839,124480,2019-03-08
12840,12840,108268,2023-12-17
12841,12841,705573,2019-08-11
12842,12842,1425404,2018-03-24
12843,12843,1444783,2020-07-07
12844,12844,355979,2023-12-05
12845,12845,962442,2024-07-29
12846,12846,935921,2018-10-05
12847,12847,322729,2018-05-15
12848,12848,588434,2024-09-19
12849,12849,133918,2022-08-11
12850,12850,581804,2023-05-20
12851,12851,436298,2018-11-09
12852,12852,547025,2019-08-01
12853,12853,927293,2022-05-05
12854,12854,604277,2021-11-10
12855,12855,826235,2022-04-20
12856,12856,1407004,2023-12-07
12857,12857,1265722,2022-01-15
12858,12858,123543,2021-07-18
12859,12859,240359,2021-01-20
12860,12860,124207,2020-12-11
12861,12861,879379,2022-07-07
12862,12862,197693,2024-12-30
12863,12863,265788,2023-12-04
12864,12864,1266076,2019-11-07
12865,12865,399427,2019-07-14
12866,12866,420491,2021-01-14
12867,12867,1343157,2024-04-05
12868,12868,1238934,2024-04-08
12869,12869,456212,2018-11-12
12870,12870,343936,2021-11-11
12871,12871,558918,2022-11-13
12872,12872,1140833,2019-09-28
12873,12873,1224167,2018-08-09
12874,12874,572609,2024-10-02
12875,12875,50493,2018-01-25
12876,12876,1241930,2023-02-11
12877,12877,782025,2019-08-25
12878,12878,160663,2020-06-16
12879,12879,131096,2020-12-18
12880,12880,93948,2021-06-25
12881,12881,803214,2022-12-13
12882,12882,1205304,2018-10-18
12883,12883,510769,2018-08-13
12884,12884,308432,2022-12-16
12885,12885,235532,2023-06-24
12886,12886,1311710,2020-01-15
12887,12887,549056,2022-06-12
12888,12888,1148433,2024-02-04
12889,12889,1407779,2019-08-04
12890,12890,1193286,2020-04-10
12891,12891,1144783,2023-05-26
12892,12892,1487461,2021-05-05
12893,12893,1400711,2020-05-28
12894,12894,930702,2021-12-09
12895,12895,431591,2019-03-05
12896,12896,339717,2019-03-28
12897,12897,1309889,2018-07-08
12898,12898,698752,2020-05-21
12899,12899,160184,2024-12-19
12900,12900,1004683,2022-12-09
12901,12901,1270289,2018-09-01
12902,12902,908008,2022-12-04
12903,12903,596285,2023-10-04
12904,12904,1018340,2024-02-24
12905,12905,894259,2024-09-03
12906,12906,813876,2023-10-29
12907,12907,1272331,2024-09-22
12908,12908,804421,2024-08-25
12909,12909,1097784,2021-06-22
12910,12910,707175,2020-12-27
12911,12911,1102280,2018-01-10
12912,12912,1384351,2023-03-13
12913,12913,1432213,2018-05-27
12914,12914,1312554,2018-01-10
12915,12915,600057,2022-02-02
12916,12916,993028,2022-11-08
12917,12917,153345,2020-10-22
12918,12918,1018907,2023-09-07
12919,12919,1312504,2020-05-14
12920,12920,565392,2021-05-03
12921,12921,1001230,2024-06-10
12922,12922,744351,2024-12-13
12923,12923,718632,2023-01-16
12924,12924,535384,2018-09-22
12925,12925,1210564,2018-07-23
12926,12926,1125671,2022-11-08
12927,12927,1324297,2020-10-25
12928,12928,1352779,2019-04-24
12929,12929,708810,2022-02-05
12930,12930,1459582,2021-02-18
12931,12931,535167,2024-05-05
12932,12932,1075749,2021-11-19
12933,12933,1329257,2021-03-29
12934,12934,329808,2023-10-01
12935,12935,231145,2020-05-07
12936,12936,500480,2021-07-03
12937,12937,633576,2022-07-26
12938,12938,1026183,2024-11-20
12939,12939,981498,2018-08-29
12940,12940,1496692,2023-11-24
12941,12941,1123389,2022-10-04
12942,12942,625499,2021-03-27
12943,12943,789201,2020-10-15
12944,12944,593633,2021-10-21
12945,12945,776859,2020-12-02
12946,12946,1461097,2024-08-23
12947,12947,136583,2021-06-16
12948,12948,780295,2022-01-29
12949,12949,1386756,2019-03-02
12950,12950,195395,2024-10-20
12951,12951,1315151,2018-11-03
12952,12952,1426779,2021-08-02
12953,12953,1363439,2022-02-02
12954,12954,1012284,2023-05-19
12955,12955,293939,2021-11-25
12956,12956,509070,2022-02-05
12957,12957,1441648,2023-11-19
12958,12958,375823,2018-04-26
12959,12959,1347701,2022-07-29
12960,12960,453749,2024-06-15
12961,12961,1108613,2023-02-06
12962,12962,995203,2021-12-01
12963,12963,399407,2019-09-13
12964,12964,893930,2018-07-20
12965,12965,1251448,2020-03-29
12966,12966,235637,2023-07-25
12967,12967,247967,2020-01-15
12968,12968,644410,2018-11-07
12969,12969,1343169,2022-02-13
12970,12970,738720,2021-03-09
12971,12971,207186,2020-02-03
12972,12972,708205,2020-06-23
12973,12973,767366,2018-12-02
12974,12974,968280,2018-08-21
12975,12975,62672,2023-02-14
12976,12976,111045,2018-04-29
12977,12977,1202908,2020-08-01
12978,12978,1458202,2018-12-14
12979,12979,1266766,2020-11-13
12980,12980,395212,2024-09-12
12981,12981,1327471,2023-10-17
12982,12982,169702,2022-10-28
12983,12983,1155453,2024-01-15
12984,12984,266254,2024-02-23
12985,12985,1033819,2018-06-11
12986,12986,187282,2020-01-14
12987,12987,1444914,2018-11-13
12988,12988,602189,2021-10-16
12989,12989,1298537,2018-06-13
12990,12990,966547,2021-10-04
12991,12991,764901,2022-01-23
12992,12992,1002754,2018-02-22
12993,12993,898535,2019-04-05
12994,12994,197951,2024-12-05
12995,12995,894225,2024-02-25
12996,12996,341947,2018-05-01
12997,12997,733176,2024-01-25
12998,12998,842602,2021-07-06
12999,12999,1024185,2019-09-06
13000,13000,733079,2018-07-02
13001,13001,1058814,2018-12-08
13002,13002,325301,2022-04-23
13003,13003,421238,2019-01-27
13004,13004,1149903,2020-04-01
13005,13005,1240896,2022-02-26
13006,13006,140851,2021-07-31
13007,13007,1237645,2019-10-21
13008,13008,1224484,2021-03-08
13009,13009,878601,2022-05-04
13010,13010,940482,2021-11-07
13011,13011,1323620,2019-03-04
13012,13012,130833,2021-09-05
13013,13013,914511,2021-04-20
13014,13014,198488,2021-07-16
13015,13015,960598,2024-09-20
13016,13016,531274,2022-09-23
13017,13017,299340,2018-02-04
13018,13018,1306615,2021-06-04
13019,13019,1242608,2018-01-21
13020,13020,1138237,2019-08-11
13021,13021,1022055,2019-03-01
13022,13022,332076,2019-07-15
13023,13023,665493,2018-02-16
13024,13024,1063556,2020-08-28
13025,13025,701722,2018-07-05
13026,13026,1260531,2021-07-13
13027,13027,617217,2018-03-26
13028,13028,1229225,2021-06-28
13029,13029,1300001,2021-09-06
13030,13030,1353684,2018-05-20
13031,13031,1234150,2023-05-30
13032,13032,551431,2019-03-06
13033,13033,579216,2024-06-07
13034,13034,703888,2024-02-14
13035,13035,194760,2018-11-29
13036,13036,379821,2022-06-07
13037,13037,760927,2021-08-15
13038,13038,1151529,2020-08-09
13039,13039,1476528,2020-04-22
13040,13040,1222200,2022-06-23
13041,13041,776005,2018-09-07
13042,13042,980664,2024-12-28
13043,13043,1106073,2019-07-02
13044,13044,507394,2021-01-13
13045,13045,602755,2022-11-15
13046,13046,247418,2023-06-08
13047,13047,130352,2020-07-31
13048,13048,684201,2021-12-05
13049,13049,502089,2019-08-14
13050,13050,1375671,2024-11-13
13051,13051,1137278,2021-07-10
13052,13052,1218813,2018-12-25
13053,13053,231420,2020-03-24
13054,13054,560846,2019-04-16
13055,13055,605243,2022-12-21
13056,13056,721900,2022-03-05
13057,13057,239353,2022-12-09
13058,13058,927151,2018-05-14
13059,13059,815163,2024-01-04
13060,13060,591931,2022-01-22
13061,13061,1157485,2023-12-02
13062,13062,950344,2021-10-26
13063,13063,705247,2023-02-17
13064,13064,980330,2018-02-24
13065,13065,1067717,2021-05-17
13066,13066,1473204,2024-07-05
13067,13067,328061,2024-03-13
13068,13068,594726,2018-01-26
13069,13069,1304201,2021-07-18
13070,13070,163846,2022-11-18
13071,13071,862394,2019-02-12
13072,13072,810886,2018-01-25
13073,13073,668216,2019-04-11
13074,13074,1429382,2023-11-10
13075,13075,59228,2018-06-08
13076,13076,1454334,2022-07-27
13077,13077,107005,2020-02-01
13078,13078,328631,2024-02-14
13079,13079,477215,2022-07-06
13080,13080,581314,2020-04-28
13081,13081,989051,2023-05-14
13082,13082,569831,2022-04-10
13083,13083,733823,2018-01-04
13084,13084,231292,2021-03-29
13085,13085,373153,2019-01-31
13086,13086,532810,2020-09-01
13087,13087,813875,2020-08-11
13088,13088,1466803,2021-08-19
13089,13089,1028400,2024-05-07
13090,13090,397049,2018-01-19
13091,13091,1245230,2023-01-26
13092,13092,1034363,2019-03-26
13093,13093,1036129,2020-04-19
13094,13094,356194,2024-11-09
13095,13095,1111237,2019-09-21
13096,13096,792398,2019-04-11
13097,13097,986879,2023-12-23
13098,13098,1243310,2018-10-27
13099,13099,529308,2022-11-27
13100,13100,239108,2020-12-03
13101,13101,83994,2020-02-20
13102,13102,910149,2020-01-03
13103,13103,1222390,2019-04-30
13104,13104,1236816,2021-05-27
13105,13105,750828,2023-02-01
13106,13106,779190,2023-03-14
13107,13107,1072658,2019-01-30
13108,13108,898255,2018-12-31
13109,13109,865494,2018-11-03
13110,13110,1423738,2024-10-02
13111,13111,1210411,2024-07-31
13112,13112,668513,2023-01-19
13113,13113,384909,2020-05-01
13114,13114,451864,2022-08-23
13115,13115,112657,2020-02-20
13116,13116,1460918,2021-07-06
13117,13117,764307,2021-05-06
13118,13118,357797,2021-08-02
13119,13119,785594,2024-05-27
13120,13120,746588,2022-12-24
13121,13121,645553,2022-08-29
13122,13122,1433657,2023-12-22
13123,13123,1252251,2018-12-15
13124,13124,755318,2022-02-01
13125,13125,952212,2020-05-07
13126,13126,998568,2019-02-16
13127,13127,633758,2018-04-19
13128,13128,1064986,2024-04-22
13129,13129,528930,2022-02-20
13130,13130,402540,2023-07-21
13131,13131,1378833,2024-06-07
13132,13132,1340844,2020-03-21
13133,13133,910215,2023-06-05
13134,13134,61942,2022-09-01
13135,13135,345454,2019-11-16
13136,13136,862433,2021-10-03
13137,13137,222418,2023-08-07
13138,13138,573780,2018-03-03
13139,13139,1258870,2023-11-08
13140,13140,552881,2020-12-25
13141,13141,475700,2023-12-06
13142,13142,91155,2021-07-17
13143,13143,1308940,2024-12-11
13144,13144,1165620,2018-07-12
13145,13145,176024,2023-12-04
13146,13146,619154,2023-08-17
13147,13147,1063728,2022-06-14
13148,13148,1080154,2019-04-10
13149,13149,1437744,2020-06-12
13150,13150,739039,2021-04-27
13151,13151,444786,2020-01-27
13152,13152,895991,2018-12-16
13153,13153,826963,2021-07-28
13154,13154,358958,2022-05-12
13155,13155,910166,2023-07-17
13156,13156,490740,2024-10-05
13157,13157,165142,2018-01-18
13158,13158,773008,2023-10-13
13159,13159,724995,2019-12-21
13160,13160,802937,2023-05-25
13161,13161,1233347,2018-03-04
13162,13162,768600,2018-08-27
13163,13163,407697,2022-01-27
13164,13164,1343192,2021-11-14
13165,13165,297926,2020-09-09
13166,13166,1022669,2024-08-27
13167,13167,243861,2021-03-21
13168,13168,767387,2018-05-05
13169,13169,1166671,2020-09-18
13170,13170,278837,2018-02-19
13171,13171,1418950,2024-06-03
13172,13172,227363,2022-01-30
13173,13173,1005221,2024-03-04
13174,13174,196493,2021-08-24
13175,13175,477343,2022-04-26
13176,13176,493373,2019-08-07
13177,13177,1226826,2020-09-06
13178,13178,1076887,2020-02-15
13179,13179,944949,2020-08-20
13180,13180,940929,2020-07-22
13181,13181,298812,2020-08-05
13182,13182,137571,2021-08-30
13183,13183,1413740,2023-08-06
13184,13184,135653,2020-08-29
13185,13185,420525,2024-04-13
13186,13186,115443,2021-06-23
13187,13187,926608,2024-11-01
13188,13188,1395231,2021-11-14
13189,13189,1251954,2020-01-29
13190,13190,1166491,2019-04-11
13191,13191,1134818,2018-10-12
13192,13192,905069,2023-09-03
13193,13193,1079829,2021-04-17
13194,13194,895622,2019-01-04
13195,13195,669016,2024-07-15
13196,13196,1179797,2018-06-05
13197,13197,1034110,2021-09-23
13198,13198,716348,2024-07-21
13199,13199,921742,2021-12-19
13200,13200,982571,2019-07-11
13201,13201,1356811,2022-07-14
13202,13202,1464573,2023-07-25
13203,13203,1177875,2022-12-22
13204,13204,865405,2024-01-23
13205,13205,358043,2020-04-10
13206,13206,1327001,2020-08-29
13207,13207,450175,2020-03-09
13208,13208,177965,2023-06-16
13209,13209,773327,2024-07-27
13210,13210,712875,2018-04-08
13211,13211,281508,2021-04-24
13212,13212,809940,2022-07-30
13213,13213,598910,2018-07-13
13214,13214,1482685,2020-06-21
13215,13215,532129,2021-02-11
13216,13216,614686,2024-02-15
13217,13217,877082,2022-04-20
13218,13218,465256,2021-04-03
13219,13219,1018869,2022-01-21
13220,13220,819240,2024-03-18
13221,13221,1169170,2019-03-22
13222,13222,571488,2020-05-19
13223,13223,1150268,2018-09-23
13224,13224,609105,2019-10-14
13225,13225,829892,2018-06-25
13226,13226,642203,2019-11-28
13227,13227,1023940,2019-09-11
13228,13228,608486,2018-06-04
13229,13229,786770,2021-07-14
13230,13230,1285152,2018-07-12
13231,13231,578376,2019-07-20
13232,13232,1216994,2018-07-23
13233,13233,346116,2020-11-17
13234,13234,776481,2021-04-01
13235,13235,1138867,2023-08-17
13236,13236,1322017,2018-06-16
13237,13237,1276828,2018-07-17
13238,13238,1197585,2020-01-01
13239,13239,263590,2022-05-12
13240,13240,946915,2019-10-07
13241,13241,920848,2022-06-26
13242,13242,1198403,2019-11-29
13243,13243,922599,2023-03-05
13244,13244,527456,2019-04-29
13245,13245,367800,2024-07-29
13246,13246,859814,2019-11-15
13247,13247,761663,2022-05-03
13248,13248,601473,2020-06-10
13249,13249,240618,2023-11-20
13250,13250,333194,2020-09-18
13251,13251,1133829,2018-08-27
13252,13252,263471,2020-03-27
13253,13253,1451680,2019-06-26
13254,13254,536400,2023-08-27
13255,13255,1443683,2019-10-02
13256,13256,459641,2023-10-11
13257,13257,615996,2021-11-22
13258,13258,1172052,2019-12-11
13259,13259,1496207,2018-02-12
13260,13260,763442,2023-12-25
13261,13261,808336,2019-07-07
13262,13262,1386270,2021-07-31
13263,13263,426199,2022-09-11
13264,13264,1442812,2022-06-22
13265,13265,888369,2023-01-28
13266,13266,237668,2024-01-17
13267,13267,725352,2021-06-13
13268,13268,1435424,2020-05-01
13269,13269,88222,2020-09-06
13270,13270,720685,2020-05-30
13271,13271,934124,2018-03-25
13272,13272,1234421,2021-07-28
13273,13273,176361,2020-11-29
13274,13274,1440931,2023-12-05
13275,13275,891730,2024-11-21
13276,13276,721522,2021-11-25
13277,13277,313515,2023-02-07
13278,13278,1269166,2019-07-20
13279,13279,1498740,2019-08-17
13280,13280,1304294,2022-08-20
13281,13281,1461499,2018-04-20
13282,13282,380787,2018-07-03
13283,13283,639456,2024-09-17
13284,13284,454343,2020-08-19
13285,13285,966773,2020-07-30
13286,13286,1390405,2020-10-25
13287,13287,282074,2024-04-23
13288,13288,1412552,2021-10-25
13289,13289,1009188,2022-09-04
13290,13290,118808,2019-09-30
13291,13291,633763,2018-09-25
13292,13292,1411156,2022-11-14
13293,13293,1439402,2023-10-06
13294,13294,1465527,2018-01-13
13295,13295,1470667,2021-07-07
13296,13296,944481,2018-11-23
13297,13297,266733,2023-10-05
13298,13298,1406520,2018-11-01
13299,13299,962538,2023-04-24
13300,13300,451319,2022-04-27
13301,13301,859748,2020-07-29
13302,13302,1485424,2020-04-26
13303,13303,297469,2020-02-14
13304,13304,1281495,2021-05-04
13305,13305,606383,2021-01-05
13306,13306,921054,2024-12-11
13307,13307,769734,2021-06-04
13308,13308,1431540,2019-05-23
13309,13309,179930,2023-10-02
13310,13310,489255,2020-06-23
13311,13311,409431,2020-02-13
13312,13312,906058,2022-05-06
13313,13313,937722,2024-02-24
13314,13314,1382484,2024-06-25
13315,13315,1016057,2018-04-25
13316,13316,1346362,2018-01-03
13317,13317,201414,2019-01-07
13318,13318,384025,2020-12-24
13319,13319,1115088,2021-06-02
13320,13320,846204,2019-10-30
13321,13321,424990,2021-01-14
13322,13322,1145269,2019-04-15
13323,13323,1200256,2019-06-23
13324,13324,1451893,2021-02-18
13325,13325,232878,2021-03-06
13326,13326,990596,2023-08-18
13327,13327,1402233,2020-07-26
13328,13328,150951,2023-11-27
13329,13329,226352,2024-02-12
13330,13330,375259,2020-04-17
13331,13331,114003,2019-04-04
13332,13332,1101883,2018-09-23
13333,13333,1463994,2022-11-30
13334,13334,306305,2023-12-19
13335,13335,977350,2021-04-08
13336,13336,1174948,2024-03-11
13337,13337,73642,2019-11-27
13338,13338,1303424,2022-03-21
13339,13339,801745,2018-04-13
13340,13340,1043250,2022-11-22
13341,13341,490816,2018-02-26
13342,13342,651579,2024-10-10
13343,13343,338440,2022-03-26
13344,13344,900635,2021-10-13
13345,13345,615072,2024-03-24
13346,13346,528155,2019-09-12
13347,13347,1465657,2021-08-20
13348,13348,226701,2023-06-01
13349,13349,714623,2018-09-11
13350,13350,672644,2019-03-14
13351,13351,1459161,2020-05-22
13352,13352,309645,2019-11-19
13353,13353,449387,2019-06-19
13354,13354,1320468,2021-04-17
13355,13355,423018,2023-02-02
13356,13356,826589,2019-01-30
13357,13357,1149396,2021-01-30
13358,13358,1080304,2023-01-10
13359,13359,1440575,2018-11-07
13360,13360,675619,2020-08-06
13361,13361,581055,2024-10-13
13362,13362,350722,2024-12-13
13363,13363,1379355,2024-11-05
13364,13364,665248,2018-09-26
13365,13365,812507,2024-08-22
13366,13366,1317537,2019-07-15
13367,13367,1310971,2020-04-06
13368,13368,664223,2024-11-24
13369,13369,1454390,2023-04-27
13370,13370,324204,2023-09-10
13371,13371,702633,2019-04-03
13372,13372,192635,2019-06-12
13373,13373,410693,2020-10-15
13374,13374,202807,2020-12-18
13375,13375,634869,2020-04-26
13376,13376,1106516,2024-10-18
13377,13377,1290887,2023-10-02
13378,13378,756752,2020-10-20
13379,13379,1032105,2022-11-06
13380,13380,116488,2020-09-28
13381,13381,69059,2021-01-07
13382,13382,1358711,2023-09-12
13383,13383,263879,2018-04-21
13384,13384,1370592,2020-09-10
13385,13385,584526,2022-07-20
13386,13386,237574,2020-05-14
13387,13387,570880,2020-07-01
13388,13388,742698,2021-12-02
13389,13389,974648,2024-05-25
13390,13390,970407,2021-09-08
13391,13391,1342987,2019-07-21
13392,13392,1119248,2020-01-02
13393,13393,417199,2022-06-12
13394,13394,942282,2021-08-18
13395,13395,81084,2024-11-24
13396,13396,131959,2018-05-15
13397,13397,500382,2024-02-28
13398,13398,389868,2018-06-27
13399,13399,512996,2018-07-24
13400,13400,782010,2022-11-18
13401,13401,940023,2020-03-02
13402,13402,1406216,2020-02-05
13403,13403,94418,2023-12-20
13404,13404,640102,2020-10-26
13405,13405,1117122,2023-08-01
13406,13406,270311,2019-02-23
13407,13407,344153,2024-12-23
13408,13408,616621,2021-05-21
13409,13409,1224835,2018-02-28
13410,13410,83256,2020-12-02
13411,13411,700452,2019-03-15
13412,13412,1390635,2020-03-02
13413,13413,105848,2024-04-16
13414,13414,133617,2020-12-25
13415,13415,925501,2019-02-24
13416,13416,740671,2024-10-09
13417,13417,711176,2021-06-01
13418,13418,636882,2022-08-03
13419,13419,763819,2018-01-09
13420,13420,178216,2021-04-14
13421,13421,359336,2024-12-22
13422,13422,778843,2018-07-23
13423,13423,1206119,2019-09-10
13424,13424,514266,2020-04-01
13425,13425,768825,2020-02-24
13426,13426,1334785,2022-10-01
13427,13427,915193,2018-08-07
13428,13428,678342,2018-11-29
13429,13429,1046179,2023-06-24
13430,13430,1442501,2024-06-19
13431,13431,938529,2020-12-22
13432,13432,844728,2023-10-19
13433,13433,352080,2020-12-07
13434,13434,1032265,2020-04-20
13435,13435,262105,2021-05-02
13436,13436,131549,2023-03-08
13437,13437,1331199,2020-05-22
13438,13438,976937,2019-05-02
13439,13439,1371258,2019-12-10
13440,13440,114884,2019-09-17
13441,13441,98995,2018-07-20
13442,13442,567408,2020-10-14
13443,13443,264414,2019-12-11
13444,13444,1442018,2022-04-23
13445,13445,1372327,2022-01-18
13446,13446,1002063,2023-03-31
13447,13447,137327,2018-02-18
13448,13448,347620,2019-12-31
13449,13449,197611,2018-12-26
13450,13450,980126,2022-04-17
13451,13451,1046360,2020-05-20
13452,13452,1350842,2022-06-30
13453,13453,217582,2022-03-11
13454,13454,554212,2024-05-06
13455,13455,573523,2023-06-01
13456,13456,657320,2024-04-08
13457,13457,319413,2023-05-31
13458,13458,86659,2023-03-01
13459,13459,95744,2019-10-05
13460,13460,369790,2024-08-11
13461,13461,442599,2022-04-16
13462,13462,143673,2019-02-18
13463,13463,687667,2019-07-17
13464,13464,1458825,2020-10-09
13465,13465,821307,2020-04-10
13466,13466,618702,2021-07-24
13467,13467,273095,2021-11-22
13468,13468,1169361,2023-03-03
13469,13469,877763,2019-05-13
13470,13470,420650,2024-01-16
13471,13471,555990,2019-05-20
13472,13472,697078,2020-07-30
13473,13473,549409,2020-07-13
13474,13474,175819,2018-05-14
13475,13475,1395610,2022-01-08
13476,13476,354265,2022-11-27
13477,13477,979334,2024-02-06
13478,13478,1133203,2018-06-16
13479,13479,1290558,2023-03-03
13480,13480,651423,2023-10-12
13481,13481,997160,2023-10-18
13482,13482,1400682,2021-10-02
13483,13483,657021,2021-02-09
13484,13484,577846,2022-12-05
13485,13485,271778,2023-06-06
13486,13486,300590,2024-09-02
13487,13487,208784,2023-03-30
13488,13488,961965,2019-07-12
13489,13489,281177,2019-07-09
13490,13490,153513,2019-12-29
13491,13491,1312064,2022-03-20
13492,13492,920043,2020-04-28
13493,13493,256897,2020-03-18
13494,13494,729606,2018-09-01
13495,13495,279254,2024-06-17
13496,13496,164712,2024-09-17
13497,13497,965446,2022-03-14
13498,13498,856452,2021-07-23
13499,13499,1162497,2018-12-24
13500,13500,359984,2020-09-02
13501,13501,52891,2024-03-16
13502,13502,384198,2022-06-02
13503,13503,366280,2019-01-11
13504,13504,218006,2022-09-25
13505,13505,1442475,2019-05-13
13506,13506,911872,2018-11-25
13507,13507,1039505,2019-09-11
13508,13508,637373,2024-03-26
13509,13509,1143837,2021-08-16
13510,13510,191392,2021-01-17
13511,13511,796853,2022-11-27
13512,13512,426364,2024-12-06
13513,13513,1004093,2019-10-11
13514,13514,63372,2024-06-03
13515,13515,1320060,2019-09-27
13516,13516,571756,2021-05-12
13517,13517,1452841,2019-11-22
13518,13518,1325232,2018-01-18
13519,13519,1330183,2020-08-06
13520,13520,1321381,2023-01-11
13521,13521,857597,2021-01-26
13522,13522,584203,2020-08-05
13523,13523,661057,2020-12-30
13524,13524,560377,2021-11-23
13525,13525,578549,2018-10-13
13526,13526,88408,2021-02-13
13527,13527,1058561,2023-03-23
13528,13528,522555,2024-04-14
13529,13529,916489,2021-02-18
13530,13530,169146,2022-07-24
13531,13531,98559,2019-05-26
13532,13532,1270264,2024-10-27
13533,13533,348018,2019-08-09
13534,13534,221301,2021-05-12
13535,13535,409854,2019-11-19
13536,13536,284865,2019-04-17
13537,13537,1367305,2023-03-15
13538,13538,935114,2023-01-06
13539,13539,885192,2024-07-02
13540,13540,304162,2024-10-17
13541,13541,379157,2021-12-30
13542,13542,432888,2019-07-16
13543,13543,348131,2024-11-04
13544,13544,1285739,2023-06-19
13545,13545,962091,2021-09-04
13546,13546,215253,2021-04-03
13547,13547,1384275,2018-06-14
13548,13548,437670,2023-03-08
13549,13549,102049,2019-12-20
13550,13550,579411,2023-04-10
13551,13551,229343,2021-01-12
13552,13552,98120,2023-01-02
13553,13553,731670,2024-10-31
13554,13554,225408,2023-10-21
13555,13555,1037228,2018-05-06
13556,13556,990111,2019-02-23
13557,13557,144082,2020-06-10
13558,13558,794989,2023-12-26
13559,13559,1488155,2018-05-16
13560,13560,418305,2023-08-18
13561,13561,855885,2022-01-01
13562,13562,246405,2020-09-30
13563,13563,1268459,2024-04-01
13564,13564,830135,2021-11-13
13565,13565,1000813,2022-07-07
13566,13566,1248710,2022-01-03
13567,13567,1191182,2022-09-19
13568,13568,356415,2018-11-22
13569,13569,538443,2020-02-07
13570,13570,377153,2024-10-20
13571,13571,1022546,2023-08-30
13572,13572,997604,2019-02-09
13573,13573,1322782,2021-11-08
13574,13574,355604,2019-08-16
13575,13575,351705,2018-12-19
13576,13576,808577,2020-11-21
13577,13577,431346,2022-10-07
13578,13578,608782,2020-06-26
13579,13579,645615,2023-07-27
13580,13580,211264,2024-07-11
13581,13581,527857,2019-05-09
13582,13582,62604,2018-08-29
13583,13583,566755,2019-12-16
13584,13584,1004960,2021-09-21
13585,13585,827141,2019-06-14
13586,13586,194846,2024-10-24
13587,13587,911181,2019-08-27
13588,13588,1415601,2019-03-10
13589,13589,466761,2019-10-12
13590,13590,1319866,2019-04-12
13591,13591,1371365,2018-11-11
13592,13592,731270,2024-11-17
13593,13593,364994,2020-12-09
13594,13594,1455108,2022-04-01
13595,13595,134293,2021-08-15
13596,13596,927637,2024-03-22
13597,13597,936637,2023-10-16
13598,13598,1139807,2020-05-29
13599,13599,408202,2020-02-06
13600,13600,1319156,2019-09-03
13601,13601,518493,2021-10-19
13602,13602,1391252,2019-10-22
13603,13603,883171,2022-07-25
13604,13604,1361832,2023-05-25
13605,13605,1329979,2020-10-29
13606,13606,722101,2019-04-19
13607,13607,1209282,2020-03-16
13608,13608,1464815,2018-10-16
13609,13609,647261,2022-05-18
13610,13610,261543,2019-07-03
13611,13611,1129610,2024-10-10
13612,13612,740113,2022-07-11
13613,13613,1429110,2022-10-15
13614,13614,60870,2018-05-30
13615,13615,396164,2020-11-04
13616,13616,565547,2019-12-13
13617,13617,1161319,2019-11-01
13618,13618,1131758,2021-04-07
13619,13619,1090372,2020-10-18
13620,13620,853582,2019-02-02
13621,13621,1438681,2020-09-01
13622,13622,206992,2018-11-24
13623,13623,737103,2020-09-01
13624,13624,63356,2021-07-02
13625,13625,87372,2018-08-22
13626,13626,496503,2023-07-15
13627,13627,756129,2023-06-24
13628,13628,362488,2022-11-18
13629,13629,818982,2023-04-23
13630,13630,196756,2024-05-26
13631,13631,286507,2023-02-22
13632,13632,1205885,2020-09-24
13633,13633,451708,2024-09-20
13634,13634,1479309,2022-05-11
13635,13635,549263,2022-11-06
13636,13636,171049,2018-01-23
13637,13637,244845,2018-03-16
13638,13638,179181,2023-06-02
13639,13639,1403905,2021-05-18
13640,13640,264796,2019-01-31
13641,13641,1453461,2022-03-08
13642,13642,1304337,2018-08-20
13643,13643,1226909,2019-07-16
13644,13644,1400478,2023-06-23
13645,13645,614078,2020-08-27
13646,13646,374563,2023-10-05
13647,13647,1304487,2022-01-30
13648,13648,597887,2020-08-25
13649,13649,275543,2020-04-25
13650,13650,899246,2018-06-17
13651,13651,369830,2021-12-28
13652,13652,343549,2019-08-18
13653,13653,1476457,2023-05-07
13654,13654,860171,2022-04-17
13655,13655,426293,2018-04-12
13656,13656,962187,2019-09-29
13657,13657,868024,2018-01-22
13658,13658,112766,2019-09-14
13659,13659,1009030,2018-05-09
13660,13660,596776,2020-06-26
13661,13661,1013828,2023-09-27
13662,13662,421319,2023-05-04
13663,13663,1039523,2021-01-24
13664,13664,884759,2020-04-20
13665,13665,395223,2024-01-29
13666,13666,321288,2019-09-19
13667,13667,155161,2022-11-08
13668,13668,1440110,2019-03-07
13669,13669,1174484,2022-10-09
13670,13670,703968,2022-12-13
13671,13671,1186412,2021-07-04
13672,13672,196693,2023-08-15
13673,13673,246760,2023-04-08
13674,13674,1027166,2018-06-10
13675,13675,605616,2020-03-12
13676,13676,1061198,2018-09-05
13677,13677,895690,2018-04-29
13678,13678,1275837,2024-10-31
13679,13679,97343,2021-03-08
13680,13680,1102020,2020-07-14
13681,13681,1126132,2018-09-17
13682,13682,378370,2023-06-05
13683,13683,614090,2021-06-08
13684,13684,799938,2019-02-20
13685,13685,1296794,2020-04-01
13686,13686,679221,2018-05-09
13687,13687,741449,2018-12-08
13688,13688,63866,2021-03-23
13689,13689,1380084,2019-01-08
13690,13690,337113,2023-10-08
13691,13691,1474007,2021-03-31
13692,13692,386076,2021-11-15
13693,13693,1115313,2021-08-21
13694,13694,731701,2018-12-31
13695,13695,1323828,2019-01-09
13696,13696,447089,2024-04-18
13697,13697,207160,2024-08-07
13698,13698,1092943,2019-01-15
13699,13699,694387,2020-07-14
13700,13700,990148,2023-07-20
13701,13701,1207712,2018-11-19
13702,13702,156907,2024-05-19
13703,13703,735082,2020-04-13
13704,13704,1090315,2023-10-24
13705,13705,338817,2019-01-10
13706,13706,757726,2022-08-01
13707,13707,443331,2018-08-05
13708,13708,647028,2021-01-24
13709,13709,545960,2023-03-18
13710,13710,207328,2022-09-25
13711,13711,281697,2023-10-23
13712,13712,817557,2020-10-17
13713,13713,622001,2019-03-14
13714,13714,900774,2022-06-24
13715,13715,772821,2023-02-17
13716,13716,539002,2019-05-17
13717,13717,1474015,2023-11-09
13718,13718,903714,2022-06-16
13719,13719,259158,2018-03-21
13720,13720,839812,2023-11-01
13721,13721,421481,2020-12-13
13722,13722,498274,2021-07-11
13723,13723,745761,2024-09-10
13724,13724,651836,2024-11-12
13725,13725,1335955,2018-03-26
13726,13726,1044351,2024-02-01
13727,13727,973833,2019-10-01
13728,13728,897233,2020-01-05
13729,13729,262488,2022-05-06
13730,13730,518671,2024-12-12
13731,13731,810371,2021-06-04
13732,13732,439517,2022-09-03
13733,13733,362182,2020-03-07
13734,13734,109530,2020-03-20
13735,13735,1162366,2022-03-06
13736,13736,941806,2024-10-11
13737,13737,843540,2024-02-02
13738,13738,101159,2021-12-13
13739,13739,270374,2018-04-28
13740,13740,522889,2019-10-30
13741,13741,1210858,2019-11-23
13742,13742,1193558,2022-12-03
13743,13743,384226,2020-05-15
13744,13744,967826,2018-03-30
13745,13745,1243653,2021-04-07
13746,13746,1479733,2024-09-07
13747,13747,1252348,2021-12-10
13748,13748,718004,2022-02-16
13749,13749,1408792,2021-12-18
13750,13750,1337431,2021-04-13
13751,13751,1373626,2018-04-15
13752,13752,1359800,2019-05-05
13753,13753,1478682,2018-09-05
13754,13754,889694,2019-07-28
13755,13755,397652,2023-10-21
13756,13756,804350,2024-01-27
13757,13757,1088033,2019-02-02
13758,13758,1069106,2018-08-18
13759,13759,843961,2022-09-10
13760,13760,905388,2023-05-15
13761,13761,973888,2019-06-20
13762,13762,223068,2020-12-02
13763,13763,969605,2021-09-03
13764,13764,352477,2019-03-31
13765,13765,898258,2023-11-27
13766,13766,183099,2022-12-22
13767,13767,130302,2024-10-12
13768,13768,65080,2021-10-19
13769,13769,99809,2018-06-17
13770,13770,832277,2022-08-07
13771,13771,1086489,2020-11-30
13772,13772,539463,2019-02-23
13773,13773,1469428,2019-09-04
13774,13774,588763,2022-04-27
13775,13775,1025705,2021-04-12
13776,13776,423421,2024-10-16
13777,13777,1412900,2022-10-26
13778,13778,431044,2022-03-21
13779,13779,1350536,2019-03-27
13780,13780,725769,2019-05-20
13781,13781,1182620,2018-12-24
13782,13782,512048,2023-04-20
13783,13783,648662,2022-12-02
13784,13784,377544,2021-05-31
13785,13785,421823,2023-11-29
13786,13786,625621,2018-03-29
13787,13787,1077391,2024-02-19
13788,13788,1325654,2020-12-17
13789,13789,1441218,2021-03-23
13790,13790,759412,2021-07-26
13791,13791,439476,2023-07-25
13792,13792,1031689,2023-01-26
13793,13793,591885,2019-12-11
13794,13794,786119,2024-02-02
13795,13795,484583,2018-07-19
13796,13796,300405,2022-01-29
13797,13797,751426,2021-01-14
13798,13798,1250633,2021-01-05
13799,13799,101441,2019-10-03
13800,13800,567550,2022-06-24
13801,13801,484483,2024-10-28
13802,13802,1068409,2023-01-09
13803,13803,1381521,2021-12-04
13804,13804,162796,2023-05-21
13805,13805,1284412,2022-08-20
13806,13806,299614,2020-02-19
13807,13807,872970,2018-01-31
13808,13808,133882,2019-07-27
13809,13809,837100,2024-04-07
13810,13810,1319169,2022-12-16
13811,13811,671319,2018-07-05
13812,13812,1069384,2022-03-24
13813,13813,1186985,2020-07-10
13814,13814,1490319,2022-12-20
13815,13815,784327,2020-09-12
13816,13816,887248,2023-09-09
13817,13817,374863,2021-08-17
13818,13818,441553,2023-12-18
13819,13819,226568,2019-04-06
13820,13820,1286506,2022-06-13
13821,13821,695907,2022-01-26
13822,13822,1468068,2019-11-05
13823,13823,703439,2021-03-03
13824,13824,1358651,2019-04-22
13825,13825,455195,2023-09-12
13826,13826,1297150,2021-04-05
13827,13827,691002,2018-06-15
13828,13828,251625,2021-05-29
13829,13829,502636,2021-05-08
13830,13830,315871,2020-05-13
13831,13831,209853,2020-06-24
13832,13832,649251,2024-09-08
13833,13833,1265315,2022-08-29
13834,13834,879158,2023-07-04
13835,13835,72560,2019-01-20
13836,13836,856469,2022-11-14
13837,13837,821888,2023-06-24
13838,13838,1162940,2023-02-23
13839,13839,775445,2018-07-19
13840,13840,1097718,2024-10-18
13841,13841,709111,2018-07-13
13842,13842,754293,2020-09-02
13843,13843,1196495,2023-05-05
13844,13844,671970,2019-01-25
13845,13845,547565,2023-03-11
13846,13846,124358,2018-09-21
13847,13847,609972,2024-08-10
13848,13848,1451597,2022-06-28
13849,13849,1328608,2018-02-21
13850,13850,473368,2022-02-24
13851,13851,1064455,2020-03-06
13852,13852,1030626,2018-05-08
13853,13853,617862,2021-01-07
13854,13854,819480,2023-10-05
13855,13855,1428958,2018-08-20
13856,13856,76335,2024-01-06
13857,13857,1333705,2019-01-26
13858,13858,919847,2019-01-06
13859,13859,451084,2018-01-17
13860,13860,1440713,2021-11-08
13861,13861,685601,2024-12-29
13862,13862,738349,2018-02-17
13863,13863,1444604,2024-08-28
13864,13864,144529,2020-03-24
13865,13865,711292,2019-05-26
13866,13866,1384686,2021-08-25
13867,13867,735250,2021-10-22
13868,13868,559832,2018-07-30
13869,13869,1243834,2024-05-12
13870,13870,768165,2024-03-01
13871,13871,1360479,2018-02-16
13872,13872,627381,2020-12-14
13873,13873,1484334,2024-12-22
13874,13874,594098,2020-10-14
13875,13875,382809,2023-02-20
13876,13876,504022,2018-01-29
13877,13877,662576,2023-08-12
13878,13878,1226925,2021-10-11
13879,13879,195756,2024-08-14
13880,13880,1249807,2018-04-05
13881,13881,1020798,2024-03-14
13882,13882,113712,2021-06-14
13883,13883,1344520,2018-04-17
13884,13884,958794,2019-04-11
13885,13885,697359,2021-12-10
13886,13886,877413,2024-03-03
13887,13887,1031157,2022-02-15
13888,13888,262143,2021-10-01
13889,13889,636505,2021-10-21
13890,13890,129751,2018-06-25
13891,13891,1228970,2023-03-14
13892,13892,179687,2022-08-05
13893,13893,551112,2020-10-28
13894,13894,195156,2019-08-30
13895,13895,1166780,2021-05-18
13896,13896,627406,2018-10-06
13897,13897,733656,2021-10-26
13898,13898,114904,2018-11-13
13899,13899,723511,2021-02-23
13900,13900,1274379,2019-12-24
13901,13901,417095,2020-07-29
13902,13902,890260,2019-10-21
13903,13903,1447419,2024-04-23
13904,13904,1212438,2023-09-09
13905,13905,864814,2021-10-21
13906,13906,1249116,2022-09-16
13907,13907,819043,2024-04-26
13908,13908,877866,2020-06-07
13909,13909,525732,2023-01-11
13910,13910,1252220,2020-03-24
13911,13911,1144231,2021-07-23
13912,13912,322061,2023-03-08
13913,13913,1103411,2020-11-11
13914,13914,1410261,2018-12-25
13915,13915,1479484,2022-03-18
13916,13916,839250,2021-10-05
13917,13917,550452,2018-03-03
13918,13918,1488618,2021-12-12
13919,13919,898674,2022-11-07
13920,13920,691647,2023-01-20
13921,13921,320127,2018-09-15
13922,13922,1296277,2019-10-08
13923,13923,693305,2018-04-22
13924,13924,1037761,2018-10-06
13925,13925,939360,2019-01-17
13926,13926,1065076,2022-02-25
13927,13927,424418,2021-08-24
13928,13928,1159931,2021-03-11
13929,13929,353827,2019-05-04
13930,13930,633142,2021-08-13
13931,13931,707354,2020-04-30
13932,13932,202935,2021-11-20
13933,13933,1430245,2019-08-09
13934,13934,1399162,2020-09-21
13935,13935,362874,2023-10-22
13936,13936,495352,2018-02-20
13937,13937,160257,2024-08-28
13938,13938,995010,2023-10-18
13939,13939,593073,2022-10-26
13940,13940,346258,2023-09-20
13941,13941,60750,2021-12-16
13942,13942,1479056,2019-01-21
13943,13943,1124772,2019-12-21
13944,13944,1330516,2019-04-10
13945,13945,666932,2019-05-26
13946,13946,1251036,2021-12-15
13947,13947,620923,2023-08-31
13948,13948,290762,2020-02-27
13949,13949,274915,2023-01-04
13950,13950,1004365,2020-08-06
13951,13951,1009032,2024-12-26
13952,13952,929577,2021-05-10
13953,13953,889443,2018-05-24
13954,13954,1321636,2023-02-01
13955,13955,1189538,2023-10-25
13956,13956,1064775,2019-02-11
13957,13957,852912,2022-06-10
13958,13958,360041,2021-03-16
13959,13959,119338,2024-01-25
13960,13960,1113067,2024-12-01
13961,13961,838514,2019-09-16
13962,13962,947125,2022-08-15
13963,13963,711827,2021-10-24
13964,13964,865245,2022-04-18
13965,13965,699757,2022-02-14
13966,13966,436335,2024-02-04
13967,13967,979485,2023-06-13
13968,13968,1328950,2019-03-27
13969,13969,591139,2019-08-10
13970,13970,740401,2024-05-03
13971,13971,920933,2018-03-07
13972,13972,1242440,2022-08-14
13973,13973,1281538,2020-05-06
13974,13974,562033,2021-09-02
13975,13975,978523,2024-04-10
13976,13976,1357580,2019-06-12
13977,13977,1135697,2018-08-19
13978,13978,137648,2024-11-19
13979,13979,1314321,2020-04-21
13980,13980,530540,2022-01-20
13981,13981,581498,2019-11-25
13982,13982,745593,2020-05-22
13983,13983,1246186,2019-01-05
13984,13984,493537,2020-07-02
13985,13985,481166,2019-10-18
13986,13986,919718,2020-04-24
13987,13987,957453,2020-01-03
13988,13988,1428227,2020-08-06
13989,13989,167666,2023-05-09
13990,13990,114535,2020-07-29
13991,13991,367611,2024-01-20
13992,13992,477740,2023-07-24
13993,13993,321251,2022-02-18
13994,13994,1455385,2018-06-04
13995,13995,973010,2023-03-13
13996,13996,518243,2018-07-28
13997,13997,522596,2021-05-28
13998,13998,793666,2019-10-27
13999,13999,1233252,2020-09-10
14000,14000,1111577,2021-02-02
14001,14001,1278312,2019-09-24
14002,14002,1363961,2023-11-23
14003,14003,544471,2022-10-12
14004,14004,501012,2020-05-21
14005,14005,527050,2024-05-18
14006,14006,1000145,2019-12-09
14007,14007,1428002,2021-04-19
14008,14008,734852,2020-07-31
14009,14009,939524,2019-03-08
14010,14010,805818,2020-09-21
14011,14011,198629,2018-12-30
14012,14012,497462,2019-12-08
14013,14013,301648,2020-11-11
14014,14014,899426,2020-04-09
14015,14015,816664,2023-08-05
14016,14016,636375,2019-01-19
14017,14017,1042429,2021-08-11
14018,14018,924692,2018-12-12
14019,14019,442842,2018-11-08
14020,14020,541479,2024-05-04
14021,14021,908303,2024-04-29
14022,14022,481823,2020-01-12
14023,14023,898310,2020-02-13
14024,14024,647620,2023-11-23
14025,14025,763426,2024-05-30
14026,14026,661111,2023-05-16
14027,14027,1285529,2022-12-25
14028,14028,878586,2020-08-24
14029,14029,754523,2018-09-12
14030,14030,786600,2020-10-25
14031,14031,1106891,2023-05-28
14032,14032,951114,2022-04-17
14033,14033,154510,2024-07-11
14034,14034,842497,2020-08-16
14035,14035,1252773,2021-08-27
14036,14036,1111590,2018-11-21
14037,14037,578235,2020-03-31
14038,14038,537742,2022-07-01
14039,14039,1132343,2022-11-30
14040,14040,1012809,2020-01-26
14041,14041,990630,2021-01-13
14042,14042,497537,2024-09-20
14043,14043,214199,2022-09-15
14044,14044,108417,2022-05-21
14045,14045,207362,2020-04-30
14046,14046,886324,2021-05-27
14047,14047,78169,2020-07-14
14048,14048,418110,2018-10-11
14049,14049,1221973,2024-03-03
14050,14050,706828,2022-02-24
14051,14051,573153,2023-08-17
14052,14052,293727,2024-02-28
14053,14053,844158,2020-09-02
14054,14054,421961,2022-01-05
14055,14055,50121,2023-03-24
14056,14056,87850,2024-11-26
14057,14057,1498504,2023-07-25
14058,14058,1234721,2019-10-04
14059,14059,196595,2024-12-12
14060,14060,1042904,2019-09-02
14061,14061,70192,2021-05-25
14062,14062,829704,2024-11-07
14063,14063,882734,2019-02-18
14064,14064,556115,2024-12-26
14065,14065,533424,2020-02-28
14066,14066,867829,2018-12-24
14067,14067,1312996,2022-07-03
14068,14068,1196288,2019-09-24
14069,14069,1461616,2023-05-20
14070,14070,171955,2018-12-02
14071,14071,109304,2020-03-11
14072,14072,1138250,2024-02-03
14073,14073,947858,2020-05-08
14074,14074,279563,2019-08-07
14075,14075,683290,2019-10-12
14076,14076,434718,2021-08-08
14077,14077,1141153,2020-08-27
14078,14078,1240911,2021-12-18
14079,14079,526180,2024-02-28
14080,14080,310039,2019-05-30
14081,14081,740410,2022-09-19
14082,14082,641354,2022-04-02
14083,14083,487977,2023-05-07
14084,14084,816418,2018-10-03
14085,14085,806838,2024-05-06
14086,14086,286608,2021-07-25
14087,14087,1288578,2020-04-29
14088,14088,726190,2022-02-03
14089,14089,1245301,2022-03-20
14090,14090,1377007,2021-01-20
14091,14091,1000446,2019-10-16
14092,14092,1092376,2024-12-27
14093,14093,1177290,2022-01-30
14094,14094,654537,2019-09-05
14095,14095,218676,2022-11-30
14096,14096,666200,2021-09-03
14097,14097,205008,2021-02-20
14098,14098,1478957,2020-05-05
14099,14099,1471541,2022-06-03
14100,14100,423207,2024-08-04
14101,14101,156370,2020-02-17
14102,14102,1353825,2020-04-12
14103,14103,703587,2019-08-11
14104,14104,407739,2024-12-23
14105,14105,667016,2021-11-07
14106,14106,767927,2022-01-01
14107,14107,979988,2021-08-13
14108,14108,530433,2024-07-11
14109,14109,1253410,2018-02-13
14110,14110,778487,2019-10-31
14111,14111,1493666,2021-03-18
14112,14112,691183,2020-07-02
14113,14113,448769,2018-01-06
14114,14114,139451,2024-06-19
14115,14115,1253986,2019-10-29
14116,14116,1252692,2019-10-29
14117,14117,204730,2021-04-19
14118,14118,738250,2023-09-05
14119,14119,894189,2018-10-16
14120,14120,1113642,2019-09-06
14121,14121,859342,2019-12-25
14122,14122,723371,2018-07-08
14123,14123,239611,2022-05-02
14124,14124,583449,2024-09-03
14125,14125,700072,2022-12-02
14126,14126,158946,2018-03-28
14127,14127,136578,2020-06-19
14128,14128,718439,2022-12-25
14129,14129,697874,2021-11-01
14130,14130,1495591,2022-11-02
14131,14131,1379455,2020-04-10
14132,14132,770741,2020-06-22
14133,14133,1052015,2018-12-19
14134,14134,1296166,2020-12-08
14135,14135,1247840,2020-09-13
14136,14136,872053,2018-02-25
14137,14137,1274202,2024-08-14
14138,14138,80373,2020-09-19
14139,14139,1181983,2019-09-25
14140,14140,1018910,2020-07-03
14141,14141,1024930,2018-04-18
14142,14142,215347,2023-07-29
14143,14143,749028,2022-10-10
14144,14144,1360120,2020-08-13
14145,14145,1001394,2021-09-09
14146,14146,709761,2022-01-30
14147,14147,1306107,2018-05-27
14148,14148,1059012,2024-06-28
14149,14149,1475110,2023-10-11
14150,14150,78531,2022-10-13
14151,14151,573875,2019-03-21
14152,14152,634016,2020-02-11
14153,14153,681546,2019-09-04
14154,14154,1396995,2023-03-20
14155,14155,927991,2024-12-15
14156,14156,1189239,2022-09-27
14157,14157,974191,2018-01-12
14158,14158,151376,2020-12-24
14159,14159,637616,2021-02-09
14160,14160,1245105,2024-03-23
14161,14161,1212225,2023-11-14
14162,14162,794331,2020-12-30
14163,14163,148256,2019-02-19
14164,14164,124158,2024-02-19
14165,14165,1243299,2023-03-26
14166,14166,1330513,2024-02-02
14167,14167,99232,2023-05-27
14168,14168,813299,2021-10-02
14169,14169,1157209,2020-08-20
14170,14170,1493921,2018-10-15
14171,14171,630954,2024-02-12
14172,14172,1438929,2020-06-20
14173,14173,1309457,2021-07-20
14174,14174,1168973,2018-03-21
14175,14175,557872,2023-10-11
14176,14176,1312500,2024-07-20
14177,14177,1494622,2018-12-28
14178,14178,664499,2022-11-10
14179,14179,145106,2022-02-12
14180,14180,1383135,2023-08-30
14181,14181,753115,2023-06-07
14182,14182,100881,2021-05-14
14183,14183,1261789,2018-08-31
14184,14184,1266766,2019-03-23
14185,14185,822507,2018-05-31
14186,14186,1204839,2019-10-20
14187,14187,1001452,2022-06-14
14188,14188,368820,2023-07-19
14189,14189,357104,2023-04-14
14190,14190,357769,2021-04-20
14191,14191,921695,2023-05-09
14192,14192,773122,2020-10-20
14193,14193,1374871,2022-07-31
14194,14194,1011333,2021-04-18
14195,14195,1304166,2018-03-12
14196,14196,793965,2024-09-30
14197,14197,1278125,2024-07-12
14198,14198,795630,2018-12-07
14199,14199,692256,2019-01-25
14200,14200,1192795,2022-01-09
14201,14201,879597,2024-07-19
14202,14202,1254818,2024-06-16
14203,14203,569024,2019-01-11
14204,14204,333686,2018-07-19
14205,14205,522969,2020-08-03
14206,14206,206443,2020-08-29
14207,14207,1474872,2022-05-02
14208,14208,469834,2019-10-25
14209,14209,212215,2020-06-01
14210,14210,272940,2023-12-14
14211,14211,64690,2020-12-23
14212,14212,499993,2024-10-11
14213,14213,1316061,2018-11-16
14214,14214,345699,2023-11-24
14215,14215,1295904,2019-12-16
14216,14216,86366,2020-10-30
14217,14217,889972,2021-11-10
14218,14218,717791,2018-04-18
14219,14219,507729,2022-03-11
14220,14220,843476,2018-03-31
14221,14221,826438,2020-02-28
14222,14222,1049598,2023-07-07
14223,14223,230736,2019-11-27
14224,14224,440624,2021-11-26
14225,14225,610860,2020-07-09
14226,14226,124038,2023-05-16
14227,14227,250064,2022-07-13
14228,14228,864121,2020-03-13
14229,14229,789422,2020-01-01
14230,14230,934502,2022-07-05
14231,14231,945365,2020-12-06
14232,14232,904378,2023-01-30
14233,14233,351656,2023-11-13
14234,14234,382218,2024-01-08
14235,14235,541501,2024-12-24
14236,14236,898282,2018-01-17
14237,14237,327366,2019-02-02
14238,14238,707022,2022-10-27
14239,14239,1191235,2021-12-31
14240,14240,302735,2020-03-20
14241,14241,389194,2020-10-11
14242,14242,926308,2018-05-28
14243,14243,452133,2019-05-08
14244,14244,225266,2020-07-27
14245,14245,755713,2019-03-25
14246,14246,340194,2020-02-19
14247,14247,1431601,2022-12-23
14248,14248,1115606,2022-11-26
14249,14249,1278620,2022-06-14
14250,14250,1233398,2024-08-04
14251,14251,209451,2018-09-10
14252,14252,645804,2024-04-05
14253,14253,1217449,2018-01-22
14254,14254,50513,2023-02-10
14255,14255,1422668,2020-11-21
14256,14256,621111,2023-03-21
14257,14257,170602,2019-10-19
14258,14258,385361,2020-07-22
14259,14259,693548,2023-10-28
14260,14260,347010,2021-11-14
14261,14261,725643,2019-09-11
14262,14262,1091282,2018-01-31
14263,14263,65035,2021-09-20
14264,14264,176199,2024-10-24
14265,14265,1488700,2022-01-22
14266,14266,488754,2022-09-29
14267,14267,459438,2019-07-18
14268,14268,1401716,2018-04-14
14269,14269,192482,2021-12-08
14270,14270,162377,2019-05-24
14271,14271,284719,2024-10-23
14272,14272,492070,2022-02-12
14273,14273,189061,2023-04-26
14274,14274,1096392,2018-11-11
14275,14275,1341893,2024-01-02
14276,14276,896992,2024-04-24
14277,14277,1094747,2023-04-10
14278,14278,1302651,2024-04-24
14279,14279,149318,2024-10-28
14280,14280,1365154,2019-05-30
14281,14281,476264,2023-01-24
14282,14282,1083267,2018-01-23
14283,14283,1120977,2018-02-01
14284,14284,553993,2020-11-16
14285,14285,560403,2023-01-20
14286,14286,1158457,2024-11-27
14287,14287,890449,2021-04-28
14288,14288,646638,2023-09-22
14289,14289,1134758,2024-07-03
14290,14290,1244110,2018-09-15
14291,14291,1289597,2024-01-13
14292,14292,350249,2019-11-18
14293,14293,1451368,2020-03-05
14294,14294,1007904,2018-10-04
14295,14295,332569,2022-06-29
14296,14296,451777,2023-05-06
14297,14297,649786,2024-08-09
14298,14298,1156345,2024-09-01
14299,14299,1157033,2020-08-15
14300,14300,456726,2019-06-12
14301,14301,143277,2018-01-29
14302,14302,1040007,2019-12-14
14303,14303,1440711,2018-11-13
14304,14304,1245640,2023-09-21
14305,14305,827944,2021-10-28
14306,14306,635547,2020-08-01
14307,14307,1078164,2021-07-04
14308,14308,1338061,2020-10-28
14309,14309,1318736,2019-04-11
14310,14310,1433298,2021-11-22
14311,14311,165883,2022-05-28
14312,14312,470859,2023-01-08
14313,14313,1392561,2024-01-14
14314,14314,672355,2019-07-18
14315,14315,217158,2019-09-13
14316,14316,120394,2024-09-17
14317,14317,1096169,2018-06-12
14318,14318,1303302,2020-02-26
14319,14319,1350431,2024-02-23
14320,14320,119079,2024-12-25
14321,14321,1038386,2021-10-31
14322,14322,508907,2020-09-01
14323,14323,912684,2019-05-12
14324,14324,525616,2022-05-30
14325,14325,1198125,2023-02-20
14326,14326,1264837,2024-02-01
14327,14327,1139393,2019-06-06
14328,14328,845580,2020-10-10
14329,14329,984211,2022-04-27
14330,14330,78064,2018-11-28
14331,14331,1358740,2021-05-23
14332,14332,858395,2022-08-05
14333,14333,575183,2021-03-26
14334,14334,190110,2021-01-25
14335,14335,580325,2020-03-12
14336,14336,710964,2023-05-24
14337,14337,851435,2024-08-13
14338,14338,346702,2022-02-23
14339,14339,1342859,2020-02-28
14340,14340,617076,2024-10-10
14341,14341,869882,2020-08-04
14342,14342,925977,2023-10-12
14343,14343,1027223,2021-10-07
14344,14344,1475140,2023-06-22
14345,14345,471913,2020-09-10
14346,14346,568616,2019-07-31
14347,14347,202725,2020-12-01
14348,14348,220156,2019-03-20
14349,14349,1464633,2018-10-01
14350,14350,995148,2024-11-29
14351,14351,510109,2019-09-20
14352,14352,748344,2024-11-24
14353,14353,430619,2024-06-27
14354,14354,1434523,2019-04-03
14355,14355,1053068,2022-03-15
14356,14356,201240,2022-04-18
14357,14357,1471193,2019-10-05
14358,14358,917174,2020-07-04
14359,14359,1207260,2019-02-17
14360,14360,737425,2021-11-11
14361,14361,1371595,2018-10-14
14362,14362,1075358,2022-12-15
14363,14363,1245829,2019-01-25
14364,14364,70635,2024-06-08
14365,14365,442074,2019-10-31
14366,14366,1242470,2024-09-13
14367,14367,970224,2022-12-15
14368,14368,713393,2024-11-10
14369,14369,1416218,2024-04-25
14370,14370,444174,2024-09-16
14371,14371,844325,2024-03-28
14372,14372,391929,2020-06-01
14373,14373,239833,2019-10-09
14374,14374,504446,2018-05-18
14375,14375,981694,2024-03-09
14376,14376,328951,2024-02-15
14377,14377,1188480,2019-07-29
14378,14378,1166889,2023-02-16
14379,14379,1434596,2021-01-31
14380,14380,396242,2024-06-11
14381,14381,436316,2021-05-11
14382,14382,1106208,2022-05-06
14383,14383,1087275,2019-01-13
14384,14384,1475905,2019-10-28
14385,14385,200338,2023-02-09
14386,14386,425951,2024-11-19
14387,14387,816618,2024-06-17
14388,14388,1200966,2018-08-26
14389,14389,851417,2024-09-27
14390,14390,682418,2021-03-05
14391,14391,102037,2020-03-12
14392,14392,1328512,2020-10-27
14393,14393,1329811,2022-04-18
14394,14394,135553,2022-01-12
14395,14395,461644,2020-05-22
14396,14396,1253387,2023-06-10
14397,14397,1196240,2024-03-16
14398,14398,893386,2024-09-10
14399,14399,1167703,2020-06-06
14400,14400,697344,2018-01-08
14401,14401,1143442,2021-11-03
14402,14402,1365267,2018-05-13
14403,14403,397482,2022-03-12
14404,14404,298826,2018-01-25
14405,14405,1276580,2024-09-13
14406,14406,647943,2020-11-28
14407,14407,397101,2023-12-28
14408,14408,1392660,2024-10-07
14409,14409,133287,2022-11-19
14410,14410,739835,2018-08-12
14411,14411,559695,2021-03-14
14412,14412,910675,2021-05-18
14413,14413,770985,2019-02-05
14414,14414,1100640,2024-03-29
14415,14415,939282,2018-06-05
14416,14416,889632,2024-03-10
14417,14417,136639,2024-05-26
14418,14418,671287,2023-07-24
14419,14419,621255,2020-11-28
14420,14420,106449,2020-12-01
14421,14421,685626,2021-06-16
14422,14422,249259,2023-01-02
14423,14423,385130,2023-09-08
14424,14424,983465,2022-11-23
14425,14425,1039051,2023-01-18
14426,14426,931538,2022-05-08
14427,14427,1050735,2024-01-04
14428,14428,1104607,2021-10-15
14429,14429,1474329,2018-09-30
14430,14430,1393283,2024-01-05
14431,14431,788939,2024-06-05
14432,14432,849096,2018-12-16
14433,14433,1374732,2020-10-19
14434,14434,1288858,2021-03-14
14435,14435,470125,2022-01-03
14436,14436,468681,2022-10-15
14437,14437,1207992,2021-10-25
14438,14438,1466272,2020-03-16
14439,14439,1186415,2018-02-05
14440,14440,1196426,2020-03-15
14441,14441,1323007,2024-01-18
14442,14442,1491989,2022-11-25
14443,14443,1185061,2023-07-18
14444,14444,121786,2018-05-02
14445,14445,1053816,2022-11-08
14446,14446,693070,2024-05-17
14447,14447,561076,2020-01-30
14448,14448,175230,2023-07-21
14449,14449,1113597,2020-02-07
14450,14450,1314622,2022-11-28
14451,14451,85961,2019-07-01
14452,14452,120296,2022-08-23
14453,14453,231368,2024-11-02
14454,14454,625196,2022-11-16
14455,14455,1078220,2021-09-29
14456,14456,157127,2019-11-15
14457,14457,775245,2023-10-26
14458,14458,393430,2018-08-23
14459,14459,653576,2018-05-06
14460,14460,186804,2019-10-22
14461,14461,855119,2024-05-10
14462,14462,1344950,2021-02-13
14463,14463,783996,2022-01-14
14464,14464,660340,2023-05-09
14465,14465,96261,2021-05-25
14466,14466,892344,2022-01-13
14467,14467,832150,2018-04-06
14468,14468,324664,2024-03-07
14469,14469,102579,2019-06-12
14470,14470,63992,2022-06-10
14471,14471,411522,2020-01-10
14472,14472,1400151,2022-07-17
14473,14473,1459345,2022-03-09
14474,14474,780586,2019-12-22
14475,14475,216672,2022-12-16
14476,14476,1431449,2018-07-17
14477,14477,67567,2018-12-13
14478,14478,1098779,2018-04-03
14479,14479,818836,2019-12-31
14480,14480,1218597,2022-03-22
14481,14481,840041,2018-04-03
14482,14482,967824,2020-11-01
14483,14483,1108369,2018-07-20
14484,14484,1099974,2020-11-26
14485,14485,865102,2022-05-15
14486,14486,903377,2024-03-15
14487,14487,348048,2023-12-28
14488,14488,138457,2021-09-15
14489,14489,297294,2024-03-21
14490,14490,441112,2021-11-13
14491,14491,275459,2022-08-01
14492,14492,663561,2022-12-16
14493,14493,217426,2024-03-07
14494,14494,274723,2021-10-06
14495,14495,824135,2023-01-06
14496,14496,539091,2021-06-26
14497,14497,443391,2019-05-22
14498,14498,1028771,2021-08-08
14499,14499,453543,2022-10-11
14500,14500,415262,2024-10-07
14501,14501,353606,2020-03-11
14502,14502,909860,2018-04-27
14503,14503,114855,2021-08-28
14504,14504,709749,2018-12-15
14505,14505,847246,2022-08-27
14506,14506,672905,2023-07-06
14507,14507,471445,2020-04-13
14508,14508,696671,2018-09-03
14509,14509,491032,2019-09-27
14510,14510,1445110,2019-04-02
14511,14511,659387,2018-01-11
14512,14512,210676,2021-05-21
14513,14513,713681,2022-07-07
14514,14514,362892,2023-03-02
14515,14515,1487682,2024-06-11
14516,14516,941657,2023-06-04
14517,14517,1299335,2021-10-03
14518,14518,926223,2018-04-23
14519,14519,1288241,2022-10-15
14520,14520,183666,2022-12-28
14521,14521,56908,2019-01-21
14522,14522,241433,2024-11-08
14523,14523,715573,2022-09-01
14524,14524,144395,2020-05-09
14525,14525,549894,2023-11-10
14526,14526,552461,2018-08-14
14527,14527,250603,2023-08-09
14528,14528,192442,2022-03-02
14529,14529,635131,2019-02-14
14530,14530,1357416,2021-07-05
14531,14531,941584,2024-06-20
14532,14532,336623,2020-05-21
14533,14533,676081,2019-11-07
14534,14534,542022,2022-07-27
14535,14535,1198559,2018-07-20
14536,14536,1442539,2021-08-11
14537,14537,742983,2019-04-19
14538,14538,1365688,2020-12-01
14539,14539,1444716,2018-01-30
14540,14540,1388896,2021-12-03
14541,14541,1020591,2018-01-21
14542,14542,644302,2019-12-13
14543,14543,816108,2018-09-24
14544,14544,572619,2024-08-02
14545,14545,490102,2021-05-17
14546,14546,1450775,2020-07-14
14547,14547,360557,2020-04-15
14548,14548,734827,2021-05-27
14549,14549,816483,2021-07-24
14550,14550,620406,2022-10-28
14551,14551,1108397,2020-11-24
14552,14552,878029,2021-09-10
14553,14553,713801,2019-12-19
14554,14554,393629,2022-09-21
14555,14555,1192106,2019-04-14
14556,14556,219947,2021-05-21
14557,14557,108448,2024-03-17
14558,14558,346927,2021-02-11
14559,14559,407338,2024-10-17
14560,14560,582473,2023-01-22
14561,14561,468398,2019-08-11
14562,14562,164990,2022-03-31
14563,14563,1082252,2020-10-31
14564,14564,118194,2020-12-28
14565,14565,418119,2023-04-23
14566,14566,481698,2024-05-02
14567,14567,1397597,2020-01-24
14568,14568,303662,2021-08-19
14569,14569,1304312,2022-07-08
14570,14570,1414502,2024-01-29
14571,14571,611092,2022-05-05
14572,14572,1197638,2019-08-22
14573,14573,424968,2020-05-10
14574,14574,1492841,2024-06-29
14575,14575,280900,2018-06-29
14576,14576,1039991,2024-07-21
14577,14577,1429298,2020-05-13
14578,14578,386789,2024-12-17
14579,14579,85081,2020-02-11
14580,14580,694629,2022-09-11
14581,14581,1163371,2024-12-05
14582,14582,1175478,2018-03-17
14583,14583,361395,2020-11-02
14584,14584,1161301,2022-10-20
14585,14585,353504,2024-01-08
14586,14586,366560,2022-04-01
14587,14587,927635,2022-12-30
14588,14588,1068656,2021-07-27
14589,14589,379364,2021-11-19
14590,14590,110302,2024-10-04
14591,14591,229826,2023-12-11
14592,14592,459123,2020-11-08
14593,14593,467102,2024-02-05
14594,14594,1346812,2018-04-20
14595,14595,1214675,2024-06-25
14596,14596,1342667,2019-03-23
14597,14597,692050,2020-06-13
14598,14598,763084,2023-02-02
14599,14599,553736,2020-07-13
14600,14600,613813,2022-06-11
14601,14601,694718,2019-11-05
14602,14602,1387572,2018-07-02
14603,14603,811472,2024-12-31
14604,14604,694328,2024-12-20
14605,14605,475781,2018-06-14
14606,14606,1074778,2022-03-16
14607,14607,1315178,2022-03-17
14608,14608,1198949,2021-04-20
14609,14609,95244,2024-01-22
14610,14610,147656,2024-06-22
14611,14611,253201,2024-04-10
14612,14612,83689,2021-04-08
14613,14613,1487918,2022-11-21
14614,14614,86490,2019-06-28
14615,14615,642488,2021-01-12
14616,14616,1334426,2022-06-14
14617,14617,1104445,2021-11-18
14618,14618,1448172,2020-07-23
14619,14619,781218,2019-06-25
14620,14620,1347009,2018-07-22
14621,14621,906029,2022-05-22
14622,14622,1082025,2024-06-24
14623,14623,1266926,2023-11-15
14624,14624,320295,2019-12-06
14625,14625,371419,2020-02-27
14626,14626,1128839,2022-09-05
14627,14627,803647,2024-09-30
14628,14628,329154,2021-04-18
14629,14629,783447,2019-02-24
14630,14630,1232124,2018-06-09
14631,14631,1464475,2024-08-26
14632,14632,302436,2020-01-11
14633,14633,82036,2019-11-20
14634,14634,1141127,2019-06-27
14635,14635,267767,2019-12-22
14636,14636,604860,2019-10-07
14637,14637,122321,2023-05-12
14638,14638,772478,2023-01-26
14639,14639,625465,2018-10-21
14640,14640,938368,2023-01-01
14641,14641,547473,2021-08-21
14642,14642,1189371,2018-03-28
14643,14643,983423,2023-11-02
14644,14644,72325,2024-02-19
14645,14645,1488955,2018-10-03
14646,14646,114862,2024-04-30
14647,14647,1293548,2023-11-26
14648,14648,381371,2023-10-01
14649,14649,1129825,2021-04-28
14650,14650,1278772,2023-01-07
14651,14651,491563,2020-08-31
14652,14652,861131,2020-08-26
14653,14653,671466,2023-05-06
14654,14654,646049,2020-04-30
14655,14655,755473,2021-06-17
14656,14656,663660,2024-02-19
14657,14657,1262234,2023-03-12
14658,14658,1103164,2018-04-15
14659,14659,288861,2020-09-17
14660,14660,789333,2020-11-09
14661,14661,226104,2023-11-17
14662,14662,1163661,2020-10-21
14663,14663,733660,2023-07-03
14664,14664,1117087,2024-02-04
14665,14665,295880,2020-02-15
14666,14666,108894,2024-05-15
14667,14667,491761,2022-06-11
14668,14668,925536,2020-12-23
14669,14669,1394726,2022-09-13
14670,14670,1435943,2019-12-31
14671,14671,121088,2021-12-21
14672,14672,1235690,2020-05-22
14673,14673,1286225,2024-05-29
14674,14674,774847,2022-05-15
14675,14675,1021255,2024-04-23
14676,14676,780278,2024-07-10
14677,14677,425349,2021-10-25
14678,14678,75422,2020-01-16
14679,14679,462696,2024-05-26
14680,14680,464058,2023-07-07
14681,14681,1381370,2019-12-31
14682,14682,351655,2024-11-05
14683,14683,834836,2021-01-07
14684,14684,1425345,2021-09-05
14685,14685,576753,2020-11-24
14686,14686,536009,2018-02-20
14687,14687,329212,2018-08-30
14688,14688,118917,2019-12-03
14689,14689,956191,2019-05-17
14690,14690,1424080,2019-09-26
14691,14691,217380,2018-01-03
14692,14692,84607,2021-12-12
14693,14693,304691,2022-01-09
14694,14694,400674,2023-10-09
14695,14695,170506,2019-05-15
14696,14696,128357,2023-06-17
14697,14697,1485817,2021-09-08
14698,14698,232638,2021-05-24
14699,14699,690354,2019-08-13
14700,14700,775151,2019-11-06
14701,14701,303649,2019-04-30
14702,14702,420672,2023-06-13
14703,14703,578841,2021-05-20
14704,14704,768194,2024-04-03
14705,14705,1282982,2019-06-03
14706,14706,1141818,2022-12-23
14707,14707,1170024,2019-04-26
14708,14708,1358880,2020-05-29
14709,14709,637593,2023-06-23
14710,14710,537555,2019-07-04
14711,14711,1331626,2018-07-01
14712,14712,62250,2018-10-12
14713,14713,528375,2023-06-05
14714,14714,307589,2018-03-21
14715,14715,771231,2022-10-28
14716,14716,1408160,2022-11-02
14717,14717,262752,2019-10-10
14718,14718,1103066,2023-02-25
14719,14719,675504,2020-07-28
14720,14720,1404010,2023-07-01
14721,14721,551346,2018-06-15
14722,14722,467330,2021-07-02
14723,14723,642542,2022-05-28
14724,14724,996619,2019-06-18
14725,14725,1320675,2022-12-11
14726,14726,233901,2023-04-11
14727,14727,1271228,2024-09-09
14728,14728,719062,2024-09-25
14729,14729,894045,2021-01-01
14730,14730,455499,2024-06-09
14731,14731,902674,2022-10-12
14732,14732,750410,2018-03-24
14733,14733,883537,2020-02-22
14734,14734,1236540,2022-07-17
14735,14735,1123375,2019-08-11
14736,14736,928765,2018-09-12
14737,14737,284633,2021-06-26
14738,14738,987399,2024-02-18
14739,14739,1336364,2023-07-25
14740,14740,1172198,2023-12-21
14741,14741,1251511,2021-05-18
14742,14742,463028,2018-07-17
14743,14743,81038,2019-01-30
14744,14744,864904,2021-06-22
14745,14745,1051958,2020-05-08
14746,14746,391574,2019-08-12
14747,14747,82799,2023-11-15
14748,14748,813715,2018-08-29
14749,14749,331570,2021-02-09
14750,14750,223293,2021-10-29
14751,14751,1296867,2021-11-24
14752,14752,1099492,2021-09-18
14753,14753,445619,2021-01-10
14754,14754,508656,2019-07-24
14755,14755,792671,2022-04-10
14756,14756,1002091,2018-09-17
14757,14757,425145,2022-07-30
14758,14758,203576,2021-07-16
14759,14759,1362976,2022-02-02
14760,14760,305812,2019-01-30
14761,14761,870062,2018-12-31
14762,14762,1254855,2024-01-26
14763,14763,563142,2023-10-16
14764,14764,198732,2024-02-12
14765,14765,660916,2019-08-05
14766,14766,764180,2019-05-12
14767,14767,957835,2019-03-21
14768,14768,723345,2021-11-20
14769,14769,342528,2022-08-17
14770,14770,1096266,2022-05-10
14771,14771,1443767,2020-08-17
14772,14772,612658,2018-09-24
14773,14773,958360,2019-08-08
14774,14774,239605,2020-02-27
14775,14775,1187839,2019-03-01
14776,14776,156348,2018-04-07
14777,14777,1057907,2020-03-21
14778,14778,260607,2023-12-09
14779,14779,60102,2024-04-04
14780,14780,441229,2023-03-24
14781,14781,616813,2019-11-21
14782,14782,838365,2022-03-20
14783,14783,229524,2023-06-08
14784,14784,1062715,2022-02-12
14785,14785,665490,2024-11-05
14786,14786,138392,2022-03-28
14787,14787,528431,2020-03-05
14788,14788,567545,2023-10-08
14789,14789,184081,2019-04-23
14790,14790,536203,2020-05-27
14791,14791,1065327,2020-07-14
14792,14792,973623,2021-11-16
14793,14793,1006031,2024-06-18
14794,14794,961773,2019-09-07
14795,14795,383812,2021-12-13
14796,14796,1341249,2021-05-16
14797,14797,327662,2022-06-30
14798,14798,1356503,2019-11-25
14799,14799,1483972,2023-01-25
14800,14800,819449,2020-11-28
14801,14801,277905,2023-03-10
14802,14802,578998,2018-09-12
14803,14803,210142,2018-04-17
14804,14804,949207,2022-12-29
14805,14805,1336594,2020-02-20
14806,14806,1278272,2024-02-07
14807,14807,889287,2019-09-04
14808,14808,1179058,2024-11-06
14809,14809,1257796,2022-04-07
14810,14810,171593,2024-09-15
14811,14811,887979,2021-06-07
14812,14812,1433804,2023-01-07
14813,14813,565850,2023-08-04
14814,14814,501204,2022-01-17
14815,14815,916740,2021-08-12
14816,14816,1392655,2023-09-06
14817,14817,1358742,2019-03-05
14818,14818,107784,2019-01-13
14819,14819,802371,2022-04-12
14820,14820,301366,2019-11-14
14821,14821,1464289,2021-10-23
14822,14822,1024233,2021-01-22
14823,14823,853994,2024-12-25
14824,14824,317181,2021-01-15
14825,14825,1099513,2020-01-23
14826,14826,1265620,2021-11-01
14827,14827,356915,2021-09-21
14828,14828,747148,2020-01-15
14829,14829,1127566,2022-12-03
14830,14830,474460,2018-01-10
14831,14831,327032,2019-03-21
14832,14832,680099,2019-04-01
14833,14833,1436719,2019-04-13
14834,14834,891126,2018-04-09
14835,14835,665526,2022-02-05
14836,14836,202116,2019-06-22
14837,14837,110998,2020-01-02
14838,14838,566072,2024-04-22
14839,14839,327779,2024-08-07
14840,14840,1421530,2020-10-16
14841,14841,545040,2023-11-13
14842,14842,1205520,2021-12-29
14843,14843,294602,2019-05-05
14844,14844,919180,2023-03-27
14845,14845,927025,2022-12-17
14846,14846,469250,2023-05-18
14847,14847,835883,2021-04-17
14848,14848,1493947,2024-07-09
14849,14849,421242,2023-01-12
14850,14850,309753,2019-07-21
14851,14851,356052,2020-01-16
14852,14852,72130,2018-07-25
14853,14853,421542,2018-12-16
14854,14854,472488,2023-06-25
14855,14855,926843,2020-01-03
14856,14856,922225,2024-03-30
14857,14857,1290814,2019-10-06
14858,14858,1329397,2023-10-28
14859,14859,637792,2022-12-21
14860,14860,886623,2019-04-16
14861,14861,1479389,2022-12-27
14862,14862,801746,2020-03-07
14863,14863,804490,2021-06-23
14864,14864,1235295,2024-09-09
14865,14865,1201929,2020-09-18
14866,14866,1040548,2018-09-10
14867,14867,942367,2022-08-22
14868,14868,1444181,2023-02-14
14869,14869,951328,2023-07-11
14870,14870,1490281,2024-06-06
14871,14871,1064899,2021-01-01
14872,14872,226665,2022-11-09
14873,14873,1399856,2019-06-27
14874,14874,1050899,2023-07-30
14875,14875,1193222,2022-12-24
14876,14876,1237036,2022-03-12
14877,14877,290338,2020-09-28
14878,14878,992107,2020-11-27
14879,14879,383723,2023-02-19
14880,14880,1328418,2021-07-31
14881,14881,1398640,2018-01-28
14882,14882,782593,2020-05-04
14883,14883,360070,2018-03-18
14884,14884,1378458,2022-01-13
14885,14885,615589,2024-08-09
14886,14886,1043253,2018-03-06
14887,14887,1033095,2020-08-02
14888,14888,754977,2023-07-20
14889,14889,1387127,2020-11-27
14890,14890,154738,2018-06-19
14891,14891,264489,2021-09-05
14892,14892,269743,2023-10-08
14893,14893,854525,2021-01-30
14894,14894,370593,2020-04-26
14895,14895,730403,2022-08-17
14896,14896,709557,2024-01-17
14897,14897,884368,2020-08-27
14898,14898,518802,2020-03-16
14899,14899,515084,2018-03-28
14900,14900,283902,2019-10-27
14901,14901,58788,2022-10-19
14902,14902,255353,2020-06-01
14903,14903,803134,2024-11-23
14904,14904,745276,2018-07-22
14905,14905,1479324,2021-07-20
14906,14906,1414621,2022-12-08
14907,14907,881078,2018-08-01
14908,14908,159848,2019-11-10
14909,14909,1368816,2022-04-27
14910,14910,962242,2020-07-06
14911,14911,1265254,2022-08-24
14912,14912,1044540,2019-10-05
14913,14913,232506,2021-11-22
14914,14914,900729,2018-02-28
14915,14915,695910,2024-04-14
14916,14916,162526,2018-08-08
14917,14917,366213,2021-02-22
14918,14918,1087044,2024-07-12
14919,14919,1079174,2020-12-02
14920,14920,1101734,2019-08-15
14921,14921,1392177,2018-06-18
14922,14922,483040,2023-04-18
14923,14923,1057348,2024-12-01
14924,14924,826169,2018-01-24
14925,14925,119961,2019-08-17
14926,14926,801645,2018-06-19
14927,14927,1170956,2020-06-23
14928,14928,83190,2023-10-19
14929,14929,1327007,2018-08-03
14930,14930,622000,2019-08-18
14931,14931,285242,2022-05-26
14932,14932,1183758,2021-12-17
14933,14933,115048,2019-07-15
14934,14934,133032,2021-05-03
14935,14935,137068,2020-05-04
14936,14936,808069,2022-08-20
14937,14937,736816,2021-07-20
14938,14938,860470,2021-07-28
14939,14939,1472938,2021-05-02
14940,14940,357815,2020-01-13
14941,14941,572757,2021-06-05
14942,14942,1202434,2022-03-26
14943,14943,614726,2021-02-25
14944,14944,756952,2021-03-14
14945,14945,184805,2022-02-07
14946,14946,411634,2024-09-19
14947,14947,558318,2018-09-26
14948,14948,219056,2019-07-10
14949,14949,339748,2021-06-15
14950,14950,1278545,2019-04-10
14951,14951,884920,2023-05-05
14952,14952,70558,2024-08-04
14953,14953,859731,2024-06-11
14954,14954,881185,2018-05-11
14955,14955,180436,2018-03-05
14956,14956,884102,2018-01-11
14957,14957,693375,2019-09-07
14958,14958,372953,2021-01-27
14959,14959,246646,2018-10-05
14960,14960,1287125,2023-09-27
14961,14961,1277841,2019-02-16
14962,14962,1426972,2018-07-29
14963,14963,1346071,2018-10-24
14964,14964,947131,2023-04-14
14965,14965,809384,2021-01-10
14966,14966,498826,2018-11-20
14967,14967,1100196,2020-12-10
14968,14968,167469,2018-08-20
14969,14969,344868,2021-10-22
14970,14970,1252325,2019-04-13
14971,14971,917858,2023-12-08
14972,14972,1133055,2021-10-31
14973,14973,940623,2020-11-20
14974,14974,572323,2021-06-22
14975,14975,530425,2019-12-27
14976,14976,284041,2021-10-07
14977,14977,1250705,2022-01-12
14978,14978,1036642,2019-10-28
14979,14979,1382217,2018-01-08
14980,14980,1239854,2023-10-27
14981,14981,851915,2022-04-24
14982,14982,915378,2021-09-01
14983,14983,800186,2019-01-02
14984,14984,316101,2018-04-15
14985,14985,675597,2019-01-21
14986,14986,1292119,2018-08-11
14987,14987,280384,2020-11-20
14988,14988,1049539,2022-08-11
14989,14989,100524,2024-07-21
14990,14990,894160,2023-02-25
14991,14991,1125847,2021-06-27
14992,14992,1359841,2024-10-05
14993,14993,232033,2018-05-14
14994,14994,891888,2021-09-25
14995,14995,723017,2021-05-02
14996,14996,135933,2021-10-29
14997,14997,1177658,2021-04-06
14998,14998,451790,2018-12-18
14999,14999,1035411,2021-08-21
15000,15000,208571,2024-06-26
15001,15001,1454389,2018-09-19
15002,15002,707859,2018-01-05
15003,15003,1400311,2021-07-02
15004,15004,1375143,2020-12-01
15005,15005,1373957,2023-07-18
15006,15006,954187,2024-01-30
15007,15007,1323032,2024-02-29
15008,15008,1177682,2018-05-16
15009,15009,282169,2018-03-29
15010,15010,603014,2019-03-10
15011,15011,204714,2019-03-21
15012,15012,614031,2020-12-21
15013,15013,335296,2018-12-19
15014,15014,1439763,2024-08-27
15015,15015,967798,2023-01-04
15016,15016,395310,2024-05-13
15017,15017,249575,2021-01-12
15018,15018,449402,2024-04-14
15019,15019,1100690,2024-05-15
15020,15020,521221,2022-02-12
15021,15021,1390776,2024-10-22
15022,15022,1101050,2021-07-08
15023,15023,404884,2018-06-10
15024,15024,1099397,2023-09-19
15025,15025,1163440,2019-09-17
15026,15026,833685,2022-05-13
15027,15027,590412,2022-04-30
15028,15028,1230457,2018-07-02
15029,15029,1093064,2019-04-04
15030,15030,1319584,2019-09-04
15031,15031,654896,2024-09-06
15032,15032,1092584,2024-04-18
15033,15033,980751,2018-05-23
15034,15034,1190380,2023-06-09
15035,15035,945444,2022-04-10
15036,15036,1205686,2018-03-20
15037,15037,990817,2020-07-25
15038,15038,206521,2023-03-03
15039,15039,412905,2019-03-11
15040,15040,1080500,2021-09-18
15041,15041,688267,2022-10-28
15042,15042,1408826,2019-04-30
15043,15043,323028,2023-03-09
15044,15044,734353,2022-09-14
15045,15045,150318,2021-03-15
15046,15046,62678,2023-12-09
15047,15047,96474,2019-05-21
15048,15048,261985,2021-07-29
15049,15049,892686,2020-03-02
15050,15050,663100,2019-01-07
15051,15051,1132586,2021-03-30
15052,15052,1262881,2022-06-12
15053,15053,1034964,2019-02-16
15054,15054,1181176,2022-07-20
15055,15055,1061835,2020-07-14
15056,15056,384559,2021-10-22
15057,15057,736748,2018-04-27
15058,15058,1423528,2023-09-22
15059,15059,1083437,2020-12-20
15060,15060,277514,2022-04-13
15061,15061,1370582,2021-12-26
15062,15062,1365162,2018-08-10
15063,15063,576910,2018-09-16
15064,15064,732303,2022-10-08
15065,15065,1049945,2022-02-15
15066,15066,1208340,2019-04-01
15067,15067,848222,2019-08-02
15068,15068,1327386,2023-02-08
15069,15069,483949,2024-03-15
15070,15070,1097879,2020-12-18
15071,15071,1414725,2018-05-17
15072,15072,1256978,2018-11-10
15073,15073,601090,2023-01-30
15074,15074,268121,2018-11-08
15075,15075,179371,2022-04-16
15076,15076,455455,2020-04-29
15077,15077,266653,2021-02-02
15078,15078,866210,2023-11-09
15079,15079,846071,2018-06-10
15080,15080,1046309,2022-12-21
15081,15081,1247239,2018-02-05
15082,15082,600949,2022-07-05
15083,15083,627922,2024-12-27
15084,15084,683512,2020-08-30
15085,15085,130208,2020-09-27
15086,15086,1260473,2024-09-24
15087,15087,1280286,2020-05-13
15088,15088,1154984,2018-07-10
15089,15089,1042338,2021-10-11
15090,15090,1172874,2024-12-20
15091,15091,998120,2018-12-19
15092,15092,295964,2021-08-14
15093,15093,91083,2024-06-27
15094,15094,576836,2018-07-06
15095,15095,142477,2018-05-25
15096,15096,1040567,2020-06-17
15097,15097,1445579,2019-02-28
15098,15098,708698,2020-07-06
15099,15099,849872,2023-08-13
15100,15100,1032259,2022-12-23
15101,15101,798502,2022-09-17
15102,15102,951837,2018-03-31
15103,15103,1177070,2019-01-13
15104,15104,747652,2021-04-28
15105,15105,362223,2023-03-04
15106,15106,654925,2022-10-21
15107,15107,1272984,2021-03-30
15108,15108,631423,2020-12-28
15109,15109,1499994,2022-04-30
15110,15110,817251,2020-09-20
15111,15111,588105,2019-07-14
15112,15112,1185516,2020-02-28
15113,15113,854693,2021-05-06
15114,15114,1257861,2021-02-26
15115,15115,358434,2018-11-15
15116,15116,983016,2023-03-30
15117,15117,427574,2023-07-12
15118,15118,666157,2020-03-10
15119,15119,446223,2024-08-09
15120,15120,445618,2022-01-12
15121,15121,713925,2021-12-10
15122,15122,1155806,2021-04-01
15123,15123,1046486,2022-07-13
15124,15124,184957,2019-09-19
15125,15125,272087,2018-07-01
15126,15126,1276158,2019-04-15
15127,15127,577445,2021-07-19
15128,15128,516413,2019-09-28
15129,15129,742429,2018-12-08
15130,15130,730168,2021-11-29
15131,15131,1107131,2023-04-21
15132,15132,1421561,2021-04-10
15133,15133,741330,2022-11-24
15134,15134,139881,2019-08-17
15135,15135,176938,2024-11-01
15136,15136,484124,2023-08-12
15137,15137,772349,2023-02-22
15138,15138,872687,2020-09-20
15139,15139,156267,2019-09-22
15140,15140,730325,2021-05-18
15141,15141,1485323,2019-03-30
15142,15142,170936,2022-10-15
15143,15143,233546,2024-04-04
15144,15144,86313,2024-04-20
15145,15145,650815,2022-01-04
15146,15146,91373,2019-05-14
15147,15147,1209901,2018-08-05
15148,15148,449668,2020-01-24
15149,15149,628705,2022-02-05
15150,15150,931425,2021-09-05
15151,15151,1231668,2022-06-13
15152,15152,1050195,2020-10-12
15153,15153,818981,2022-05-03
15154,15154,1407641,2019-01-07
15155,15155,268284,2019-08-06
15156,15156,298489,2021-07-13
15157,15157,1180051,2022-06-20
15158,15158,983957,2022-12-08
15159,15159,496815,2021-01-15
15160,15160,855474,2023-04-03
15161,15161,114513,2021-08-25
15162,15162,475889,2023-08-13
15163,15163,1345830,2020-04-06
15164,15164,209596,2019-09-13
15165,15165,50903,2022-02-06
15166,15166,681839,2018-11-27
15167,15167,912225,2022-03-27
15168,15168,113258,2024-11-21
15169,15169,1159830,2021-04-26
15170,15170,122337,2021-06-27
15171,15171,793441,2020-02-20
15172,15172,345410,2024-07-15
15173,15173,1013615,2022-02-16
15174,15174,573604,2021-06-04
15175,15175,899656,2021-01-19
15176,15176,560438,2023-05-09
15177,15177,629168,2021-07-21
15178,15178,1209521,2021-05-29
15179,15179,994162,2018-05-12
15180,15180,593049,2021-03-11
15181,15181,412789,2019-09-01
15182,15182,1238903,2023-04-04
15183,15183,750653,2023-01-18
15184,15184,340311,2022-07-24
15185,15185,913976,2023-08-17
15186,15186,509280,2019-03-23
15187,15187,875829,2022-06-30
15188,15188,918620,2023-07-06
15189,15189,399773,2023-08-04
15190,15190,1395990,2024-02-09
15191,15191,1223242,2024-01-09
15192,15192,971093,2021-07-26
15193,15193,636604,2018-03-23
15194,15194,1338476,2023-12-19
15195,15195,978258,2023-07-26
15196,15196,983162,2020-01-28
15197,15197,1388714,2023-10-12
15198,15198,312847,2018-05-11
15199,15199,66571,2023-04-06
15200,15200,635896,2023-01-09
15201,15201,715936,2023-04-12
15202,15202,734575,2021-02-27
15203,15203,414591,2024-02-02
15204,15204,1451789,2021-11-21
15205,15205,913657,2024-10-25
15206,15206,412227,2019-01-25
15207,15207,669607,2022-01-17
15208,15208,370113,2024-04-03
15209,15209,74853,2023-02-03
15210,15210,1259650,2020-08-16
15211,15211,1304927,2023-07-14
15212,15212,318835,2022-05-15
15213,15213,1222576,2024-02-13
15214,15214,1472464,2023-08-17
15215,15215,622377,2020-12-16
15216,15216,729390,2021-07-08
15217,15217,184773,2018-06-09
15218,15218,1259636,2019-12-13
15219,15219,688511,2021-05-02
15220,15220,1128750,2020-03-28
15221,15221,1454829,2021-08-14
15222,15222,219967,2024-05-19
15223,15223,453703,2024-09-29
15224,15224,998398,2024-02-25
15225,15225,1442233,2023-12-07
15226,15226,692150,2022-07-11
15227,15227,601616,2024-09-30
15228,15228,150717,2021-10-20
15229,15229,800730,2023-11-05
15230,15230,1424998,2018-07-07
15231,15231,1167194,2022-12-27
15232,15232,1373022,2023-06-30
15233,15233,527286,2022-10-14
15234,15234,1120346,2020-09-13
15235,15235,887117,2023-11-20
15236,15236,895606,2020-08-04
15237,15237,812844,2022-01-29
15238,15238,630916,2022-03-02
15239,15239,1459373,2024-07-08
15240,15240,581120,2021-06-06
15241,15241,1252040,2020-01-19
15242,15242,1303786,2019-12-30
15243,15243,876614,2021-08-23
15244,15244,558352,2024-06-15
15245,15245,1232303,2019-05-26
15246,15246,905499,2020-08-16
15247,15247,134231,2018-08-27
15248,15248,477335,2021-09-13
15249,15249,1255161,2018-01-29
15250,15250,377939,2020-01-06
15251,15251,1176182,2024-07-16
15252,15252,1468837,2020-06-12
15253,15253,968903,2024-12-28
15254,15254,668740,2021-06-24
15255,15255,1438157,2024-04-10
15256,15256,1182709,2018-05-01
15257,15257,754594,2021-05-31
15258,15258,1411075,2018-07-19
15259,15259,519386,2024-12-14
15260,15260,174904,2021-05-01
15261,15261,815277,2018-07-28
15262,15262,1132227,2021-07-20
15263,15263,620454,2022-12-14
15264,15264,695327,2020-07-26
15265,15265,557537,2023-02-01
15266,15266,117370,2022-04-17
15267,15267,1480406,2021-12-09
15268,15268,837966,2023-10-13
15269,15269,1484424,2021-05-29
15270,15270,827718,2021-03-27
15271,15271,341044,2020-07-17
15272,15272,381781,2024-11-06
15273,15273,55613,2023-07-09
15274,15274,881952,2024-12-09
15275,15275,979429,2024-12-07
15276,15276,997586,2022-09-08
15277,15277,1406601,2020-04-24
15278,15278,1491308,2021-11-06
15279,15279,175568,2023-12-07
15280,15280,960729,2023-07-04
15281,15281,940942,2024-05-30
15282,15282,753833,2018-05-04
15283,15283,389343,2018-09-24
15284,15284,479825,2024-08-13
15285,15285,1124968,2018-08-25
15286,15286,252136,2023-11-02
15287,15287,908468,2019-11-14
15288,15288,1007694,2019-07-08
15289,15289,546667,2021-11-07
15290,15290,1194882,2022-01-09
15291,15291,1151778,2023-08-18
15292,15292,714998,2023-06-06
15293,15293,1125475,2021-04-14
15294,15294,1297119,2018-05-05
15295,15295,338136,2021-05-24
15296,15296,285693,2024-11-13
15297,15297,759826,2022-01-31
15298,15298,810936,2021-05-24
15299,15299,786132,2018-03-04
15300,15300,848773,2024-10-05
15301,15301,161742,2020-07-22
15302,15302,572776,2023-05-02
15303,15303,555188,2019-05-26
15304,15304,1429552,2021-01-13
15305,15305,643503,2022-01-05
15306,15306,1053938,2024-06-23
15307,15307,418294,2024-08-30
15308,15308,722043,2020-03-16
15309,15309,375522,2022-03-07
15310,15310,561063,2024-12-03
15311,15311,113549,2019-04-27
15312,15312,1175781,2024-03-28
15313,15313,903573,2020-01-08
15314,15314,1059758,2024-01-11
15315,15315,1172814,2020-11-17
15316,15316,54223,2021-05-29
15317,15317,736421,2023-09-01
15318,15318,1378821,2018-11-10
15319,15319,51308,2023-04-06
15320,15320,255029,2023-08-09
15321,15321,729677,2022-09-01
15322,15322,1027681,2023-07-28
15323,15323,60436,2024-10-19
15324,15324,802558,2020-11-18
15325,15325,675778,2022-07-17
15326,15326,671041,2024-07-17
15327,15327,255331,2018-10-14
15328,15328,305606,2023-02-10
15329,15329,1112992,2018-09-01
15330,15330,261745,2018-09-01
15331,15331,1126311,2019-03-01
15332,15332,1167010,2019-03-12
15333,15333,671282,2023-06-10
15334,15334,832614,2018-01-31
15335,15335,236084,2022-05-18
15336,15336,1120525,2022-03-15
15337,15337,105503,2022-03-19
15338,15338,262239,2023-08-06
15339,15339,1033279,2020-05-17
15340,15340,429226,2020-05-28
15341,15341,847939,2019-06-09
15342,15342,1032270,2020-07-05
15343,15343,1383128,2022-09-04
15344,15344,838924,2020-08-24
15345,15345,702690,2021-02-08
15346,15346,357972,2022-10-20
15347,15347,812334,2023-11-15
15348,15348,404611,2023-02-19
15349,15349,1019090,2020-09-16
15350,15350,1018241,2023-06-04
15351,15351,400401,2019-10-02
15352,15352,322457,2019-03-05
15353,15353,638444,2019-02-21
15354,15354,1150748,2021-07-22
15355,15355,553217,2020-01-06
15356,15356,264189,2020-01-01
15357,15357,109119,2024-05-22
15358,15358,648235,2021-04-05
15359,15359,838110,2021-12-05
15360,15360,1307671,2018-08-28
15361,15361,1102031,2024-10-21
15362,15362,641571,2023-10-24
15363,15363,1198400,2024-10-18
15364,15364,1463988,2021-11-24
15365,15365,372120,2019-09-24
15366,15366,757981,2024-09-18
15367,15367,410558,2022-09-18
15368,15368,204790,2022-12-20
15369,15369,1056897,2020-02-20
15370,15370,339061,2024-11-04
15371,15371,713558,2023-12-21
15372,15372,1071375,2023-03-01
15373,15373,450685,2020-06-28
15374,15374,1491866,2023-12-29
15375,15375,266253,2019-12-20
15376,15376,812453,2023-04-29
15377,15377,654558,2024-02-22
15378,15378,330220,2021-02-01
15379,15379,863696,2018-11-09
15380,15380,1481231,2024-10-16
15381,15381,1029541,2018-12-04
15382,15382,926092,2024-11-25
15383,15383,390821,2023-07-09
15384,15384,1217866,2022-09-23
15385,15385,329100,2019-05-12
15386,15386,1220980,2021-01-17
15387,15387,414467,2023-07-05
15388,15388,396536,2023-09-04
15389,15389,727294,2024-08-15
15390,15390,1440215,2022-03-31
15391,15391,506021,2021-01-10
15392,15392,298543,2018-08-19
15393,15393,1016279,2020-09-12
15394,15394,506544,2021-07-15
15395,15395,312445,2022-11-04
15396,15396,1470800,2020-11-10
15397,15397,790943,2019-09-18
15398,15398,327890,2021-03-30
15399,15399,921358,2020-02-28
15400,15400,554366,2020-06-25
15401,15401,922769,2020-03-10
15402,15402,519270,2023-02-27
15403,15403,952108,2019-07-14
15404,15404,1078367,2019-11-11
15405,15405,899835,2022-07-28
15406,15406,92409,2024-06-05
15407,15407,573389,2024-09-12
15408,15408,1147963,2024-05-18
15409,15409,732703,2023-07-30
15410,15410,94150,2021-07-15
15411,15411,1479333,2023-04-12
15412,15412,1326076,2021-07-03
15413,15413,515194,2024-10-15
15414,15414,577887,2021-08-07
15415,15415,1378567,2020-11-09
15416,15416,1349932,2022-06-10
15417,15417,271630,2018-05-26
15418,15418,56594,2020-07-29
15419,15419,211884,2023-10-13
15420,15420,707332,2019-03-06
15421,15421,1008784,2024-07-09
15422,15422,653067,2024-08-13
15423,15423,214534,2020-03-18
15424,15424,581040,2021-06-05
15425,15425,544717,2022-12-14
15426,15426,297009,2021-02-10
15427,15427,67107,2024-08-20
15428,15428,204161,2022-03-23
15429,15429,323843,2018-06-11
15430,15430,339026,2020-03-17
15431,15431,794016,2023-04-09
15432,15432,1050092,2022-08-14
15433,15433,1430553,2022-12-04
15434,15434,1301903,2021-07-18
15435,15435,1193240,2022-04-11
15436,15436,275147,2023-04-27
15437,15437,1497835,2023-09-22
15438,15438,219131,2024-04-14
15439,15439,293845,2020-12-07
15440,15440,834215,2019-09-24
15441,15441,1241138,2020-06-22
15442,15442,888575,2020-08-31
15443,15443,638500,2018-08-20
15444,15444,170272,2020-12-22
15445,15445,540071,2022-07-09
15446,15446,187428,2020-08-15
15447,15447,609196,2020-06-11
15448,15448,276191,2019-03-01
15449,15449,81524,2022-01-05
15450,15450,368661,2018-03-19
15451,15451,822521,2019-05-18
15452,15452,207499,2024-03-17
15453,15453,304347,2022-10-23
15454,15454,735796,2024-08-11
15455,15455,136725,2021-03-28
15456,15456,1396275,2018-05-16
15457,15457,632499,2024-06-17
15458,15458,338121,2020-05-08
15459,15459,209822,2018-05-20
15460,15460,1253167,2018-10-19
15461,15461,311925,2024-07-23
15462,15462,309023,2018-03-09
15463,15463,750515,2021-07-08
15464,15464,1148869,2021-04-09
15465,15465,1250431,2020-12-28
15466,15466,1429729,2024-12-21
15467,15467,941251,2024-12-29
15468,15468,163092,2024-04-10
15469,15469,217049,2020-08-09
15470,15470,816214,2021-04-03
15471,15471,559233,2023-11-24
15472,15472,496459,2019-07-04
15473,15473,606471,2021-06-24
15474,15474,1208993,2023-08-02
15475,15475,1179052,2020-08-21
15476,15476,100031,2022-02-22
15477,15477,520939,2020-03-20
15478,15478,1205796,2019-10-12
15479,15479,1138669,2022-09-01
15480,15480,469509,2018-06-27
15481,15481,160683,2022-01-28
15482,15482,226424,2021-12-23
15483,15483,978102,2019-04-02
15484,15484,335957,2021-04-05
15485,15485,313208,2020-11-07
15486,15486,1234713,2018-10-19
15487,15487,172426,2020-06-18
15488,15488,574356,2018-04-06
15489,15489,1385058,2018-04-08
15490,15490,869643,2022-01-27
15491,15491,525273,2021-08-12
15492,15492,1044646,2018-12-12
15493,15493,580263,2019-10-16
15494,15494,910953,2018-03-22
15495,15495,619456,2021-04-09
15496,15496,622492,2023-08-23
15497,15497,1288864,2020-04-04
15498,15498,749308,2023-04-05
15499,15499,595123,2020-01-26
15500,15500,385209,2019-10-29
15501,15501,503798,2024-12-07
15502,15502,270810,2023-07-10
15503,15503,912102,2019-05-17
15504,15504,205553,2019-01-13
15505,15505,1165775,2021-01-01
15506,15506,616365,2022-06-29
15507,15507,697351,2018-04-17
15508,15508,520607,2023-10-01
15509,15509,704476,2021-06-10
15510,15510,121532,2020-09-02
15511,15511,333952,2018-03-25
15512,15512,554412,2023-06-23
15513,15513,1172308,2024-03-15
15514,15514,649410,2018-02-28
15515,15515,705838,2020-06-30
15516,15516,718182,2022-08-13
15517,15517,1151443,2021-10-18
15518,15518,446963,2024-06-11
15519,15519,1395671,2023-05-17
15520,15520,1155710,2024-06-21
15521,15521,1443556,2022-01-17
15522,15522,1186905,2021-02-10
15523,15523,918545,2019-02-10
15524,15524,133031,2022-09-02
15525,15525,196787,2022-11-20
15526,15526,1423865,2019-01-21
15527,15527,302944,2021-03-13
15528,15528,1442826,2020-11-11
15529,15529,761478,2024-11-04
15530,15530,888142,2023-04-30
15531,15531,916292,2019-04-23
15532,15532,927153,2020-05-13
15533,15533,863402,2018-12-09
15534,15534,1067186,2023-06-10
15535,15535,784530,2019-06-10
15536,15536,56473,2018-10-17
15537,15537,335059,2018-07-24
15538,15538,1313309,2023-05-29
15539,15539,440690,2018-02-09
15540,15540,520105,2020-12-05
15541,15541,1412954,2020-10-07
15542,15542,782724,2023-10-30
15543,15543,516551,2024-08-27
15544,15544,1135998,2019-06-29
15545,15545,1042804,2022-08-10
15546,15546,271121,2024-01-23
15547,15547,775893,2021-03-17
15548,15548,709568,2021-06-11
15549,15549,786839,2022-02-05
15550,15550,859707,2022-04-29
15551,15551,1230766,2019-05-17
15552,15552,564605,2021-01-24
15553,15553,1445714,2020-08-14
15554,15554,334900,2023-04-29
15555,15555,709022,2023-02-22
15556,15556,1084270,2024-03-05
15557,15557,427471,2021-04-17
15558,15558,318890,2022-03-26
15559,15559,1092353,2018-02-25
15560,15560,678022,2019-08-25
15561,15561,265841,2020-10-25
15562,15562,1311943,2019-06-14
15563,15563,1072123,2018-07-12
15564,15564,1027917,2023-08-31
15565,15565,1022893,2023-06-08
15566,15566,413111,2020-03-12
15567,15567,151816,2023-04-30
15568,15568,482440,2021-10-10
15569,15569,244173,2020-06-16
15570,15570,1351157,2021-01-02
15571,15571,1256031,2022-04-14
15572,15572,1377695,2019-02-17
15573,15573,1244006,2022-07-05
15574,15574,718666,2024-08-07
15575,15575,564491,2020-10-20
15576,15576,289490,2024-09-23
15577,15577,1483985,2019-04-06
15578,15578,519960,2022-04-06
15579,15579,229025,2021-07-18
15580,15580,93855,2023-12-06
15581,15581,825824,2024-12-22
15582,15582,994753,2022-05-06
15583,15583,591896,2023-03-06
15584,15584,1065245,2018-09-23
15585,15585,99808,2023-06-30
15586,15586,84440,2018-04-16
15587,15587,843357,2018-08-19
15588,15588,521536,2021-10-23
15589,15589,481785,2020-08-14
15590,15590,1427036,2018-11-21
15591,15591,688269,2024-04-22
15592,15592,233180,2021-02-02
15593,15593,1380273,2021-03-31
15594,15594,452340,2022-05-31
15595,15595,775262,2019-06-12
15596,15596,547006,2018-10-28
15597,15597,1460559,2022-11-03
15598,15598,1334826,2023-08-12
15599,15599,1388053,2018-04-15
15600,15600,1262496,2018-10-09
15601,15601,1015552,2020-11-18
15602,15602,671298,2024-01-31
15603,15603,492123,2020-09-20
15604,15604,997349,2018-06-15
15605,15605,1368681,2019-09-12
15606,15606,126943,2024-02-16
15607,15607,1090863,2024-06-03
15608,15608,1355295,2020-03-23
15609,15609,1043816,2020-05-18
15610,15610,1086801,2021-05-19
15611,15611,1066937,2021-11-06
15612,15612,896291,2021-12-18
15613,15613,282347,2020-07-31
15614,15614,322767,2021-04-29
15615,15615,496303,2020-08-05
15616,15616,1488314,2018-01-09
15617,15617,305632,2018-05-28
15618,15618,129773,2019-07-18
15619,15619,1223197,2019-08-03
15620,15620,1313562,2019-04-24
15621,15621,105993,2022-11-01
15622,15622,951478,2022-06-11
15623,15623,194384,2020-01-17
15624,15624,259401,2018-11-17
15625,15625,657630,2019-03-03
15626,15626,980405,2020-12-12
15627,15627,105933,2024-12-27
15628,15628,982084,2018-04-01
15629,15629,935704,2019-01-14
15630,15630,264997,2024-12-30
15631,15631,1000534,2022-03-07
15632,15632,601681,2021-09-20
15633,15633,274924,2022-08-03
15634,15634,1134042,2023-10-18
15635,15635,543035,2021-03-19
15636,15636,1030655,2020-03-22
15637,15637,1158799,2018-01-20
15638,15638,1056660,2019-11-28
15639,15639,1132121,2019-11-16
15640,15640,1025672,2021-09-18
15641,15641,104095,2023-08-22
15642,15642,257428,2020-10-15
15643,15643,542860,2022-12-06
15644,15644,159852,2021-08-12
15645,15645,654794,2018-07-22
15646,15646,760109,2019-07-28
15647,15647,330655,2023-07-08
15648,15648,237506,2018-11-29
15649,15649,331708,2023-04-03
15650,15650,941644,2022-08-01
15651,15651,846169,2021-05-12
15652,15652,782427,2018-04-03
15653,15653,86501,2021-02-07
15654,15654,356995,2018-05-21
15655,15655,566095,2022-05-19
15656,15656,916708,2021-09-30
15657,15657,1070270,2019-02-12
15658,15658,425984,2022-07-02
15659,15659,1400430,2019-11-05
15660,15660,508019,2022-02-08
15661,15661,1493443,2021-03-26
15662,15662,828902,2018-09-12
15663,15663,653811,2024-11-08
15664,15664,1114906,2022-06-14
15665,15665,454074,2021-02-09
15666,15666,1199410,2024-03-04
15667,15667,1417939,2019-09-06
15668,15668,435983,2021-08-14
15669,15669,1206524,2022-12-19
15670,15670,661944,2018-12-20
15671,15671,1209348,2019-10-01
15672,15672,262209,2018-08-14
15673,15673,1116737,2018-02-07
15674,15674,1263105,2019-05-01
15675,15675,1095545,2018-12-12
15676,15676,113837,2023-07-02
15677,15677,1426310,2022-02-23
15678,15678,1489775,2023-09-16
15679,15679,714145,2018-12-28
15680,15680,1169942,2019-05-16
15681,15681,1154370,2020-07-09
15682,15682,942783,2018-09-13
15683,15683,726106,2024-08-15
15684,15684,791240,2021-04-17
15685,15685,125348,2023-07-29
15686,15686,925778,2023-08-24
15687,15687,1111825,2021-08-26
15688,15688,607200,2023-04-17
15689,15689,605288,2022-08-27
15690,15690,744018,2020-06-02
15691,15691,939699,2019-10-07
15692,15692,1345367,2023-12-11
15693,15693,244990,2023-03-16
15694,15694,126873,2018-11-12
15695,15695,266458,2023-04-26
15696,15696,371191,2022-04-21
15697,15697,349420,2021-09-07
15698,15698,451897,2022-05-23
15699,15699,1459642,2024-11-09
15700,15700,132721,2020-05-25
15701,15701,1353226,2018-04-06
15702,15702,862013,2018-08-09
15703,15703,1074550,2021-01-15
15704,15704,1492283,2023-09-04
15705,15705,200976,2019-10-08
15706,15706,782395,2021-04-11
15707,15707,439897,2022-05-21
15708,15708,1053991,2024-06-27
15709,15709,1380441,2021-09-24
15710,15710,471248,2020-03-09
15711,15711,784411,2024-03-23
15712,15712,719887,2024-05-23
15713,15713,457537,2023-05-03
15714,15714,296745,2023-04-22
15715,15715,486596,2023-10-14
15716,15716,131273,2018-03-24
15717,15717,792892,2019-04-11
15718,15718,432483,2018-01-12
15719,15719,312798,2018-08-07
15720,15720,987246,2020-08-02
15721,15721,1066338,2022-06-16
15722,15722,591663,2021-01-25
15723,15723,81929,2019-05-30
15724,15724,877214,2024-05-08
15725,15725,1070619,2024-10-07
15726,15726,1311103,2022-08-12
15727,15727,105757,2019-07-31
15728,15728,957313,2021-01-31
15729,15729,929654,2023-07-03
15730,15730,645261,2022-04-13
15731,15731,791208,2020-02-13
15732,15732,673924,2022-08-04
15733,15733,821938,2020-04-10
15734,15734,1225837,2024-12-25
15735,15735,1260332,2022-10-10
15736,15736,1177073,2024-07-13
15737,15737,346389,2023-12-03
15738,15738,816978,2020-05-06
15739,15739,646144,2022-10-02
15740,15740,987243,2021-08-30
15741,15741,1009080,2022-07-09
15742,15742,214433,2019-06-01
15743,15743,1399560,2024-06-14
15744,15744,1287693,2024-03-29
15745,15745,1414851,2018-11-20
15746,15746,1466180,2024-04-05
15747,15747,1442983,2020-01-24
15748,15748,568447,2023-04-29
15749,15749,675503,2023-05-30
15750,15750,317130,2022-04-27
15751,15751,659215,2024-10-12
15752,15752,1484768,2020-01-29
15753,15753,1414974,2019-04-11
15754,15754,1383951,2023-10-10
15755,15755,541678,2023-04-03
15756,15756,124136,2020-05-06
15757,15757,568369,2024-02-12
15758,15758,335859,2018-09-13
15759,15759,765824,2024-12-29
15760,15760,1434118,2020-03-02
15761,15761,1436172,2019-06-12
15762,15762,942954,2018-11-30
15763,15763,952646,2023-11-21
15764,15764,1452153,2020-07-05
15765,15765,106050,2024-10-07
15766,15766,785048,2019-05-24
15767,15767,481590,2018-10-07
15768,15768,1130933,2019-10-29
15769,15769,632111,2019-01-29
15770,15770,597968,2024-05-31
15771,15771,192418,2023-09-11
15772,15772,1089934,2024-05-10
15773,15773,740496,2023-09-28
15774,15774,246762,2022-08-27
15775,15775,1470748,2019-10-20
15776,15776,1193347,2020-11-19
15777,15777,773503,2021-03-03
15778,15778,962261,2024-05-04
15779,15779,601183,2018-05-29
15780,15780,700588,2020-05-08
15781,15781,1234253,2023-03-15
15782,15782,503509,2024-03-21
15783,15783,1097745,2019-03-14
15784,15784,1203836,2024-01-31
15785,15785,1166472,2019-04-23
15786,15786,154418,2020-08-03
15787,15787,493302,2018-07-13
15788,15788,1194562,2023-04-29
15789,15789,1085277,2019-04-07
15790,15790,692522,2019-01-01
15791,15791,1169947,2022-01-09
15792,15792,426429,2018-12-25
15793,15793,1036240,2018-06-02
15794,15794,1096515,2024-09-27
15795,15795,939614,2021-09-23
15796,15796,965168,2018-10-24
15797,15797,620075,2020-07-22
15798,15798,1077098,2021-11-19
15799,15799,1129449,2022-03-10
15800,15800,165932,2024-06-30
15801,15801,1393408,2020-01-02
15802,15802,566127,2018-11-04
15803,15803,108293,2022-11-19
15804,15804,695552,2021-08-04
15805,15805,1053422,2022-09-03
15806,15806,711193,2018-03-26
15807,15807,148792,2020-06-11
15808,15808,180844,2021-03-02
15809,15809,1365273,2022-02-12
15810,15810,415010,2018-11-12
15811,15811,769062,2019-10-08
15812,15812,631472,2021-02-06
15813,15813,1255654,2022-01-28
15814,15814,851895,2023-09-12
15815,15815,883237,2023-01-19
15816,15816,340149,2019-12-01
15817,15817,1401759,2019-08-15
15818,15818,938462,2023-10-17
15819,15819,159280,2019-01-16
15820,15820,234989,2023-01-23
15821,15821,560014,2023-06-16
15822,15822,985049,2024-06-25
15823,15823,1418561,2024-01-17
15824,15824,945219,2018-04-28
15825,15825,422857,2024-02-05
15826,15826,975018,2019-03-26
15827,15827,537645,2018-09-27
15828,15828,243636,2019-09-26
15829,15829,1473532,2022-02-17
15830,15830,686481,2019-02-22
15831,15831,967804,2024-08-27
15832,15832,61280,2024-11-02
15833,15833,1067850,2022-08-20
15834,15834,832400,2024-09-10
15835,15835,648207,2024-06-28
15836,15836,456342,2019-09-21
15837,15837,858808,2022-04-14
15838,15838,1074142,2021-01-08
15839,15839,1058340,2022-10-28
15840,15840,1351616,2019-11-09
15841,15841,1177587,2018-12-05
15842,15842,1212894,2018-11-27
15843,15843,1010138,2019-04-04
15844,15844,102762,2022-07-12
15845,15845,1034712,2023-12-10
15846,15846,681581,2024-06-16
15847,15847,330769,2019-09-15
15848,15848,1444722,2024-11-01
15849,15849,211671,2023-11-22
15850,15850,184541,2020-03-13
15851,15851,149823,2021-03-30
15852,15852,1453100,2020-09-15
15853,15853,656166,2022-01-19
15854,15854,120474,2024-08-05
15855,15855,788701,2023-10-22
15856,15856,1470575,2020-04-18
15857,15857,793958,2020-11-02
15858,15858,1377739,2019-06-11
15859,15859,124770,2020-04-11
15860,15860,432396,2019-10-13
15861,15861,1244880,2019-09-03
15862,15862,257645,2023-07-18
15863,15863,1491604,2023-11-28
15864,15864,580783,2018-04-07
15865,15865,1420657,2023-02-03
15866,15866,1484198,2022-04-03
15867,15867,365850,2022-04-06
15868,15868,245401,2024-09-26
15869,15869,190324,2024-03-23
15870,15870,1067691,2023-06-20
15871,15871,367931,2020-07-07
15872,15872,1387057,2021-11-08
15873,15873,1312149,2020-05-28
15874,15874,369776,2020-02-26
15875,15875,269387,2018-03-05
15876,15876,1251190,2022-09-09
15877,15877,415846,2023-02-24
15878,15878,1377995,2023-01-26
15879,15879,159519,2023-05-12
15880,15880,289407,2020-07-12
15881,15881,1128839,2024-07-18
15882,15882,1206073,2019-12-01
15883,15883,1347987,2022-07-04
15884,15884,1228875,2022-11-12
15885,15885,563570,2023-04-14
15886,15886,319497,2023-11-14
15887,15887,875355,2019-11-11
15888,15888,1081738,2022-06-22
15889,15889,1387699,2023-09-21
15890,15890,1064926,2018-09-06
15891,15891,104196,2022-04-27
15892,15892,1119511,2022-01-15
15893,15893,543127,2022-04-12
15894,15894,1087584,2023-11-13
15895,15895,618775,2023-09-23
15896,15896,1470426,2022-02-12
15897,15897,1356171,2024-12-07
15898,15898,241211,2021-02-19
15899,15899,459660,2020-12-28
15900,15900,81454,2022-03-18
15901,15901,476330,2023-06-27
15902,15902,327459,2020-08-28
15903,15903,516602,2020-07-23
15904,15904,1486021,2020-07-25
15905,15905,723365,2022-01-14
15906,15906,1479319,2023-12-06
15907,15907,756115,2019-07-16
15908,15908,576293,2021-05-25
15909,15909,649971,2022-12-15
15910,15910,509994,2019-10-01
15911,15911,1394527,2022-11-07
15912,15912,175062,2020-08-18
15913,15913,801405,2021-04-01
15914,15914,237171,2019-05-16
15915,15915,1451675,2021-01-06
15916,15916,710240,2018-07-01
15917,15917,275452,2024-02-25
15918,15918,457397,2019-12-14
15919,15919,191255,2020-06-28
15920,15920,796046,2020-06-20
15921,15921,319377,2023-08-27
15922,15922,652259,2023-10-22
15923,15923,531222,2022-01-16
15924,15924,950399,2024-11-23
15925,15925,1412917,2023-07-13
15926,15926,823443,2021-05-25
15927,15927,732359,2020-01-15
15928,15928,710282,2019-10-23
15929,15929,1337831,2020-01-13
15930,15930,1340063,2019-07-19
15931,15931,538810,2020-08-05
15932,15932,643697,2023-05-06
15933,15933,63774,2021-04-03
15934,15934,1479620,2021-12-16
15935,15935,797996,2019-12-09
15936,15936,1200028,2023-06-14
15937,15937,687210,2018-12-08
15938,15938,1194019,2020-11-19
15939,15939,401226,2023-04-18
15940,15940,1229223,2018-12-01
15941,15941,1398606,2023-10-15
15942,15942,1122668,2019-12-16
15943,15943,265865,2022-10-13
15944,15944,635553,2020-09-07
15945,15945,1446446,2020-03-06
15946,15946,455971,2021-12-05
15947,15947,599283,2024-02-23
15948,15948,555122,2020-07-01
15949,15949,790455,2023-06-01
15950,15950,961062,2020-12-03
15951,15951,134167,2022-11-03
15952,15952,1080424,2022-02-21
15953,15953,1233729,2020-01-26
15954,15954,1167605,2024-11-23
15955,15955,364693,2022-12-18
15956,15956,1437718,2024-07-13
15957,15957,238696,2021-08-10
15958,15958,686613,2021-12-02
15959,15959,527943,2022-02-09
15960,15960,1058979,2019-02-11
15961,15961,545866,2023-11-21
15962,15962,711437,2024-09-05
15963,15963,622706,2018-06-17
15964,15964,487141,2019-04-22
15965,15965,142931,2020-03-30
15966,15966,713470,2022-08-23
15967,15967,1393689,2019-08-07
15968,15968,243028,2023-12-23
15969,15969,405365,2018-10-01
15970,15970,886531,2020-01-01
15971,15971,371050,2018-03-04
15972,15972,452786,2023-09-11
15973,15973,1461054,2024-10-10
15974,15974,1220390,2022-12-26
15975,15975,553561,2019-11-26
15976,15976,863326,2018-07-31
15977,15977,1392851,2019-01-14
15978,15978,1194226,2019-08-10
15979,15979,1201195,2022-12-27
15980,15980,596988,2024-04-29
15981,15981,1049064,2018-11-24
15982,15982,682413,2020-08-03
15983,15983,261058,2018-08-16
15984,15984,1326345,2018-12-08
15985,15985,1368646,2021-03-10
15986,15986,1100389,2024-01-27
15987,15987,1075546,2019-08-05
15988,15988,911840,2022-01-28
15989,15989,267058,2022-03-30
15990,15990,648322,2022-01-01
15991,15991,1368543,2018-07-07
15992,15992,1334399,2024-10-02
15993,15993,571414,2021-01-03
15994,15994,363054,2022-05-07
15995,15995,1441855,2020-02-08
15996,15996,733712,2019-03-03
15997,15997,117347,2018-07-19
15998,15998,248878,2019-06-23
15999,15999,361650,2022-03-02
16000,16000,1393592,2019-12-17
16001,16001,117716,2023-10-14
16002,16002,658371,2023-09-26
16003,16003,102588,2023-04-20
16004,16004,816347,2023-07-26
16005,16005,761076,2021-01-16
16006,16006,1077158,2021-10-29
16007,16007,183556,2019-09-26
16008,16008,218992,2018-02-15
16009,16009,1058367,2024-07-11
16010,16010,1408396,2023-08-15
16011,16011,357135,2020-01-02
16012,16012,222450,2018-09-06
16013,16013,1064547,2018-10-13
16014,16014,1258298,2019-12-08
16015,16015,1325748,2022-02-10
16016,16016,1151774,2024-03-07
16017,16017,1341478,2021-04-02
16018,16018,1019815,2020-01-26
16019,16019,844679,2023-10-12
16020,16020,1223707,2023-10-06
16021,16021,326985,2022-04-19
16022,16022,1285825,2023-08-16
16023,16023,240976,2023-02-10
16024,16024,74323,2021-10-03
16025,16025,1085873,2019-10-07
16026,16026,1076884,2019-12-06
16027,16027,696804,2018-03-10
16028,16028,295137,2018-07-20
16029,16029,182497,2021-02-25
16030,16030,1131321,2023-12-18
16031,16031,1017937,2021-01-11
16032,16032,446701,2023-09-17
16033,16033,950048,2018-03-01
16034,16034,1245105,2020-01-13
16035,16035,225304,2024-11-20
16036,16036,202015,2019-06-14
16037,16037,199423,2022-01-09
16038,16038,678021,2024-06-07
16039,16039,896858,2021-06-15
16040,16040,879546,2020-03-31
16041,16041,269753,2018-08-24
16042,16042,424675,2020-03-10
16043,16043,1072163,2022-03-06
16044,16044,395468,2024-04-16
16045,16045,1391033,2019-01-13
16046,16046,1015458,2020-02-17
16047,16047,809789,2024-04-06
16048,16048,1224923,2018-05-14
16049,16049,287969,2021-10-07
16050,16050,75358,2018-12-08
16051,16051,797407,2023-08-02
16052,16052,296942,2024-08-13
16053,16053,1436661,2023-11-22
16054,16054,616292,2024-10-31
16055,16055,1404260,2024-02-14
16056,16056,453077,2020-12-30
16057,16057,1123695,2024-12-20
16058,16058,1379670,2019-09-22
16059,16059,721827,2024-12-05
16060,16060,142806,2019-06-13
16061,16061,967882,2019-11-21
16062,16062,1213703,2022-10-29
16063,16063,875417,2023-06-30
16064,16064,1024522,2024-04-19
16065,16065,584437,2019-12-24
16066,16066,606816,2019-07-04
16067,16067,176206,2024-05-31
16068,16068,566439,2018-01-08
16069,16069,1256488,2018-11-07
16070,16070,246014,2023-02-06
16071,16071,167949,2019-04-25
16072,16072,807339,2024-09-01
16073,16073,705863,2022-11-17
16074,16074,141891,2021-02-23
16075,16075,690754,2023-12-01
16076,16076,425636,2018-05-02
16077,16077,499849,2019-10-05
16078,16078,1017499,2022-05-01
16079,16079,240781,2021-04-13
16080,16080,1408059,2023-12-02
16081,16081,57178,2023-10-01
16082,16082,1423013,2021-11-10
16083,16083,283130,2023-01-24
16084,16084,369006,2024-11-09
16085,16085,479620,2023-11-20
16086,16086,992126,2020-01-17
16087,16087,1265293,2019-11-18
16088,16088,1413802,2018-08-28
16089,16089,417765,2019-01-03
16090,16090,501576,2020-02-19
16091,16091,986220,2023-04-19
16092,16092,705644,2020-01-25
16093,16093,535650,2019-05-15
16094,16094,760006,2019-09-15
16095,16095,504917,2024-12-12
16096,16096,845010,2019-01-23
16097,16097,450715,2023-07-01
16098,16098,767517,2021-03-03
16099,16099,1053516,2019-11-08
16100,16100,1474879,2022-07-11
16101,16101,1150997,2020-02-02
16102,16102,993532,2024-07-26
16103,16103,519090,2023-01-12
16104,16104,551401,2022-08-28
16105,16105,1026819,2023-05-25
16106,16106,920928,2019-12-27
16107,16107,1005364,2023-10-15
16108,16108,507361,2020-03-14
16109,16109,1406348,2018-08-14
16110,16110,568893,2021-02-01
16111,16111,1209844,2020-04-21
16112,16112,1352703,2021-03-30
16113,16113,208021,2024-11-12
16114,16114,417211,2019-01-12
16115,16115,87145,2021-09-15
16116,16116,809249,2020-02-22
16117,16117,1025984,2021-06-14
16118,16118,809435,2022-10-05
16119,16119,457501,2022-10-09
16120,16120,808262,2022-11-10
16121,16121,566039,2018-05-05
16122,16122,598450,2018-05-10
16123,16123,683198,2024-09-11
16124,16124,1171793,2023-08-08
16125,16125,835016,2018-04-29
16126,16126,964767,2019-01-20
16127,16127,1280115,2022-06-16
16128,16128,715053,2024-02-16
16129,16129,1096868,2021-12-19
16130,16130,1313454,2024-01-02
16131,16131,819493,2021-12-27
16132,16132,753315,2022-03-12
16133,16133,1224817,2020-09-18
16134,16134,487026,2023-12-18
16135,16135,1155122,2022-04-29
16136,16136,983232,2018-03-23
16137,16137,761027,2022-08-08
16138,16138,1285385,2022-06-12
16139,16139,229330,2018-03-17
16140,16140,1285038,2023-05-19
16141,16141,870324,2023-07-17
16142,16142,587053,2018-03-14
16143,16143,305301,2024-10-23
16144,16144,66268,2020-09-11
16145,16145,514333,2019-10-02
16146,16146,900946,2019-02-01
16147,16147,984895,2022-06-11
16148,16148,1481136,2023-01-11
16149,16149,400134,2020-01-31
16150,16150,942209,2024-08-16
16151,16151,580079,2019-01-11
16152,16152,55378,2019-10-20
16153,16153,329027,2022-07-27
16154,16154,746177,2024-06-05
16155,16155,198081,2021-03-29
16156,16156,888480,2019-05-02
16157,16157,1089471,2019-08-14
16158,16158,715842,2020-01-15
16159,16159,86914,2022-08-12
16160,16160,337031,2020-02-04
16161,16161,370374,2020-04-07
16162,16162,1313409,2019-01-16
16163,16163,553659,2020-05-08
16164,16164,238101,2018-05-13
16165,16165,551923,2019-10-15
16166,16166,1050402,2020-02-06
16167,16167,1353468,2021-10-11
16168,16168,1301467,2018-07-28
16169,16169,307661,2019-12-29
16170,16170,438165,2020-06-08
16171,16171,1138933,2020-05-10
16172,16172,1407727,2019-09-23
16173,16173,867944,2019-10-11
16174,16174,1182559,2018-01-04
16175,16175,336315,2019-02-18
16176,16176,717895,2020-04-18
16177,16177,420071,2023-06-10
16178,16178,1467190,2018-08-28
16179,16179,1457971,2023-11-06
16180,16180,1403026,2020-09-01
16181,16181,384299,2022-09-13
16182,16182,592790,2024-06-13
16183,16183,178601,2020-11-07
16184,16184,416917,2019-11-20
16185,16185,1081280,2019-10-16
16186,16186,401914,2021-05-14
16187,16187,711883,2018-04-21
16188,16188,557410,2022-03-08
16189,16189,505018,2020-03-06
16190,16190,155804,2022-02-02
16191,16191,419073,2022-12-17
16192,16192,996316,2020-01-01
16193,16193,1283778,2023-10-06
16194,16194,984024,2022-07-03
16195,16195,305848,2020-02-01
16196,16196,1203584,2021-05-20
16197,16197,325645,2022-04-18
16198,16198,991152,2021-02-14
16199,16199,694291,2024-07-30
16200,16200,700654,2020-02-24
16201,16201,1056254,2018-11-02
16202,16202,1054348,2021-05-22
16203,16203,699950,2024-05-02
16204,16204,793190,2019-09-08
16205,16205,91666,2018-05-06
16206,16206,132002,2018-11-28
16207,16207,432974,2018-02-26
16208,16208,1390237,2019-05-26
16209,16209,330348,2021-12-02
16210,16210,824562,2021-04-08
16211,16211,1046182,2024-08-23
16212,16212,1115299,2019-12-12
16213,16213,242596,2018-04-03
16214,16214,400409,2024-05-14
16215,16215,519397,2023-03-24
16216,16216,1080125,2021-02-16
16217,16217,1067348,2023-04-11
16218,16218,442160,2020-07-18
16219,16219,1374292,2020-05-10
16220,16220,1345173,2021-01-01
16221,16221,1114250,2021-08-18
16222,16222,1126322,2018-12-28
16223,16223,1254278,2022-02-18
16224,16224,274803,2023-08-27
16225,16225,587481,2024-07-13
16226,16226,841895,2023-10-06
16227,16227,66556,2022-04-22
16228,16228,477580,2022-06-04
16229,16229,1213218,2022-12-30
16230,16230,273107,2024-07-27
16231,16231,1349283,2022-09-17
16232,16232,666435,2020-04-12
16233,16233,198434,2018-11-15
16234,16234,598880,2023-01-17
16235,16235,533586,2021-08-20
16236,16236,870026,2020-03-27
16237,16237,732279,2019-07-19
16238,16238,1354427,2021-04-21
16239,16239,209651,2021-11-10
16240,16240,978705,2018-02-22
16241,16241,500122,2021-06-25
16242,16242,1138263,2021-08-24
16243,16243,793953,2023-12-30
16244,16244,610690,2024-03-16
16245,16245,893793,2021-09-18
16246,16246,705125,2024-02-28
16247,16247,1086986,2019-05-17
16248,16248,1014437,2024-07-05
16249,16249,418032,2023-05-30
16250,16250,434420,2022-07-19
16251,16251,412195,2021-01-04
16252,16252,56229,2021-02-26
16253,16253,1311515,2023-01-29
16254,16254,1369289,2019-06-10
16255,16255,1067200,2020-11-15
16256,16256,135834,2021-07-10
16257,16257,751402,2018-08-05
16258,16258,524809,2018-11-16
16259,16259,842143,2020-01-09
16260,16260,1036967,2022-06-20
16261,16261,515460,2024-04-06
16262,16262,869545,2021-10-26
16263,16263,1127764,2021-01-06
16264,16264,1464920,2024-07-19
16265,16265,1120124,2024-05-12
16266,16266,400457,2020-08-02
16267,16267,112838,2024-06-29
16268,16268,726258,2023-07-16
16269,16269,1482349,2023-08-02
16270,16270,1448220,2019-07-21
16271,16271,1352024,2022-09-17
16272,16272,1331566,2020-10-07
16273,16273,414652,2018-03-11
16274,16274,1334227,2019-12-12
16275,16275,1326736,2023-08-21
16276,16276,239209,2019-04-30
16277,16277,953073,2022-01-13
16278,16278,1370921,2021-07-16
16279,16279,239741,2019-04-13
16280,16280,1201528,2018-05-18
16281,16281,1174945,2021-04-08
16282,16282,824911,2022-07-30
16283,16283,1455837,2021-07-01
16284,16284,844026,2022-08-05
16285,16285,1425979,2021-12-15
16286,16286,1073215,2021-05-22
16287,16287,862445,2024-10-08
16288,16288,405652,2020-07-13
16289,16289,1098041,2022-07-05
16290,16290,315335,2024-10-03
16291,16291,1102867,2018-06-19
16292,16292,1214874,2018-03-19
16293,16293,859203,2021-04-23
16294,16294,166347,2023-08-06
16295,16295,416064,2024-06-04
16296,16296,889488,2019-08-27
16297,16297,858107,2024-10-04
16298,16298,388383,2022-10-23
16299,16299,139086,2022-05-10
16300,16300,471385,2021-09-18
16301,16301,778139,2019-07-18
16302,16302,655954,2024-10-17
16303,16303,1321250,2024-01-16
16304,16304,601402,2021-12-24
16305,16305,1360317,2019-10-22
16306,16306,1429042,2022-04-08
16307,16307,1461956,2024-07-30
16308,16308,300972,2018-02-03
16309,16309,411432,2024-01-12
16310,16310,1391876,2022-10-06
16311,16311,1220046,2018-09-12
16312,16312,737134,2023-10-08
16313,16313,769912,2018-06-24
16314,16314,252608,2018-11-10
16315,16315,465504,2021-01-22
16316,16316,1198021,2019-08-19
16317,16317,920689,2018-10-14
16318,16318,577710,2021-04-14
16319,16319,836978,2022-01-24
16320,16320,652267,2024-12-29
16321,16321,1061568,2022-02-23
16322,16322,839351,2019-01-26
16323,16323,1491020,2021-02-11
16324,16324,927700,2023-05-24
16325,16325,1107198,2022-07-11
16326,16326,909927,2024-11-08
16327,16327,634930,2024-04-18
16328,16328,513911,2020-03-24
16329,16329,1341219,2021-10-20
16330,16330,790829,2023-07-10
16331,16331,781261,2020-10-10
16332,16332,734104,2019-09-25
16333,16333,978683,2019-11-02
16334,16334,413872,2019-07-26
16335,16335,1203103,2021-08-22
16336,16336,1260429,2019-10-29
16337,16337,627531,2020-01-08
16338,16338,1240446,2021-03-24
16339,16339,289247,2022-03-27
16340,16340,549070,2021-02-17
16341,16341,651961,2022-11-28
16342,16342,736122,2023-03-05
16343,16343,1239405,2019-02-05
16344,16344,1311709,2023-02-01
16345,16345,1390847,2022-02-19
16346,16346,659344,2021-04-09
16347,16347,778483,2018-07-26
16348,16348,65669,2024-04-23
16349,16349,350700,2019-07-02
16350,16350,977427,2018-05-25
16351,16351,1016677,2019-06-02
16352,16352,951109,2024-09-25
16353,16353,1258419,2021-10-16
16354,16354,1377016,2020-08-15
16355,16355,651918,2019-01-20
16356,16356,350188,2022-03-09
16357,16357,1343218,2021-05-13
16358,16358,1304088,2022-10-18
16359,16359,1277055,2020-11-15
16360,16360,528887,2021-10-05
16361,16361,856891,2021-04-05
16362,16362,666918,2023-12-09
16363,16363,58355,2022-06-29
16364,16364,787419,2022-09-23
16365,16365,224604,2023-08-22
16366,16366,105785,2022-11-16
16367,16367,51346,2024-04-08
16368,16368,1212473,2024-02-11
16369,16369,1183803,2024-11-30
16370,16370,950282,2022-09-06
16371,16371,769876,2019-04-22
16372,16372,275242,2022-03-01
16373,16373,66569,2022-07-17
16374,16374,343455,2020-09-29
16375,16375,1080485,2018-02-14
16376,16376,1494698,2021-09-26
16377,16377,1231639,2018-04-02
16378,16378,1230725,2021-12-28
16379,16379,856681,2020-02-22
16380,16380,914080,2023-04-02
16381,16381,343158,2021-01-25
16382,16382,552528,2022-01-01
16383,16383,611948,2021-03-07
16384,16384,179706,2020-04-23
16385,16385,782777,2019-06-01
16386,16386,937528,2024-02-18
16387,16387,1284453,2023-09-15
16388,16388,375201,2023-04-12
16389,16389,1067733,2018-04-22
16390,16390,1349098,2021-06-18
16391,16391,472544,2020-04-11
16392,16392,102710,2023-10-04
16393,16393,1472132,2024-04-27
16394,16394,278456,2020-12-09
16395,16395,1442172,2022-10-15
16396,16396,776616,2022-01-22
16397,16397,472586,2023-12-23
16398,16398,705569,2022-07-22
16399,16399,1268675,2018-03-04
16400,16400,380117,2019-12-25
16401,16401,1007619,2022-07-05
16402,16402,370395,2021-09-05
16403,16403,1322387,2023-07-15
16404,16404,274692,2018-08-23
16405,16405,382565,2021-02-06
16406,16406,1254093,2022-02-15
16407,16407,1437163,2020-10-04
16408,16408,434668,2021-12-04
16409,16409,1215334,2021-06-19
16410,16410,273175,2019-05-24
16411,16411,236026,2020-04-24
16412,16412,950258,2018-11-24
16413,16413,1429286,2022-05-09
16414,16414,605192,2021-10-25
16415,16415,1094439,2022-04-01
16416,16416,51309,2018-03-31
16417,16417,475731,2021-11-23
16418,16418,984780,2024-07-31
16419,16419,917584,2024-12-21
16420,16420,285683,2023-04-21
16421,16421,391668,2020-03-16
16422,16422,622498,2022-07-29
16423,16423,1476521,2018-02-11
16424,16424,959678,2019-01-20
16425,16425,209425,2020-03-18
16426,16426,910574,2018-10-15
16427,16427,203424,2019-05-01
16428,16428,754728,2023-01-26
16429,16429,1122074,2021-04-27
16430,16430,160399,2022-09-21
16431,16431,547979,2024-02-21
16432,16432,104537,2023-08-12
16433,16433,1272098,2020-05-30
16434,16434,1469146,2019-11-03
16435,16435,1183377,2022-04-14
16436,16436,1335405,2021-11-26
16437,16437,1014921,2022-04-15
16438,16438,195713,2019-03-17
16439,16439,564975,2019-02-06
16440,16440,885658,2018-08-23
16441,16441,831736,2024-10-09
16442,16442,1236368,2024-03-19
16443,16443,468455,2021-11-29
16444,16444,1379918,2020-03-16
16445,16445,331174,2023-09-05
16446,16446,482982,2024-09-17
16447,16447,400607,2024-03-06
16448,16448,766666,2022-06-05
16449,16449,311876,2020-11-30
16450,16450,182391,2021-02-27
16451,16451,722052,2022-11-12
16452,16452,1341620,2024-10-09
16453,16453,735264,2022-04-25
16454,16454,917682,2018-03-18
16455,16455,763150,2024-10-13
16456,16456,603929,2024-05-25
16457,16457,116230,2022-02-26
16458,16458,572004,2022-08-23
16459,16459,1083606,2021-10-16
16460,16460,156585,2018-04-30
16461,16461,1304973,2023-01-24
16462,16462,1169805,2023-04-22
16463,16463,505353,2021-05-31
16464,16464,856198,2019-05-21
16465,16465,689011,2024-09-04
16466,16466,1356383,2022-04-28
16467,16467,583433,2021-10-12
16468,16468,1322518,2018-10-17
16469,16469,1294972,2018-04-24
16470,16470,1384791,2020-07-10
16471,16471,506306,2020-02-08
16472,16472,213458,2022-12-12
16473,16473,1293186,2019-11-07
16474,16474,687207,2021-08-26
16475,16475,1198144,2020-04-17
16476,16476,1270135,2023-02-09
16477,16477,598621,2019-11-04
16478,16478,1437249,2020-12-18
16479,16479,1470272,2022-12-28
16480,16480,284923,2024-08-17
16481,16481,715544,2023-02-24
16482,16482,973368,2019-11-28
16483,16483,237540,2021-05-21
16484,16484,486834,2021-03-18
16485,16485,81860,2019-04-27
16486,16486,986177,2024-01-07
16487,16487,1146173,2019-08-23
16488,16488,949106,2023-12-23
16489,16489,391859,2019-01-13
16490,16490,1010664,2020-06-29
16491,16491,198067,2022-09-10
16492,16492,1421292,2024-12-20
16493,16493,303831,2021-09-08
16494,16494,704409,2018-01-19
16495,16495,1276913,2022-06-21
16496,16496,796124,2024-01-22
16497,16497,1150889,2022-06-23
16498,16498,364889,2019-07-31
16499,16499,139892,2019-07-23
16500,16500,952397,2020-02-25
16501,16501,1174609,2023-05-02
16502,16502,223606,2019-06-09
16503,16503,1401362,2020-04-09
16504,16504,218538,2022-04-20
16505,16505,296416,2019-12-07
16506,16506,482454,2020-12-31
16507,16507,1273864,2024-12-19
16508,16508,947809,2023-10-28
16509,16509,340112,2019-12-04
16510,16510,1389690,2021-04-06
16511,16511,125744,2024-08-31
16512,16512,273289,2021-08-18
16513,16513,133392,2019-04-02
16514,16514,696585,2019-09-09
16515,16515,1039917,2022-01-16
16516,16516,1368186,2018-08-30
16517,16517,446272,2024-07-20
16518,16518,88228,2023-06-02
16519,16519,187590,2020-06-14
16520,16520,421952,2019-12-23
16521,16521,263095,2024-08-30
16522,16522,62759,2023-09-26
16523,16523,288260,2019-06-23
16524,16524,467094,2018-08-06
16525,16525,507371,2022-10-30
16526,16526,210209,2018-03-26
16527,16527,1020177,2018-12-07
16528,16528,1341130,2022-02-07
16529,16529,131301,2021-04-08
16530,16530,114933,2022-12-24
16531,16531,1369216,2020-09-01
16532,16532,311604,2018-08-29
16533,16533,437273,2021-02-23
16534,16534,798507,2021-03-03
16535,16535,1415210,2021-05-30
16536,16536,1439180,2023-04-16
16537,16537,1444139,2019-07-05
16538,16538,253990,2023-04-29
16539,16539,845629,2023-08-15
16540,16540,1059089,2018-06-14
16541,16541,1085306,2019-07-28
16542,16542,1137139,2022-09-21
16543,16543,1356039,2023-08-26
16544,16544,857521,2018-11-08
16545,16545,1305832,2020-08-12
16546,16546,1088139,2022-04-29
16547,16547,880358,2021-06-07
16548,16548,651365,2020-12-29
16549,16549,68024,2020-05-20
16550,16550,1074165,2023-03-01
16551,16551,1128522,2020-01-14
16552,16552,1190558,2024-09-29
16553,16553,67577,2023-05-21
16554,16554,1137281,2020-12-12
16555,16555,981243,2021-07-02
16556,16556,590340,2024-06-10
16557,16557,1145116,2024-09-09
16558,16558,767972,2024-08-15
16559,16559,123834,2019-07-07
16560,16560,308341,2024-05-17
16561,16561,1430464,2018-09-21
16562,16562,353378,2020-01-17
16563,16563,1364247,2023-09-12
16564,16564,763031,2021-09-16
16565,16565,159778,2023-05-19
16566,16566,1173443,2024-03-15
16567,16567,1356063,2019-04-18
16568,16568,1212473,2020-12-14
16569,16569,940977,2021-12-24
16570,16570,1026550,2018-05-26
16571,16571,1051887,2024-07-02
16572,16572,845190,2023-06-03
16573,16573,242148,2021-12-05
16574,16574,1340300,2022-08-24
16575,16575,800106,2024-03-29
16576,16576,1011055,2022-03-24
16577,16577,288441,2018-06-23
16578,16578,325127,2023-02-07
16579,16579,933629,2019-07-13
16580,16580,190753,2023-10-03
16581,16581,1061251,2022-10-21
16582,16582,93361,2020-11-17
16583,16583,1215354,2022-07-16
16584,16584,1115370,2024-01-04
16585,16585,672757,2021-01-02
16586,16586,1458685,2023-04-09
16587,16587,425831,2020-03-29
16588,16588,1315560,2018-02-13
16589,16589,682979,2021-03-27
16590,16590,839774,2019-09-08
16591,16591,1114886,2020-03-22
16592,16592,1196810,2023-05-18
16593,16593,1281519,2018-10-30
16594,16594,660215,2020-03-01
16595,16595,785437,2020-12-01
16596,16596,1229470,2023-10-25
16597,16597,602070,2022-05-18
16598,16598,1458892,2021-02-22
16599,16599,473616,2023-05-24
16600,16600,1431242,2022-05-15
16601,16601,1013055,2022-03-13
16602,16602,1381087,2022-04-09
16603,16603,1347580,2018-11-24
16604,16604,425982,2024-11-02
16605,16605,564491,2020-12-22
16606,16606,859655,2023-01-01
16607,16607,591964,2018-07-15
16608,16608,1052662,2021-03-17
16609,16609,1106466,2022-02-18
16610,16610,879949,2023-05-10
16611,16611,557105,2019-11-21
16612,16612,1259734,2023-02-21
16613,16613,250972,2022-07-01
16614,16614,146952,2018-04-26
16615,16615,419797,2019-11-27
16616,16616,1262911,2018-10-11
16617,16617,1182320,2018-06-07
16618,16618,875999,2021-05-12
16619,16619,997971,2018-11-26
16620,16620,750864,2020-02-20
16621,16621,1208023,2024-08-12
16622,16622,766614,2022-04-18
16623,16623,874503,2020-04-24
16624,16624,145875,2022-04-02
16625,16625,669396,2020-07-08
16626,16626,1017591,2018-01-05
16627,16627,911657,2024-04-03
16628,16628,1428522,2021-04-20
16629,16629,1168832,2018-03-23
16630,16630,290637,2024-12-01
16631,16631,1393443,2024-01-30
16632,16632,1480147,2019-07-02
16633,16633,1020721,2024-08-02
16634,16634,728496,2021-09-26
16635,16635,204658,2022-08-22
16636,16636,851339,2018-07-16
16637,16637,1316594,2019-09-03
16638,16638,145710,2019-09-29
16639,16639,1402439,2018-08-30
16640,16640,606786,2019-12-13
16641,16641,190874,2019-02-08
16642,16642,810479,2022-09-13
16643,16643,90010,2023-01-27
16644,16644,541206,2021-10-09
16645,16645,1054232,2019-02-26
16646,16646,910984,2020-03-29
16647,16647,609685,2020-04-15
16648,16648,552939,2021-11-15
16649,16649,1293665,2020-12-16
16650,16650,1279353,2024-08-07
16651,16651,954813,2021-09-16
16652,16652,878303,2019-03-03
16653,16653,89241,2021-08-11
16654,16654,1480367,2022-07-25
16655,16655,97829,2019-02-18
16656,16656,822977,2024-02-25
16657,16657,540971,2023-11-09
16658,16658,233611,2021-11-01
16659,16659,1217865,2020-11-30
16660,16660,1445748,2022-11-26
16661,16661,75856,2022-03-09
16662,16662,1161392,2024-01-05
16663,16663,769571,2023-12-31
16664,16664,192217,2019-04-01
16665,16665,871311,2021-07-03
16666,16666,339631,2021-09-08
16667,16667,614348,2022-03-28
16668,16668,1161995,2021-05-21
16669,16669,1292772,2020-09-17
16670,16670,723686,2023-06-14
16671,16671,1331788,2022-12-02
16672,16672,670807,2019-09-02
16673,16673,231178,2018-11-30
16674,16674,653685,2018-02-02
16675,16675,377045,2022-05-29
16676,16676,986447,2023-10-12
16677,16677,124962,2018-02-27
16678,16678,283173,2022-10-22
16679,16679,314580,2021-02-26
16680,16680,1347428,2018-08-18
16681,16681,932673,2022-03-04
16682,16682,451107,2021-07-25
16683,16683,569034,2018-11-09
16684,16684,739930,2024-05-07
16685,16685,1365759,2019-10-15
16686,16686,1304949,2020-05-14
16687,16687,1408164,2018-03-02
16688,16688,760325,2022-04-13
16689,16689,1259056,2022-04-28
16690,16690,458431,2019-07-22
16691,16691,257428,2024-03-20
16692,16692,362123,2020-11-03
16693,16693,981229,2022-11-27
16694,16694,347888,2024-09-24
16695,16695,361976,2019-06-21
16696,16696,894448,2019-06-27
16697,16697,115291,2019-04-05
16698,16698,809233,2022-03-12
16699,16699,105525,2022-01-31
16700,16700,845077,2018-12-24
16701,16701,1045933,2021-10-19
16702,16702,505538,2020-06-07
16703,16703,1138168,2022-05-12
16704,16704,1081004,2023-12-04
16705,16705,211506,2022-09-29
16706,16706,978237,2020-03-25
16707,16707,383191,2023-01-01
16708,16708,670441,2021-11-24
16709,16709,1137240,2019-10-05
16710,16710,1359089,2024-12-06
16711,16711,227297,2018-08-04
16712,16712,157112,2019-10-19
16713,16713,1035896,2019-09-24
16714,16714,593397,2018-02-28
16715,16715,764492,2018-02-10
16716,16716,220540,2024-10-14
16717,16717,1244728,2018-04-10
16718,16718,421245,2021-10-13
16719,16719,1018579,2022-11-11
16720,16720,1118313,2022-02-26
16721,16721,1334734,2024-09-20
16722,16722,703524,2023-01-15
16723,16723,1156715,2021-06-29
16724,16724,655370,2023-07-28
16725,16725,867892,2024-12-01
16726,16726,1390318,2018-05-17
16727,16727,109952,2019-12-16
16728,16728,294508,2022-09-17
16729,16729,720893,2018-07-15
16730,16730,206415,2018-10-31
16731,16731,1118850,2023-11-24
16732,16732,51770,2024-07-21
16733,16733,1355938,2024-12-11
16734,16734,1348490,2021-12-09
16735,16735,1279253,2021-08-15
16736,16736,1436247,2018-03-20
16737,16737,164732,2020-09-28
16738,16738,620250,2023-08-08
16739,16739,707386,2020-01-24
16740,16740,962399,2020-11-02
16741,16741,488090,2022-12-04
16742,16742,1194722,2021-12-16
16743,16743,957014,2019-01-11
16744,16744,543530,2022-06-15
16745,16745,945572,2018-01-16
16746,16746,1311034,2023-06-29
16747,16747,522666,2018-12-27
16748,16748,1235554,2020-09-21
16749,16749,919021,2018-08-27
16750,16750,964217,2020-01-30
16751,16751,821451,2018-12-24
16752,16752,1282344,2018-12-10
16753,16753,340909,2024-09-07
16754,16754,1091544,2021-06-11
16755,16755,1337773,2018-06-09
16756,16756,286561,2021-03-16
16757,16757,244392,2022-10-10
16758,16758,1031705,2023-05-11
16759,16759,634627,2022-03-09
16760,16760,474150,2021-07-21
16761,16761,1204787,2021-03-27
16762,16762,671045,2021-10-04
16763,16763,734370,2024-04-12
16764,16764,1312266,2021-04-26
16765,16765,284637,2018-12-06
16766,16766,1043811,2019-08-13
16767,16767,160041,2022-05-14
16768,16768,1391319,2023-01-30
16769,16769,183706,2023-04-03
16770,16770,699503,2019-12-12
16771,16771,1098869,2023-07-08
16772,16772,1441046,2018-03-14
16773,16773,378265,2019-06-06
16774,16774,83534,2021-02-23
16775,16775,1378125,2022-04-19
16776,16776,493882,2021-09-21
16777,16777,884193,2021-08-24
16778,16778,322283,2018-06-22
16779,16779,1329273,2020-11-20
16780,16780,496853,2022-11-05
16781,16781,123811,2021-01-13
16782,16782,954417,2023-12-24
16783,16783,807891,2023-01-13
16784,16784,579054,2020-08-20
16785,16785,436007,2022-02-13
16786,16786,739509,2022-03-25
16787,16787,857438,2022-06-13
16788,16788,426712,2019-08-15
16789,16789,1328396,2019-01-13
16790,16790,881872,2024-07-14
16791,16791,1209435,2023-08-18
16792,16792,381420,2023-10-23
16793,16793,852015,2023-01-17
16794,16794,477923,2019-07-06
16795,16795,1133638,2021-07-03
16796,16796,255134,2021-05-06
16797,16797,1419180,2022-10-21
16798,16798,756995,2019-12-03
16799,16799,61663,2020-03-05
16800,16800,490738,2024-02-14
16801,16801,1196141,2024-12-22
16802,16802,993006,2018-03-23
16803,16803,636612,2024-08-28
16804,16804,1104854,2021-01-31
16805,16805,775985,2024-02-06
16806,16806,685797,2021-05-16
16807,16807,266510,2020-08-19
16808,16808,982888,2022-07-13
16809,16809,1069469,2021-11-29
16810,16810,215793,2018-09-08
16811,16811,759290,2022-01-02
16812,16812,1403925,2020-10-25
16813,16813,376415,2024-09-08
16814,16814,411036,2022-12-20
16815,16815,628104,2021-09-08
16816,16816,738223,2018-02-05
16817,16817,233564,2020-05-29
16818,16818,308174,2020-02-11
16819,16819,504640,2019-04-03
16820,16820,1011786,2024-06-22
16821,16821,1391866,2018-05-13
16822,16822,442931,2018-09-03
16823,16823,1165274,2022-05-14
16824,16824,1414301,2018-08-14
16825,16825,462745,2023-06-20
16826,16826,983675,2022-10-04
16827,16827,615685,2024-05-17
16828,16828,1343630,2019-06-16
16829,16829,361302,2019-11-22
16830,16830,1393497,2024-02-23
16831,16831,844491,2022-08-22
16832,16832,1314951,2018-06-14
16833,16833,672839,2022-06-16
16834,16834,201148,2021-07-08
16835,16835,75875,2018-02-19
16836,16836,630146,2019-02-02
16837,16837,664826,2019-10-10
16838,16838,1360094,2024-12-18
16839,16839,1095743,2019-09-25
16840,16840,354418,2022-01-22
16841,16841,934370,2019-03-21
16842,16842,128348,2018-03-28
16843,16843,625351,2022-02-03
16844,16844,389524,2020-04-21
16845,16845,418385,2022-08-16
16846,16846,809341,2022-09-07
16847,16847,727202,2024-09-08
16848,16848,601036,2019-07-26
16849,16849,862875,2022-11-26
16850,16850,1062049,2022-01-29
16851,16851,1220099,2021-10-28
16852,16852,895234,2019-05-31
16853,16853,686466,2020-08-24
16854,16854,1425869,2020-05-28
16855,16855,1394061,2022-08-20
16856,16856,1131703,2024-12-30
16857,16857,1306584,2018-11-23
16858,16858,887007,2022-03-10
16859,16859,1400960,2022-02-12
16860,16860,446399,2024-05-23
16861,16861,1164435,2024-12-19
16862,16862,273630,2023-11-04
16863,16863,626461,2019-07-11
16864,16864,865797,2023-12-20
16865,16865,731169,2024-03-02
16866,16866,405067,2020-02-06
16867,16867,452062,2019-06-15
16868,16868,1266779,2020-02-28
16869,16869,924920,2024-06-04
16870,16870,864546,2022-04-13
16871,16871,1430460,2021-06-12
16872,16872,347848,2022-12-06
16873,16873,520604,2023-09-26
16874,16874,1218009,2022-02-04
16875,16875,97007,2021-08-06
16876,16876,951160,2024-10-02
16877,16877,177814,2018-09-21
16878,16878,249462,2023-02-15
16879,16879,641699,2022-06-15
16880,16880,1372892,2021-06-11
16881,16881,1162225,2024-08-10
16882,16882,329489,2023-02-09
16883,16883,286497,2021-11-09
16884,16884,494134,2023-01-15
16885,16885,224711,2023-09-18
16886,16886,370902,2023-09-01
16887,16887,221952,2022-09-08
16888,16888,1039546,2023-05-08
16889,16889,531304,2022-09-27
16890,16890,738811,2021-06-23
16891,16891,1387164,2021-03-20
16892,16892,579237,2021-01-16
16893,16893,1183270,2024-08-20
16894,16894,237157,2023-09-02
16895,16895,1092367,2023-12-06
16896,16896,838919,2024-01-15
16897,16897,748407,2024-01-07
16898,16898,1480539,2021-10-18
16899,16899,568942,2018-07-19
16900,16900,408810,2019-01-19
16901,16901,135762,2021-04-05
16902,16902,284585,2024-05-24
16903,16903,1306673,2020-06-08
16904,16904,1365432,2023-03-01
16905,16905,1018456,2024-05-24
16906,16906,1453623,2023-12-08
16907,16907,1447041,2023-08-04
16908,16908,626860,2020-05-22
16909,16909,201940,2019-11-27
16910,16910,469309,2018-12-01
16911,16911,447270,2021-12-22
16912,16912,810497,2021-12-30
16913,16913,72550,2021-05-28
16914,16914,1158645,2024-02-16
16915,16915,698187,2021-06-19
16916,16916,1265737,2021-06-29
16917,16917,439794,2018-07-31
16918,16918,419611,2023-01-17
16919,16919,1304362,2023-03-06
16920,16920,386968,2024-12-15
16921,16921,863140,2023-10-21
16922,16922,833125,2021-07-23
16923,16923,641517,2023-11-11
16924,16924,1149298,2018-08-05
16925,16925,1312159,2018-03-28
16926,16926,180903,2024-10-10
16927,16927,1286971,2024-04-13
16928,16928,206492,2020-04-22
16929,16929,632981,2018-01-11
16930,16930,648103,2019-03-07
16931,16931,94867,2018-06-24
16932,16932,262475,2019-12-22
16933,16933,154699,2021-03-11
16934,16934,314118,2020-02-08
16935,16935,1326930,2019-04-05
16936,16936,296416,2023-11-09
16937,16937,56839,2022-02-03
16938,16938,695380,2022-08-08
16939,16939,1211917,2019-07-20
16940,16940,1474591,2018-03-08
16941,16941,806401,2020-01-09
16942,16942,1088844,2019-06-03
16943,16943,188952,2021-03-10
16944,16944,705185,2021-02-09
16945,16945,860922,2021-02-22
16946,16946,898156,2019-12-21
16947,16947,287535,2023-07-13
16948,16948,945027,2022-12-12
16949,16949,677045,2024-07-04
16950,16950,366045,2018-06-28
16951,16951,173178,2021-08-09
16952,16952,396706,2023-04-16
16953,16953,1128796,2018-09-14
16954,16954,955541,2019-01-13
16955,16955,793036,2020-09-23
16956,16956,1300571,2024-12-02
16957,16957,1183427,2024-03-09
16958,16958,1037546,2020-02-17
16959,16959,806497,2024-09-26
16960,16960,1469491,2019-11-06
16961,16961,1175449,2024-01-01
16962,16962,795706,2024-01-12
16963,16963,827816,2021-07-20
16964,16964,1185419,2021-08-23
16965,16965,984646,2023-07-19
16966,16966,1413403,2024-12-21
16967,16967,554982,2018-05-21
16968,16968,377773,2018-03-22
16969,16969,965773,2022-12-13
16970,16970,843605,2021-01-24
16971,16971,1366949,2022-01-22
16972,16972,114670,2018-12-19
16973,16973,1426368,2020-03-10
16974,16974,292631,2024-03-20
16975,16975,1111592,2022-03-17
16976,16976,866095,2019-12-05
16977,16977,1253380,2021-06-28
16978,16978,342079,2022-09-06
16979,16979,562387,2018-03-13
16980,16980,630523,2023-10-23
16981,16981,524817,2024-09-13
16982,16982,830655,2020-04-27
16983,16983,1213244,2024-06-07
16984,16984,681924,2018-03-21
16985,16985,1324532,2023-02-05
16986,16986,622751,2024-01-22
16987,16987,513994,2020-08-12
16988,16988,1359354,2020-08-15
16989,16989,689793,2019-03-24
16990,16990,732922,2023-01-04
16991,16991,145463,2020-10-01
16992,16992,1341802,2019-10-25
16993,16993,349239,2024-12-02
16994,16994,349593,2022-06-01
16995,16995,532567,2023-01-09
16996,16996,862336,2023-09-28
16997,16997,419594,2021-02-03
16998,16998,1489821,2019-05-11
16999,16999,1277241,2024-11-06
17000,17000,655692,2024-09-23
17001,17001,137758,2018-07-11
17002,17002,656345,2021-08-22
17003,17003,1382553,2024-12-19
17004,17004,1485630,2020-11-02
17005,17005,1493838,2022-07-03
17006,17006,1301178,2020-10-20
17007,17007,378240,2022-10-17
17008,17008,194685,2022-04-16
17009,17009,87408,2024-10-09
17010,17010,242137,2020-10-20
17011,17011,355102,2024-09-11
17012,17012,251594,2021-03-07
17013,17013,182678,2018-11-24
17014,17014,1063814,2019-06-11
17015,17015,518734,2022-08-11
17016,17016,395825,2020-11-09
17017,17017,263650,2019-08-14
17018,17018,311853,2022-02-15
17019,17019,1265114,2022-04-21
17020,17020,1328387,2022-07-30
17021,17021,1294641,2022-09-08
17022,17022,292296,2019-06-23
17023,17023,1064964,2018-01-09
17024,17024,156839,2019-05-09
17025,17025,1390197,2022-12-02
17026,17026,1497361,2024-10-16
17027,17027,686570,2021-11-01
17028,17028,1479712,2021-07-25
17029,17029,1337088,2024-04-30
17030,17030,338777,2018-02-22
17031,17031,1306503,2020-07-06
17032,17032,974427,2021-05-27
17033,17033,566403,2019-01-20
17034,17034,1136049,2022-09-20
17035,17035,507408,2021-09-01
17036,17036,997303,2023-02-28
17037,17037,1180154,2022-12-08
17038,17038,764827,2023-07-18
17039,17039,899353,2018-10-23
17040,17040,953902,2020-03-14
17041,17041,971808,2019-04-24
17042,17042,1315379,2020-07-07
17043,17043,425375,2019-01-26
17044,17044,509841,2019-03-05
17045,17045,1458107,2023-10-16
17046,17046,757115,2020-02-21
17047,17047,576819,2024-11-18
17048,17048,150130,2019-03-18
17049,17049,1192685,2022-07-20
17050,17050,177256,2019-05-20
17051,17051,795234,2019-11-02
17052,17052,859911,2024-10-24
17053,17053,1264120,2019-02-16
17054,17054,454738,2018-04-08
17055,17055,785061,2021-10-20
17056,17056,203496,2018-10-04
17057,17057,1402903,2020-12-28
17058,17058,1219790,2024-05-02
17059,17059,934927,2018-08-11
17060,17060,134992,2024-10-02
17061,17061,626882,2023-04-10
17062,17062,838529,2020-06-30
17063,17063,639543,2019-09-18
17064,17064,1481118,2018-04-27
17065,17065,1202067,2019-11-25
17066,17066,1439972,2023-04-15
17067,17067,666256,2024-12-03
17068,17068,502031,2020-06-13
17069,17069,303452,2023-03-24
17070,17070,1142649,2023-02-18
17071,17071,487707,2023-07-25
17072,17072,750934,2018-05-28
17073,17073,1424702,2021-06-09
17074,17074,154946,2018-05-09
17075,17075,1104980,2024-10-01
17076,17076,548701,2022-08-02
17077,17077,1491584,2018-05-09
17078,17078,347212,2024-09-08
17079,17079,1389920,2018-05-30
17080,17080,835620,2021-02-02
17081,17081,312855,2022-06-01
17082,17082,1330295,2019-07-12
17083,17083,1010726,2022-03-11
17084,17084,1043265,2019-10-10
17085,17085,1054230,2020-08-24
17086,17086,1431363,2024-02-26
17087,17087,819538,2024-05-21
17088,17088,804037,2024-01-07
17089,17089,1381130,2018-05-31
17090,17090,1149596,2022-03-14
17091,17091,1053557,2023-11-23
17092,17092,1068424,2021-03-15
17093,17093,1083011,2024-03-25
17094,17094,853726,2024-04-26
17095,17095,439048,2020-04-29
17096,17096,513092,2018-11-23
17097,17097,898924,2021-08-29
17098,17098,1127801,2020-08-21
17099,17099,416027,2020-08-03
17100,17100,679688,2018-09-06
17101,17101,609745,2018-03-21
17102,17102,1312325,2024-05-26
17103,17103,200969,2023-01-01
17104,17104,653259,2021-10-28
17105,17105,287310,2022-10-13
17106,17106,886971,2018-01-26
17107,17107,117679,2024-04-04
17108,17108,426140,2024-10-29
17109,17109,451993,2023-09-12
17110,17110,287692,2022-01-31
17111,17111,890849,2022-04-24
17112,17112,337725,2018-07-23
17113,17113,324876,2022-05-30
17114,17114,836353,2024-03-14
17115,17115,1291172,2019-07-23
17116,17116,1472799,2019-07-27
17117,17117,623707,2019-07-25
17118,17118,908262,2021-09-16
17119,17119,129897,2021-09-05
17120,17120,1063202,2019-11-25
17121,17121,850576,2020-10-28
17122,17122,1058025,2024-02-23
17123,17123,400209,2021-11-05
17124,17124,75826,2024-02-08
17125,17125,603880,2019-09-02
17126,17126,1473403,2022-05-05
17127,17127,1447345,2018-04-18
17128,17128,732895,2019-07-16
17129,17129,987047,2020-08-30
17130,17130,1141809,2024-11-13
17131,17131,1052237,2020-10-04
17132,17132,919828,2022-01-12
17133,17133,1194372,2024-09-08
17134,17134,520788,2021-09-24
17135,17135,979561,2021-01-13
17136,17136,911062,2023-07-16
17137,17137,788077,2020-06-04
17138,17138,389178,2024-12-10
17139,17139,212042,2018-10-14
17140,17140,931195,2020-04-26
17141,17141,1207829,2021-10-06
17142,17142,465923,2022-01-01
17143,17143,873495,2019-01-19
17144,17144,995652,2022-11-03
17145,17145,989462,2021-02-14
17146,17146,377441,2019-07-10
17147,17147,1074080,2021-11-25
17148,17148,1461125,2020-09-12
17149,17149,860292,2020-12-20
17150,17150,89057,2022-01-06
17151,17151,273272,2018-02-19
17152,17152,770170,2023-05-27
17153,17153,333390,2019-03-16
17154,17154,517400,2024-12-31
17155,17155,327311,2024-06-17
17156,17156,1453744,2018-01-10
17157,17157,1071174,2018-02-02
17158,17158,75715,2024-03-31
17159,17159,68202,2022-04-19
17160,17160,657420,2024-06-17
17161,17161,1495838,2024-01-27
17162,17162,1468601,2021-04-19
17163,17163,1270858,2019-12-13
17164,17164,1167407,2022-09-13
17165,17165,534371,2020-08-02
17166,17166,485222,2023-11-06
17167,17167,393353,2020-06-14
17168,17168,1418159,2023-09-28
17169,17169,410872,2024-09-02
17170,17170,1050835,2022-03-30
17171,17171,603822,2020-12-28
17172,17172,336384,2019-10-10
17173,17173,403144,2021-08-24
17174,17174,720199,2022-12-16
17175,17175,1059761,2020-08-16
17176,17176,876126,2019-06-13
17177,17177,1268668,2024-06-20
17178,17178,1283079,2021-08-01
17179,17179,1331399,2023-09-14
17180,17180,1364154,2023-03-15
17181,17181,873524,2020-03-05
17182,17182,628440,2020-09-30
17183,17183,1457527,2023-04-15
17184,17184,168692,2020-10-17
17185,17185,1489237,2019-05-08
17186,17186,241389,2018-03-17
17187,17187,919032,2018-10-27
17188,17188,705030,2018-10-21
17189,17189,1375392,2024-06-01
17190,17190,1073270,2018-05-03
17191,17191,1287951,2018-06-25
17192,17192,289445,2023-03-05
17193,17193,406254,2022-07-26
17194,17194,287000,2024-07-16
17195,17195,171849,2020-04-14
17196,17196,1118070,2021-03-28
17197,17197,1252407,2022-08-08
17198,17198,1220394,2024-10-26
17199,17199,1382311,2023-04-13
17200,17200,787904,2019-11-18
17201,17201,764221,2019-02-28
17202,17202,421765,2022-06-04
17203,17203,941385,2021-10-30
17204,17204,176883,2023-11-05
17205,17205,526321,2023-06-20
17206,17206,233362,2023-05-13
17207,17207,248412,2018-11-15
17208,17208,777611,2019-12-01
17209,17209,470474,2023-05-16
17210,17210,701883,2020-07-03
17211,17211,230470,2021-07-14
17212,17212,1279021,2021-08-30
17213,17213,579983,2023-11-18
17214,17214,1275775,2024-12-27
17215,17215,421502,2024-12-22
17216,17216,1042969,2021-05-04
17217,17217,209995,2021-12-11
17218,17218,139442,2021-10-09
17219,17219,141148,2022-01-11
17220,17220,1315156,2024-01-01
17221,17221,857318,2024-12-21
17222,17222,118661,2020-09-06
17223,17223,736312,2018-05-27
17224,17224,623699,2023-09-02
17225,17225,484644,2020-11-30
17226,17226,1366637,2018-11-28
17227,17227,936895,2019-11-10
17228,17228,315158,2018-03-03
17229,17229,60831,2022-06-09
17230,17230,613562,2022-09-12
17231,17231,654539,2018-09-21
17232,17232,1027427,2020-02-05
17233,17233,1117645,2019-09-24
17234,17234,295867,2024-04-07
17235,17235,446074,2018-01-02
17236,17236,1268834,2020-02-29
17237,17237,62827,2024-05-13
17238,17238,431294,2023-04-20
17239,17239,689468,2023-01-21
17240,17240,190113,2021-05-19
17241,17241,1293051,2019-11-27
17242,17242,817008,2023-05-06
17243,17243,451085,2021-07-25
17244,17244,660947,2019-03-24
17245,17245,1120969,2018-12-13
17246,17246,1329135,2023-02-24
17247,17247,668740,2019-05-31
17248,17248,1465886,2023-09-15
17249,17249,1214968,2020-02-12
17250,17250,758008,2022-02-26
17251,17251,1495140,2018-04-06
17252,17252,132584,2023-01-10
17253,17253,267014,2020-11-11
17254,17254,690970,2022-08-23
17255,17255,1264864,2021-06-29
17256,17256,1015986,2018-07-08
17257,17257,458162,2022-04-03
17258,17258,894994,2024-03-08
17259,17259,477831,2021-09-24
17260,17260,1051208,2024-11-25
17261,17261,289665,2023-04-21
17262,17262,282553,2020-10-14
17263,17263,962418,2021-06-22
17264,17264,111567,2020-04-16
17265,17265,359938,2020-07-05
17266,17266,787562,2021-05-14
17267,17267,1115643,2024-08-17
17268,17268,415335,2024-06-22
17269,17269,1463887,2023-11-09
17270,17270,150483,2019-07-21
17271,17271,624549,2023-01-22
17272,17272,1434824,2023-11-14
17273,17273,1396445,2023-07-11
17274,17274,962238,2018-04-27
17275,17275,303569,2022-06-08
17276,17276,893386,2019-01-19
17277,17277,1159900,2021-09-28
17278,17278,558105,2022-07-31
17279,17279,184572,2023-09-26
17280,17280,754981,2021-07-15
17281,17281,329391,2018-06-14
17282,17282,431047,2021-01-26
17283,17283,1161087,2023-04-18
17284,17284,930692,2023-05-24
17285,17285,812290,2018-01-13
17286,17286,963778,2020-11-24
17287,17287,480008,2022-09-14
17288,17288,94165,2019-12-19
17289,17289,250833,2022-03-24
17290,17290,908680,2022-07-01
17291,17291,65393,2024-04-14
17292,17292,390618,2023-10-17
17293,17293,931352,2018-09-22
17294,17294,1363410,2023-05-02
17295,17295,599593,2022-08-30
17296,17296,50352,2022-01-14
17297,17297,728088,2024-11-17
17298,17298,230010,2022-02-19
17299,17299,519490,2023-12-17
17300,17300,1055075,2020-11-21
17301,17301,405455,2018-05-16
17302,17302,55120,2021-07-16
17303,17303,679765,2024-01-27
17304,17304,1101988,2023-08-19
17305,17305,1148364,2019-04-10
17306,17306,742378,2023-05-08
17307,17307,289746,2018-05-31
17308,17308,145606,2020-11-09
17309,17309,351625,2020-03-02
17310,17310,1134880,2021-07-27
17311,17311,50397,2020-10-29
17312,17312,1237295,2018-10-25
17313,17313,1202095,2023-11-17
17314,17314,277050,2018-06-27
17315,17315,88775,2022-07-31
17316,17316,1110539,2024-03-12
17317,17317,660892,2019-07-09
17318,17318,1026819,2022-12-09
17319,17319,1151843,2022-07-08
17320,17320,1149142,2024-09-03
17321,17321,682961,2021-01-26
17322,17322,623697,2023-12-09
17323,17323,515141,2022-08-19
17324,17324,791869,2022-12-16
17325,17325,1299150,2023-10-19
17326,17326,178315,2021-03-25
17327,17327,445756,2024-05-20
17328,17328,1223495,2021-10-24
17329,17329,1188662,2018-07-05
17330,17330,498127,2019-04-27
17331,17331,1131702,2023-04-10
17332,17332,1395053,2024-05-02
17333,17333,1170209,2018-08-10
17334,17334,1449703,2021-02-14
17335,17335,275988,2020-03-22
17336,17336,1493446,2023-05-15
17337,17337,959451,2024-10-15
17338,17338,1482995,2023-10-15
17339,17339,219884,2021-02-27
17340,17340,275630,2018-06-17
17341,17341,214403,2018-08-24
17342,17342,615449,2024-08-15
17343,17343,554209,2022-07-24
17344,17344,1371700,2022-12-07
17345,17345,804876,2018-04-07
17346,17346,657865,2019-10-21
17347,17347,837290,2018-03-27
17348,17348,717886,2019-09-27
17349,17349,655687,2019-01-18
17350,17350,673414,2022-11-14
17351,17351,1233693,2023-10-20
17352,17352,301313,2019-01-08
17353,17353,337871,2024-06-22
17354,17354,759532,2022-01-10
17355,17355,1216856,2024-06-21
17356,17356,604505,2024-03-12
17357,17357,273017,2019-11-05
17358,17358,1285109,2023-11-18
17359,17359,612669,2018-02-19
17360,17360,529981,2024-03-02
17361,17361,851467,2020-07-12
17362,17362,1127407,2018-10-01
17363,17363,1226652,2018-03-14
17364,17364,719731,2022-02-16
17365,17365,476483,2019-02-02
17366,17366,1293557,2019-09-11
17367,17367,962460,2021-12-29
17368,17368,1470581,2018-09-29
17369,17369,517174,2023-08-27
17370,17370,244487,2019-11-16
17371,17371,556033,2021-01-10
17372,17372,775324,2022-03-23
17373,17373,713506,2022-09-03
17374,17374,165970,2022-08-02
17375,17375,159034,2023-01-16
17376,17376,1048223,2020-01-11
17377,17377,895143,2024-02-26
17378,17378,321031,2019-06-13
17379,17379,1383535,2021-07-28
17380,17380,485278,2023-01-07
17381,17381,995644,2024-04-03
17382,17382,504616,2020-09-24
17383,17383,1340204,2023-08-05
17384,17384,1284002,2024-07-14
17385,17385,1436392,2018-05-17
17386,17386,1006844,2023-07-12
17387,17387,1429161,2023-10-01
17388,17388,1395053,2022-01-06
17389,17389,1188634,2021-11-04
17390,17390,556259,2023-03-02
17391,17391,557862,2018-07-09
17392,17392,398877,2021-01-18
17393,17393,726907,2024-02-13
17394,17394,586673,2019-12-29
17395,17395,1409401,2022-02-25
17396,17396,385097,2019-10-06
17397,17397,742798,2022-10-17
17398,17398,1247881,2021-11-21
17399,17399,119132,2021-11-18
17400,17400,846295,2018-02-02
17401,17401,794769,2020-07-21
17402,17402,534869,2022-05-18
17403,17403,1245469,2018-10-27
17404,17404,76735,2018-05-31
17405,17405,910223,2018-12-16
17406,17406,160231,2024-07-12
17407,17407,548471,2021-09-09
17408,17408,732338,2019-01-10
17409,17409,103901,2022-11-20
17410,17410,482597,2023-08-16
17411,17411,169799,2019-07-11
17412,17412,641906,2018-02-19
17413,17413,383832,2023-01-13
17414,17414,1142751,2020-09-02
17415,17415,808351,2023-09-02
17416,17416,271668,2018-01-25
17417,17417,1297170,2020-06-02
17418,17418,665845,2024-03-28
17419,17419,452581,2019-12-28
17420,17420,737573,2020-12-06
17421,17421,692720,2020-01-27
17422,17422,1377465,2021-05-03
17423,17423,298226,2022-06-04
17424,17424,1410316,2018-06-15
17425,17425,1115758,2020-03-03
17426,17426,1070546,2021-10-21
17427,17427,1028987,2018-04-22
17428,17428,1352679,2022-12-23
17429,17429,1045578,2019-07-14
17430,17430,689279,2018-02-10
17431,17431,1131595,2022-04-06
17432,17432,1208369,2022-02-14
17433,17433,988875,2022-05-30
17434,17434,1487561,2021-10-23
17435,17435,174965,2023-11-04
17436,17436,778723,2024-06-19
17437,17437,1056584,2023-12-22
17438,17438,786003,2022-04-22
17439,17439,1330688,2023-02-15
17440,17440,1275454,2021-12-18
17441,17441,412930,2020-09-13
17442,17442,1221859,2018-08-11
17443,17443,618392,2018-07-09
17444,17444,463442,2021-07-28
17445,17445,520823,2021-11-26
17446,17446,385181,2021-12-03
17447,17447,1313883,2024-02-08
17448,17448,82187,2020-11-18
17449,17449,999989,2018-02-07
17450,17450,1064857,2018-09-01
17451,17451,596407,2022-02-28
17452,17452,412871,2019-03-04
17453,17453,806693,2022-04-14
17454,17454,101582,2019-09-08
17455,17455,867108,2024-04-16
17456,17456,1063557,2018-08-21
17457,17457,1278326,2019-07-16
17458,17458,1009497,2020-02-14
17459,17459,880040,2021-09-20
17460,17460,578424,2023-06-17
17461,17461,442535,2022-12-26
17462,17462,782481,2019-09-02
17463,17463,320133,2023-02-13
17464,17464,97164,2021-11-29
17465,17465,1415499,2023-09-29
17466,17466,1472333,2020-06-04
17467,17467,1129255,2021-02-16
17468,17468,131432,2020-01-20
17469,17469,550450,2024-06-29
17470,17470,462987,2024-06-26
17471,17471,1271880,2021-07-17
17472,17472,516729,2023-08-24
17473,17473,1334140,2022-04-11
17474,17474,1293415,2022-09-21
17475,17475,1029108,2021-12-04
17476,17476,327434,2022-06-23
17477,17477,799836,2021-06-29
17478,17478,142342,2021-01-14
17479,17479,141025,2024-06-26
17480,17480,1475209,2020-02-17
17481,17481,1352636,2022-09-29
17482,17482,297507,2018-10-29
17483,17483,784781,2021-12-06
17484,17484,837206,2019-05-12
17485,17485,1173411,2024-05-17
17486,17486,984238,2024-08-31
17487,17487,1017622,2018-02-08
17488,17488,1284250,2020-08-11
17489,17489,1257524,2024-07-10
17490,17490,60000,2020-12-11
17491,17491,809892,2019-05-31
17492,17492,481502,2024-10-31
17493,17493,883780,2021-06-23
17494,17494,330145,2024-10-29
17495,17495,1107869,2022-12-23
17496,17496,852160,2024-09-02
17497,17497,376473,2019-03-29
17498,17498,252850,2020-04-17
17499,17499,1424493,2023-12-08
17500,17500,421438,2023-05-01
17501,17501,738984,2024-04-03
17502,17502,1296053,2019-11-08
17503,17503,261457,2021-02-02
17504,17504,846241,2021-07-29
17505,17505,142848,2020-06-22
17506,17506,486564,2022-11-12
17507,17507,606460,2023-01-22
17508,17508,1165895,2020-10-04
17509,17509,1113211,2018-09-17
17510,17510,549206,2021-10-10
17511,17511,1347933,2023-10-21
17512,17512,1254452,2021-12-19
17513,17513,274644,2022-11-26
17514,17514,346253,2018-12-08
17515,17515,1163864,2023-06-25
17516,17516,1261161,2018-04-01
17517,17517,879556,2019-07-03
17518,17518,1264496,2021-02-15
17519,17519,509836,2021-10-27
17520,17520,1125912,2021-02-04
17521,17521,827438,2020-05-14
17522,17522,621266,2020-04-07
17523,17523,720726,2023-11-01
17524,17524,859659,2022-02-13
17525,17525,64641,2023-11-22
17526,17526,1280490,2023-12-09
17527,17527,1196434,2023-08-01
17528,17528,275377,2021-04-05
17529,17529,198634,2023-06-26
17530,17530,801602,2019-11-04
17531,17531,476657,2023-11-25
17532,17532,636159,2018-08-26
17533,17533,122713,2018-08-24
17534,17534,1459178,2018-03-07
17535,17535,1228214,2019-01-18
17536,17536,340372,2021-03-03
17537,17537,977097,2022-05-21
17538,17538,398345,2023-06-04
17539,17539,1230236,2019-09-02
17540,17540,343927,2018-10-06
17541,17541,1404752,2021-05-04
17542,17542,1139439,2024-11-03
17543,17543,1351678,2019-04-04
17544,17544,1031419,2020-06-13
17545,17545,1311511,2024-09-14
17546,17546,466073,2023-07-30
17547,17547,1127131,2019-04-25
17548,17548,591176,2019-12-29
17549,17549,522289,2019-09-17
17550,17550,1231842,2024-12-24
17551,17551,249817,2022-08-26
17552,17552,1414862,2022-06-19
17553,17553,690554,2020-12-10
17554,17554,266304,2021-09-07
17555,17555,415348,2020-08-12
17556,17556,1379101,2019-04-08
17557,17557,388151,2023-09-11
17558,17558,451516,2023-12-20
17559,17559,80353,2022-08-02
17560,17560,1008890,2020-04-30
17561,17561,562863,2018-01-05
17562,17562,759532,2019-09-09
17563,17563,817968,2022-09-19
17564,17564,224249,2020-12-09
17565,17565,610165,2024-02-03
17566,17566,471384,2022-08-17
17567,17567,970526,2021-02-09
17568,17568,580990,2018-08-31
17569,17569,1000318,2023-02-24
17570,17570,697587,2018-09-02
17571,17571,721236,2023-05-25
17572,17572,682431,2018-01-10
17573,17573,76170,2019-08-13
17574,17574,1096567,2022-01-04
17575,17575,188343,2022-02-17
17576,17576,648673,2023-08-24
17577,17577,250183,2022-12-24
17578,17578,1308243,2021-11-26
17579,17579,807483,2022-10-24
17580,17580,1291026,2021-07-08
17581,17581,1227043,2022-10-21
17582,17582,808694,2021-02-16
17583,17583,358424,2024-08-10
17584,17584,1197058,2022-10-24
17585,17585,103593,2024-11-15
17586,17586,673010,2020-11-08
17587,17587,1469336,2023-10-12
17588,17588,1269694,2023-03-29
17589,17589,317382,2024-11-01
17590,17590,975016,2018-06-26
17591,17591,1373056,2022-05-08
17592,17592,1489860,2021-03-23
17593,17593,310125,2023-06-01
17594,17594,697238,2019-06-24
17595,17595,482290,2019-09-27
17596,17596,70807,2021-03-07
17597,17597,241391,2018-01-22
17598,17598,1162418,2021-09-04
17599,17599,407902,2020-11-26
17600,17600,568177,2020-04-27
17601,17601,1247264,2021-03-07
17602,17602,882966,2022-01-13
17603,17603,609723,2019-06-16
17604,17604,68647,2020-04-26
17605,17605,890588,2021-01-08
17606,17606,215904,2023-01-26
17607,17607,1493590,2024-07-12
17608,17608,1358239,2018-02-27
17609,17609,1345671,2022-03-21
17610,17610,360267,2023-10-20
17611,17611,104279,2023-07-24
17612,17612,1429603,2019-02-13
17613,17613,744698,2023-01-04
17614,17614,201199,2024-10-05
17615,17615,140963,2023-10-06
17616,17616,999278,2022-06-30
17617,17617,879283,2022-07-27
17618,17618,995291,2018-08-11
17619,17619,667128,2023-12-13
17620,17620,360226,2023-09-22
17621,17621,494527,2024-01-12
17622,17622,332401,2021-06-13
17623,17623,1247407,2023-12-29
17624,17624,232095,2023-11-21
17625,17625,237352,2022-02-03
17626,17626,625819,2020-01-26
17627,17627,693296,2019-03-18
17628,17628,527907,2022-08-24
17629,17629,1251980,2018-06-04
17630,17630,1230037,2020-04-07
17631,17631,311983,2019-07-12
17632,17632,374550,2018-01-29
17633,17633,1208436,2021-03-21
17634,17634,235921,2024-11-01
17635,17635,811722,2024-06-19
17636,17636,166579,2024-05-02
17637,17637,71187,2018-08-17
17638,17638,604826,2019-07-18
17639,17639,722945,2019-12-18
17640,17640,1296070,2021-05-12
17641,17641,595252,2018-04-10
17642,17642,830473,2024-08-31
17643,17643,916638,2020-03-22
17644,17644,746466,2019-02-22
17645,17645,1490326,2019-09-21
17646,17646,532116,2019-09-01
17647,17647,954368,2018-02-08
17648,17648,1202395,2023-06-03
17649,17649,532889,2022-09-25
17650,17650,267076,2024-01-28
17651,17651,998585,2022-10-22
17652,17652,606869,2019-01-16
17653,17653,773686,2018-10-14
17654,17654,893500,2024-05-20
17655,17655,1118785,2021-09-07
17656,17656,547655,2019-06-15
17657,17657,1396184,2023-01-05
17658,17658,678358,2018-07-29
17659,17659,118483,2018-10-29
17660,17660,877234,2018-02-04
17661,17661,489053,2018-03-16
17662,17662,836854,2019-08-29
17663,17663,1124372,2022-08-31
17664,17664,92874,2019-07-14
17665,17665,677596,2020-04-23
17666,17666,1488453,2018-07-29
17667,17667,1328356,2024-03-18
17668,17668,254112,2022-06-21
17669,17669,1073674,2021-02-12
17670,17670,235059,2024-06-08
17671,17671,1197999,2018-05-26
17672,17672,505299,2021-02-08
17673,17673,1473287,2022-02-26
17674,17674,330222,2024-12-04
17675,17675,551653,2024-03-26
17676,17676,284918,2022-01-28
17677,17677,723033,2022-05-29
17678,17678,291182,2023-12-10
17679,17679,1318154,2024-08-01
17680,17680,1289684,2021-04-08
17681,17681,1085272,2023-12-06
17682,17682,394587,2021-12-29
17683,17683,431969,2022-10-06
17684,17684,1165487,2021-09-10
17685,17685,715002,2020-03-15
17686,17686,453299,2018-04-05
17687,17687,763638,2019-08-22
17688,17688,944304,2023-07-21
17689,17689,246370,2024-06-27
17690,17690,1208922,2023-06-05
17691,17691,1173770,2021-11-01
17692,17692,533962,2021-03-12
17693,17693,1241074,2021-01-03
17694,17694,1466246,2023-08-27
17695,17695,549301,2023-09-04
17696,17696,159504,2024-10-30
17697,17697,297593,2019-10-29
17698,17698,706895,2021-03-10
17699,17699,1360173,2020-06-10
17700,17700,434092,2024-08-21
17701,17701,1185417,2018-05-08
17702,17702,613371,2019-05-25
17703,17703,424645,2024-08-27
17704,17704,1490391,2023-12-02
17705,17705,1407002,2024-05-09
17706,17706,476482,2020-04-17
17707,17707,989746,2021-12-11
17708,17708,1145329,2023-05-28
17709,17709,1467629,2021-10-03
17710,17710,1115288,2022-02-01
17711,17711,307337,2018-10-16
17712,17712,842431,2020-06-12
17713,17713,583186,2023-11-30
17714,17714,950412,2021-05-29
17715,17715,397940,2019-02-10
17716,17716,152847,2024-03-09
17717,17717,354816,2019-01-11
17718,17718,550088,2018-07-06
17719,17719,1169291,2024-11-06
17720,17720,348634,2024-10-03
17721,17721,160888,2020-02-25
17722,17722,237456,2022-12-16
17723,17723,340424,2018-11-11
17724,17724,799080,2018-05-09
17725,17725,1007418,2020-05-08
17726,17726,675243,2022-12-24
17727,17727,176878,2018-01-04
17728,17728,645058,2019-03-17
17729,17729,908874,2021-04-03
17730,17730,1483153,2023-09-04
17731,17731,124307,2022-08-17
17732,17732,1129374,2022-08-23
17733,17733,1036374,2023-09-06
17734,17734,1468585,2024-01-07
17735,17735,615795,2018-07-14
17736,17736,948197,2024-03-06
17737,17737,1255937,2020-08-10
17738,17738,702000,2020-04-28
17739,17739,1050685,2018-12-15
17740,17740,508123,2021-05-26
17741,17741,744103,2022-04-21
17742,17742,1104800,2024-07-13
17743,17743,1376979,2023-05-31
17744,17744,663363,2018-12-06
17745,17745,1073805,2021-12-12
17746,17746,295902,2021-03-29
17747,17747,1475038,2021-11-17
17748,17748,148789,2023-11-25
17749,17749,858145,2024-03-31
17750,17750,646227,2020-09-20
17751,17751,1144183,2020-05-14
17752,17752,1180945,2018-05-20
17753,17753,1284312,2024-02-03
17754,17754,1343368,2019-12-27
17755,17755,1489464,2022-11-23
17756,17756,1064399,2023-05-08
17757,17757,73662,2018-07-29
17758,17758,116566,2021-04-23
17759,17759,827724,2020-03-20
17760,17760,1467385,2024-09-11
17761,17761,123224,2022-09-07
17762,17762,479825,2023-03-12
17763,17763,129942,2019-01-23
17764,17764,314294,2018-04-18
17765,17765,1422091,2019-05-20
17766,17766,1252347,2018-08-05
17767,17767,298433,2020-07-30
17768,17768,627390,2021-09-27
17769,17769,1042023,2022-12-15
17770,17770,886480,2021-02-13
17771,17771,135291,2020-02-01
17772,17772,63803,2018-09-04
17773,17773,1023136,2020-02-09
17774,17774,1406098,2023-03-11
17775,17775,1191446,2021-04-04
17776,17776,1211259,2019-11-09
17777,17777,544038,2018-04-15
17778,17778,676559,2021-08-31
17779,17779,1162977,2019-11-01
17780,17780,788098,2021-01-07
17781,17781,439889,2021-11-28
17782,17782,1060531,2022-04-03
17783,17783,931500,2019-12-22
17784,17784,147486,2024-06-03
17785,17785,1280423,2021-10-28
17786,17786,311246,2018-06-21
17787,17787,214073,2021-09-02
17788,17788,149757,2024-11-27
17789,17789,442316,2024-01-24
17790,17790,671843,2022-10-12
17791,17791,259086,2021-11-02
17792,17792,976172,2024-04-08
17793,17793,405015,2024-07-08
17794,17794,1279823,2018-10-03
17795,17795,527518,2020-08-03
17796,17796,1343997,2023-03-01
17797,17797,323283,2024-08-27
17798,17798,359317,2023-08-28
17799,17799,536378,2020-09-01
17800,17800,1100141,2022-03-08
17801,17801,435593,2024-08-10
17802,17802,794020,2021-09-17
17803,17803,1276225,2020-03-28
17804,17804,292526,2022-10-02
17805,17805,280946,2021-04-15
17806,17806,882706,2024-10-10
17807,17807,715055,2021-09-01
17808,17808,153707,2021-03-07
17809,17809,1361877,2019-04-05
17810,17810,266025,2022-01-12
17811,17811,95710,2022-09-22
17812,17812,333763,2020-01-16
17813,17813,1322319,2024-11-03
17814,17814,656502,2022-07-10
17815,17815,608705,2019-08-07
17816,17816,963668,2021-10-11
17817,17817,813207,2024-01-01
17818,17818,357601,2020-11-19
17819,17819,436675,2022-01-28
17820,17820,330374,2018-08-24
17821,17821,405436,2018-10-21
17822,17822,1304326,2022-04-29
17823,17823,694471,2018-12-07
17824,17824,1386237,2018-09-01
17825,17825,996839,2019-11-13
17826,17826,1256417,2018-10-20
17827,17827,160189,2020-11-07
17828,17828,1377063,2019-03-25
17829,17829,227270,2024-08-12
17830,17830,202008,2019-01-01
17831,17831,561703,2021-05-30
17832,17832,1204984,2022-01-12
17833,17833,1004254,2021-03-03
17834,17834,63760,2024-02-22
17835,17835,715866,2023-08-16
17836,17836,1421937,2021-05-19
17837,17837,1275794,2023-07-20
17838,17838,115007,2024-08-24
17839,17839,599879,2018-07-18
17840,17840,390093,2022-10-30
17841,17841,1306092,2020-11-02
17842,17842,891248,2023-01-04
17843,17843,1373348,2022-08-09
17844,17844,928125,2018-08-14
17845,17845,513706,2020-07-19
17846,17846,621788,2020-02-09
17847,17847,433652,2019-11-04
17848,17848,360127,2020-05-04
17849,17849,1149661,2020-02-15
17850,17850,1343489,2023-08-01
17851,17851,185273,2022-04-22
17852,17852,1458426,2021-08-30
17853,17853,705558,2022-01-11
17854,17854,517738,2018-02-28
17855,17855,650315,2019-08-30
17856,17856,432271,2018-10-12
17857,17857,1331163,2018-12-24
17858,17858,1020371,2024-04-02
17859,17859,603136,2020-03-06
17860,17860,1203959,2024-11-23
17861,17861,1184531,2020-11-02
17862,17862,894049,2024-01-05
17863,17863,889043,2022-11-21
17864,17864,1300966,2021-07-10
17865,17865,1457988,2018-12-13
17866,17866,1360559,2018-01-31
17867,17867,844513,2021-08-25
17868,17868,587533,2018-11-27
17869,17869,757325,2020-06-27
17870,17870,142164,2020-01-08
17871,17871,1333632,2024-06-20
17872,17872,1120101,2018-09-27
17873,17873,205642,2018-10-09
17874,17874,801005,2019-09-13
17875,17875,256886,2018-08-16
17876,17876,1459165,2018-06-15
17877,17877,794477,2019-07-21
17878,17878,970105,2023-10-06
17879,17879,675712,2022-02-25
17880,17880,1339747,2023-08-07
17881,17881,101383,2022-07-27
17882,17882,925890,2019-03-26
17883,17883,466347,2018-08-13
17884,17884,800189,2024-06-02
17885,17885,79961,2018-08-22
17886,17886,917859,2021-03-26
17887,17887,348111,2021-11-23
17888,17888,1458286,2021-07-17
17889,17889,503974,2020-09-30
17890,17890,80181,2018-06-30
17891,17891,736785,2022-05-23
17892,17892,1052496,2018-11-24
17893,17893,669222,2023-04-26
17894,17894,550937,2019-03-30
17895,17895,562393,2018-03-02
17896,17896,709070,2019-10-26
17897,17897,1455390,2020-01-19
17898,17898,912933,2024-06-23
17899,17899,1213048,2024-10-18
17900,17900,356582,2018-07-04
17901,17901,1220256,2019-11-16
17902,17902,1275045,2018-11-29
17903,17903,114037,2021-06-03
17904,17904,402990,2022-11-03
17905,17905,203536,2020-02-20
17906,17906,926119,2020-10-28
17907,17907,1214977,2024-08-22
17908,17908,782757,2024-03-07
17909,17909,913719,2022-02-03
17910,17910,562522,2021-05-06
17911,17911,1220768,2024-07-13
17912,17912,324204,2022-09-07
17913,17913,946039,2021-08-25
17914,17914,217462,2018-01-06
17915,17915,367716,2021-10-18
17916,17916,1059561,2019-05-21
17917,17917,75018,2019-07-04
17918,17918,1311983,2021-06-16
17919,17919,233071,2020-01-08
17920,17920,375828,2018-11-14
17921,17921,313160,2021-07-10
17922,17922,1021351,2023-11-20
17923,17923,792518,2020-12-05
17924,17924,528638,2022-02-17
17925,17925,1358307,2021-07-04
17926,17926,874943,2018-06-02
17927,17927,1278721,2023-02-07
17928,17928,630221,2024-07-20
17929,17929,169722,2020-01-03
17930,17930,864048,2022-04-06
17931,17931,596469,2019-10-20
17932,17932,206527,2019-02-19
17933,17933,897240,2024-12-06
17934,17934,209188,2019-04-09
17935,17935,490641,2022-03-21
17936,17936,88175,2019-09-15
17937,17937,84835,2023-06-01
17938,17938,1083395,2022-10-09
17939,17939,712765,2020-02-04
17940,17940,918319,2021-03-31
17941,17941,118864,2021-06-03
17942,17942,1173126,2023-06-10
17943,17943,1268951,2018-12-16
17944,17944,966360,2022-09-26
17945,17945,893354,2023-09-07
17946,17946,993025,2019-07-28
17947,17947,119416,2020-07-27
17948,17948,723360,2022-06-18
17949,17949,1218314,2021-08-14
17950,17950,733293,2024-11-19
17951,17951,1315285,2023-07-31
17952,17952,1188313,2020-10-02
17953,17953,246105,2019-09-13
17954,17954,1335949,2022-04-30
17955,17955,350292,2024-09-19
17956,17956,1264839,2018-09-01
17957,17957,940257,2022-04-29
17958,17958,1390834,2020-01-02
17959,17959,1292666,2024-07-18
17960,17960,987399,2023-10-09
17961,17961,738343,2022-11-16
17962,17962,1110096,2018-05-16
17963,17963,571235,2023-11-24
17964,17964,956913,2024-08-13
17965,17965,134067,2019-02-28
17966,17966,1250095,2018-01-07
17967,17967,782336,2024-01-29
17968,17968,984955,2018-08-28
17969,17969,743713,2018-04-22
17970,17970,1087256,2024-01-28
17971,17971,1069385,2021-09-26
17972,17972,749169,2020-09-03
17973,17973,1298421,2024-01-08
17974,17974,1257410,2022-05-06
17975,17975,72182,2020-12-12
17976,17976,1467043,2021-11-18
17977,17977,442336,2020-05-04
17978,17978,484263,2019-02-08
17979,17979,1164932,2022-07-05
17980,17980,835128,2024-04-20
17981,17981,555132,2022-12-21
17982,17982,466820,2021-05-23
17983,17983,700183,2020-07-08
17984,17984,891395,2018-08-30
17985,17985,132571,2019-06-03
17986,17986,578138,2023-07-27
17987,17987,334017,2019-09-09
17988,17988,170248,2018-11-15
17989,17989,100698,2018-08-12
17990,17990,1349356,2019-11-12
17991,17991,66481,2019-03-21
17992,17992,450526,2023-07-03
17993,17993,310616,2022-11-21
17994,17994,599005,2019-03-20
17995,17995,1401414,2018-03-28
17996,17996,1344006,2018-11-07
17997,17997,1175995,2022-04-05
17998,17998,1290414,2019-10-15
17999,17999,178096,2023-03-16
18000,18000,474166,2020-11-02
18001,18001,453208,2024-02-16
18002,18002,53031,2019-05-28
18003,18003,737117,2020-06-24
18004,18004,1027472,2021-09-20
18005,18005,151445,2018-08-23
18006,18006,1236593,2022-07-15
18007,18007,425734,2018-12-09
18008,18008,499913,2022-08-31
18009,18009,1293353,2023-08-17
18010,18010,871167,2022-09-15
18011,18011,1425404,2018-01-13
18012,18012,914621,2020-01-04
18013,18013,1269106,2020-09-19
18014,18014,470506,2023-02-08
18015,18015,395598,2024-05-26
18016,18016,406267,2019-03-12
18017,18017,1177046,2021-12-08
18018,18018,882156,2023-11-23
18019,18019,813492,2021-06-02
18020,18020,309804,2022-10-07
18021,18021,1382308,2022-12-04
18022,18022,1026862,2024-06-26
18023,18023,962584,2018-03-08
18024,18024,1319727,2021-10-20
18025,18025,482957,2021-12-26
18026,18026,419133,2019-03-16
18027,18027,524998,2022-11-02
18028,18028,1117078,2022-06-05
18029,18029,761532,2024-05-01
18030,18030,394398,2019-09-02
18031,18031,1347552,2023-08-21
18032,18032,403931,2021-12-11
18033,18033,658331,2023-06-19
18034,18034,193776,2020-04-16
18035,18035,315959,2019-02-02
18036,18036,1062422,2018-09-07
18037,18037,725949,2019-10-09
18038,18038,1266896,2019-01-30
18039,18039,1140019,2023-04-13
18040,18040,495725,2024-12-30
18041,18041,491512,2019-04-03
18042,18042,1257875,2022-11-13
18043,18043,1477920,2019-01-02
18044,18044,619107,2018-04-22
18045,18045,1092668,2023-12-28
18046,18046,501503,2024-11-23
18047,18047,466465,2022-09-15
18048,18048,301394,2022-09-15
18049,18049,1447789,2018-05-21
18050,18050,1171593,2022-05-05
18051,18051,127863,2020-02-27
18052,18052,543513,2021-07-18
18053,18053,235799,2020-04-11
18054,18054,886399,2019-11-10
18055,18055,320722,2023-11-09
18056,18056,1060661,2023-10-16
18057,18057,399216,2024-12-20
18058,18058,952770,2018-09-05
18059,18059,1458777,2023-11-09
18060,18060,501785,2024-02-21
18061,18061,728820,2023-09-12
18062,18062,821073,2018-09-01
18063,18063,568381,2018-12-23
18064,18064,904385,2024-10-23
18065,18065,683546,2021-01-16
18066,18066,1194917,2018-12-27
18067,18067,466481,2018-11-25
18068,18068,145797,2021-06-03
18069,18069,1209211,2023-08-15
18070,18070,717918,2020-01-22
18071,18071,591075,2024-10-07
18072,18072,1279082,2021-06-19
18073,18073,920320,2024-08-18
18074,18074,373138,2021-10-02
18075,18075,1224830,2021-11-26
18076,18076,1490156,2018-12-31
18077,18077,163214,2021-06-19
18078,18078,1406552,2019-03-13
18079,18079,270235,2019-04-30
18080,18080,946634,2023-01-20
18081,18081,1055213,2024-12-17
18082,18082,953970,2019-04-10
18083,18083,1313676,2022-10-02
18084,18084,672594,2023-04-01
18085,18085,1489691,2022-12-02
18086,18086,416131,2018-05-04
18087,18087,175999,2023-11-12
18088,18088,728829,2024-04-27
18089,18089,1110198,2024-09-12
18090,18090,715109,2024-12-03
18091,18091,1107699,2024-11-24
18092,18092,54663,2023-05-08
18093,18093,261066,2018-10-12
18094,18094,442375,2020-12-16
18095,18095,135004,2018-07-14
18096,18096,1141969,2024-11-14
18097,18097,665435,2018-01-21
18098,18098,152503,2019-05-01
18099,18099,1047405,2023-11-28
18100,18100,845946,2021-10-06
18101,18101,1139655,2020-02-09
18102,18102,1017817,2021-10-04
18103,18103,1185156,2019-11-11
18104,18104,144594,2024-10-18
18105,18105,966780,2020-06-27
18106,18106,1415386,2022-09-22
18107,18107,397510,2018-07-15
18108,18108,1013214,2018-06-25
18109,18109,664375,2023-09-24
18110,18110,929889,2024-02-16
18111,18111,1105888,2021-03-11
18112,18112,1131708,2018-06-28
18113,18113,1361152,2021-10-12
18114,18114,1154778,2020-09-17
18115,18115,529304,2021-03-29
18116,18116,1005151,2023-11-03
18117,18117,450148,2022-05-21
18118,18118,1043248,2024-11-25
18119,18119,1059382,2020-11-17
18120,18120,989991,2023-10-05
18121,18121,777189,2022-05-21
18122,18122,450048,2022-05-25
18123,18123,968064,2021-01-15
18124,18124,432767,2023-01-11
18125,18125,806699,2024-10-05
18126,18126,1124929,2018-11-13
18127,18127,526771,2022-10-31
18128,18128,677081,2019-08-30
18129,18129,383794,2022-07-27
18130,18130,437926,2024-02-06
18131,18131,1015462,2022-04-06
18132,18132,819223,2022-03-18
18133,18133,1071605,2023-04-04
18134,18134,1382012,2019-07-10
18135,18135,1082387,2018-10-21
18136,18136,443688,2019-03-03
18137,18137,565521,2019-11-15
18138,18138,861649,2019-03-10
18139,18139,576027,2020-10-17
18140,18140,58449,2024-02-26
18141,18141,1220927,2022-09-15
18142,18142,1038294,2018-05-22
18143,18143,427701,2023-06-15
18144,18144,737266,2022-06-05
18145,18145,1131376,2018-09-29
18146,18146,539729,2018-08-23
18147,18147,226948,2020-05-29
18148,18148,1207278,2021-02-02
18149,18149,737431,2024-05-13
18150,18150,873792,2022-07-07
18151,18151,1004552,2021-01-08
18152,18152,99099,2022-05-13
18153,18153,1184791,2024-05-27
18154,18154,1432035,2019-04-19
18155,18155,1165652,2023-11-01
18156,18156,271995,2024-08-24
18157,18157,182706,2021-02-10
18158,18158,169740,2019-10-25
18159,18159,631077,2024-12-11
18160,18160,201433,2021-01-08
18161,18161,805437,2018-05-06
18162,18162,856322,2019-08-10
18163,18163,1104993,2021-03-21
18164,18164,1451615,2019-02-24
18165,18165,1439271,2024-01-24
18166,18166,1158072,2020-09-11
18167,18167,958358,2024-01-10
18168,18168,1426559,2023-03-24
18169,18169,180964,2023-03-29
18170,18170,421202,2018-07-08
18171,18171,1235473,2019-08-09
18172,18172,1375632,2018-05-22
18173,18173,1249588,2021-10-24
18174,18174,299163,2021-11-18
18175,18175,843967,2018-01-16
18176,18176,1295513,2019-12-28
18177,18177,1194999,2018-10-25
18178,18178,878791,2022-03-22
18179,18179,1371063,2024-02-29
18180,18180,175955,2022-08-26
18181,18181,319151,2023-03-08
18182,18182,530714,2024-10-27
18183,18183,294858,2020-04-09
18184,18184,1192380,2022-12-02
18185,18185,332032,2018-03-04
18186,18186,366986,2020-12-21
18187,18187,1419184,2019-10-03
18188,18188,1053017,2019-05-29
18189,18189,579202,2022-10-08
18190,18190,1431367,2024-03-15
18191,18191,1442983,2018-09-20
18192,18192,265234,2021-08-24
18193,18193,1489957,2021-06-20
18194,18194,1478834,2022-05-14
18195,18195,1279035,2019-01-11
18196,18196,684798,2024-10-31
18197,18197,256202,2024-02-29
18198,18198,1340513,2018-10-21
18199,18199,108220,2019-09-07
18200,18200,242720,2019-08-18
18201,18201,481922,2021-06-21
18202,18202,741724,2023-04-28
18203,18203,678854,2022-07-13
18204,18204,228477,2021-11-23
18205,18205,321941,2022-10-07
18206,18206,458592,2024-01-10
18207,18207,924329,2021-06-19
18208,18208,477554,2019-03-02
18209,18209,404745,2022-06-09
18210,18210,204113,2018-12-16
18211,18211,520539,2019-03-03
18212,18212,1024309,2019-10-12
18213,18213,809537,2024-02-08
18214,18214,968332,2024-03-02
18215,18215,957947,2021-05-03
18216,18216,87814,2019-12-02
18217,18217,1393647,2022-01-20
18218,18218,654735,2018-03-11
18219,18219,830751,2023-03-15
18220,18220,541410,2018-07-08
18221,18221,143931,2021-08-03
18222,18222,790203,2020-06-05
18223,18223,1214020,2019-01-20
18224,18224,749179,2024-08-30
18225,18225,1139034,2023-07-20
18226,18226,792839,2022-11-18
18227,18227,990735,2019-07-29
18228,18228,572752,2024-01-01
18229,18229,383924,2021-03-01
18230,18230,958106,2022-05-23
18231,18231,999365,2019-01-01
18232,18232,1074626,2021-07-10
18233,18233,149160,2018-11-08
18234,18234,286966,2021-03-17
18235,18235,1330383,2019-07-15
18236,18236,1355853,2021-03-23
18237,18237,1135475,2021-05-14
18238,18238,241875,2019-08-12
18239,18239,1430759,2021-07-29
18240,18240,918511,2018-09-09
18241,18241,999023,2018-03-19
18242,18242,769846,2023-06-07
18243,18243,948287,2018-02-17
18244,18244,538580,2024-07-31
18245,18245,218255,2020-07-21
18246,18246,118175,2024-09-05
18247,18247,1216521,2018-11-16
18248,18248,1494434,2024-06-19
18249,18249,550662,2021-06-10
18250,18250,1244300,2022-01-14
18251,18251,1205555,2020-12-27
18252,18252,1013522,2018-03-13
18253,18253,775404,2021-07-06
18254,18254,1466350,2023-01-21
18255,18255,1094996,2024-02-02
18256,18256,737798,2022-12-16
18257,18257,239359,2020-04-19
18258,18258,1007653,2019-02-20
18259,18259,410373,2023-11-05
18260,18260,323949,2019-02-28
18261,18261,192591,2022-03-26
18262,18262,95003,2019-06-26
18263,18263,1359188,2023-07-05
18264,18264,410026,2022-06-07
18265,18265,168288,2023-02-23
18266,18266,927626,2020-11-12
18267,18267,988015,2020-05-16
18268,18268,92671,2018-09-10
18269,18269,283460,2023-11-07
18270,18270,402700,2024-05-08
18271,18271,293683,2024-09-23
18272,18272,1368450,2024-05-30
18273,18273,664408,2022-06-05
18274,18274,588653,2018-07-24
18275,18275,1035833,2022-01-18
18276,18276,350145,2019-03-12
18277,18277,1411351,2021-04-27
18278,18278,1393284,2021-01-08
18279,18279,1199243,2024-03-24
18280,18280,502610,2024-10-16
18281,18281,277303,2024-01-07
18282,18282,398724,2019-08-23
18283,18283,721036,2021-01-04
18284,18284,1167018,2024-05-01
18285,18285,1451532,2023-02-24
18286,18286,925993,2023-03-13
18287,18287,252220,2019-07-02
18288,18288,351958,2021-04-03
18289,18289,1127224,2024-09-16
18290,18290,704227,2020-06-26
18291,18291,358360,2019-12-10
18292,18292,682643,2019-08-15
18293,18293,496189,2018-06-02
18294,18294,904438,2021-10-06
18295,18295,118450,2024-09-18
18296,18296,506687,2019-10-28
18297,18297,772818,2022-10-03
18298,18298,923795,2019-07-22
18299,18299,1081526,2024-06-11
18300,18300,1220627,2022-01-18
18301,18301,1056477,2024-06-15
18302,18302,968521,2021-12-03
18303,18303,972130,2019-06-04
18304,18304,263146,2018-02-10
18305,18305,323036,2019-05-22
18306,18306,873079,2019-02-25
18307,18307,309509,2019-12-18
18308,18308,1146848,2018-01-19
18309,18309,686793,2020-07-29
18310,18310,268252,2023-09-23
18311,18311,912666,2021-07-20
18312,18312,1201800,2021-02-10
18313,18313,577329,2023-05-11
18314,18314,56667,2023-12-08
18315,18315,1346194,2024-03-30
18316,18316,1174989,2024-04-07
18317,18317,620298,2024-12-25
18318,18318,859420,2022-04-04
18319,18319,542158,2020-01-18
18320,18320,905404,2021-05-26
18321,18321,1265480,2022-06-21
18322,18322,650975,2020-11-26
18323,18323,57761,2018-08-01
18324,18324,1397137,2021-01-14
18325,18325,1482435,2020-12-30
18326,18326,285339,2024-08-28
18327,18327,827199,2020-09-22
18328,18328,845286,2018-10-08
18329,18329,886201,2024-08-10
18330,18330,391944,2020-03-20
18331,18331,271777,2021-05-30
18332,18332,425347,2018-05-31
18333,18333,363158,2021-10-22
18334,18334,1410447,2018-09-10
18335,18335,1413019,2023-08-29
18336,18336,91095,2021-11-17
18337,18337,915821,2019-08-22
18338,18338,379420,2019-10-29
18339,18339,346201,2022-01-19
18340,18340,1120312,2020-06-16
18341,18341,253009,2022-02-18
18342,18342,519712,2018-06-04
18343,18343,1481180,2024-03-16
18344,18344,1206029,2022-11-14
18345,18345,1126675,2019-01-16
18346,18346,927919,2019-02-04
18347,18347,1247674,2022-04-23
18348,18348,705046,2020-05-22
18349,18349,983204,2023-05-07
18350,18350,77575,2018-07-02
18351,18351,1216087,2023-09-28
18352,18352,1452123,2019-05-05
18353,18353,1335521,2019-08-02
18354,18354,492211,2019-11-02
18355,18355,173969,2022-09-17
18356,18356,174739,2018-03-15
18357,18357,98207,2018-08-08
18358,18358,1198774,2024-04-28
18359,18359,154786,2021-10-26
18360,18360,1344890,2018-07-11
18361,18361,964018,2022-08-10
18362,18362,1097520,2024-08-01
18363,18363,74268,2024-02-07
18364,18364,179586,2018-09-05
18365,18365,1046380,2020-06-23
18366,18366,382067,2021-11-30
18367,18367,568273,2023-01-06
18368,18368,855046,2022-01-24
18369,18369,1406853,2020-08-15
18370,18370,675904,2018-03-10
18371,18371,1096523,2018-05-08
18372,18372,444594,2022-02-23
18373,18373,465940,2018-08-21
18374,18374,572496,2019-11-20
18375,18375,1345314,2020-01-19
18376,18376,904082,2022-02-04
18377,18377,117143,2024-03-17
18378,18378,404405,2022-08-27
18379,18379,249362,2020-04-24
18380,18380,1123850,2020-02-22
18381,18381,528303,2023-02-07
18382,18382,612055,2019-09-01
18383,18383,196610,2023-02-05
18384,18384,843929,2021-11-08
18385,18385,858210,2020-04-03
18386,18386,733932,2022-08-03
18387,18387,1194170,2021-08-30
18388,18388,404582,2022-10-06
18389,18389,847591,2021-05-25
18390,18390,767835,2019-03-06
18391,18391,528251,2023-07-29
18392,18392,1249366,2019-02-27
18393,18393,873738,2019-04-24
18394,18394,1220385,2021-01-07
18395,18395,554417,2018-02-11
18396,18396,1398724,2022-12-08
18397,18397,870675,2021-08-04
18398,18398,1309223,2021-09-29
18399,18399,1047931,2023-03-03
18400,18400,1269461,2020-06-07
18401,18401,1218103,2019-03-20
18402,18402,1434368,2022-09-03
18403,18403,1316056,2018-12-12
18404,18404,1079155,2022-06-08
18405,18405,674815,2023-11-14
18406,18406,163160,2018-01-26
18407,18407,1321625,2022-09-02
18408,18408,985243,2021-04-28
18409,18409,1186157,2018-07-25
18410,18410,1461766,2023-03-28
18411,18411,1130364,2020-09-15
18412,18412,212440,2019-09-07
18413,18413,88620,2021-08-16
18414,18414,977806,2018-02-22
18415,18415,376672,2022-02-10
18416,18416,798004,2021-10-01
18417,18417,422228,2023-07-08
18418,18418,1214056,2021-10-22
18419,18419,764753,2019-10-15
18420,18420,448757,2024-10-16
18421,18421,235623,2024-03-27
18422,18422,1317688,2024-10-15
18423,18423,804438,2023-08-27
18424,18424,1010812,2020-12-25
18425,18425,985876,2018-12-08
18426,18426,472949,2024-10-24
18427,18427,695237,2019-10-04
18428,18428,201733,2020-08-15
18429,18429,1086014,2022-06-17
18430,18430,753412,2024-08-04
18431,18431,328653,2019-05-19
18432,18432,570878,2020-10-05
18433,18433,161453,2023-06-08
18434,18434,751906,2019-04-20
18435,18435,234018,2024-11-03
18436,18436,560975,2021-02-15
18437,18437,1134859,2022-10-19
18438,18438,234055,2020-12-13
18439,18439,398388,2019-12-14
18440,18440,89653,2020-06-25
18441,18441,878074,2020-12-05
18442,18442,73115,2023-06-05
18443,18443,796113,2020-02-24
18444,18444,1333879,2019-10-08
18445,18445,454982,2018-04-30
18446,18446,418918,2024-11-01
18447,18447,191640,2018-09-04
18448,18448,1479204,2021-08-29
18449,18449,665194,2021-09-14
18450,18450,1300450,2024-11-09
18451,18451,862724,2021-08-29
18452,18452,600122,2022-11-18
18453,18453,349955,2023-10-09
18454,18454,1342140,2019-03-01
18455,18455,1459385,2020-05-17
18456,18456,270823,2023-11-12
18457,18457,832288,2018-03-03
18458,18458,1297151,2021-06-09
18459,18459,950511,2020-09-05
18460,18460,693755,2022-10-17
18461,18461,243293,2024-03-02
18462,18462,161968,2022-08-25
18463,18463,599504,2019-09-06
18464,18464,443970,2024-08-24
18465,18465,769745,2020-05-21
18466,18466,875847,2020-05-08
18467,18467,1022597,2018-01-26
18468,18468,180030,2023-06-13
18469,18469,1488105,2023-12-12
18470,18470,435438,2018-08-01
18471,18471,868060,2024-05-01
18472,18472,1092426,2024-12-11
18473,18473,644509,2021-06-20
18474,18474,394373,2023-12-08
18475,18475,297912,2022-12-06
18476,18476,1285093,2020-08-26
18477,18477,681487,2021-06-21
18478,18478,378250,2020-11-09
18479,18479,501364,2020-09-12
18480,18480,1187456,2020-09-25
18481,18481,1253210,2021-10-21
18482,18482,114331,2023-07-23
18483,18483,259098,2023-04-20
18484,18484,1173321,2018-02-11
18485,18485,329518,2024-01-07
18486,18486,98039,2021-07-30
18487,18487,329811,2020-03-20
18488,18488,1444539,2024-12-07
18489,18489,775866,2018-08-25
18490,18490,329248,2022-11-27
18491,18491,941255,2022-09-01
18492,18492,1238280,2021-02-12
18493,18493,1185354,2019-04-18
18494,18494,1227709,2021-12-22
18495,18495,88230,2023-01-31
18496,18496,589651,2021-12-27
18497,18497,1002201,2021-05-14
18498,18498,718608,2018-01-09
18499,18499,861543,2018-12-25
18500,18500,663796,2023-03-30
18501,18501,993869,2024-11-02
18502,18502,461127,2020-04-25
18503,18503,219869,2023-12-22
18504,18504,217209,2022-11-12
18505,18505,366706,2018-11-15
18506,18506,1374935,2023-12-03
18507,18507,347188,2018-08-12
18508,18508,155927,2020-06-19
18509,18509,802793,2020-06-13
18510,18510,1227934,2021-06-07
18511,18511,385962,2021-05-10
18512,18512,726021,2022-07-05
18513,18513,185161,2019-09-28
18514,18514,824697,2020-07-04
18515,18515,1170170,2024-05-23
18516,18516,1321144,2020-03-24
18517,18517,463968,2024-04-10
18518,18518,287673,2022-07-21
18519,18519,925060,2023-03-09
18520,18520,466979,2023-06-15
18521,18521,1102444,2023-03-06
18522,18522,1483330,2018-11-18
18523,18523,284145,2022-04-13
18524,18524,1430052,2021-09-21
18525,18525,1403113,2019-03-14
18526,18526,1099709,2024-05-25
18527,18527,336878,2024-01-03
18528,18528,1392083,2023-01-08
18529,18529,586913,2018-09-01
18530,18530,83892,2020-12-24
18531,18531,870203,2019-02-27
18532,18532,1481566,2018-12-06
18533,18533,1298535,2023-07-19
18534,18534,981444,2020-05-14
18535,18535,626911,2021-11-29
18536,18536,394577,2019-07-11
18537,18537,477955,2023-03-18
18538,18538,326475,2018-11-18
18539,18539,641837,2019-08-02
18540,18540,1095839,2023-04-14
18541,18541,169820,2024-04-07
18542,18542,1282544,2019-11-22
18543,18543,535487,2023-08-21
18544,18544,919131,2020-12-16
18545,18545,602627,2019-09-21
18546,18546,1327801,2021-04-08
18547,18547,1213721,2020-03-12
18548,18548,65549,2024-01-23
18549,18549,424954,2022-09-13
18550,18550,388686,2018-02-07
18551,18551,433341,2023-12-01
18552,18552,377679,2023-12-22
18553,18553,894738,2023-09-28
18554,18554,537039,2022-01-26
18555,18555,520512,2024-08-08
18556,18556,1484299,2022-11-07
18557,18557,876720,2021-08-22
18558,18558,488615,2022-03-29
18559,18559,918228,2019-03-27
18560,18560,960303,2020-12-04
18561,18561,607375,2018-10-17
18562,18562,1456436,2024-06-29
18563,18563,571040,2018-05-15
18564,18564,1235066,2019-11-21
18565,18565,513166,2022-06-04
18566,18566,397370,2022-05-05
18567,18567,257067,2023-01-06
18568,18568,1468636,2022-06-04
18569,18569,812294,2019-10-11
18570,18570,203127,2018-05-29
18571,18571,80491,2019-11-22
18572,18572,683094,2024-05-07
18573,18573,311928,2018-06-13
18574,18574,555003,2018-06-13
18575,18575,423761,2020-01-03
18576,18576,79847,2021-07-01
18577,18577,177901,2021-09-08
18578,18578,895217,2019-12-22
18579,18579,913816,2022-05-05
18580,18580,331243,2022-01-31
18581,18581,925816,2022-01-20
18582,18582,312897,2023-01-14
18583,18583,67571,2018-11-05
18584,18584,986581,2018-11-03
18585,18585,1193397,2024-07-08
18586,18586,511143,2019-06-13
18587,18587,481719,2022-05-24
18588,18588,513164,2019-04-04
18589,18589,1253135,2022-07-14
18590,18590,141345,2022-09-16
18591,18591,1149126,2024-01-26
18592,18592,1403869,2020-05-23
18593,18593,151616,2024-07-05
18594,18594,699996,2022-08-23
18595,18595,858955,2023-01-14
18596,18596,552524,2023-05-10
18597,18597,1294857,2022-03-27
18598,18598,1009604,2019-12-17
18599,18599,176571,2018-07-09
18600,18600,462402,2024-01-30
18601,18601,178008,2022-03-04
18602,18602,614581,2024-02-07
18603,18603,747728,2020-01-10
18604,18604,1445696,2022-04-07
18605,18605,1134915,2018-01-12
18606,18606,935383,2023-05-19
18607,18607,1154781,2022-05-18
18608,18608,535130,2024-01-14
18609,18609,629863,2021-09-29
18610,18610,967929,2022-01-10
18611,18611,357575,2021-09-01
18612,18612,868270,2024-01-12
18613,18613,271943,2020-10-12
18614,18614,613371,2023-12-14
18615,18615,713179,2022-11-10
18616,18616,1324986,2021-09-01
18617,18617,1310005,2023-03-10
18618,18618,957645,2022-03-20
18619,18619,1368192,2019-09-28
18620,18620,364944,2021-04-25
18621,18621,509481,2023-12-11
18622,18622,802921,2022-08-26
18623,18623,965851,2021-10-17
18624,18624,1437378,2021-08-20
18625,18625,448537,2019-10-25
18626,18626,1315556,2023-12-04
18627,18627,655077,2020-11-14
18628,18628,360707,2020-12-31
18629,18629,1084005,2020-05-08
18630,18630,527272,2018-04-14
18631,18631,372373,2018-02-16
18632,18632,461103,2022-11-14
18633,18633,1383721,2020-01-29
18634,18634,680613,2024-12-24
18635,18635,619170,2021-11-19
18636,18636,1076582,2018-04-14
18637,18637,695573,2021-08-17
18638,18638,630328,2024-08-04
18639,18639,996972,2021-11-10
18640,18640,1097284,2021-09-11
18641,18641,615653,2023-06-09
18642,18642,1443765,2023-03-03
18643,18643,671782,2021-01-25
18644,18644,1243304,2022-11-01
18645,18645,1091382,2018-03-31
18646,18646,377713,2024-06-19
18647,18647,841936,2024-11-01
18648,18648,1302853,2024-09-15
18649,18649,981604,2018-10-28
18650,18650,807014,2022-12-13
18651,18651,1363123,2021-01-28
18652,18652,358260,2020-11-10
18653,18653,571704,2023-04-29
18654,18654,334225,2018-04-28
18655,18655,51474,2022-05-11
18656,18656,884001,2020-01-20
18657,18657,746295,2024-09-27
18658,18658,1403517,2020-10-28
18659,18659,492966,2021-03-10
18660,18660,1144473,2023-08-21
18661,18661,563844,2022-05-23
18662,18662,1121084,2021-12-07
18663,18663,226132,2024-05-10
18664,18664,405552,2023-11-27
18665,18665,1172080,2024-01-14
18666,18666,1062251,2019-03-28
18667,18667,1159450,2021-03-08
18668,18668,383960,2024-06-21
18669,18669,656849,2022-03-25
18670,18670,597115,2024-03-27
18671,18671,893737,2021-09-03
18672,18672,1384794,2024-07-27
18673,18673,297786,2022-08-01
18674,18674,1268739,2024-12-22
18675,18675,263208,2022-12-10
18676,18676,838391,2021-05-08
18677,18677,596245,2019-09-07
18678,18678,135856,2018-04-07
18679,18679,668703,2018-04-18
18680,18680,878604,2024-01-31
18681,18681,662103,2022-11-13
18682,18682,900135,2020-04-13
18683,18683,749152,2020-04-26
18684,18684,79607,2021-03-01
18685,18685,1355291,2019-01-03
18686,18686,745860,2021-01-11
18687,18687,1176602,2020-06-21
18688,18688,58294,2023-12-29
18689,18689,1416579,2020-11-27
18690,18690,1302695,2021-04-26
18691,18691,1316660,2018-12-20
18692,18692,1040638,2024-05-30
18693,18693,870347,2024-09-25
18694,18694,219673,2023-01-09
18695,18695,1007284,2018-10-05
18696,18696,750475,2023-12-05
18697,18697,845241,2021-11-18
18698,18698,331179,2020-02-22
18699,18699,1250455,2023-05-04
18700,18700,361716,2024-10-09
18701,18701,1087719,2018-12-16
18702,18702,411060,2022-11-07
18703,18703,787047,2019-01-17
18704,18704,601084,2019-12-27
18705,18705,564649,2018-02-27
18706,18706,1448240,2022-05-04
18707,18707,201655,2021-07-27
18708,18708,942446,2018-07-12
18709,18709,371023,2021-07-18
18710,18710,814324,2023-06-24
18711,18711,1051817,2022-09-11
18712,18712,1432784,2018-09-15
18713,18713,420111,2023-01-22
18714,18714,519617,2022-08-26
18715,18715,70081,2023-09-17
18716,18716,185372,2019-12-15
18717,18717,1238286,2020-04-02
18718,18718,514242,2021-12-03
18719,18719,543516,2022-04-29
18720,18720,1097898,2022-09-07
18721,18721,725169,2023-10-10
18722,18722,889197,2022-06-15
18723,18723,767481,2023-10-04
18724,18724,908191,2018-05-07
18725,18725,408838,2022-05-30
18726,18726,207434,2023-10-04
18727,18727,1465967,2018-04-17
18728,18728,1322542,2020-09-15
18729,18729,1435124,2019-05-09
18730,18730,129845,2022-07-08
18731,18731,665728,2020-01-24
18732,18732,1273171,2024-02-12
18733,18733,978012,2020-10-26
18734,18734,795829,2021-05-03
18735,18735,474522,2024-02-28
18736,18736,964212,2018-04-14
18737,18737,1289717,2019-08-12
18738,18738,1290362,2021-10-10
18739,18739,190411,2023-09-07
18740,18740,680086,2018-03-24
18741,18741,964093,2022-07-18
18742,18742,1187258,2023-04-05
18743,18743,278770,2024-02-29
18744,18744,336949,2019-09-15
18745,18745,1224858,2023-10-04
18746,18746,158550,2022-09-21
18747,18747,153096,2021-03-19
18748,18748,412159,2023-09-07
18749,18749,514360,2023-04-24
18750,18750,1320372,2021-02-28
18751,18751,1178506,2019-12-11
18752,18752,380683,2022-06-29
18753,18753,643127,2018-10-05
18754,18754,326659,2021-08-26
18755,18755,222062,2023-09-03
18756,18756,886352,2020-12-07
18757,18757,1022255,2018-02-02
18758,18758,1186559,2019-12-03
18759,18759,578777,2022-12-31
18760,18760,849186,2023-04-05
18761,18761,90551,2019-06-11
18762,18762,385534,2019-05-09
18763,18763,1488581,2018-06-02
18764,18764,1421287,2024-11-10
18765,18765,416982,2020-05-17
18766,18766,550477,2022-09-21
18767,18767,833318,2023-11-23
18768,18768,351271,2018-04-11
18769,18769,535026,2022-09-14
18770,18770,742256,2022-12-03
18771,18771,1237560,2023-04-18
18772,18772,1095677,2020-01-28
18773,18773,846829,2019-08-13
18774,18774,817692,2021-09-26
18775,18775,437469,2022-11-29
18776,18776,642791,2024-05-08
18777,18777,365693,2018-01-09
18778,18778,480967,2024-02-16
18779,18779,1476473,2018-05-19
18780,18780,502870,2018-04-27
18781,18781,432905,2021-12-29
18782,18782,1155129,2019-02-03
18783,18783,276875,2020-03-19
18784,18784,748066,2018-10-24
18785,18785,495137,2018-02-16
18786,18786,927333,2023-08-19
18787,18787,169850,2023-03-19
18788,18788,88963,2024-11-05
18789,18789,1318116,2021-04-02
18790,18790,422411,2019-09-18
18791,18791,367746,2024-06-03
18792,18792,1053719,2024-07-11
18793,18793,831888,2018-09-22
18794,18794,1411362,2019-09-08
18795,18795,1166545,2019-07-11
18796,18796,576251,2020-09-29
18797,18797,1335937,2022-06-01
18798,18798,1042715,2019-03-06
18799,18799,1409926,2024-05-29
18800,18800,148042,2018-06-26
18801,18801,796344,2019-08-24
18802,18802,642031,2022-08-30
18803,18803,846007,2021-07-07
18804,18804,1389171,2018-09-06
18805,18805,842041,2019-06-01
18806,18806,1031540,2019-05-18
18807,18807,72228,2019-11-30
18808,18808,1180926,2020-03-20
18809,18809,1011694,2021-01-15
18810,18810,191615,2019-07-19
18811,18811,1262124,2021-03-13
18812,18812,1010655,2018-02-16
18813,18813,1411071,2022-01-29
18814,18814,952535,2022-09-27
18815,18815,112008,2018-09-05
18816,18816,1293963,2019-12-31
18817,18817,581996,2018-02-01
18818,18818,284889,2024-10-26
18819,18819,506846,2018-01-22
18820,18820,1281715,2018-04-08
18821,18821,1205316,2024-02-14
18822,18822,807478,2018-02-03
18823,18823,1387307,2022-10-26
18824,18824,482220,2022-01-29
18825,18825,1142780,2023-04-14
18826,18826,228530,2021-08-31
18827,18827,794963,2019-10-11
18828,18828,1044436,2021-06-26
18829,18829,556306,2023-04-22
18830,18830,682567,2023-11-22
18831,18831,1299483,2021-07-02
18832,18832,349927,2018-04-27
18833,18833,59914,2018-11-20
18834,18834,431698,2020-05-13
18835,18835,1344889,2023-09-26
18836,18836,1041557,2019-06-16
18837,18837,383827,2023-01-18
18838,18838,1403003,2021-10-30
18839,18839,345731,2021-06-08
18840,18840,1448250,2019-08-25
18841,18841,303173,2019-12-18
18842,18842,1153139,2021-09-20
18843,18843,97511,2019-07-14
18844,18844,1189877,2018-04-27
18845,18845,1405003,2018-03-21
18846,18846,924771,2023-08-24
18847,18847,203427,2020-09-10
18848,18848,805327,2024-01-30
18849,18849,260636,2024-06-23
18850,18850,1180005,2019-07-16
18851,18851,1261614,2021-07-21
18852,18852,261460,2020-12-19
18853,18853,741705,2024-06-02
18854,18854,879052,2020-06-03
18855,18855,896010,2023-12-05
18856,18856,833576,2023-08-07
18857,18857,487458,2019-06-08
18858,18858,129313,2021-11-04
18859,18859,1269111,2020-02-08
18860,18860,386995,2018-05-26
18861,18861,562413,2021-07-19
18862,18862,926710,2022-07-31
18863,18863,1391661,2021-06-11
18864,18864,158414,2019-10-17
18865,18865,777564,2018-10-22
18866,18866,187344,2019-05-28
18867,18867,1008846,2021-04-26
18868,18868,367872,2019-07-26
18869,18869,1228309,2022-05-17
18870,18870,1051599,2021-06-27
18871,18871,1168186,2024-05-14
18872,18872,435444,2022-01-23
18873,18873,306840,2024-08-18
18874,18874,998790,2023-11-05
18875,18875,343893,2024-05-08
18876,18876,1108045,2018-08-15
18877,18877,1258357,2022-06-10
18878,18878,1023696,2022-01-20
18879,18879,1091721,2020-11-23
18880,18880,575231,2024-03-10
18881,18881,1190830,2024-07-14
18882,18882,73324,2021-10-23
18883,18883,243531,2023-04-15
18884,18884,950513,2023-05-01
18885,18885,1351341,2024-08-24
18886,18886,1299952,2021-10-06
18887,18887,104809,2023-11-17
18888,18888,286885,2022-01-25
18889,18889,173096,2019-09-10
18890,18890,291607,2021-04-07
18891,18891,1343566,2021-03-07
18892,18892,84466,2021-08-15
18893,18893,1394625,2019-06-02
18894,18894,365585,2022-11-28
18895,18895,1444286,2021-01-23
18896,18896,1182862,2018-10-31
18897,18897,917020,2024-09-25
18898,18898,1070444,2020-11-20
18899,18899,1059129,2018-07-08
18900,18900,1368553,2020-07-17
18901,18901,208136,2021-10-30
18902,18902,1398941,2019-05-02
18903,18903,1288574,2023-02-09
18904,18904,634116,2022-03-12
18905,18905,716818,2024-12-02
18906,18906,876577,2023-02-01
18907,18907,539018,2024-07-26
18908,18908,1362443,2020-05-03
18909,18909,245131,2019-07-08
18910,18910,1495529,2024-01-18
18911,18911,1002819,2019-07-06
18912,18912,1280028,2020-05-03
18913,18913,672968,2019-04-25
18914,18914,1364728,2023-03-04
18915,18915,368197,2021-05-15
18916,18916,222475,2021-05-08
18917,18917,1455731,2021-12-29
18918,18918,1498228,2021-07-08
18919,18919,706668,2023-02-17
18920,18920,1019847,2018-05-16
18921,18921,540390,2020-12-30
18922,18922,982544,2023-09-01
18923,18923,1394808,2018-01-31
18924,18924,996280,2021-01-22
18925,18925,172013,2023-06-11
18926,18926,419165,2022-01-04
18927,18927,1182578,2021-02-04
18928,18928,305005,2023-04-01
18929,18929,632928,2020-10-24
18930,18930,1118140,2021-01-27
18931,18931,943411,2022-05-31
18932,18932,734833,2022-05-28
18933,18933,878988,2023-08-30
18934,18934,280088,2021-06-10
18935,18935,1211870,2020-03-01
18936,18936,608700,2024-01-13
18937,18937,807440,2021-04-25
18938,18938,75351,2022-06-02
18939,18939,1017036,2021-01-17
18940,18940,327921,2020-08-12
18941,18941,546484,2022-05-30
18942,18942,527693,2024-12-27
18943,18943,1373556,2020-01-05
18944,18944,558453,2018-10-20
18945,18945,1203777,2024-10-29
18946,18946,864550,2021-10-18
18947,18947,94387,2019-12-27
18948,18948,872102,2023-05-25
18949,18949,973120,2022-08-16
18950,18950,1363211,2024-11-09
18951,18951,738958,2020-05-28
18952,18952,1084464,2022-05-18
18953,18953,956057,2023-11-24
18954,18954,856628,2021-10-08
18955,18955,712458,2020-09-14
18956,18956,638306,2022-10-09
18957,18957,906861,2023-12-06
18958,18958,581237,2020-04-09
18959,18959,527002,2022-01-06
18960,18960,731067,2021-01-07
18961,18961,787484,2018-10-06
18962,18962,239698,2024-08-26
18963,18963,331862,2024-03-28
18964,18964,593495,2024-01-29
18965,18965,1090890,2022-01-19
18966,18966,1218644,2018-02-24
18967,18967,1483325,2024-06-09
18968,18968,1115370,2021-12-31
18969,18969,919110,2024-12-20
18970,18970,360878,2018-10-21
18971,18971,1358846,2019-04-01
18972,18972,1146103,2023-10-21
18973,18973,310304,2022-01-06
18974,18974,1165410,2024-06-11
18975,18975,1248610,2018-07-13
18976,18976,309962,2022-01-25
18977,18977,120166,2020-04-10
18978,18978,1286263,2021-04-07
18979,18979,314157,2021-04-23
18980,18980,1437895,2018-07-16
18981,18981,1348141,2019-04-01
18982,18982,982472,2019-06-06
18983,18983,1307802,2022-05-19
18984,18984,1074965,2022-08-29
18985,18985,359159,2022-01-28
18986,18986,1362441,2021-01-20
18987,18987,337562,2018-10-01
18988,18988,559375,2019-10-29
18989,18989,761582,2019-02-20
18990,18990,560739,2021-01-14
18991,18991,1062598,2021-09-19
18992,18992,1112544,2022-08-20
18993,18993,339751,2023-11-16
18994,18994,802376,2020-07-31
18995,18995,257933,2021-01-28
18996,18996,496742,2024-06-29
18997,18997,1042214,2019-04-07
18998,18998,1349650,2021-11-27
18999,18999,782009,2021-04-11
19000,19000,774538,2019-04-10
19001,19001,162907,2020-05-06
19002,19002,312134,2023-05-12
19003,19003,383767,2022-01-12
19004,19004,260436,2024-07-03
19005,19005,264162,2020-10-28
19006,19006,1203175,2019-06-01
19007,19007,1084482,2023-10-27
19008,19008,923662,2019-08-27
19009,19009,360541,2024-09-08
19010,19010,478698,2020-09-09
19011,19011,1186023,2021-08-11
19012,19012,402239,2020-03-17
19013,19013,220837,2019-11-08
19014,19014,749645,2024-02-11
19015,19015,1036616,2024-11-10
19016,19016,567438,2023-04-20
19017,19017,1091463,2021-04-02
19018,19018,470571,2024-03-05
19019,19019,829685,2022-05-16
19020,19020,144748,2020-10-11
19021,19021,1081826,2024-04-15
19022,19022,825563,2020-03-17
19023,19023,619029,2020-09-27
19024,19024,248640,2022-01-16
19025,19025,865909,2020-11-11
19026,19026,1129208,2021-08-26
19027,19027,602887,2019-04-01
19028,19028,421360,2022-09-12
19029,19029,1483619,2023-01-20
19030,19030,573633,2023-05-03
19031,19031,962044,2018-11-21
19032,19032,800888,2018-04-21
19033,19033,501744,2018-10-08
19034,19034,440079,2020-03-10
19035,19035,588179,2024-06-02
19036,19036,955766,2018-04-12
19037,19037,598567,2024-05-25
19038,19038,417766,2018-05-24
19039,19039,490160,2023-10-11
19040,19040,522291,2020-09-06
19041,19041,153376,2020-09-25
19042,19042,984970,2022-11-23
19043,19043,924383,2022-11-09
19044,19044,558411,2018-09-06
19045,19045,656653,2020-03-07
19046,19046,1062821,2020-07-15
19047,19047,327767,2023-05-16
19048,19048,669923,2019-06-02
19049,19049,1478138,2018-09-26
19050,19050,353486,2024-07-29
19051,19051,1456916,2022-12-08
19052,19052,1239522,2022-12-31
19053,19053,911875,2019-07-28
19054,19054,1404548,2021-04-26
19055,19055,447927,2024-12-23
19056,19056,84489,2022-09-27
19057,19057,1125656,2022-10-30
19058,19058,1370137,2020-11-01
19059,19059,1040276,2021-10-22
19060,19060,1269737,2022-10-19
19061,19061,1208824,2020-08-19
19062,19062,943568,2023-05-06
19063,19063,1240416,2020-03-26
19064,19064,1108122,2023-08-01
19065,19065,519759,2021-10-06
19066,19066,117251,2020-07-26
19067,19067,1112209,2024-03-11
19068,19068,698876,2022-04-11
19069,19069,355005,2022-05-24
19070,19070,113009,2024-03-16
19071,19071,881540,2022-08-31
19072,19072,1499203,2022-08-09
19073,19073,336599,2020-01-22
19074,19074,127884,2020-05-03
19075,19075,669327,2018-08-31
19076,19076,112372,2019-06-21
19077,19077,108616,2019-04-22
19078,19078,742462,2022-02-01
19079,19079,784516,2022-06-07
19080,19080,1227101,2021-03-24
19081,19081,683406,2024-10-25
19082,19082,722786,2021-04-01
19083,19083,1488037,2019-12-18
19084,19084,649705,2018-12-24
19085,19085,703025,2020-03-11
19086,19086,748897,2020-06-23
19087,19087,936749,2022-07-25
19088,19088,627968,2023-05-19
19089,19089,1245830,2020-06-08
19090,19090,60137,2019-11-25
19091,19091,1279962,2018-01-07
19092,19092,274288,2021-03-21
19093,19093,937633,2018-10-30
19094,19094,163198,2018-03-17
19095,19095,385079,2019-06-05
19096,19096,593596,2020-10-07
19097,19097,84011,2023-02-08
19098,19098,1002975,2020-08-15
19099,19099,970439,2023-02-24
19100,19100,1417656,2021-11-15
19101,19101,1257640,2021-03-20
19102,19102,561659,2018-04-29
19103,19103,402947,2019-03-07
19104,19104,792790,2018-10-30
19105,19105,538406,2018-09-12
19106,19106,996432,2024-10-17
19107,19107,1008493,2019-01-13
19108,19108,944389,2023-10-03
19109,19109,1438359,2023-05-13
19110,19110,52330,2024-06-08
19111,19111,1194561,2020-06-16
19112,19112,922070,2019-07-28
19113,19113,93637,2020-05-14
19114,19114,150248,2020-10-08
19115,19115,1315057,2021-10-25
19116,19116,285610,2022-09-02
19117,19117,171647,2022-03-26
19118,19118,1371228,2022-06-27
19119,19119,733524,2022-07-01
19120,19120,525147,2024-10-17
19121,19121,1056041,2024-05-23
19122,19122,1488179,2019-10-05
19123,19123,1135545,2019-04-04
19124,19124,252566,2019-11-24
19125,19125,625191,2022-03-13
19126,19126,864844,2019-08-19
19127,19127,67398,2020-05-06
19128,19128,992960,2024-06-24
19129,19129,1332742,2021-01-01
19130,19130,1220426,2022-04-16
19131,19131,893654,2020-10-04
19132,19132,1488711,2021-11-09
19133,19133,914698,2021-02-16
19134,19134,654707,2024-04-20
19135,19135,402617,2024-09-24
19136,19136,632871,2024-12-10
19137,19137,636707,2018-12-11
19138,19138,1497817,2022-05-10
19139,19139,649493,2020-05-20
19140,19140,845529,2021-08-13
19141,19141,165147,2022-04-05
19142,19142,1407073,2018-02-12
19143,19143,1328454,2024-06-06
19144,19144,396430,2022-03-19
19145,19145,371382,2024-09-15
19146,19146,975394,2023-12-03
19147,19147,924853,2022-04-29
19148,19148,751791,2019-04-23
19149,19149,1322727,2020-04-30
19150,19150,980767,2023-01-21
19151,19151,1344580,2022-07-08
19152,19152,654086,2019-07-08
19153,19153,862116,2022-03-05
19154,19154,149790,2023-12-30
19155,19155,203325,2019-08-19
19156,19156,470925,2019-11-21
19157,19157,1210066,2020-10-22
19158,19158,956366,2024-03-23
19159,19159,289556,2023-04-17
19160,19160,1202837,2020-02-04
19161,19161,672427,2024-08-22
19162,19162,137823,2023-10-01
19163,19163,124584,2021-04-06
19164,19164,635371,2023-08-04
19165,19165,1494957,2021-11-01
19166,19166,990153,2021-08-17
19167,19167,842339,2021-03-30
19168,19168,1187523,2022-05-08
19169,19169,1342653,2023-03-14
19170,19170,250007,2022-07-30
19171,19171,181348,2021-10-10
19172,19172,390511,2020-10-06
19173,19173,504417,2024-10-17
19174,19174,489350,2023-08-03
19175,19175,310340,2022-11-19
19176,19176,1378150,2023-11-09
19177,19177,165531,2024-07-31
19178,19178,621115,2019-01-02
19179,19179,424750,2018-09-03
19180,19180,935331,2022-06-30
19181,19181,919286,2021-05-20
19182,19182,406601,2022-04-13
19183,19183,1438034,2019-11-12
19184,19184,550139,2022-09-13
19185,19185,1183055,2018-03-03
19186,19186,1416803,2018-03-20
19187,19187,84464,2022-09-09
19188,19188,146611,2020-08-24
19189,19189,683095,2023-08-28
19190,19190,1131690,2021-07-09
19191,19191,1375374,2023-11-27
19192,19192,1278671,2022-01-23
19193,19193,976233,2019-12-06
19194,19194,359283,2020-09-09
19195,19195,204061,2022-03-01
19196,19196,207569,2024-09-11
19197,19197,1025127,2023-09-23
19198,19198,1035685,2019-03-02
19199,19199,742399,2020-05-22
19200,19200,690790,2024-09-30
19201,19201,633509,2020-10-31
19202,19202,1059383,2021-06-06
19203,19203,1159763,2021-10-12
19204,19204,756936,2020-12-28
19205,19205,1424579,2023-09-26
19206,19206,1414454,2018-01-18
19207,19207,57149,2023-04-09
19208,19208,772106,2023-01-19
19209,19209,1050910,2020-07-08
19210,19210,1062265,2020-09-06
19211,19211,295345,2023-12-29
19212,19212,1263409,2021-07-29
19213,19213,1496100,2022-10-19
19214,19214,244774,2019-06-09
19215,19215,1051672,2018-01-31
19216,19216,260359,2019-12-12
19217,19217,649138,2022-11-04
19218,19218,369247,2022-11-09
19219,19219,1418894,2023-05-07
19220,19220,1468650,2019-01-16
19221,19221,1116708,2020-07-20
19222,19222,448036,2021-07-22
19223,19223,622720,2023-02-11
19224,19224,517290,2023-09-21
19225,19225,1120747,2024-10-31
19226,19226,710681,2018-01-15
19227,19227,463871,2021-09-18
19228,19228,435769,2021-12-02
19229,19229,655957,2024-12-05
19230,19230,1444051,2019-08-03
19231,19231,765808,2020-10-21
19232,19232,1324976,2022-05-16
19233,19233,884981,2022-09-03
19234,19234,1322594,2019-06-24
19235,19235,218358,2022-04-11
19236,19236,1068915,2024-04-30
19237,19237,948877,2024-10-31
19238,19238,117633,2024-07-06
19239,19239,561490,2018-11-18
19240,19240,307841,2021-11-10
19241,19241,452150,2019-01-07
19242,19242,1488520,2018-08-26
19243,19243,333850,2020-11-01
19244,19244,734636,2021-04-12
19245,19245,1145542,2018-07-04
19246,19246,325422,2024-07-27
19247,19247,832584,2022-06-08
19248,19248,682430,2023-10-17
19249,19249,236824,2022-08-03
19250,19250,901504,2020-06-14
19251,19251,166118,2018-05-14
19252,19252,588840,2018-11-19
19253,19253,1070217,2020-04-04
19254,19254,1212875,2021-08-03
19255,19255,225603,2021-02-02
19256,19256,1381709,2021-09-05
19257,19257,1039474,2019-09-18
19258,19258,1468029,2018-03-21
19259,19259,820084,2023-05-22
19260,19260,208935,2019-08-29
19261,19261,1488546,2022-05-03
19262,19262,1301613,2024-12-04
19263,19263,595824,2021-11-17
19264,19264,1268204,2023-11-14
19265,19265,1143893,2018-04-03
19266,19266,1060143,2018-07-19
19267,19267,336529,2023-08-12
19268,19268,1470872,2022-09-08
19269,19269,837942,2023-02-09
19270,19270,514087,2021-12-23
19271,19271,1258198,2020-07-02
19272,19272,280749,2023-04-15
19273,19273,1415522,2020-07-05
19274,19274,563604,2022-09-29
19275,19275,98227,2021-05-22
19276,19276,1208585,2023-03-25
19277,19277,849083,2018-08-19
19278,19278,75623,2024-05-10
19279,19279,342958,2023-03-31
19280,19280,1194450,2018-07-10
19281,19281,185973,2024-07-28
19282,19282,309188,2022-02-18
19283,19283,754963,2020-06-13
19284,19284,186038,2018-09-02
19285,19285,1010575,2023-06-17
19286,19286,792718,2024-11-21
19287,19287,1134594,2022-10-21
19288,19288,1084977,2020-05-09
19289,19289,155473,2024-01-22
19290,19290,449329,2024-09-04
19291,19291,791522,2018-09-23
19292,19292,513976,2019-03-22
19293,19293,475239,2021-09-09
19294,19294,1302251,2022-05-08
19295,19295,807414,2023-11-29
19296,19296,1196870,2020-07-28
19297,19297,1303993,2018-12-26
19298,19298,231172,2020-09-09
19299,19299,466202,2022-12-20
19300,19300,163688,2023-08-08
19301,19301,1110319,2019-03-23
19302,19302,607656,2023-09-13
19303,19303,102308,2020-05-23
19304,19304,611293,2018-01-16
19305,19305,1382245,2018-01-16
19306,19306,659961,2021-04-04
19307,19307,416989,2021-03-06
19308,19308,1477598,2020-07-27
19309,19309,173819,2020-12-26
19310,19310,517512,2018-02-28
19311,19311,513281,2020-05-12
19312,19312,1422326,2023-03-16
19313,19313,909927,2022-08-05
19314,19314,856029,2020-10-26
19315,19315,1133593,2022-11-07
19316,19316,1083809,2024-04-15
19317,19317,1265698,2020-03-23
19318,19318,693054,2022-06-07
19319,19319,1230198,2024-06-21
19320,19320,277741,2023-06-23
19321,19321,1499189,2019-03-19
19322,19322,203882,2021-05-17
19323,19323,1495625,2023-04-16
19324,19324,353332,2020-11-24
19325,19325,443371,2022-07-11
19326,19326,861668,2020-01-21
19327,19327,1017999,2024-03-09
19328,19328,930107,2021-12-04
19329,19329,1401220,2023-05-06
19330,19330,1169250,2023-07-15
19331,19331,1149856,2022-10-25
19332,19332,935566,2024-10-21
19333,19333,764134,2024-12-29
19334,19334,438514,2024-11-21
19335,19335,722220,2023-02-02
19336,19336,291243,2023-04-23
19337,19337,538893,2021-11-12
19338,19338,501152,2022-03-06
19339,19339,896671,2024-06-15
19340,19340,126401,2021-09-30
19341,19341,520110,2024-10-14
19342,19342,253666,2024-08-10
19343,19343,375779,2023-06-25
19344,19344,1355831,2019-05-13
19345,19345,643493,2020-11-12
19346,19346,385031,2021-03-09
19347,19347,314619,2018-05-28
19348,19348,797380,2023-12-10
19349,19349,501452,2021-01-10
19350,19350,229937,2021-05-08
19351,19351,538564,2020-10-14
19352,19352,1333435,2024-12-15
19353,19353,1173321,2023-11-23
19354,19354,819326,2024-12-30
19355,19355,951256,2020-04-20
19356,19356,1261372,2019-09-22
19357,19357,334422,2021-01-22
19358,19358,524987,2024-08-06
19359,19359,984387,2019-10-08
19360,19360,1371939,2023-04-02
19361,19361,627970,2021-03-12
19362,19362,625012,2021-09-29
19363,19363,825198,2020-06-14
19364,19364,974316,2018-06-04
19365,19365,178727,2023-05-07
19366,19366,835203,2020-10-01
19367,19367,1026210,2018-09-21
19368,19368,737995,2021-11-03
19369,19369,704100,2022-10-14
19370,19370,1124246,2021-02-24
19371,19371,1080221,2024-01-18
19372,19372,1307604,2019-09-07
19373,19373,284544,2023-05-05
19374,19374,306047,2020-06-21
19375,19375,1025871,2023-06-09
19376,19376,487998,2022-08-13
19377,19377,1205067,2024-08-01
19378,19378,189253,2021-09-13
19379,19379,569585,2022-11-06
19380,19380,1152471,2023-08-31
19381,19381,1132918,2020-01-26
19382,19382,736435,2019-09-27
19383,19383,826752,2019-01-07
19384,19384,506604,2023-06-09
19385,19385,769522,2022-03-18
19386,19386,1009909,2019-01-02
19387,19387,614480,2019-04-07
19388,19388,168806,2021-11-23
19389,19389,593139,2021-03-30
19390,19390,897309,2024-12-29
19391,19391,1040876,2024-02-14
19392,19392,1175133,2024-11-14
19393,19393,915445,2022-09-02
19394,19394,674888,2022-08-14
19395,19395,336318,2021-11-19
19396,19396,217052,2024-01-28
19397,19397,1459568,2023-01-11
19398,19398,303714,2024-04-18
19399,19399,196431,2023-09-12
19400,19400,988073,2022-10-21
19401,19401,289788,2021-09-01
19402,19402,1297579,2018-11-02
19403,19403,1360512,2022-08-01
19404,19404,669151,2022-06-01
19405,19405,474379,2023-11-02
19406,19406,718499,2024-05-29
19407,19407,446562,2019-04-30
19408,19408,902974,2019-10-14
19409,19409,1408471,2018-06-12
19410,19410,50278,2021-11-12
19411,19411,1174588,2018-02-12
19412,19412,1285405,2021-09-30
19413,19413,1458407,2021-06-12
19414,19414,1481431,2018-02-06
19415,19415,366554,2022-01-13
19416,19416,756417,2021-06-08
19417,19417,811078,2019-01-12
19418,19418,213910,2020-04-29
19419,19419,306397,2023-09-12
19420,19420,693887,2018-03-11
19421,19421,590502,2024-10-04
19422,19422,420694,2023-12-06
19423,19423,879880,2021-08-01
19424,19424,140548,2023-10-19
19425,19425,888020,2018-09-28
19426,19426,1283293,2020-08-06
19427,19427,1088692,2020-06-02
19428,19428,272215,2019-11-14
19429,19429,774299,2024-05-06
19430,19430,368660,2021-12-12
19431,19431,172685,2024-06-13
19432,19432,833704,2019-01-09
19433,19433,221810,2022-10-28
19434,19434,725047,2024-07-31
19435,19435,973855,2020-07-30
19436,19436,707633,2019-02-28
19437,19437,502105,2023-02-08
19438,19438,691846,2021-07-29
19439,19439,201177,2019-04-05
19440,19440,1203561,2020-08-18
19441,19441,504989,2022-10-25
19442,19442,1354768,2022-12-05
19443,19443,1238743,2018-09-16
19444,19444,262120,2019-09-29
19445,19445,338604,2023-11-30
19446,19446,469214,2020-01-30
19447,19447,1259158,2021-06-15
19448,19448,571020,2022-10-09
19449,19449,645350,2021-03-22
19450,19450,457090,2018-03-05
19451,19451,322312,2020-01-23
19452,19452,874823,2020-07-31
19453,19453,1150103,2022-07-30
19454,19454,1105896,2023-02-12
19455,19455,1306780,2024-03-15
19456,19456,1444800,2023-12-22
19457,19457,1300667,2021-08-15
19458,19458,805255,2021-09-26
19459,19459,1203627,2023-05-19
19460,19460,1056226,2023-11-29
19461,19461,103630,2021-09-20
19462,19462,249754,2018-12-20
19463,19463,1047441,2020-01-10
19464,19464,1043659,2018-07-01
19465,19465,375234,2020-05-15
19466,19466,1463302,2021-09-27
19467,19467,526442,2021-07-06
19468,19468,413583,2023-08-22
19469,19469,1389511,2019-04-29
19470,19470,165701,2021-06-28
19471,19471,1469419,2022-10-06
19472,19472,866933,2018-06-09
19473,19473,1385744,2024-02-06
19474,19474,466638,2019-06-01
19475,19475,112771,2022-01-31
19476,19476,1315331,2023-11-14
19477,19477,687384,2022-09-06
19478,19478,1035156,2023-02-19
19479,19479,1355335,2020-09-03
19480,19480,1216770,2021-04-07
19481,19481,541514,2019-04-27
19482,19482,652006,2018-02-15
19483,19483,427671,2020-01-01
19484,19484,929052,2021-05-07
19485,19485,317161,2019-05-25
19486,19486,664744,2020-11-28
19487,19487,1079805,2019-07-25
19488,19488,613337,2024-06-24
19489,19489,803634,2019-07-16
19490,19490,295567,2019-01-08
19491,19491,290254,2022-09-25
19492,19492,1041794,2021-07-19
19493,19493,537308,2020-01-01
19494,19494,843213,2024-07-21
19495,19495,1491287,2024-11-23
19496,19496,1103587,2021-12-09
19497,19497,355787,2019-07-15
19498,19498,197331,2019-09-16
19499,19499,1348909,2020-04-20
19500,19500,310109,2020-02-02
19501,19501,399822,2020-01-01
19502,19502,1112652,2024-12-29
19503,19503,591560,2018-05-27
19504,19504,453527,2023-10-07
19505,19505,970152,2019-06-10
19506,19506,1362433,2022-12-11
19507,19507,242581,2024-03-03
19508,19508,326222,2020-10-24
19509,19509,235317,2019-03-17
19510,19510,935872,2019-09-06
19511,19511,1430241,2019-01-07
19512,19512,1056332,2023-11-07
19513,19513,60335,2019-01-01
19514,19514,1301128,2022-09-08
19515,19515,1130863,2018-04-14
19516,19516,629470,2024-02-21
19517,19517,459019,2024-12-15
19518,19518,588959,2020-05-03
19519,19519,869551,2022-06-22
19520,19520,823944,2018-06-11
19521,19521,1142223,2021-12-03
19522,19522,646296,2023-07-23
19523,19523,106831,2020-10-18
19524,19524,433612,2023-01-27
19525,19525,674780,2021-12-01
19526,19526,845195,2021-01-29
19527,19527,261511,2021-10-09
19528,19528,892728,2022-10-26
19529,19529,285148,2023-01-06
19530,19530,1009157,2022-08-25
19531,19531,526457,2022-03-09
19532,19532,303549,2021-04-06
19533,19533,127858,2021-05-23
19534,19534,1249777,2024-12-11
19535,19535,1200089,2020-06-06
19536,19536,335745,2021-01-16
19537,19537,590503,2023-09-24
19538,19538,282438,2023-10-27
19539,19539,1182985,2021-09-28
19540,19540,1468969,2024-08-08
19541,19541,1159076,2023-10-17
19542,19542,1027414,2020-07-01
19543,19543,348094,2020-06-06
19544,19544,1174290,2018-03-02
19545,19545,602431,2022-08-02
19546,19546,1260221,2019-12-24
19547,19547,755984,2022-06-27
19548,19548,999216,2019-12-29
19549,19549,898793,2019-08-15
19550,19550,452514,2024-01-22
19551,19551,1175780,2019-09-12
19552,19552,118043,2024-12-12
19553,19553,1282064,2022-11-06
19554,19554,510512,2022-11-13
19555,19555,756337,2020-04-13
19556,19556,953431,2023-05-18
19557,19557,1141972,2024-08-04
19558,19558,864379,2019-06-15
19559,19559,625525,2023-03-10
19560,19560,393266,2022-05-27
19561,19561,1100943,2024-03-06
19562,19562,800272,2020-08-22
19563,19563,1260174,2018-07-07
19564,19564,699996,2019-08-10
19565,19565,410379,2022-05-10
19566,19566,1016867,2021-09-20
19567,19567,1327166,2019-07-24
19568,19568,558929,2023-12-22
19569,19569,1379297,2020-12-18
19570,19570,618625,2020-02-21
19571,19571,1156075,2023-03-26
19572,19572,1253688,2021-03-11
19573,19573,196226,2023-12-12
19574,19574,1450156,2024-05-31
19575,19575,1410031,2022-10-09
19576,19576,1009227,2022-07-31
19577,19577,1222200,2023-12-06
19578,19578,1000428,2019-03-16
19579,19579,864969,2018-08-06
19580,19580,495304,2020-08-19
19581,19581,1464940,2021-08-19
19582,19582,1258708,2023-08-08
19583,19583,190149,2020-05-23
19584,19584,403788,2021-12-28
19585,19585,1219193,2022-02-20
19586,19586,1165346,2022-09-20
19587,19587,237750,2023-12-25
19588,19588,248908,2024-10-24
19589,19589,108834,2024-03-06
19590,19590,1378304,2019-12-13
19591,19591,1184143,2019-04-09
19592,19592,488589,2023-03-06
19593,19593,837078,2023-07-26
19594,19594,1146294,2018-09-28
19595,19595,611974,2024-09-01
19596,19596,648113,2020-03-26
19597,19597,679993,2024-05-16
19598,19598,1277360,2024-05-23
19599,19599,359066,2023-04-01
19600,19600,838079,2018-10-15
19601,19601,532148,2024-03-11
19602,19602,163535,2019-01-08
19603,19603,715695,2024-03-31
19604,19604,518391,2019-09-05
19605,19605,1350114,2020-08-01
19606,19606,568330,2021-02-14
19607,19607,752373,2020-10-04
19608,19608,431849,2018-05-22
19609,19609,702848,2024-07-14
19610,19610,1114726,2024-07-18
19611,19611,631085,2024-10-11
19612,19612,742485,2024-04-11
19613,19613,108316,2019-10-17
19614,19614,1244618,2019-02-16
19615,19615,157524,2019-07-18
19616,19616,418740,2024-09-30
19617,19617,1308840,2022-08-12
19618,19618,712591,2021-01-02
19619,19619,1206520,2021-04-24
19620,19620,482474,2019-10-12
19621,19621,1025507,2019-05-31
19622,19622,541079,2023-03-08
19623,19623,1465778,2024-03-05
19624,19624,473483,2022-04-09
19625,19625,611491,2021-04-17
19626,19626,83727,2023-07-28
19627,19627,812279,2023-02-17
19628,19628,774508,2022-10-12
19629,19629,1339219,2021-03-21
19630,19630,1404707,2023-01-12
19631,19631,318923,2022-02-28
19632,19632,1292687,2018-12-09
19633,19633,644900,2023-01-08
19634,19634,606042,2021-12-26
19635,19635,550300,2019-08-07
19636,19636,469038,2024-02-21
19637,19637,1212670,2019-06-06
19638,19638,321220,2019-02-14
19639,19639,297588,2020-11-19
19640,19640,623089,2024-12-11
19641,19641,1367048,2023-02-25
19642,19642,187690,2024-01-26
19643,19643,1480600,2024-03-26
19644,19644,594583,2018-07-21
19645,19645,720358,2021-12-10
19646,19646,317212,2024-03-22
19647,19647,65363,2020-01-21
19648,19648,619874,2023-11-26
19649,19649,1157221,2021-01-31
19650,19650,975718,2020-03-31
19651,19651,58612,2018-01-25
19652,19652,58301,2023-02-03
19653,19653,1193056,2022-06-26
19654,19654,1479664,2023-05-20
19655,19655,1188073,2024-09-15
19656,19656,1374546,2021-09-03
19657,19657,231898,2022-07-03
19658,19658,77355,2022-08-14
19659,19659,1260747,2024-12-26
19660,19660,302952,2019-09-15
19661,19661,58579,2023-02-05
19662,19662,215385,2018-12-29
19663,19663,787137,2018-10-27
19664,19664,1223477,2019-05-23
19665,19665,784813,2018-12-13
19666,19666,402927,2020-12-18
19667,19667,561458,2021-02-09
19668,19668,327132,2021-08-26
19669,19669,466437,2020-09-01
19670,19670,1468847,2022-05-03
19671,19671,602237,2020-02-29
19672,19672,1354814,2021-01-22
19673,19673,399386,2020-01-14
19674,19674,249212,2024-11-03
19675,19675,1068370,2020-01-09
19676,19676,767847,2020-01-10
19677,19677,1054872,2022-04-24
19678,19678,918321,2024-01-16
19679,19679,330334,2019-04-05
19680,19680,804978,2019-12-13
19681,19681,1367098,2018-05-31
19682,19682,1031182,2019-06-20
19683,19683,163863,2024-11-25
19684,19684,50831,2022-08-31
19685,19685,1386581,2018-10-19
19686,19686,1498735,2020-03-18
19687,19687,1244243,2021-06-13
19688,19688,1249573,2019-06-06
19689,19689,666169,2021-09-15
19690,19690,418922,2024-08-28
19691,19691,344706,2021-10-11
19692,19692,216108,2024-05-16
19693,19693,887498,2020-10-22
19694,19694,53533,2021-05-08
19695,19695,921376,2024-01-11
19696,19696,167909,2018-03-01
19697,19697,1113665,2019-11-01
19698,19698,879999,2021-02-12
19699,19699,245414,2019-08-02
19700,19700,837994,2020-12-05
19701,19701,758847,2024-04-01
19702,19702,918033,2024-08-02
19703,19703,467438,2019-01-24
19704,19704,737723,2018-01-09
19705,19705,1173820,2018-08-26
19706,19706,841899,2023-04-03
19707,19707,1368591,2021-10-16
19708,19708,1406505,2024-03-24
19709,19709,80938,2023-11-14
19710,19710,1263048,2023-03-22
19711,19711,964225,2019-08-17
19712,19712,460101,2020-06-25
19713,19713,118642,2023-03-01
19714,19714,521866,2022-08-15
19715,19715,463512,2021-09-14
19716,19716,444031,2022-04-05
19717,19717,598409,2024-01-22
19718,19718,783948,2022-01-02
19719,19719,307837,2018-08-19
19720,19720,113860,2021-09-16
19721,19721,1117271,2022-08-20
19722,19722,77878,2021-07-30
19723,19723,263068,2023-06-26
19724,19724,686972,2018-11-12
19725,19725,76243,2020-01-05
19726,19726,574006,2018-09-27
19727,19727,657640,2024-03-12
19728,19728,423737,2019-08-13
19729,19729,306858,2020-12-19
19730,19730,1399499,2018-12-06
19731,19731,869662,2022-06-08
19732,19732,869043,2024-03-04
19733,19733,1408456,2022-03-06
19734,19734,667655,2023-04-18
19735,19735,119209,2021-08-07
19736,19736,524217,2019-06-10
19737,19737,1243240,2020-08-17
19738,19738,437606,2024-10-03
19739,19739,814570,2022-08-04
19740,19740,853766,2024-10-02
19741,19741,1142230,2020-07-31
19742,19742,333128,2019-08-13
19743,19743,557853,2024-11-14
19744,19744,558065,2022-06-26
19745,19745,281073,2024-12-24
19746,19746,1349789,2020-05-11
19747,19747,217691,2020-01-11
19748,19748,403125,2020-12-09
19749,19749,962959,2020-10-02
19750,19750,1455975,2021-09-05
19751,19751,1004702,2022-07-01
19752,19752,290005,2020-07-20
19753,19753,584466,2020-07-21
19754,19754,738132,2019-09-01
19755,19755,276834,2021-07-05
19756,19756,160356,2021-11-12
19757,19757,1248336,2020-02-11
19758,19758,313042,2018-09-20
19759,19759,1489257,2023-03-01
19760,19760,62805,2018-08-14
19761,19761,1102534,2020-03-21
19762,19762,1477072,2019-04-27
19763,19763,1472706,2019-11-24
19764,19764,1027069,2019-04-02
19765,19765,768608,2023-02-28
19766,19766,558680,2021-02-09
19767,19767,489670,2023-07-25
19768,19768,66810,2020-03-24
19769,19769,707766,2018-03-14
19770,19770,445807,2020-09-28
19771,19771,786374,2018-02-17
19772,19772,1113336,2024-11-27
19773,19773,1068713,2022-03-07
19774,19774,139009,2018-12-04
19775,19775,989221,2024-08-13
19776,19776,401009,2022-03-14
19777,19777,1480135,2023-07-23
19778,19778,65549,2022-06-17
19779,19779,1266993,2024-09-23
19780,19780,774814,2024-02-02
19781,19781,1184046,2023-06-20
19782,19782,1052177,2019-01-06
19783,19783,1465498,2022-07-13
19784,19784,1399189,2020-02-06
19785,19785,627631,2020-05-02
19786,19786,1481176,2020-08-13
19787,19787,447155,2019-10-30
19788,19788,516314,2024-12-03
19789,19789,83739,2018-08-07
19790,19790,98920,2018-12-29
19791,19791,771502,2024-07-10
19792,19792,1293114,2021-02-25
19793,19793,896673,2020-02-22
19794,19794,67251,2019-01-29
19795,19795,1101134,2022-02-19
19796,19796,881565,2022-07-15
19797,19797,360221,2020-08-16
19798,19798,471364,2021-05-30
19799,19799,125113,2018-09-04
19800,19800,468668,2019-09-05
19801,19801,325718,2024-11-23
19802,19802,1419628,2022-01-26
19803,19803,62695,2019-09-17
19804,19804,241507,2022-07-23
19805,19805,624332,2021-10-29
19806,19806,1007737,2023-02-24
19807,19807,1347805,2023-03-07
19808,19808,936255,2019-09-21
19809,19809,840511,2022-06-27
19810,19810,756660,2022-11-23
19811,19811,424706,2019-11-14
19812,19812,1199839,2023-05-28
19813,19813,729930,2024-09-10
19814,19814,244017,2022-09-05
19815,19815,257064,2024-09-22
19816,19816,931060,2019-05-18
19817,19817,1109042,2024-12-24
19818,19818,703565,2023-01-04
19819,19819,1277441,2023-06-16
19820,19820,112485,2018-08-21
19821,19821,798502,2020-11-06
19822,19822,466212,2020-01-14
19823,19823,376183,2018-12-29
19824,19824,1137088,2020-08-11
19825,19825,972522,2023-03-03
19826,19826,1205264,2024-01-07
19827,19827,537085,2019-12-09
19828,19828,1493974,2018-03-20
19829,19829,1498658,2018-05-14
19830,19830,436510,2018-12-27
19831,19831,1409112,2022-05-10
19832,19832,1075012,2019-04-21
19833,19833,1477921,2024-02-13
19834,19834,167150,2021-12-06
19835,19835,444436,2022-07-02
19836,19836,794454,2023-03-01
19837,19837,578070,2023-03-23
19838,19838,944968,2023-06-22
19839,19839,1032819,2023-05-15
19840,19840,524018,2024-11-05
19841,19841,1426774,2022-05-14
19842,19842,313039,2023-08-23
19843,19843,183104,2022-12-09
19844,19844,538433,2022-06-23
19845,19845,298912,2021-09-21
19846,19846,1377968,2020-01-11
19847,19847,445703,2020-10-18
19848,19848,278764,2022-08-12
19849,19849,603508,2018-04-14
19850,19850,1323176,2020-05-26
19851,19851,547827,2024-06-08
19852,19852,1368880,2023-02-10
19853,19853,172240,2020-01-07
19854,19854,1396545,2018-01-22
19855,19855,238996,2022-12-01
19856,19856,738597,2020-09-24
19857,19857,451494,2018-02-07
19858,19858,849964,2020-01-17
19859,19859,814911,2020-04-27
19860,19860,653730,2024-10-12
19861,19861,658194,2022-12-31
19862,19862,891572,2018-12-18
19863,19863,1348320,2020-07-08
19864,19864,308689,2023-09-09
19865,19865,1317772,2022-05-14
19866,19866,126674,2024-01-14
19867,19867,1420433,2023-10-17
19868,19868,448983,2024-03-29
19869,19869,384152,2021-02-26
19870,19870,923908,2024-06-28
19871,19871,234853,2022-11-25
19872,19872,1337485,2023-09-28
19873,19873,90787,2021-01-12
19874,19874,758921,2022-07-31
19875,19875,491727,2021-09-17
19876,19876,694868,2019-12-21
19877,19877,988741,2023-01-30
19878,19878,362413,2024-03-16
19879,19879,441357,2019-03-08
19880,19880,854923,2022-01-28
19881,19881,477202,2023-11-19
19882,19882,1487436,2023-11-19
19883,19883,630393,2020-10-23
19884,19884,71954,2024-06-15
19885,19885,612299,2021-01-23
19886,19886,1491080,2020-09-03
19887,19887,1124811,2023-06-24
19888,19888,974160,2024-11-07
19889,19889,386174,2019-11-29
19890,19890,123382,2024-08-06
19891,19891,112465,2018-02-25
19892,19892,58259,2018-09-11
19893,19893,824520,2021-02-04
19894,19894,322901,2019-01-02
19895,19895,1438823,2019-11-29
19896,19896,1037451,2020-05-07
19897,19897,1107752,2021-12-28
19898,19898,657705,2021-01-14
19899,19899,250562,2022-05-18
19900,19900,1055076,2019-02-04
19901,19901,1037933,2022-05-15
19902,19902,229410,2021-07-27
19903,19903,106053,2024-01-19
19904,19904,1270457,2024-05-02
19905,19905,979108,2019-03-12
19906,19906,1402673,2020-04-27
19907,19907,167626,2021-01-03
19908,19908,415678,2018-03-02
19909,19909,231323,2021-02-25
19910,19910,736692,2019-06-14
19911,19911,1121101,2023-11-05
19912,19912,317855,2019-12-01
19913,19913,455781,2024-05-21
19914,19914,617024,2021-11-29
19915,19915,973329,2024-09-08
19916,19916,1139524,2020-01-16
19917,19917,592321,2019-12-07
19918,19918,896398,2021-04-14
19919,19919,1065314,2022-09-15
19920,19920,1284670,2024-09-17
19921,19921,1064243,2021-06-29
19922,19922,275340,2019-01-13
19923,19923,1271552,2021-11-01
19924,19924,94632,2018-12-16
19925,19925,508941,2024-01-14
19926,19926,169962,2022-10-18
19927,19927,536899,2018-09-16
19928,19928,175737,2020-04-18
19929,19929,772501,2020-04-25
19930,19930,149426,2020-06-10
19931,19931,1246923,2018-11-06
19932,19932,720703,2020-07-26
19933,19933,1235781,2023-11-10
19934,19934,619166,2018-03-15
19935,19935,1177994,2019-09-29
19936,19936,470422,2023-08-29
19937,19937,502835,2023-11-22
19938,19938,1032419,2018-11-12
19939,19939,165182,2022-10-18
19940,19940,886740,2022-05-09
19941,19941,835731,2021-05-25
19942,19942,944288,2021-08-26
19943,19943,1091783,2021-02-07
19944,19944,874305,2021-11-26
19945,19945,259385,2022-04-17
19946,19946,562610,2019-04-18
19947,19947,1359240,2018-05-14
19948,19948,576099,2018-02-06
19949,19949,1147223,2024-12-13
19950,19950,1298623,2019-06-06
19951,19951,683411,2021-11-16
19952,19952,844096,2023-09-21
19953,19953,235523,2018-09-08
19954,19954,109364,2024-07-02
19955,19955,901761,2022-12-11
19956,19956,1203299,2023-05-11
19957,19957,231329,2023-12-30
19958,19958,639771,2024-02-20
19959,19959,458516,2023-05-24
19960,19960,213601,2024-09-16
19961,19961,1416495,2020-04-14
19962,19962,1275689,2018-12-21
19963,19963,902918,2024-10-12
19964,19964,673421,2022-09-26
19965,19965,1246147,2022-01-19
19966,19966,1481856,2024-07-20
19967,19967,387110,2019-09-25
19968,19968,1033332,2018-05-30
19969,19969,999065,2019-02-20
19970,19970,1284013,2023-05-14
19971,19971,1094718,2019-10-11
19972,19972,199300,2023-08-10
19973,19973,94310,2022-07-14
19974,19974,236063,2018-06-08
19975,19975,1480408,2023-10-08
19976,19976,73780,2022-08-01
19977,19977,844269,2021-07-04
19978,19978,1183577,2024-07-03
19979,19979,404107,2024-03-22
19980,19980,1344598,2019-04-12
19981,19981,379056,2024-07-30
19982,19982,1478506,2021-03-23
19983,19983,105299,2020-11-14
19984,19984,1166470,2018-11-14
19985,19985,62383,2021-07-22
19986,19986,498636,2020-03-29
19987,19987,211538,2020-09-26
19988,19988,217193,2024-11-07
19989,19989,1355979,2021-05-07
19990,19990,283834,2023-06-02
19991,19991,893806,2021-01-30
19992,19992,1031280,2023-02-15
19993,19993,1471675,2024-01-29
19994,19994,205057,2024-07-01
19995,19995,55900,2020-07-29
19996,19996,1391658,2019-03-13
19997,19997,146390,2023-04-10
19998,19998,824726,2020-06-14
19999,19999,1462984,2019-04-14
20000,20000,323781,2019-04-22
