customer_id,age,annual_income,occupation,city
1,21,2436514,Salaried,Hyderabad
2,54,2167780,Salaried,Mumbai
3,50,713984,Self-Employed,Chennai
4,23,1414742,Retired,Bengaluru
5,65,849788,Self-Employed,Mumbai
6,31,1607539,Business,Mumbai
7,33,2472194,Self-Employed,Delhi
8,30,2061854,Retired,Kolkata
9,37,466664,Business,Hyderabad
10,29,2499266,Self-Employed,Delhi
11,38,2199567,Student,Mumbai
12,60,802428,Salaried,Delhi
13,43,1807043,Retired,Mumbai
14,66,1304673,Student,Mumbai
15,43,2347169,Student,Delhi
16,34,1030321,Business,Mumbai
17,59,375321,Student,Delhi
18,61,2141151,Business,Delhi
19,63,1758623,Student,Mumbai
20,64,1572204,Business,Hyderabad
21,22,812134,Self-Employed,Chennai
22,46,206095,Business,Kolkata
23,34,1638232,Student,Mumbai
24,33,1822042,Business,Chennai
25,32,982155,Retired,Delhi
26,61,1458396,Student,Bengaluru
27,59,905932,Salaried,Hyderabad
28,31,2084785,Business,Chennai
29,41,304878,Retired,Kolkata
30,57,1822947,Self-Employed,Mumbai
31,28,2254275,Retired,Kolkata
32,51,640013,Salaried,Bengaluru
33,42,212117,Salaried,Bengaluru
34,66,1619395,Business,Bengaluru
35,57,949145,Business,Kolkata
36,32,1214578,Salaried,Hyderabad
37,61,1994031,Retired,Bengaluru
38,60,2303297,Retired,Mumbai
39,31,1732775,Retired,Mumbai
40,46,1209379,Salaried,Kolkata
41,59,1635753,Salaried,Chennai
42,32,1102089,Salaried,Bengaluru
43,32,2289328,Salaried,Kolkata
44,29,1004208,Business,Kolkata
45,21,2139190,Retired,Mumbai
46,45,795417,Retired,Mumbai
47,21,1941883,Self-Employed,Hyderabad
48,49,2316165,Retired,Kolkata
49,41,2468929,Student,Bengaluru
50,30,1183769,Student,Delhi
51,38,1788484,Retired,Chennai
52,21,274456,Salaried,Chennai
53,28,288696,Business,Delhi
54,44,1350507,Self-Employed,Mumbai
55,24,778866,Student,Kolkata
56,56,2338710,Self-Employed,Hyderabad
57,33,1222246,Self-Employed,Delhi
58,66,837482,Business,Kolkata
59,29,1936177,Self-Employed,Chennai
60,51,2411181,Business,Kolkata
61,46,1886031,Business,Delhi
62,65,865954,Retired,Hyderabad
63,51,1215823,Salaried,Mumbai
64,63,545460,Student,Kolkata
65,43,2107110,Salaried,Kolkata
66,31,693163,Salaried,Mumbai
67,30,1266155,Business,Mumbai
68,63,234469,Retired,Chennai
69,30,604107,Self-Employed,Bengaluru
70,56,1520440,Retired,Hyderabad
71,46,2379707,Retired,Bengaluru
72,34,1493701,Salaried,Mumbai
73,41,1664432,Self-Employed,Bengaluru
74,60,1651522,Retired,Chennai
75,43,888749,Salaried,Mumbai
76,63,1961197,Student,Hyderabad
77,67,551909,Business,Chennai
78,35,2186132,Retired,Delhi
79,46,235993,Self-Employed,Delhi
80,46,1493476,Salaried,Chennai
81,47,2077948,Salaried,Hyderabad
82,24,2498387,Self-Employed,Delhi
83,39,375743,Student,Bengaluru
84,49,378681,Business,Bengaluru
85,65,1874646,Self-Employed,Bengaluru
86,32,2198570,Retired,Bengaluru
87,52,1667540,Salaried,Chennai
88,58,2301970,Business,Mumbai
89,66,861063,Business,Bengaluru
90,29,563651,Salaried,Chennai
91,54,833729,Salaried,Kolkata
92,36,534371,Self-Employed,Mumbai
93,42,2250825,Business,Bengaluru
94,21,968206,Self-Employed,Mumbai
95,56,1595981,Self-Employed,Hyderabad
96,22,1187062,Retired,Delhi
97,39,210003,Salaried,Bengaluru
98,45,743420,Self-Employed,Bengaluru
99,53,2018219,Retired,Delhi
100,43,951034,Self-Employed,Hyderabad
101,62,841505,Business,Delhi
102,27,627519,Business,Bengaluru
103,33,1086173,Salaried,Mumbai
104,33,414218,Self-Employed,Kolkata
105,39,2323496,Self-Employed,Kolkata
106,21,1875088,Self-Employed,Mumbai
107,42,1249759,Business,Mumbai
108,39,2411860,Student,Chennai
109,49,614915,Self-Employed,Chennai
110,49,1073794,Self-Employed,Kolkata
111,34,1643800,Student,Hyderabad
112,41,432353,Self-Employed,Hyderabad
113,45,1134294,Self-Employed,Kolkata
114,61,683920,Self-Employed,Hyderabad
115,24,1554004,Self-Employed,Kolkata
116,51,398723,Student,Bengaluru
117,24,1215734,Salaried,Mumbai
118,34,1415746,Self-Employed,Hyderabad
119,42,2063749,Retired,Delhi
120,60,459381,Self-Employed,Kolkata
121,37,1374380,Retired,Bengaluru
122,45,348533,Business,Mumbai
123,49,352024,Business,Kolkata
124,58,2442952,Self-Employed,Hyderabad
125,40,1898357,Self-Employed,Chennai
126,48,931425,Retired,Kolkata
127,62,1565726,Student,Hyderabad
128,42,625609,Student,Mumbai
129,66,356877,Retired,Mumbai
130,40,231030,Student,Bengaluru
131,42,2207399,Salaried,Chennai
132,22,400220,Self-Employed,Chennai
133,47,1016661,Salaried,Mumbai
134,43,2153283,Retired,Bengaluru
135,41,2457492,Retired,Mumbai
136,51,1409784,Retired,Hyderabad
137,47,1997423,Salaried,Delhi
138,67,780625,Retired,Bengaluru
139,40,2111450,Student,Mumbai
140,42,2065118,Business,Mumbai
141,60,2060336,Student,Mumbai
142,44,1570209,Retired,Delhi
143,33,237352,Retired,Hyderabad
144,46,1908869,Retired,Kolkata
145,45,2409038,Self-Employed,Chennai
146,41,2045624,Retired,Hyderabad
147,47,895378,Retired,Mumbai
148,49,850618,Student,Delhi
149,68,218287,Self-Employed,Kolkata
150,24,1210790,Student,Hyderabad
151,65,2092607,Salaried,Chennai
152,44,2167880,Salaried,Chennai
153,39,772687,Student,Bengaluru
154,50,1813757,Retired,Kolkata
155,26,255367,Salaried,Bengaluru
156,57,1488689,Salaried,Delhi
157,25,1793712,Salaried,Delhi
158,42,819853,Salaried,Mumbai
159,30,1339278,Business,Bengaluru
160,35,2438906,Student,Hyderabad
161,44,1381126,Business,Bengaluru
162,21,340298,Retired,Bengaluru
163,64,1396035,Self-Employed,Mumbai
164,58,492614,Self-Employed,Mumbai
165,67,2495725,Student,Bengaluru
166,24,2305541,Salaried,Kolkata
167,29,2235111,Self-Employed,Bengaluru
168,45,866633,Salaried,Mumbai
169,62,2153271,Self-Employed,Delhi
170,35,1225080,Retired,Mumbai
171,35,2097845,Salaried,Kolkata
172,62,1304485,Business,Bengaluru
173,21,1771633,Student,Delhi
174,67,1634891,Student,Chennai
175,30,1525536,Retired,Hyderabad
176,36,1250358,Business,Hyderabad
177,36,406700,Business,Mumbai
178,64,1788797,Student,Mumbai
179,61,852197,Retired,Kolkata
180,37,2213312,Self-Employed,Chennai
181,37,1360997,Self-Employed,Chennai
182,60,320049,Self-Employed,Chennai
183,34,893652,Salaried,Bengaluru
184,60,1149622,Salaried,Hyderabad
185,60,1687041,Self-Employed,Kolkata
186,53,1653877,Student,Delhi
187,57,1761511,Self-Employed,Delhi
188,32,1097098,Student,Chennai
189,48,383923,Self-Employed,Chennai
190,27,687601,Self-Employed,Chennai
191,23,1642963,Retired,Hyderabad
192,41,1742158,Salaried,Mumbai
193,35,955151,Business,Hyderabad
194,28,631103,Student,Kolkata
195,46,2073804,Student,Mumbai
196,63,673229,Salaried,Hyderabad
197,33,974002,Self-Employed,Hyderabad
198,29,1155536,Retired,Bengaluru
199,63,1665269,Student,Delhi
200,22,1555788,Student,Mumbai
201,49,765210,Salaried,Mumbai
202,48,921617,Salaried,Hyderabad
203,43,928215,Student,Kolkata
204,42,535346,Salaried,Hyderabad
205,22,1458078,Business,Kolkata
206,63,1101279,Business,Bengaluru
207,24,954063,Salaried,Delhi
208,28,1459450,Self-Employed,Mumbai
209,64,1321800,Retired,Hyderabad
210,38,888095,Salaried,Delhi
211,43,1595682,Self-Employed,Mumbai
212,52,1994900,Student,Chennai
213,48,795724,Salaried,Chennai
214,66,2288566,Self-Employed,Mumbai
215,66,1413074,Salaried,Bengaluru
216,33,833256,Self-Employed,Kolkata
217,58,1619054,Self-Employed,Chennai
218,54,2082288,Salaried,Chennai
219,33,2153449,Business,Mumbai
220,28,846042,Self-Employed,Delhi
221,60,1440143,Business,Kolkata
222,57,1525611,Business,Chennai
223,39,1082428,Business,Hyderabad
224,35,403130,Self-Employed,Hyderabad
225,54,1800823,Salaried,Hyderabad
226,32,2300339,Self-Employed,Bengaluru
227,43,519970,Retired,Chennai
228,32,276013,Salaried,Hyderabad
229,51,1186814,Self-Employed,Chennai
230,39,2234336,Salaried,Bengaluru
231,53,306209,Self-Employed,Mumbai
232,37,1740250,Student,Delhi
233,51,2297536,Self-Employed,Hyderabad
234,51,531658,Salaried,Chennai
235,43,2173404,Salaried,Mumbai
236,47,1049826,Self-Employed,Chennai
237,29,933414,Self-Employed,Hyderabad
238,57,1147962,Student,Kolkata
239,56,2337032,Business,Delhi
240,35,1621905,Salaried,Kolkata
241,41,1045837,Self-Employed,Mumbai
242,68,215371,Retired,Chennai
243,27,2266774,Student,Chennai
244,47,649500,Business,Kolkata
245,47,1587997,Student,Mumbai
246,54,2241949,Business,Hyderabad
247,42,555875,Student,Hyderabad
248,54,957742,Self-Employed,Hyderabad
249,26,659967,Retired,Bengaluru
250,28,782253,Self-Employed,Delhi
251,47,2008572,Salaried,Delhi
252,28,1731635,Salaried,Chennai
253,22,1449861,Self-Employed,Mumbai
254,43,1552482,Self-Employed,Hyderabad
255,55,794086,Salaried,Hyderabad
256,46,1828306,Student,Bengaluru
257,63,2233118,Student,Delhi
258,34,1050529,Student,Bengaluru
259,43,969404,Student,Chennai
260,29,371216,Self-Employed,Chennai
261,33,1945973,Self-Employed,Mumbai
262,45,497134,Self-Employed,Mumbai
263,50,1580131,Student,Delhi
264,53,635175,Salaried,Kolkata
265,33,1181952,Business,Mumbai
266,32,712954,Business,Hyderabad
267,41,1797378,Student,Mumbai
268,31,1753931,Self-Employed,Delhi
269,32,911210,Retired,Kolkata
270,67,1290361,Salaried,Bengaluru
271,37,1993736,Self-Employed,Chennai
272,56,2249481,Retired,Hyderabad
273,36,785052,Salaried,Chennai
274,22,1166477,Student,Bengaluru
275,23,1635279,Self-Employed,Chennai
276,69,1908479,Salaried,Bengaluru
277,38,1748543,Self-Employed,Hyderabad
278,21,642150,Student,Kolkata
279,39,1963429,Business,Hyderabad
280,33,359785,Business,Mumbai
281,53,1228762,Retired,Chennai
282,65,2482023,Self-Employed,Kolkata
283,64,1404585,Business,Hyderabad
284,24,505859,Business,Kolkata
285,21,1527591,Business,Delhi
286,62,1873920,Student,Delhi
287,29,1546735,Self-Employed,Mumbai
288,28,2264262,Salaried,Kolkata
289,67,1567197,Student,Kolkata
290,29,2272870,Retired,Kolkata
291,63,1743342,Retired,Delhi
292,59,2341058,Business,Kolkata
293,30,1202160,Business,Mumbai
294,64,2344254,Self-Employed,Bengaluru
295,51,976788,Retired,Hyderabad
296,43,1986403,Self-Employed,Delhi
297,44,1617230,Self-Employed,Hyderabad
298,22,230952,Student,Chennai
299,63,793602,Self-Employed,Hyderabad
300,36,642511,Self-Employed,Kolkata
301,34,2139953,Self-Employed,Delhi
302,21,2134073,Business,Chennai
303,33,1040354,Retired,Hyderabad
304,38,2004919,Business,Chennai
305,23,790053,Retired,Mumbai
306,53,1749044,Student,Bengaluru
307,27,1801502,Salaried,Kolkata
308,33,1822763,Business,Bengaluru
309,44,290614,Retired,Bengaluru
310,52,1430432,Retired,Delhi
311,30,403697,Student,Delhi
312,66,588669,Business,Kolkata
313,46,1042243,Self-Employed,Bengaluru
314,43,448258,Retired,Kolkata
315,57,468010,Student,Chennai
316,31,2474063,Business,Bengaluru
317,34,909509,Self-Employed,Bengaluru
318,66,2075990,Business,Kolkata
319,55,936332,Self-Employed,Hyderabad
320,67,293594,Salaried,Mumbai
321,51,398353,Self-Employed,Mumbai
322,27,1689683,Salaried,Mumbai
323,58,1601921,Business,Bengaluru
324,65,2109217,Student,Mumbai
325,27,2311412,Student,Kolkata
326,35,824108,Student,Hyderabad
327,59,2409940,Salaried,Mumbai
328,27,1946538,Student,Bengaluru
329,68,1628444,Business,Chennai
330,26,378825,Salaried,Kolkata
331,22,1244157,Business,Bengaluru
332,58,851796,Retired,Chennai
333,21,638036,Salaried,Kolkata
334,25,2494685,Student,Mumbai
335,54,1919490,Student,Kolkata
336,58,1774600,Student,Mumbai
337,64,470206,Business,Delhi
338,32,804319,Retired,Mumbai
339,60,1361103,Retired,Mumbai
340,41,730233,Retired,Mumbai
341,58,1393304,Self-Employed,Mumbai
342,28,246893,Self-Employed,Kolkata
343,56,1870459,Student,Hyderabad
344,52,1445867,Self-Employed,Delhi
345,41,1482055,Retired,Bengaluru
346,43,2343436,Salaried,Kolkata
347,29,1223273,Retired,Hyderabad
348,40,1719558,Self-Employed,Delhi
349,50,321136,Retired,Delhi
350,60,1643699,Salaried,Delhi
351,50,1569385,Student,Kolkata
352,43,1075367,Business,Hyderabad
353,56,1817746,Retired,Mumbai
354,54,1843697,Self-Employed,Hyderabad
355,67,1728521,Salaried,Hyderabad
356,59,1910009,Salaried,Mumbai
357,24,2189004,Retired,Chennai
358,51,2172114,Student,Chennai
359,55,1413249,Self-Employed,Hyderabad
360,68,2459074,Self-Employed,Delhi
361,58,1833759,Salaried,Mumbai
362,47,1603983,Student,Bengaluru
363,23,1222023,Salaried,Hyderabad
364,31,384499,Self-Employed,Kolkata
365,58,2024793,Student,Kolkata
366,47,664726,Student,Kolkata
367,54,2408897,Self-Employed,Bengaluru
368,32,862579,Student,Kolkata
369,59,414044,Self-Employed,Chennai
370,25,2485827,Retired,Hyderabad
371,68,2402334,Student,Delhi
372,58,1799573,Business,Kolkata
373,54,1027055,Business,Delhi
374,33,1573099,Salaried,Chennai
375,60,1616178,Salaried,Chennai
376,36,745259,Retired,Hyderabad
377,62,1579210,Student,Bengaluru
378,69,1267536,Self-Employed,Delhi
379,63,1850465,Business,Chennai
380,40,2403718,Business,Bengaluru
381,65,2071596,Student,Kolkata
382,42,982215,Business,Chennai
383,61,1513738,Student,Hyderabad
384,66,1033895,Business,Mumbai
385,39,2475958,Self-Employed,Bengaluru
386,59,963641,Retired,Chennai
387,69,1347797,Student,Kolkata
388,63,980833,Retired,Delhi
389,30,385258,Retired,Bengaluru
390,43,276466,Student,Mumbai
391,42,1430322,Student,Chennai
392,31,1993068,Retired,Delhi
393,31,623183,Salaried,Delhi
394,24,1984911,Student,Hyderabad
395,55,505543,Retired,Kolkata
396,24,2385559,Self-Employed,Hyderabad
397,27,1351244,Self-Employed,Chennai
398,27,269415,Self-Employed,Kolkata
399,46,1604941,Self-Employed,Kolkata
400,34,901120,Business,Bengaluru
401,43,778075,Retired,Hyderabad
402,59,735469,Business,Chennai
403,38,1327217,Business,Delhi
404,32,2351343,Salaried,Bengaluru
405,24,1666248,Student,Chennai
406,41,1204194,Retired,Mumbai
407,61,272350,Business,Delhi
408,43,1795981,Retired,Chennai
409,34,1981951,Student,Delhi
410,36,370943,Business,Mumbai
411,21,223632,Self-Employed,Bengaluru
412,29,1176584,Self-Employed,Mumbai
413,26,731905,Student,Delhi
414,34,320995,Salaried,Delhi
415,67,1210496,Student,Mumbai
416,62,2404920,Business,Delhi
417,58,2356617,Student,Mumbai
418,69,923440,Self-Employed,Hyderabad
419,36,884797,Salaried,Chennai
420,39,2494986,Business,Hyderabad
421,22,892977,Business,Delhi
422,43,609348,Student,Bengaluru
423,46,542052,Business,Hyderabad
424,37,659170,Retired,Bengaluru
425,53,1052807,Salaried,Chennai
426,38,1917074,Salaried,Kolkata
427,42,1814090,Retired,Chennai
428,54,627004,Self-Employed,Bengaluru
429,54,1883745,Self-Employed,Bengaluru
430,57,1245701,Retired,Delhi
431,54,375277,Salaried,Chennai
432,36,1062169,Business,Chennai
433,32,445403,Salaried,Kolkata
434,28,2249647,Business,Mumbai
435,36,544401,Business,Bengaluru
436,55,2428157,Business,Bengaluru
437,62,412540,Business,Bengaluru
438,42,1897863,Business,Chennai
439,24,1619458,Retired,Kolkata
440,65,1819532,Salaried,Chennai
441,61,419786,Retired,Mumbai
442,41,748688,Salaried,Delhi
443,51,2093423,Business,Chennai
444,22,313938,Retired,Kolkata
445,41,2140882,Self-Employed,Mumbai
446,56,1376641,Business,Chennai
447,57,1537087,Student,Delhi
448,69,233741,Retired,Chennai
449,45,1480986,Student,Mumbai
450,43,1531414,Student,Chennai
451,47,1272371,Student,Chennai
452,67,1292094,Business,Kolkata
453,27,2160743,Business,Delhi
454,28,724047,Salaried,Chennai
455,60,352140,Business,Hyderabad
456,31,1581747,Student,Hyderabad
457,51,504987,Self-Employed,Mumbai
458,37,523508,Student,Hyderabad
459,57,2455084,Self-Employed,Kolkata
460,40,1017286,Student,Chennai
461,29,1651235,Retired,Bengaluru
462,65,255103,Student,Hyderabad
463,21,1668931,Self-Employed,Bengaluru
464,68,2304667,Self-Employed,Chennai
465,23,417746,Salaried,Delhi
466,46,1925982,Business,Bengaluru
467,65,1855629,Student,Hyderabad
468,55,1793101,Business,Hyderabad
469,31,2280076,Student,Hyderabad
470,51,1646162,Student,Delhi
471,31,1476281,Retired,Bengaluru
472,63,2205960,Retired,Bengaluru
473,24,2153718,Self-Employed,Chennai
474,26,502152,Business,Mumbai
475,55,349682,Self-Employed,Delhi
476,48,1727142,Retired,Chennai
477,57,677807,Retired,Mumbai
478,60,1076488,Business,Kolkata
479,25,346880,Retired,Bengaluru
480,58,2071091,Salaried,Hyderabad
481,39,2275921,Student,Bengaluru
482,58,1752340,Retired,Mumbai
483,31,539599,Student,Delhi
484,69,882474,Retired,Delhi
485,44,1993837,Self-Employed,Kolkata
486,22,1709325,Retired,Hyderabad
487,56,1368049,Salaried,Hyderabad
488,26,1180877,Retired,Hyderabad
489,50,806534,Self-Employed,Hyderabad
490,28,354316,Student,Hyderabad
491,31,922874,Retired,Mumbai
492,49,530212,Self-Employed,Mumbai
493,49,1456466,Student,Hyderabad
494,42,1084664,Student,Bengaluru
495,34,2457950,Retired,Bengaluru
496,24,2203493,Student,Chennai
497,37,1803315,Student,Hyderabad
498,34,626103,Salaried,Chennai
499,69,715421,Retired,Chennai
500,40,1809699,Business,Kolkata
501,47,877630,Self-Employed,Mumbai
502,45,1601904,Business,Delhi
503,66,798110,Self-Employed,Mumbai
504,58,2043069,Retired,Chennai
505,48,934328,Retired,Bengaluru
506,44,1540673,Retired,Bengaluru
507,65,410261,Retired,Bengaluru
508,61,1862807,Business,Bengaluru
509,54,2316159,Retired,Bengaluru
510,47,201684,Retired,Chennai
511,26,1526845,Student,Bengaluru
512,38,1488170,Salaried,Chennai
513,55,1919376,Student,Chennai
514,60,976688,Business,Kolkata
515,54,806521,Self-Employed,Bengaluru
516,30,1985348,Salaried,Mumbai
517,31,1893090,Business,Mumbai
518,64,1658584,Salaried,Hyderabad
519,38,2342933,Student,Mumbai
520,53,1223902,Salaried,Mumbai
521,30,1725665,Business,Chennai
522,67,1136298,Student,Kolkata
523,34,1301026,Salaried,Delhi
524,31,2102634,Student,Kolkata
525,34,1115100,Self-Employed,Chennai
526,32,2074608,Retired,Hyderabad
527,25,1408093,Student,Kolkata
528,43,2207873,Student,Hyderabad
529,49,1114518,Self-Employed,Delhi
530,28,1902130,Self-Employed,Kolkata
531,43,379736,Business,Mumbai
532,22,1142494,Retired,Kolkata
533,47,626453,Business,Delhi
534,38,623945,Salaried,Bengaluru
535,54,885981,Student,Chennai
536,57,1818791,Self-Employed,Delhi
537,28,1953039,Student,Chennai
538,64,790200,Business,Mumbai
539,59,581678,Business,Bengaluru
540,32,2226142,Retired,Chennai
541,42,1136008,Student,Mumbai
542,67,343510,Retired,Bengaluru
543,64,2217833,Salaried,Chennai
544,24,1231891,Self-Employed,Chennai
545,64,1850980,Salaried,Bengaluru
546,24,293933,Business,Chennai
547,37,355717,Retired,Bengaluru
548,55,1168716,Business,Chennai
549,61,1290481,Student,Kolkata
550,24,844757,Salaried,Bengaluru
551,67,777265,Business,Chennai
552,68,2240587,Business,Kolkata
553,39,1421433,Business,Hyderabad
554,34,750026,Self-Employed,Mumbai
555,26,1807307,Retired,Kolkata
556,27,1972292,Retired,Delhi
557,23,1741056,Salaried,Mumbai
558,58,743288,Retired,Bengaluru
559,41,1274995,Salaried,Delhi
560,41,1635367,Self-Employed,Mumbai
561,33,602305,Salaried,Delhi
562,65,1692507,Student,Delhi
563,46,671881,Retired,Chennai
564,45,304436,Retired,Mumbai
565,39,1185265,Student,Mumbai
566,21,694184,Student,Hyderabad
567,28,1316843,Salaried,Delhi
568,29,849985,Student,Mumbai
569,41,1848699,Retired,Bengaluru
570,25,415652,Salaried,Mumbai
571,65,1617666,Student,Bengaluru
572,29,1591190,Student,Chennai
573,49,1369780,Student,Kolkata
574,34,1164666,Business,Chennai
575,25,2111755,Self-Employed,Chennai
576,24,318977,Student,Kolkata
577,44,1370096,Business,Bengaluru
578,64,511479,Salaried,Delhi
579,56,212651,Self-Employed,Hyderabad
580,53,487056,Retired,Delhi
581,51,1842071,Student,Kolkata
582,42,359359,Retired,Kolkata
583,55,1363991,Retired,Kolkata
584,65,437638,Retired,Bengaluru
585,46,1873876,Student,Delhi
586,50,2282829,Retired,Delhi
587,30,956375,Retired,Chennai
588,54,1717669,Salaried,Hyderabad
589,26,2057581,Salaried,Bengaluru
590,55,763610,Business,Mumbai
591,69,1552414,Student,Delhi
592,42,1364541,Student,Mumbai
593,46,1553340,Business,Delhi
594,35,235053,Student,Mumbai
595,57,1742499,Retired,Kolkata
596,64,1709322,Self-Employed,Mumbai
597,29,1666040,Salaried,Hyderabad
598,39,2416379,Retired,Chennai
599,38,2364879,Student,Delhi
600,42,1143946,Salaried,Hyderabad
601,21,1325824,Business,Mumbai
602,34,1226914,Self-Employed,Bengaluru
603,45,1676969,Student,Bengaluru
604,48,2306991,Self-Employed,Hyderabad
605,58,1425499,Salaried,Bengaluru
606,47,1251301,Business,Chennai
607,23,1334887,Salaried,Bengaluru
608,42,1411745,Business,Hyderabad
609,42,302922,Retired,Delhi
610,38,1870094,Retired,Bengaluru
611,34,2142250,Self-Employed,Hyderabad
612,47,2026330,Retired,Hyderabad
613,43,2019302,Self-Employed,Mumbai
614,39,1613882,Retired,Hyderabad
615,69,1041669,Salaried,Delhi
616,59,529150,Student,Chennai
617,27,1595437,Retired,Hyderabad
618,28,1120022,Student,Mumbai
619,34,1441489,Student,Delhi
620,56,1782805,Student,Kolkata
621,31,2156874,Student,Delhi
622,31,295580,Self-Employed,Delhi
623,69,660087,Business,Hyderabad
624,66,1473354,Salaried,Kolkata
625,55,240240,Self-Employed,Hyderabad
626,39,251016,Retired,Chennai
627,52,2499341,Salaried,Chennai
628,36,2287135,Business,Chennai
629,21,1877034,Business,Hyderabad
630,65,519030,Business,Mumbai
631,69,1367600,Business,Mumbai
632,23,2382916,Salaried,Mumbai
633,48,1758309,Retired,Mumbai
634,68,2187142,Student,Bengaluru
635,61,2084760,Business,Mumbai
636,66,419102,Self-Employed,Bengaluru
637,60,1641015,Retired,Hyderabad
638,53,1316597,Salaried,Delhi
639,45,1882384,Business,Hyderabad
640,48,770785,Self-Employed,Mumbai
641,21,1904109,Salaried,Chennai
642,46,2444407,Business,Mumbai
643,22,386186,Salaried,Mumbai
644,25,382570,Self-Employed,Hyderabad
645,61,1823427,Salaried,Bengaluru
646,25,2278100,Student,Chennai
647,48,203038,Retired,Kolkata
648,54,663652,Retired,Mumbai
649,22,859747,Business,Hyderabad
650,67,1159542,Salaried,Bengaluru
651,41,599706,Self-Employed,Bengaluru
652,46,703639,Self-Employed,Kolkata
653,67,560330,Student,Delhi
654,21,1417337,Student,Mumbai
655,27,246034,Self-Employed,Hyderabad
656,61,2004020,Retired,Mumbai
657,36,1815870,Retired,Mumbai
658,61,315517,Salaried,Delhi
659,66,1090160,Retired,Hyderabad
660,37,1652416,Business,Hyderabad
661,21,1084349,Student,Delhi
662,54,2110178,Business,Chennai
663,59,491958,Retired,Chennai
664,27,2325031,Retired,Chennai
665,33,550833,Self-Employed,Bengaluru
666,28,2176393,Business,Hyderabad
667,50,892821,Retired,Bengaluru
668,55,1658480,Business,Hyderabad
669,22,1669575,Salaried,Hyderabad
670,45,655783,Salaried,Hyderabad
671,56,684467,Retired,Chennai
672,49,1477730,Self-Employed,Mumbai
673,69,2124649,Salaried,Delhi
674,46,2115362,Salaried,Bengaluru
675,66,2480565,Retired,Chennai
676,67,2312113,Retired,Kolkata
677,29,2178929,Business,Kolkata
678,59,1768923,Student,Hyderabad
679,51,1968559,Business,Kolkata
680,65,819012,Business,Bengaluru
681,33,238604,Student,Chennai
682,35,1638704,Salaried,Kolkata
683,40,2466728,Salaried,Delhi
684,69,454072,Self-Employed,Bengaluru
685,69,382430,Self-Employed,Bengaluru
686,61,922156,Business,Hyderabad
687,23,1315255,Business,Chennai
688,25,2236144,Salaried,Kolkata
689,54,1913249,Self-Employed,Kolkata
690,25,1111984,Retired,Hyderabad
691,68,890951,Business,Hyderabad
692,30,1534238,Student,Hyderabad
693,67,917011,Salaried,Kolkata
694,37,578049,Self-Employed,Bengaluru
695,33,413643,Salaried,Hyderabad
696,31,2034635,Business,Mumbai
697,58,494561,Retired,Hyderabad
698,23,1154039,Retired,Hyderabad
699,49,1430943,Retired,Delhi
700,42,1101613,Self-Employed,Hyderabad
701,47,409724,Retired,Mumbai
702,33,1269448,Retired,Kolkata
703,24,1547791,Retired,Chennai
704,43,752690,Salaried,Bengaluru
705,36,243806,Retired,Kolkata
706,59,1278349,Student,Chennai
707,37,471304,Retired,Hyderabad
708,36,1800497,Salaried,Chennai
709,39,1976712,Salaried,Bengaluru
710,22,2253986,Salaried,Kolkata
711,45,1160045,Self-Employed,Hyderabad
712,61,687569,Business,Kolkata
713,45,2486716,Self-Employed,Kolkata
714,45,1727055,Business,Mumbai
715,45,1625302,Salaried,Bengaluru
716,32,1050777,Salaried,Hyderabad
717,26,2252361,Self-Employed,Bengaluru
718,66,1296370,Salaried,Kolkata
719,59,2188730,Salaried,Mumbai
720,57,2100146,Business,Kolkata
721,23,2110777,Retired,Chennai
722,41,1047341,Business,Chennai
723,21,2046554,Retired,Bengaluru
724,38,2135363,Business,Kolkata
725,25,1648873,Salaried,Delhi
726,24,615124,Salaried,Kolkata
727,43,770055,Business,Mumbai
728,34,438035,Salaried,Delhi
729,68,943494,Self-Employed,Kolkata
730,56,364667,Student,Chennai
731,38,578807,Self-Employed,Hyderabad
732,24,1624331,Salaried,Kolkata
733,52,2209456,Business,Delhi
734,39,423805,Retired,Hyderabad
735,39,457668,Self-Employed,Mumbai
736,49,1246169,Self-Employed,Mumbai
737,40,1492175,Student,Mumbai
738,57,777695,Salaried,Hyderabad
739,64,2442055,Salaried,Chennai
740,57,1010024,Salaried,Delhi
741,69,423764,Self-Employed,Bengaluru
742,35,370417,Student,Mumbai
743,35,1568542,Retired,Kolkata
744,37,1994165,Self-Employed,Bengaluru
745,30,315367,Retired,Mumbai
746,28,2178178,Student,Mumbai
747,30,2412967,Student,Bengaluru
748,56,1635401,Self-Employed,Mumbai
749,45,1253140,Self-Employed,Hyderabad
750,34,2139780,Salaried,Bengaluru
751,53,974990,Business,Chennai
752,44,1852616,Salaried,Mumbai
753,21,1976130,Salaried,Chennai
754,65,1877827,Retired,Hyderabad
755,39,866882,Retired,Chennai
756,21,2216681,Salaried,Delhi
757,29,1619137,Business,Chennai
758,62,527427,Student,Kolkata
759,52,2153905,Business,Mumbai
760,57,1167400,Business,Hyderabad
761,37,2038174,Business,Bengaluru
762,52,298719,Retired,Chennai
763,36,1888479,Student,Hyderabad
764,40,2213357,Salaried,Mumbai
765,29,1508089,Business,Bengaluru
766,51,1901530,Salaried,Bengaluru
767,50,2368302,Salaried,Mumbai
768,67,666509,Student,Mumbai
769,53,1031315,Student,Mumbai
770,25,2021110,Salaried,Bengaluru
771,34,1037393,Self-Employed,Hyderabad
772,24,1348189,Student,Hyderabad
773,34,782813,Salaried,Bengaluru
774,37,1175171,Retired,Delhi
775,67,751873,Student,Hyderabad
776,26,2097715,Student,Hyderabad
777,46,436436,Salaried,Kolkata
778,65,284125,Salaried,Hyderabad
779,36,2267693,Business,Kolkata
780,59,1202954,Self-Employed,Kolkata
781,37,2280671,Retired,Kolkata
782,28,2185013,Retired,Hyderabad
783,49,1684165,Student,Kolkata
784,39,2013791,Self-Employed,Mumbai
785,21,1923461,Self-Employed,Delhi
786,41,2230150,Student,Hyderabad
787,40,1092589,Retired,Bengaluru
788,67,695275,Student,Bengaluru
789,63,1806143,Business,Hyderabad
790,37,1602879,Retired,Kolkata
791,57,2175767,Business,Delhi
792,44,532226,Salaried,Bengaluru
793,65,758219,Retired,Hyderabad
794,46,1837384,Self-Employed,Delhi
795,25,882360,Retired,Chennai
796,59,1346980,Salaried,Bengaluru
797,53,967011,Retired,Mumbai
798,63,936952,Retired,Bengaluru
799,56,2471120,Retired,Bengaluru
800,53,1368503,Student,Chennai
801,38,1932624,Student,Hyderabad
802,38,351176,Salaried,Mumbai
803,39,1600181,Salaried,Delhi
804,32,2180761,Student,Bengaluru
805,55,1616900,Salaried,Mumbai
806,40,1350921,Business,Chennai
807,68,1841420,Business,Chennai
808,49,2469101,Salaried,Chennai
809,35,1528762,Salaried,Chennai
810,58,1794136,Salaried,Chennai
811,43,1686848,Self-Employed,Mumbai
812,68,287046,Business,Delhi
813,60,1999968,Retired,Delhi
814,63,796493,Self-Employed,Mumbai
815,68,337129,Salaried,Kolkata
816,59,589261,Salaried,Mumbai
817,67,376536,Student,Kolkata
818,65,2200678,Retired,Mumbai
819,28,616921,Student,Bengaluru
820,55,724211,Retired,Delhi
821,48,552711,Business,Kolkata
822,67,2238758,Student,Bengaluru
823,58,231460,Salaried,Kolkata
824,46,2273431,Student,Delhi
825,52,540627,Salaried,Delhi
826,25,770851,Salaried,Mumbai
827,38,1721123,Business,Hyderabad
828,56,848477,Self-Employed,Kolkata
829,42,337401,Salaried,Delhi
830,67,567903,Retired,Bengaluru
831,53,456804,Self-Employed,Hyderabad
832,22,784852,Retired,Kolkata
833,28,1332091,Student,Delhi
834,51,983909,Self-Employed,Hyderabad
835,59,1925188,Self-Employed,Delhi
836,35,1596095,Self-Employed,Bengaluru
837,40,2096859,Business,Mumbai
838,40,2302653,Retired,Kolkata
839,33,1291186,Student,Chennai
840,65,2239168,Student,Hyderabad
841,45,901248,Student,Chennai
842,37,2459865,Student,Hyderabad
843,66,840107,Self-Employed,Hyderabad
844,51,1233964,Business,Delhi
845,21,2022447,Self-Employed,Delhi
846,41,1554280,Student,Mumbai
847,54,1215190,Student,Delhi
848,66,380224,Retired,Chennai
849,46,1742214,Self-Employed,Mumbai
850,39,1316948,Retired,Chennai
851,36,479967,Self-Employed,Hyderabad
852,25,1512822,Retired,Delhi
853,25,920843,Business,Delhi
854,41,978296,Student,Chennai
855,59,400363,Salaried,Hyderabad
856,40,1677017,Retired,Kolkata
857,27,1806981,Retired,Hyderabad
858,64,991515,Business,Mumbai
859,60,1222341,Retired,Mumbai
860,37,2162571,Retired,Bengaluru
861,37,902680,Business,Kolkata
862,35,285393,Retired,Kolkata
863,28,1398631,Business,Hyderabad
864,40,241859,Student,Kolkata
865,44,1375427,Self-Employed,Mumbai
866,54,1562232,Self-Employed,Mumbai
867,29,2137245,Self-Employed,Bengaluru
868,41,1690063,Salaried,Bengaluru
869,21,1185734,Student,Mumbai
870,46,1425148,Salaried,Kolkata
871,41,773821,Retired,Hyderabad
872,55,1788921,Salaried,Chennai
873,49,220275,Retired,Mumbai
874,22,707617,Student,Hyderabad
875,27,1519731,Business,Hyderabad
876,27,839154,Business,Chennai
877,61,1057674,Self-Employed,Chennai
878,56,1131843,Retired,Mumbai
879,28,249254,Student,Mumbai
880,65,1052937,Salaried,Kolkata
881,46,1992007,Business,Chennai
882,63,344414,Retired,Chennai
883,31,984979,Student,Chennai
884,55,796100,Business,Kolkata
885,52,2052445,Salaried,Chennai
886,69,2191517,Retired,Mumbai
887,42,2371500,Business,Bengaluru
888,62,1654434,Retired,Kolkata
889,24,2441145,Business,Delhi
890,54,876170,Salaried,Kolkata
891,48,1092393,Self-Employed,Hyderabad
892,52,1998298,Student,Bengaluru
893,59,744841,Salaried,Delhi
894,62,1166765,Self-Employed,Mumbai
895,24,342002,Retired,Chennai
896,64,450853,Salaried,Chennai
897,43,1947101,Self-Employed,Mumbai
898,34,512712,Self-Employed,Bengaluru
899,23,214795,Self-Employed,Chennai
900,62,394488,Retired,Kolkata
901,56,413365,Student,Mumbai
902,49,550809,Retired,Hyderabad
903,23,830655,Retired,Bengaluru
904,21,1085101,Salaried,Chennai
905,35,819599,Student,Chennai
906,30,544033,Self-Employed,Bengaluru
907,58,681081,Self-Employed,Chennai
908,59,1097884,Retired,Hyderabad
909,31,569820,Self-Employed,Delhi
910,37,2200422,Student,Kolkata
911,23,1798847,Business,Chennai
912,62,2380968,Business,Mumbai
913,22,1015213,Salaried,Bengaluru
914,50,1412540,Retired,Mumbai
915,51,1617065,Salaried,Delhi
916,69,1977743,Salaried,Mumbai
917,42,1428197,Salaried,Chennai
918,58,1614296,Student,Kolkata
919,34,819631,Retired,Kolkata
920,25,254182,Salaried,Hyderabad
921,61,2316872,Salaried,Kolkata
922,62,1364253,Business,Hyderabad
923,66,1853159,Salaried,Delhi
924,53,1369945,Salaried,Delhi
925,26,1860703,Salaried,Chennai
926,31,2332890,Retired,Bengaluru
927,48,1758973,Retired,Mumbai
928,46,2287296,Self-Employed,Bengaluru
929,25,932693,Salaried,Bengaluru
930,28,2230272,Retired,Hyderabad
931,51,992234,Student,Hyderabad
932,39,1289864,Self-Employed,Bengaluru
933,65,1385132,Self-Employed,Hyderabad
934,57,2215129,Student,Kolkata
935,43,692295,Self-Employed,Kolkata
936,43,1395716,Business,Mumbai
937,26,1148140,Retired,Kolkata
938,53,236476,Student,Bengaluru
939,60,690673,Salaried,Bengaluru
940,65,1641807,Salaried,Bengaluru
941,32,446692,Business,Delhi
942,55,238057,Retired,Kolkata
943,39,1513222,Business,Mumbai
944,25,1929712,Self-Employed,Kolkata
945,28,2498365,Business,Hyderabad
946,41,514934,Salaried,Delhi
947,21,397957,Business,Mumbai
948,36,693491,Self-Employed,Chennai
949,45,980993,Student,Chennai
950,44,2463636,Business,Chennai
951,63,1106947,Student,Hyderabad
952,64,1174547,Business,Hyderabad
953,40,443533,Self-Employed,Mumbai
954,37,504818,Salaried,Chennai
955,68,1012107,Retired,Kolkata
956,57,2306381,Retired,Hyderabad
957,29,2013141,Student,Mumbai
958,43,1689259,Self-Employed,Mumbai
959,49,234035,Retired,Delhi
960,62,213853,Retired,Chennai
961,46,2157683,Student,Kolkata
962,32,269828,Business,Bengaluru
963,67,1936719,Salaried,Delhi
964,46,339706,Business,Bengaluru
965,48,1426043,Business,Chennai
966,51,2365000,Business,Bengaluru
967,67,1699503,Business,Hyderabad
968,39,2416691,Salaried,Bengaluru
969,63,1253350,Self-Employed,Kolkata
970,48,2442618,Salaried,Kolkata
971,64,601364,Salaried,Chennai
972,35,899635,Retired,Kolkata
973,63,1095975,Salaried,Kolkata
974,69,936248,Self-Employed,Mumbai
975,45,2083728,Salaried,Chennai
976,54,2164466,Salaried,Delhi
977,61,2454957,Business,Chennai
978,51,1864603,Self-Employed,Kolkata
979,66,1261715,Retired,Mumbai
980,66,996399,Retired,Hyderabad
981,29,667825,Retired,Kolkata
982,42,532877,Self-Employed,Mumbai
983,60,1569732,Self-Employed,Mumbai
984,69,2481652,Student,Hyderabad
985,65,2307139,Student,Hyderabad
986,25,939823,Business,Bengaluru
987,61,1483858,Salaried,Chennai
988,69,1666256,Business,Chennai
989,26,2199828,Salaried,Hyderabad
990,56,1269742,Salaried,Hyderabad
991,43,2010579,Salaried,Chennai
992,49,1225731,Retired,Bengaluru
993,68,2283013,Retired,Delhi
994,38,333354,Student,Kolkata
995,34,2320478,Business,Kolkata
996,30,315229,Retired,Chennai
997,30,2317282,Business,Chennai
998,69,2412393,Retired,Kolkata
999,33,734707,Self-Employed,Hyderabad
1000,32,2389905,Business,Bengaluru
1001,45,2491290,Student,Mumbai
1002,64,1206807,Business,Kolkata
1003,61,728809,Salaried,Hyderabad
1004,23,1113877,Student,Hyderabad
1005,26,1849464,Retired,Bengaluru
1006,60,2323004,Business,Kolkata
1007,57,643830,Student,Kolkata
1008,63,206313,Salaried,Mumbai
1009,29,1502693,Self-Employed,Hyderabad
1010,33,1870394,Business,Hyderabad
1011,69,224429,Salaried,Mumbai
1012,68,1627940,Retired,Delhi
1013,53,602051,Retired,Kolkata
1014,39,1339482,Salaried,Mumbai
1015,58,2001074,Salaried,Bengaluru
1016,28,2258635,Salaried,Chennai
1017,52,328559,Self-Employed,Kolkata
1018,41,1078118,Retired,Chennai
1019,62,1070132,Self-Employed,Delhi
1020,68,1683255,Business,Mumbai
1021,42,904568,Salaried,Hyderabad
1022,26,1775178,Retired,Bengaluru
1023,69,319119,Self-Employed,Hyderabad
1024,54,1852771,Student,Chennai
1025,33,1102074,Self-Employed,Chennai
1026,27,879530,Salaried,Hyderabad
1027,39,2232145,Student,Kolkata
1028,54,1971348,Salaried,Chennai
1029,36,2021174,Retired,Hyderabad
1030,28,1273226,Business,Delhi
1031,39,2049666,Student,Mumbai
1032,67,698447,Retired,Kolkata
1033,36,690529,Business,Chennai
1034,65,1715611,Self-Employed,Chennai
1035,41,1819870,Business,Hyderabad
1036,69,207545,Business,Bengaluru
1037,67,2189269,Retired,Chennai
1038,64,1119497,Business,Chennai
1039,23,881759,Business,Delhi
1040,39,1344341,Salaried,Mumbai
1041,60,481051,Retired,Kolkata
1042,43,546950,Student,Mumbai
1043,50,513079,Salaried,Kolkata
1044,36,799340,Business,Bengaluru
1045,52,2408081,Student,Delhi
1046,45,1743096,Student,Chennai
1047,62,2309206,Retired,Bengaluru
1048,32,553288,Salaried,Mumbai
1049,30,2167112,Business,Chennai
1050,68,821334,Self-Employed,Kolkata
1051,45,2267221,Business,Mumbai
1052,41,903080,Business,Kolkata
1053,27,437732,Retired,Kolkata
1054,37,1668612,Retired,Chennai
1055,60,1483195,Retired,Hyderabad
1056,66,2039975,Retired,Mumbai
1057,24,2012215,Business,Bengaluru
1058,38,506310,Self-Employed,Delhi
1059,26,2437005,Self-Employed,Bengaluru
1060,41,1452029,Salaried,Hyderabad
1061,23,2145615,Business,Chennai
1062,51,2210504,Retired,Kolkata
1063,43,505146,Salaried,Bengaluru
1064,56,738363,Business,Mumbai
1065,26,1408119,Student,Hyderabad
1066,41,949498,Salaried,Delhi
1067,58,1293813,Salaried,Delhi
1068,31,2089435,Salaried,Delhi
1069,34,1304323,Self-Employed,Delhi
1070,51,2240938,Student,Bengaluru
1071,59,266353,Student,Hyderabad
1072,29,1284155,Business,Mumbai
1073,40,543926,Salaried,Delhi
1074,51,974939,Student,Bengaluru
1075,66,218201,Student,Bengaluru
1076,52,541118,Retired,Chennai
1077,46,1411423,Self-Employed,Chennai
1078,52,705787,Salaried,Bengaluru
1079,26,1176172,Retired,Chennai
1080,38,239428,Student,Kolkata
1081,48,2419363,Self-Employed,Chennai
1082,40,774220,Student,Delhi
1083,25,439224,Retired,Delhi
1084,33,1778076,Salaried,Chennai
1085,22,1900401,Student,Hyderabad
1086,59,1199913,Self-Employed,Bengaluru
1087,49,2463406,Retired,Hyderabad
1088,56,1381793,Retired,Bengaluru
1089,47,2186656,Salaried,Kolkata
1090,54,1200945,Retired,Mumbai
1091,49,1226671,Salaried,Kolkata
1092,68,1863716,Business,Chennai
1093,37,769952,Self-Employed,Kolkata
1094,64,1672561,Self-Employed,Hyderabad
1095,25,1163033,Student,Delhi
1096,42,1102823,Business,Hyderabad
1097,68,2296056,Retired,Chennai
1098,58,1615654,Self-Employed,Bengaluru
1099,46,1296387,Salaried,Hyderabad
1100,52,1395297,Business,Hyderabad
1101,57,492107,Retired,Hyderabad
1102,47,1945129,Student,Chennai
1103,60,1885482,Student,Kolkata
1104,27,271293,Retired,Hyderabad
1105,55,1133542,Self-Employed,Mumbai
1106,45,254678,Self-Employed,Mumbai
1107,55,376723,Business,Chennai
1108,31,371399,Student,Delhi
1109,22,2482884,Business,Hyderabad
1110,60,1362177,Self-Employed,Chennai
1111,23,2332680,Retired,Bengaluru
1112,57,1358413,Retired,Kolkata
1113,36,1774335,Student,Kolkata
1114,29,304056,Self-Employed,Delhi
1115,44,334529,Student,Delhi
1116,25,759026,Self-Employed,Hyderabad
1117,57,1471886,Business,Bengaluru
1118,26,223162,Business,Bengaluru
1119,58,1380333,Retired,Hyderabad
1120,59,2264059,Self-Employed,Kolkata
1121,41,1272178,Student,Mumbai
1122,67,2481953,Self-Employed,Bengaluru
1123,62,2354088,Student,Mumbai
1124,35,207859,Self-Employed,Bengaluru
1125,66,2029495,Self-Employed,Chennai
1126,26,903193,Retired,Hyderabad
1127,64,495441,Business,Mumbai
1128,55,1176222,Student,Kolkata
1129,37,2435812,Retired,Kolkata
1130,46,2390069,Business,Mumbai
1131,32,2189330,Retired,Hyderabad
1132,50,1136363,Business,Mumbai
1133,24,1802150,Self-Employed,Mumbai
1134,45,1423948,Retired,Chennai
1135,55,1902359,Salaried,Kolkata
1136,60,805352,Retired,Kolkata
1137,22,974200,Salaried,Hyderabad
1138,49,1905518,Self-Employed,Bengaluru
1139,61,305962,Business,Mumbai
1140,60,2167000,Business,Kolkata
1141,66,839389,Salaried,Hyderabad
1142,53,1695251,Retired,Chennai
1143,38,926955,Student,Mumbai
1144,54,1876987,Student,Kolkata
1145,32,1018292,Student,Delhi
1146,57,1283838,Salaried,Delhi
1147,32,1025845,Self-Employed,Bengaluru
1148,49,1352972,Business,Kolkata
1149,42,2022092,Salaried,Mumbai
1150,38,1786450,Salaried,Bengaluru
1151,63,1206336,Retired,Chennai
1152,40,1045391,Self-Employed,Hyderabad
1153,52,1202603,Student,Delhi
1154,22,450956,Student,Delhi
1155,55,1915397,Retired,Bengaluru
1156,22,1602019,Business,Hyderabad
1157,48,1967062,Retired,Chennai
1158,43,646861,Business,Chennai
1159,60,1435408,Salaried,Chennai
1160,60,542777,Self-Employed,Delhi
1161,46,1968070,Student,Kolkata
1162,55,1588424,Self-Employed,Bengaluru
1163,26,997878,Salaried,Bengaluru
1164,39,842946,Salaried,Kolkata
1165,49,327499,Student,Bengaluru
1166,44,1330775,Self-Employed,Hyderabad
1167,36,425102,Self-Employed,Bengaluru
1168,62,2162791,Retired,Chennai
1169,28,1428060,Salaried,Kolkata
1170,59,1713876,Business,Delhi
1171,31,1708447,Self-Employed,Bengaluru
1172,50,2462650,Self-Employed,Mumbai
1173,47,360248,Self-Employed,Delhi
1174,62,641853,Self-Employed,Chennai
1175,41,598177,Self-Employed,Hyderabad
1176,68,402026,Business,Chennai
1177,25,1978935,Retired,Bengaluru
1178,51,1984043,Retired,Mumbai
1179,28,1858461,Salaried,Chennai
1180,68,1801349,Salaried,Chennai
1181,57,533029,Retired,Hyderabad
1182,24,399083,Retired,Kolkata
1183,61,399612,Self-Employed,Delhi
1184,59,1322337,Self-Employed,Delhi
1185,32,2212784,Business,Hyderabad
1186,25,2449872,Self-Employed,Hyderabad
1187,25,2265735,Student,Hyderabad
1188,31,642740,Salaried,Hyderabad
1189,26,1921725,Self-Employed,Kolkata
1190,37,782690,Business,Hyderabad
1191,50,682582,Business,Chennai
1192,26,384954,Student,Mumbai
1193,48,1597541,Student,Mumbai
1194,56,312943,Salaried,Delhi
1195,29,1705801,Self-Employed,Hyderabad
1196,38,1720926,Retired,Delhi
1197,64,1574820,Retired,Hyderabad
1198,29,237033,Retired,Kolkata
1199,21,237113,Salaried,Chennai
1200,31,2211994,Retired,Mumbai
1201,46,2057522,Retired,Delhi
1202,22,1962133,Retired,Bengaluru
1203,56,1413931,Self-Employed,Hyderabad
1204,68,2498127,Student,Bengaluru
1205,42,215247,Business,Delhi
1206,67,2195222,Self-Employed,Kolkata
1207,36,1155785,Self-Employed,Hyderabad
1208,33,539017,Salaried,Hyderabad
1209,59,2038594,Student,Delhi
1210,55,1582225,Self-Employed,Bengaluru
1211,24,605301,Retired,Kolkata
1212,23,1720432,Self-Employed,Hyderabad
1213,22,2316923,Student,Delhi
1214,38,817539,Retired,Bengaluru
1215,47,1824045,Retired,Hyderabad
1216,54,1720556,Retired,Kolkata
1217,23,793965,Business,Mumbai
1218,32,1077352,Salaried,Mumbai
1219,64,2015323,Self-Employed,Mumbai
1220,37,1598656,Student,Hyderabad
1221,21,971688,Retired,Bengaluru
1222,27,1874745,Self-Employed,Bengaluru
1223,61,2345262,Self-Employed,Bengaluru
1224,28,1519654,Salaried,Delhi
1225,55,1661173,Retired,Delhi
1226,21,770375,Salaried,Delhi
1227,51,1843726,Salaried,Delhi
1228,37,2165202,Retired,Mumbai
1229,44,1458207,Student,Delhi
1230,41,644277,Student,Bengaluru
1231,68,1115921,Self-Employed,Delhi
1232,41,1275598,Business,Hyderabad
1233,69,1973302,Salaried,Bengaluru
1234,34,671571,Business,Bengaluru
1235,55,718927,Retired,Bengaluru
1236,47,1413304,Retired,Chennai
1237,48,1070631,Retired,Chennai
1238,22,1084106,Business,Delhi
1239,29,907011,Retired,Kolkata
1240,40,1753171,Business,Mumbai
1241,38,809766,Student,Kolkata
1242,51,2100195,Business,Kolkata
1243,21,1269211,Salaried,Bengaluru
1244,58,825509,Self-Employed,Bengaluru
1245,25,1311969,Salaried,Bengaluru
1246,69,767941,Retired,Chennai
1247,31,2401971,Retired,Chennai
1248,42,1598444,Business,Bengaluru
1249,40,476210,Student,Delhi
1250,67,1603933,Business,Mumbai
1251,66,1825973,Salaried,Hyderabad
1252,65,1212672,Salaried,Hyderabad
1253,59,2042446,Self-Employed,Bengaluru
1254,27,1882775,Self-Employed,Bengaluru
1255,34,792655,Retired,Mumbai
1256,45,2118272,Salaried,Hyderabad
1257,48,2356608,Salaried,Bengaluru
1258,31,2313416,Self-Employed,Chennai
1259,58,1432651,Business,Hyderabad
1260,59,1351663,Retired,Delhi
1261,56,588833,Student,Bengaluru
1262,57,2364019,Retired,Bengaluru
1263,62,2184622,Student,Chennai
1264,68,955066,Retired,Bengaluru
1265,42,1126196,Business,Chennai
1266,23,252898,Self-Employed,Hyderabad
1267,67,1577473,Business,Mumbai
1268,42,2152617,Salaried,Bengaluru
1269,45,2392286,Retired,Delhi
1270,38,1690141,Salaried,Kolkata
1271,57,759290,Self-Employed,Hyderabad
1272,53,1569665,Salaried,Bengaluru
1273,28,1108908,Student,Bengaluru
1274,47,2432137,Business,Chennai
1275,54,2260850,Salaried,Chennai
1276,48,521254,Retired,Chennai
1277,46,704843,Student,Bengaluru
1278,27,1551916,Self-Employed,Kolkata
1279,37,1152951,Student,Chennai
1280,67,215828,Retired,Kolkata
1281,56,409326,Business,Delhi
1282,36,2329643,Salaried,Bengaluru
1283,39,2467560,Student,Chennai
1284,40,663156,Salaried,Bengaluru
1285,32,237290,Student,Mumbai
1286,32,1654423,Self-Employed,Bengaluru
1287,30,2247335,Student,Chennai
1288,35,567393,Self-Employed,Hyderabad
1289,30,2221912,Business,Mumbai
1290,39,765892,Self-Employed,Delhi
1291,44,368406,Self-Employed,Bengaluru
1292,33,1328485,Salaried,Mumbai
1293,65,1470154,Self-Employed,Mumbai
1294,43,1322653,Self-Employed,Hyderabad
1295,50,2484671,Self-Employed,Hyderabad
1296,61,828472,Retired,Chennai
1297,31,1394868,Student,Mumbai
1298,62,1524880,Retired,Bengaluru
1299,68,1017548,Business,Delhi
1300,51,620716,Retired,Delhi
1301,52,820471,Student,Hyderabad
1302,48,1200934,Business,Chennai
1303,37,1209191,Student,Delhi
1304,50,1399079,Student,Delhi
1305,40,942210,Student,Hyderabad
1306,45,840999,Business,Bengaluru
1307,27,1144777,Retired,Chennai
1308,24,2499882,Student,Delhi
1309,42,1175589,Self-Employed,Mumbai
1310,25,1960333,Self-Employed,Kolkata
1311,61,1423679,Student,Delhi
1312,44,2156199,Self-Employed,Bengaluru
1313,69,1421719,Self-Employed,Mumbai
1314,24,1012973,Salaried,Chennai
1315,24,2431654,Self-Employed,Mumbai
1316,27,1897745,Business,Hyderabad
1317,37,1821708,Business,Chennai
1318,51,1839768,Business,Hyderabad
1319,38,470062,Student,Bengaluru
1320,67,1528206,Student,Delhi
1321,69,1087233,Salaried,Delhi
1322,22,1743722,Retired,Kolkata
1323,52,2373837,Salaried,Bengaluru
1324,50,1744101,Business,Mumbai
1325,63,1535601,Student,Kolkata
1326,43,2142209,Business,Kolkata
1327,25,549529,Self-Employed,Kolkata
1328,22,743002,Student,Hyderabad
1329,29,1573522,Self-Employed,Chennai
1330,59,1612983,Self-Employed,Chennai
1331,25,2219798,Business,Bengaluru
1332,55,816755,Self-Employed,Chennai
1333,27,2067596,Self-Employed,Hyderabad
1334,66,967525,Self-Employed,Mumbai
1335,26,2019025,Student,Mumbai
1336,53,1863863,Retired,Bengaluru
1337,21,1039427,Business,Chennai
1338,56,1116413,Salaried,Kolkata
1339,24,1670740,Salaried,Hyderabad
1340,38,695730,Retired,Hyderabad
1341,62,614412,Student,Kolkata
1342,49,639688,Self-Employed,Mumbai
1343,37,2256133,Student,Hyderabad
1344,51,2315906,Self-Employed,Hyderabad
1345,51,683402,Business,Mumbai
1346,26,234860,Salaried,Hyderabad
1347,44,882582,Business,Bengaluru
1348,30,2224573,Salaried,Hyderabad
1349,44,2497271,Retired,Mumbai
1350,32,448848,Student,Chennai
1351,33,2474694,Salaried,Mumbai
1352,50,1164749,Salaried,Delhi
1353,43,2400582,Business,Mumbai
1354,47,503944,Student,Chennai
1355,26,669787,Student,Delhi
1356,36,297922,Student,Bengaluru
1357,37,1799330,Student,Kolkata
1358,59,2033855,Student,Kolkata
1359,39,546881,Self-Employed,Kolkata
1360,54,1101844,Self-Employed,Kolkata
1361,63,2311248,Retired,Hyderabad
1362,27,1867875,Retired,Hyderabad
1363,25,2339524,Self-Employed,Bengaluru
1364,59,1422900,Business,Hyderabad
1365,36,2461406,Student,Hyderabad
1366,36,2054234,Self-Employed,Mumbai
1367,69,1351608,Salaried,Chennai
1368,43,897617,Salaried,Chennai
1369,51,2469276,Business,Mumbai
1370,29,292509,Retired,Mumbai
1371,33,277984,Business,Hyderabad
1372,40,758740,Salaried,Kolkata
1373,22,531508,Student,Delhi
1374,32,257688,Student,Delhi
1375,69,2086770,Self-Employed,Delhi
1376,56,309246,Salaried,Mumbai
1377,49,561789,Salaried,Kolkata
1378,49,1714574,Retired,Hyderabad
1379,37,848183,Salaried,Kolkata
1380,64,316746,Salaried,Hyderabad
1381,43,1061108,Student,Bengaluru
1382,28,515956,Student,Delhi
1383,23,2390642,Salaried,Hyderabad
1384,49,1047017,Student,Kolkata
1385,26,1398982,Business,Chennai
1386,44,1580046,Student,Delhi
1387,62,2152358,Student,Delhi
1388,44,1167618,Self-Employed,Delhi
1389,50,1526954,Student,Chennai
1390,58,1122368,Salaried,Hyderabad
1391,41,216143,Self-Employed,Chennai
1392,41,652562,Self-Employed,Kolkata
1393,24,490325,Salaried,Kolkata
1394,55,2227522,Self-Employed,Chennai
1395,21,1725477,Salaried,Hyderabad
1396,34,2389776,Student,Bengaluru
1397,34,2421923,Business,Kolkata
1398,27,2038064,Self-Employed,Chennai
1399,58,2433739,Business,Hyderabad
1400,59,772478,Student,Mumbai
1401,27,1107394,Business,Chennai
1402,46,1975231,Salaried,Mumbai
1403,32,1231271,Business,Hyderabad
1404,33,2065993,Salaried,Chennai
1405,28,2124819,Salaried,Kolkata
1406,43,2450329,Business,Mumbai
1407,68,1506315,Salaried,Bengaluru
1408,51,2252642,Retired,Hyderabad
1409,21,1723541,Retired,Mumbai
1410,33,916040,Self-Employed,Bengaluru
1411,35,919080,Business,Delhi
1412,29,2463806,Salaried,Chennai
1413,29,773141,Self-Employed,Hyderabad
1414,69,1432924,Student,Chennai
1415,53,1246415,Salaried,Chennai
1416,30,1473947,Retired,Mumbai
1417,46,1423311,Salaried,Hyderabad
1418,37,1839851,Salaried,Mumbai
1419,37,2252942,Self-Employed,Bengaluru
1420,40,2305779,Student,Chennai
1421,66,1539211,Salaried,Hyderabad
1422,63,469264,Salaried,Kolkata
1423,47,1612378,Business,Bengaluru
1424,34,2017421,Self-Employed,Hyderabad
1425,64,1581356,Student,Mumbai
1426,31,1093370,Student,Mumbai
1427,22,2080824,Retired,Mumbai
1428,27,1719824,Business,Hyderabad
1429,46,2117951,Student,Kolkata
1430,58,2498218,Retired,Chennai
1431,32,2475459,Self-Employed,Kolkata
1432,48,1307947,Self-Employed,Kolkata
1433,34,1277710,Self-Employed,Kolkata
1434,25,2132568,Student,Mumbai
1435,52,709035,Salaried,Hyderabad
1436,43,2227378,Student,Delhi
1437,39,2137485,Business,Delhi
1438,69,765782,Business,Hyderabad
1439,68,881401,Self-Employed,Bengaluru
1440,66,322225,Business,Mumbai
1441,30,1537976,Business,Bengaluru
1442,48,430674,Retired,Delhi
1443,40,1882275,Self-Employed,Mumbai
1444,32,2189578,Student,Kolkata
1445,47,1101405,Salaried,Bengaluru
1446,49,2268117,Self-Employed,Mumbai
1447,61,1760636,Self-Employed,Delhi
1448,46,1897102,Self-Employed,Chennai
1449,49,377960,Student,Kolkata
1450,68,697762,Business,Hyderabad
1451,28,1801540,Student,Chennai
1452,21,2354350,Self-Employed,Hyderabad
1453,29,2028032,Student,Bengaluru
1454,36,2476006,Student,Hyderabad
1455,35,624030,Student,Delhi
1456,40,1086654,Retired,Bengaluru
1457,53,1619329,Business,Mumbai
1458,56,1492814,Self-Employed,Mumbai
1459,54,654764,Self-Employed,Mumbai
1460,57,1755509,Salaried,Hyderabad
1461,46,1901797,Salaried,Hyderabad
1462,56,2144212,Self-Employed,Kolkata
1463,63,1604486,Student,Hyderabad
1464,48,2374212,Business,Mumbai
1465,60,852316,Salaried,Kolkata
1466,48,591277,Salaried,Kolkata
1467,38,2268692,Business,Mumbai
1468,35,2435161,Retired,Hyderabad
1469,62,2388685,Retired,Hyderabad
1470,63,1004430,Salaried,Bengaluru
1471,30,1034010,Salaried,Mumbai
1472,41,2406014,Student,Bengaluru
1473,51,2334993,Self-Employed,Hyderabad
1474,38,1125737,Student,Bengaluru
1475,46,727088,Student,Chennai
1476,59,1160967,Business,Bengaluru
1477,33,1560188,Student,Bengaluru
1478,56,1637546,Business,Bengaluru
1479,41,516280,Self-Employed,Chennai
1480,36,1594083,Student,Delhi
1481,23,1060479,Salaried,Bengaluru
1482,22,211348,Self-Employed,Bengaluru
1483,30,1374523,Student,Mumbai
1484,21,275575,Self-Employed,Bengaluru
1485,47,1798121,Salaried,Bengaluru
1486,62,1666311,Salaried,Bengaluru
1487,22,1245685,Retired,Delhi
1488,28,1846822,Salaried,Hyderabad
1489,63,451704,Self-Employed,Mumbai
1490,50,664519,Retired,Hyderabad
1491,58,2283530,Salaried,Bengaluru
1492,49,2125118,Retired,Mumbai
1493,67,1169766,Business,Bengaluru
1494,32,1671728,Salaried,Bengaluru
1495,62,936781,Retired,Kolkata
1496,42,1320778,Salaried,Mumbai
1497,22,866172,Salaried,Bengaluru
1498,41,1855610,Retired,Hyderabad
1499,41,1815211,Salaried,Kolkata
1500,45,1940555,Student,Delhi
1501,29,421075,Self-Employed,Hyderabad
1502,62,1872303,Self-Employed,Kolkata
1503,36,1922895,Retired,Kolkata
1504,65,1686598,Salaried,Chennai
1505,69,2166353,Business,Bengaluru
1506,25,2433528,Retired,Bengaluru
1507,57,1660554,Salaried,Bengaluru
1508,42,1525222,Salaried,Kolkata
1509,46,1322800,Retired,Kolkata
1510,35,343097,Self-Employed,Bengaluru
1511,40,1884488,Student,Kolkata
1512,59,1012268,Student,Chennai
1513,49,1128347,Retired,Bengaluru
1514,37,390634,Business,Chennai
1515,55,1437742,Salaried,Chennai
1516,44,1611212,Self-Employed,Hyderabad
1517,56,2013009,Retired,Mumbai
1518,55,959556,Salaried,Mumbai
1519,63,2321324,Retired,Mumbai
1520,52,566457,Student,Delhi
1521,57,1752712,Retired,Chennai
1522,57,934356,Salaried,Kolkata
1523,60,1785939,Student,Chennai
1524,42,2391480,Student,Hyderabad
1525,33,2155385,Business,Bengaluru
1526,47,1128803,Business,Mumbai
1527,42,380203,Self-Employed,Kolkata
1528,34,756807,Self-Employed,Hyderabad
1529,32,450430,Salaried,Kolkata
1530,59,211735,Retired,Kolkata
1531,49,793263,Business,Bengaluru
1532,63,293736,Self-Employed,Kolkata
1533,47,2423032,Self-Employed,Kolkata
1534,35,571673,Salaried,Chennai
1535,62,988838,Self-Employed,Delhi
1536,45,325024,Salaried,Delhi
1537,21,1969506,Business,Delhi
1538,26,1840832,Student,Chennai
1539,46,2151534,Business,Chennai
1540,26,997492,Self-Employed,Bengaluru
1541,60,750880,Retired,Bengaluru
1542,28,933664,Student,Chennai
1543,44,1429976,Retired,Hyderabad
1544,51,1789331,Business,Chennai
1545,22,1397664,Business,Chennai
1546,59,496830,Retired,Delhi
1547,25,1346455,Salaried,Hyderabad
1548,27,2244263,Student,Delhi
1549,23,756852,Student,Kolkata
1550,69,262477,Student,Kolkata
1551,42,217273,Self-Employed,Delhi
1552,38,1763027,Business,Mumbai
1553,32,1449362,Business,Bengaluru
1554,64,1997236,Self-Employed,Mumbai
1555,50,840030,Business,Mumbai
1556,69,1511668,Student,Bengaluru
1557,69,1834354,Salaried,Chennai
1558,62,1975413,Retired,Bengaluru
1559,59,2448348,Student,Mumbai
1560,39,533396,Business,Kolkata
1561,37,2437653,Student,Kolkata
1562,22,2114161,Self-Employed,Bengaluru
1563,59,445560,Salaried,Hyderabad
1564,45,1934029,Salaried,Bengaluru
1565,63,953730,Business,Delhi
1566,44,803455,Salaried,Mumbai
1567,21,267509,Salaried,Delhi
1568,21,2152230,Business,Bengaluru
1569,60,303712,Self-Employed,Chennai
1570,63,1598973,Business,Delhi
1571,38,797499,Retired,Hyderabad
1572,28,835576,Self-Employed,Kolkata
1573,23,255765,Business,Hyderabad
1574,51,975880,Self-Employed,Delhi
1575,61,2206680,Student,Delhi
1576,33,2092846,Self-Employed,Bengaluru
1577,30,954099,Salaried,Hyderabad
1578,41,970223,Salaried,Chennai
1579,59,1146395,Retired,Chennai
1580,44,1509386,Salaried,Kolkata
1581,46,513684,Retired,Hyderabad
1582,49,1184656,Self-Employed,Bengaluru
1583,47,2234121,Self-Employed,Hyderabad
1584,46,2202528,Retired,Mumbai
1585,24,1885571,Self-Employed,Kolkata
1586,38,764026,Business,Chennai
1587,50,2211073,Student,Mumbai
1588,22,1226464,Salaried,Mumbai
1589,60,933330,Business,Kolkata
1590,27,1040127,Retired,Mumbai
1591,21,602920,Self-Employed,Mumbai
1592,51,1213787,Retired,Kolkata
1593,52,1590667,Business,Chennai
1594,50,2423652,Retired,Bengaluru
1595,48,2220692,Business,Bengaluru
1596,53,2308765,Business,Mumbai
1597,38,2095010,Student,Chennai
1598,24,629949,Retired,Hyderabad
1599,56,605621,Student,Bengaluru
1600,33,2281669,Retired,Hyderabad
1601,24,879880,Salaried,Bengaluru
1602,32,2482603,Business,Chennai
1603,64,899800,Salaried,Delhi
1604,60,1874261,Student,Bengaluru
1605,26,852999,Business,Mumbai
1606,58,843926,Salaried,Bengaluru
1607,48,1395100,Salaried,Hyderabad
1608,57,2095439,Self-Employed,Mumbai
1609,56,360813,Business,Hyderabad
1610,68,1520052,Student,Bengaluru
1611,50,2384796,Student,Chennai
1612,65,2266290,Salaried,Kolkata
1613,59,2376602,Student,Kolkata
1614,52,1790214,Student,Delhi
1615,39,2362491,Student,Kolkata
1616,45,547015,Self-Employed,Hyderabad
1617,65,1171473,Self-Employed,Bengaluru
1618,61,1411788,Self-Employed,Bengaluru
1619,45,1375647,Retired,Kolkata
1620,47,2001795,Retired,Mumbai
1621,51,676789,Student,Bengaluru
1622,58,1232856,Business,Hyderabad
1623,32,1068047,Salaried,Hyderabad
1624,29,1456647,Retired,Kolkata
1625,56,2270158,Retired,Delhi
1626,46,2032530,Self-Employed,Bengaluru
1627,47,659395,Self-Employed,Mumbai
1628,44,1518113,Self-Employed,Chennai
1629,55,931856,Self-Employed,Delhi
1630,44,791766,Retired,Chennai
1631,54,753516,Retired,Delhi
1632,46,2138359,Student,Delhi
1633,23,1732034,Salaried,Mumbai
1634,51,1442589,Retired,Mumbai
1635,25,731004,Student,Chennai
1636,50,368328,Student,Chennai
1637,24,988368,Self-Employed,Mumbai
1638,67,1729333,Retired,Chennai
1639,32,954995,Business,Hyderabad
1640,31,1712304,Business,Hyderabad
1641,21,2222017,Salaried,Mumbai
1642,28,1744608,Salaried,Mumbai
1643,22,1783356,Self-Employed,Mumbai
1644,56,1329857,Retired,Mumbai
1645,27,467486,Salaried,Hyderabad
1646,32,1069197,Retired,Hyderabad
1647,64,1059162,Student,Bengaluru
1648,34,2316387,Student,Mumbai
1649,51,279176,Self-Employed,Chennai
1650,29,1115413,Salaried,Bengaluru
1651,39,492664,Student,Chennai
1652,44,1778497,Salaried,Bengaluru
1653,62,962551,Retired,Hyderabad
1654,41,1599006,Retired,Hyderabad
1655,40,907742,Salaried,Delhi
1656,68,1064097,Business,Bengaluru
1657,38,944961,Retired,Delhi
1658,54,779144,Student,Delhi
1659,67,1518737,Retired,Chennai
1660,49,1761582,Salaried,Chennai
1661,56,746286,Self-Employed,Mumbai
1662,49,1580854,Business,Mumbai
1663,56,223258,Salaried,Mumbai
1664,34,395636,Retired,Chennai
1665,48,1509478,Self-Employed,Bengaluru
1666,64,257452,Self-Employed,Kolkata
1667,29,769196,Salaried,Bengaluru
1668,26,1186756,Self-Employed,Bengaluru
1669,40,1692483,Student,Hyderabad
1670,57,596553,Business,Chennai
1671,61,1430401,Student,Kolkata
1672,27,1922130,Salaried,Hyderabad
1673,52,763284,Business,Mumbai
1674,45,1329779,Self-Employed,Delhi
1675,49,1126190,Business,Mumbai
1676,31,228362,Salaried,Bengaluru
1677,30,671750,Self-Employed,Kolkata
1678,48,2335787,Business,Chennai
1679,49,2003971,Salaried,Mumbai
1680,30,2362605,Student,Delhi
1681,31,812357,Student,Kolkata
1682,45,1260017,Self-Employed,Chennai
1683,50,1982189,Self-Employed,Kolkata
1684,22,2257659,Student,Delhi
1685,56,990998,Student,Hyderabad
1686,33,1407145,Student,Delhi
1687,58,1499887,Business,Mumbai
1688,57,2389734,Salaried,Delhi
1689,63,507971,Student,Kolkata
1690,46,1327600,Retired,Kolkata
1691,55,1308881,Business,Delhi
1692,45,1400445,Business,Hyderabad
1693,36,303438,Self-Employed,Mumbai
1694,52,1828878,Retired,Chennai
1695,53,528503,Salaried,Mumbai
1696,46,832913,Retired,Kolkata
1697,34,336023,Retired,Chennai
1698,33,715080,Student,Chennai
1699,66,2326113,Self-Employed,Chennai
1700,64,1109094,Salaried,Bengaluru
1701,58,867265,Business,Hyderabad
1702,36,1557512,Student,Mumbai
1703,44,704447,Business,Chennai
1704,21,1487550,Student,Mumbai
1705,49,2480436,Business,Hyderabad
1706,30,1186194,Retired,Chennai
1707,69,1932932,Business,Chennai
1708,41,1848625,Retired,Hyderabad
1709,23,1256581,Retired,Mumbai
1710,21,552758,Salaried,Delhi
1711,54,1114041,Student,Kolkata
1712,47,1506922,Student,Bengaluru
1713,55,1296484,Student,Chennai
1714,67,670660,Salaried,Kolkata
1715,36,2050411,Retired,Chennai
1716,48,2450413,Student,Chennai
1717,27,2042736,Self-Employed,Hyderabad
1718,31,1476856,Student,Hyderabad
1719,35,1282383,Self-Employed,Kolkata
1720,24,1785049,Business,Kolkata
1721,26,2411477,Business,Hyderabad
1722,47,2193855,Salaried,Mumbai
1723,45,765817,Salaried,Hyderabad
1724,54,2423307,Business,Delhi
1725,52,1068147,Self-Employed,Kolkata
1726,52,1926375,Retired,Bengaluru
1727,33,1117921,Retired,Kolkata
1728,48,1582138,Business,Chennai
1729,38,2047414,Retired,Bengaluru
1730,39,2449721,Salaried,Bengaluru
1731,45,1630110,Retired,Hyderabad
1732,40,1792696,Salaried,Delhi
1733,27,855833,Retired,Bengaluru
1734,63,1839198,Salaried,Chennai
1735,40,312824,Business,Delhi
1736,23,1843680,Business,Hyderabad
1737,52,2372769,Student,Mumbai
1738,35,2196424,Retired,Mumbai
1739,59,1017882,Retired,Bengaluru
1740,35,2129929,Business,Chennai
1741,62,1992628,Student,Hyderabad
1742,69,1782545,Student,Chennai
1743,47,553750,Retired,Bengaluru
1744,45,835718,Salaried,Bengaluru
1745,28,988320,Salaried,Bengaluru
1746,29,1369275,Salaried,Kolkata
1747,30,2197329,Salaried,Delhi
1748,62,993491,Retired,Kolkata
1749,63,1316163,Salaried,Hyderabad
1750,39,1388827,Salaried,Mumbai
1751,62,710734,Salaried,Mumbai
1752,39,2172099,Business,Chennai
1753,28,1382821,Salaried,Kolkata
1754,37,1171818,Self-Employed,Chennai
1755,41,1934658,Student,Bengaluru
1756,28,777737,Student,Bengaluru
1757,53,526077,Salaried,Kolkata
1758,42,745020,Self-Employed,Chennai
1759,57,1190977,Student,Kolkata
1760,47,1201085,Business,Chennai
1761,50,840702,Business,Hyderabad
1762,43,1862736,Business,Mumbai
1763,50,1420743,Self-Employed,Delhi
1764,39,2479896,Retired,Delhi
1765,37,533029,Student,Delhi
1766,32,377485,Student,Bengaluru
1767,62,593757,Salaried,Kolkata
1768,63,219740,Business,Hyderabad
1769,62,921149,Self-Employed,Bengaluru
1770,63,1616122,Student,Chennai
1771,33,2254897,Student,Delhi
1772,48,337548,Student,Bengaluru
1773,68,2139113,Retired,Hyderabad
1774,55,859740,Salaried,Chennai
1775,28,1658477,Student,Hyderabad
1776,65,951812,Self-Employed,Chennai
1777,49,1963504,Retired,Kolkata
1778,28,1851424,Salaried,Mumbai
1779,29,2296272,Self-Employed,Delhi
1780,27,265218,Self-Employed,Delhi
1781,32,1644008,Salaried,Hyderabad
1782,30,2465156,Student,Mumbai
1783,69,1838607,Retired,Mumbai
1784,49,793144,Salaried,Mumbai
1785,55,1578835,Retired,Chennai
1786,24,1872799,Salaried,Mumbai
1787,55,394205,Student,Delhi
1788,56,1450558,Business,Mumbai
1789,21,1167913,Retired,Delhi
1790,23,352561,Salaried,Chennai
1791,45,2183555,Student,Hyderabad
1792,22,1037757,Business,Chennai
1793,38,1969667,Student,Delhi
1794,68,561763,Business,Bengaluru
1795,67,547619,Salaried,Chennai
1796,38,2246010,Self-Employed,Kolkata
1797,69,1106643,Retired,Hyderabad
1798,48,861240,Student,Chennai
1799,46,2380682,Student,Kolkata
1800,44,1779764,Business,Hyderabad
1801,59,1758769,Salaried,Hyderabad
1802,52,1043393,Self-Employed,Chennai
1803,49,2481805,Retired,Mumbai
1804,67,578921,Business,Chennai
1805,35,599431,Student,Kolkata
1806,48,1437270,Salaried,Delhi
1807,24,1942959,Self-Employed,Chennai
1808,36,1142673,Retired,Kolkata
1809,55,2033008,Student,Chennai
1810,22,1592352,Self-Employed,Mumbai
1811,46,2205536,Student,Delhi
1812,52,863136,Retired,Bengaluru
1813,25,1304132,Retired,Hyderabad
1814,41,2306064,Business,Mumbai
1815,23,896111,Business,Hyderabad
1816,67,1982236,Student,Bengaluru
1817,67,815811,Salaried,Mumbai
1818,49,645840,Student,Chennai
1819,26,2118491,Business,Mumbai
1820,52,1138697,Student,Bengaluru
1821,59,1282388,Student,Mumbai
1822,52,800490,Retired,Bengaluru
1823,59,329466,Business,Chennai
1824,47,2176620,Business,Bengaluru
1825,64,2472547,Retired,Delhi
1826,40,1518055,Student,Hyderabad
1827,69,1669990,Business,Hyderabad
1828,43,1514076,Business,Kolkata
1829,69,2192273,Business,Kolkata
1830,54,2201995,Salaried,Mumbai
1831,40,220418,Salaried,Hyderabad
1832,32,2037756,Student,Mumbai
1833,64,316609,Retired,Chennai
1834,29,915219,Salaried,Hyderabad
1835,67,1704634,Self-Employed,Hyderabad
1836,65,274691,Business,Kolkata
1837,51,1096865,Student,Delhi
1838,54,2205116,Salaried,Kolkata
1839,49,310142,Business,Mumbai
1840,63,2126211,Retired,Delhi
1841,28,539342,Salaried,Delhi
1842,38,234152,Self-Employed,Hyderabad
1843,38,1033347,Student,Mumbai
1844,49,611588,Salaried,Chennai
1845,45,1452428,Salaried,Bengaluru
1846,50,1056038,Salaried,Bengaluru
1847,35,2020352,Business,Kolkata
1848,64,2250174,Student,Mumbai
1849,36,208248,Retired,Delhi
1850,63,1097666,Salaried,Bengaluru
1851,25,281147,Salaried,Mumbai
1852,33,1278532,Self-Employed,Kolkata
1853,55,1265128,Salaried,Mumbai
1854,68,434600,Business,Bengaluru
1855,32,1877377,Student,Chennai
1856,39,1035065,Self-Employed,Chennai
1857,66,297249,Self-Employed,Mumbai
1858,50,1115197,Self-Employed,Bengaluru
1859,53,600903,Self-Employed,Hyderabad
1860,69,2339020,Retired,Hyderabad
1861,68,1312605,Student,Delhi
1862,40,1647913,Business,Hyderabad
1863,49,294294,Salaried,Kolkata
1864,52,354328,Self-Employed,Hyderabad
1865,60,2470226,Student,Delhi
1866,69,1383802,Business,Bengaluru
1867,30,1998663,Retired,Bengaluru
1868,51,445720,Student,Chennai
1869,37,1314503,Salaried,Chennai
1870,53,2084780,Student,Chennai
1871,30,2491043,Salaried,Hyderabad
1872,59,2053407,Self-Employed,Delhi
1873,62,526212,Self-Employed,Mumbai
1874,59,2060949,Salaried,Delhi
1875,60,2144507,Self-Employed,Mumbai
1876,67,816031,Retired,Kolkata
1877,28,503938,Student,Delhi
1878,52,538645,Student,Bengaluru
1879,50,1394922,Student,Bengaluru
1880,33,330250,Student,Bengaluru
1881,56,949156,Salaried,Mumbai
1882,23,1761544,Self-Employed,Kolkata
1883,40,1065846,Retired,Mumbai
1884,24,2254977,Student,Bengaluru
1885,35,1595764,Self-Employed,Kolkata
1886,68,643791,Student,Hyderabad
1887,59,1648881,Retired,Chennai
1888,61,863601,Business,Kolkata
1889,69,1213134,Business,Delhi
1890,50,635867,Salaried,Bengaluru
1891,69,680807,Business,Bengaluru
1892,65,1384107,Retired,Kolkata
1893,45,1173099,Salaried,Delhi
1894,63,1847161,Retired,Hyderabad
1895,33,2137666,Self-Employed,Chennai
1896,38,900956,Student,Hyderabad
1897,69,1564472,Self-Employed,Bengaluru
1898,60,2027358,Self-Employed,Delhi
1899,52,2018761,Student,Delhi
1900,30,348441,Retired,Hyderabad
1901,27,1147559,Salaried,Delhi
1902,69,2023984,Salaried,Hyderabad
1903,60,1752786,Self-Employed,Hyderabad
1904,36,516372,Self-Employed,Delhi
1905,27,1286050,Salaried,Delhi
1906,34,1207062,Business,Delhi
1907,26,1979811,Self-Employed,Mumbai
1908,29,1921907,Self-Employed,Hyderabad
1909,40,1157173,Student,Bengaluru
1910,48,1435417,Retired,Bengaluru
1911,63,432653,Retired,Chennai
1912,65,2351279,Salaried,Mumbai
1913,33,2269871,Salaried,Mumbai
1914,48,482324,Self-Employed,Hyderabad
1915,56,1059459,Self-Employed,Chennai
1916,22,2072151,Business,Mumbai
1917,42,865391,Salaried,Hyderabad
1918,23,874681,Self-Employed,Bengaluru
1919,30,2292062,Business,Chennai
1920,46,1698998,Business,Hyderabad
1921,24,916562,Salaried,Mumbai
1922,64,627349,Salaried,Mumbai
1923,60,2426371,Salaried,Chennai
1924,49,673397,Retired,Mumbai
1925,35,652058,Business,Bengaluru
1926,57,537684,Business,Kolkata
1927,52,2497091,Self-Employed,Mumbai
1928,62,2230844,Salaried,Bengaluru
1929,65,577495,Retired,Delhi
1930,27,1054293,Retired,Delhi
1931,22,2299975,Student,Bengaluru
1932,42,480589,Retired,Hyderabad
1933,26,1990104,Student,Delhi
1934,21,1964860,Salaried,Bengaluru
1935,39,1895285,Business,Hyderabad
1936,41,1519091,Retired,Delhi
1937,52,1590364,Salaried,Mumbai
1938,63,2219494,Salaried,Mumbai
1939,67,443683,Self-Employed,Hyderabad
1940,59,618556,Salaried,Delhi
1941,67,1305643,Salaried,Mumbai
1942,37,479613,Self-Employed,Chennai
1943,60,1658980,Student,Chennai
1944,55,744566,Retired,Bengaluru
1945,69,1344104,Business,Kolkata
1946,55,2280077,Business,Bengaluru
1947,22,239595,Business,Hyderabad
1948,45,519508,Retired,Mumbai
1949,28,1133624,Business,Delhi
1950,26,512005,Business,Mumbai
1951,63,1613453,Business,Chennai
1952,66,2489858,Salaried,Kolkata
1953,36,2179964,Student,Chennai
1954,49,625757,Student,Chennai
1955,59,527209,Self-Employed,Hyderabad
1956,29,2012503,Student,Chennai
1957,23,1032532,Business,Kolkata
1958,54,2292672,Retired,Delhi
1959,32,1792980,Self-Employed,Bengaluru
1960,58,1730416,Student,Mumbai
1961,69,2201213,Retired,Hyderabad
1962,26,970414,Salaried,Bengaluru
1963,51,1019521,Business,Bengaluru
1964,41,804060,Retired,Mumbai
1965,50,1361049,Salaried,Mumbai
1966,67,1907703,Retired,Kolkata
1967,60,1895053,Business,Delhi
1968,49,1483834,Student,Delhi
1969,69,2215857,Retired,Hyderabad
1970,59,1148028,Retired,Chennai
1971,62,2495906,Student,Hyderabad
1972,28,833074,Student,Mumbai
1973,65,743664,Salaried,Delhi
1974,34,2074130,Student,Mumbai
1975,51,1612413,Salaried,Kolkata
1976,68,2003050,Student,Chennai
1977,68,619635,Student,Mumbai
1978,24,1204226,Student,Bengaluru
1979,50,1391890,Student,Chennai
1980,64,1431257,Retired,Chennai
1981,49,516667,Student,Kolkata
1982,24,424259,Business,Bengaluru
1983,48,482248,Retired,Kolkata
1984,50,1082498,Self-Employed,Hyderabad
1985,55,1881324,Self-Employed,Kolkata
1986,21,366924,Student,Mumbai
1987,31,1497225,Student,Mumbai
1988,65,2180987,Retired,Chennai
1989,43,1338972,Self-Employed,Kolkata
1990,47,2150400,Student,Bengaluru
1991,29,2300992,Business,Bengaluru
1992,47,512840,Student,Delhi
1993,35,1957349,Business,Hyderabad
1994,40,813899,Self-Employed,Kolkata
1995,45,1473293,Business,Delhi
1996,55,672206,Retired,Mumbai
1997,21,285555,Salaried,Bengaluru
1998,53,1111924,Business,Delhi
1999,69,920499,Self-Employed,Hyderabad
2000,50,1698734,Student,Kolkata
2001,27,1819647,Salaried,Chennai
2002,43,1939961,Self-Employed,Mumbai
2003,58,815894,Student,Hyderabad
2004,30,347636,Retired,Delhi
2005,63,840972,Salaried,Hyderabad
2006,49,1148429,Salaried,Delhi
2007,31,1723860,Retired,Chennai
2008,67,808248,Business,Hyderabad
2009,27,1466799,Retired,Delhi
2010,35,1351847,Salaried,Kolkata
2011,51,2441147,Business,Hyderabad
2012,43,318436,Business,Bengaluru
2013,41,1841452,Self-Employed,Kolkata
2014,23,392352,Business,Chennai
2015,29,711702,Self-Employed,Hyderabad
2016,25,2145691,Salaried,Hyderabad
2017,23,854220,Retired,Bengaluru
2018,30,1791358,Business,Chennai
2019,58,1716967,Student,Hyderabad
2020,51,1207266,Self-Employed,Mumbai
2021,24,1790977,Self-Employed,Hyderabad
2022,34,1958370,Student,Bengaluru
2023,66,1577784,Student,Kolkata
2024,67,1477123,Self-Employed,Bengaluru
2025,59,463202,Student,Chennai
2026,41,1887081,Business,Delhi
2027,57,1352629,Self-Employed,Hyderabad
2028,51,1909719,Salaried,Bengaluru
2029,44,2211275,Business,Kolkata
2030,48,2208000,Business,Delhi
2031,43,2312990,Business,Chennai
2032,45,542110,Student,Chennai
2033,30,1659988,Retired,Delhi
2034,40,829246,Business,Hyderabad
2035,50,1063865,Salaried,Kolkata
2036,42,417094,Salaried,Kolkata
2037,30,1747514,Business,Mumbai
2038,69,887738,Business,Bengaluru
2039,36,2041276,Student,Hyderabad
2040,25,812687,Student,Mumbai
2041,43,2181294,Student,Chennai
2042,68,2421424,Student,Chennai
2043,52,1415098,Student,Mumbai
2044,33,1634758,Business,Chennai
2045,66,495835,Retired,Delhi
2046,60,1399530,Student,Bengaluru
2047,67,2198645,Salaried,Hyderabad
2048,32,2092863,Salaried,Kolkata
2049,43,2072123,Retired,Bengaluru
2050,40,1312044,Business,Mumbai
2051,67,1974044,Business,Kolkata
2052,55,1630897,Salaried,Chennai
2053,31,2094923,Business,Mumbai
2054,66,1016034,Salaried,Bengaluru
2055,36,438011,Salaried,Kolkata
2056,42,1291308,Self-Employed,Hyderabad
2057,36,2418705,Salaried,Hyderabad
2058,50,619180,Student,Chennai
2059,27,1622088,Business,Hyderabad
2060,38,709184,Business,Delhi
2061,68,2367772,Student,Mumbai
2062,31,1198954,Student,Hyderabad
2063,38,2184214,Retired,Kolkata
2064,67,1745086,Retired,Bengaluru
2065,43,710600,Student,Chennai
2066,67,267352,Business,Hyderabad
2067,50,673940,Self-Employed,Kolkata
2068,68,782467,Business,Bengaluru
2069,63,472868,Student,Mumbai
2070,68,517970,Salaried,Hyderabad
2071,53,2095874,Salaried,Chennai
2072,65,1475579,Salaried,Delhi
2073,58,456590,Retired,Mumbai
2074,48,1070477,Student,Hyderabad
2075,21,2323339,Self-Employed,Chennai
2076,36,1705798,Business,Hyderabad
2077,41,1076921,Self-Employed,Bengaluru
2078,40,1294407,Business,Chennai
2079,57,653278,Salaried,Bengaluru
2080,35,500103,Retired,Mumbai
2081,63,2334884,Salaried,Mumbai
2082,36,666556,Salaried,Chennai
2083,48,1728147,Self-Employed,Chennai
2084,58,313035,Self-Employed,Mumbai
2085,32,1681904,Self-Employed,Mumbai
2086,67,2093810,Self-Employed,Mumbai
2087,46,1858489,Self-Employed,Chennai
2088,48,2217415,Self-Employed,Bengaluru
2089,36,1277368,Salaried,Bengaluru
2090,55,1435606,Student,Mumbai
2091,31,1113599,Business,Mumbai
2092,34,710032,Business,Mumbai
2093,26,1177386,Self-Employed,Hyderabad
2094,64,507255,Self-Employed,Hyderabad
2095,32,1374908,Business,Delhi
2096,46,730628,Salaried,Hyderabad
2097,54,1628099,Self-Employed,Mumbai
2098,53,2253977,Retired,Delhi
2099,47,1123376,Retired,Hyderabad
2100,63,1143336,Self-Employed,Hyderabad
2101,34,798708,Business,Delhi
2102,36,1353464,Business,Bengaluru
2103,47,2175096,Self-Employed,Bengaluru
2104,30,2044203,Student,Bengaluru
2105,60,1122029,Self-Employed,Bengaluru
2106,48,762146,Salaried,Chennai
2107,60,2046701,Student,Hyderabad
2108,61,1034382,Salaried,Hyderabad
2109,52,2253799,Business,Mumbai
2110,63,640683,Student,Delhi
2111,36,1486554,Business,Kolkata
2112,23,2126483,Salaried,Hyderabad
2113,36,1558555,Salaried,Kolkata
2114,59,1782969,Salaried,Hyderabad
2115,62,1255373,Self-Employed,Bengaluru
2116,34,2308314,Retired,Chennai
2117,53,1808328,Salaried,Bengaluru
2118,26,626756,Self-Employed,Chennai
2119,51,294440,Salaried,Bengaluru
2120,35,1365500,Self-Employed,Bengaluru
2121,41,620781,Student,Delhi
2122,26,228622,Student,Mumbai
2123,31,934609,Self-Employed,Kolkata
2124,39,879096,Retired,Chennai
2125,32,2415139,Salaried,Kolkata
2126,44,2334242,Self-Employed,Mumbai
2127,63,1194121,Retired,Hyderabad
2128,66,1318556,Business,Chennai
2129,66,1671416,Self-Employed,Chennai
2130,63,1397118,Student,Chennai
2131,56,2378258,Self-Employed,Hyderabad
2132,57,1009087,Business,Bengaluru
2133,21,2252918,Student,Delhi
2134,25,996197,Salaried,Chennai
2135,40,1587295,Self-Employed,Kolkata
2136,43,1722696,Self-Employed,Kolkata
2137,36,497909,Self-Employed,Delhi
2138,37,1542435,Student,Hyderabad
2139,40,1796861,Retired,Hyderabad
2140,68,1834485,Student,Bengaluru
2141,40,1874053,Retired,Mumbai
2142,65,1648802,Student,Kolkata
2143,27,438272,Retired,Kolkata
2144,65,1705485,Student,Mumbai
2145,52,1452714,Retired,Bengaluru
2146,62,2203561,Student,Chennai
2147,35,1535875,Salaried,Mumbai
2148,57,1789268,Retired,Mumbai
2149,57,2283669,Salaried,Mumbai
2150,55,1079604,Student,Delhi
2151,52,799734,Retired,Chennai
2152,46,1619315,Retired,Delhi
2153,64,2167211,Student,Hyderabad
2154,49,1268224,Self-Employed,Kolkata
2155,53,1407775,Business,Kolkata
2156,44,232330,Business,Kolkata
2157,25,2372391,Self-Employed,Kolkata
2158,45,331172,Salaried,Delhi
2159,62,1917881,Retired,Mumbai
2160,28,1226955,Retired,Kolkata
2161,63,1599795,Self-Employed,Hyderabad
2162,32,1206234,Self-Employed,Bengaluru
2163,27,509312,Retired,Hyderabad
2164,32,787477,Retired,Chennai
2165,68,708235,Salaried,Kolkata
2166,37,1896421,Self-Employed,Mumbai
2167,63,1225487,Self-Employed,Chennai
2168,43,2480511,Student,Kolkata
2169,42,1892773,Retired,Hyderabad
2170,42,1914468,Business,Mumbai
2171,36,1643539,Self-Employed,Chennai
2172,65,486438,Retired,Chennai
2173,53,1408267,Business,Delhi
2174,29,2474001,Self-Employed,Delhi
2175,67,909901,Student,Mumbai
2176,42,339729,Business,Delhi
2177,22,553765,Self-Employed,Delhi
2178,33,729688,Business,Bengaluru
2179,68,1592710,Business,Mumbai
2180,68,2434506,Salaried,Mumbai
2181,35,1098997,Retired,Mumbai
2182,45,450737,Business,Kolkata
2183,47,1882685,Business,Kolkata
2184,50,367915,Retired,Mumbai
2185,52,2417970,Retired,Hyderabad
2186,68,1816350,Retired,Kolkata
2187,34,2333884,Salaried,Chennai
2188,54,1983219,Business,Delhi
2189,32,1008872,Salaried,Hyderabad
2190,46,997517,Retired,Kolkata
2191,50,1552328,Retired,Hyderabad
2192,38,2427507,Salaried,Mumbai
2193,41,1440480,Student,Bengaluru
2194,58,467888,Student,Mumbai
2195,52,1144559,Student,Hyderabad
2196,41,1052464,Business,Kolkata
2197,36,2350233,Salaried,Hyderabad
2198,58,2203454,Self-Employed,Kolkata
2199,39,810704,Student,Hyderabad
2200,30,1398756,Self-Employed,Chennai
2201,25,1081839,Self-Employed,Kolkata
2202,22,1076129,Self-Employed,Kolkata
2203,41,618594,Business,Delhi
2204,36,722239,Business,Hyderabad
2205,69,2069579,Self-Employed,Bengaluru
2206,56,661320,Business,Bengaluru
2207,53,1137649,Salaried,Mumbai
2208,69,254241,Business,Kolkata
2209,24,875465,Retired,Kolkata
2210,31,358481,Salaried,Mumbai
2211,48,2041492,Self-Employed,Delhi
2212,60,2228882,Business,Delhi
2213,36,1793631,Business,Chennai
2214,50,1628433,Self-Employed,Bengaluru
2215,43,352892,Student,Kolkata
2216,44,2333968,Retired,Bengaluru
2217,66,571327,Business,Bengaluru
2218,65,1641561,Retired,Delhi
2219,53,1100688,Self-Employed,Hyderabad
2220,47,2414947,Retired,Delhi
2221,46,1150446,Self-Employed,Bengaluru
2222,48,1939396,Self-Employed,Chennai
2223,31,2115896,Salaried,Kolkata
2224,22,823544,Retired,Bengaluru
2225,33,2189557,Retired,Mumbai
2226,51,1341561,Retired,Mumbai
2227,42,1526009,Retired,Kolkata
2228,59,756609,Business,Kolkata
2229,42,1004498,Self-Employed,Hyderabad
2230,49,1778411,Salaried,Mumbai
2231,48,1363832,Student,Delhi
2232,60,1051582,Student,Kolkata
2233,54,1341819,Business,Delhi
2234,49,678174,Business,Mumbai
2235,54,798536,Salaried,Hyderabad
2236,55,391824,Self-Employed,Hyderabad
2237,22,241025,Student,Delhi
2238,34,1958636,Salaried,Chennai
2239,64,824123,Self-Employed,Kolkata
2240,28,824287,Student,Kolkata
2241,32,2310126,Salaried,Delhi
2242,48,458986,Business,Delhi
2243,65,280587,Salaried,Hyderabad
2244,56,308273,Salaried,Delhi
2245,33,1494588,Business,Delhi
2246,47,266556,Self-Employed,Chennai
2247,55,1312910,Business,Hyderabad
2248,29,1049519,Retired,Kolkata
2249,53,1269507,Business,Delhi
2250,60,1514979,Business,Mumbai
2251,40,642561,Retired,Mumbai
2252,29,2260315,Salaried,Bengaluru
2253,37,1268975,Business,Hyderabad
2254,41,1807265,Retired,Chennai
2255,23,284084,Business,Mumbai
2256,63,1384230,Salaried,Delhi
2257,48,402102,Self-Employed,Hyderabad
2258,30,2213023,Retired,Bengaluru
2259,67,389421,Self-Employed,Chennai
2260,35,2241735,Business,Kolkata
2261,69,2189235,Student,Bengaluru
2262,67,2085835,Retired,Bengaluru
2263,62,2494732,Retired,Mumbai
2264,45,277261,Business,Mumbai
2265,66,834369,Business,Delhi
2266,33,1438077,Self-Employed,Hyderabad
2267,58,512937,Salaried,Bengaluru
2268,21,1620228,Self-Employed,Chennai
2269,65,801591,Self-Employed,Kolkata
2270,45,1494012,Student,Hyderabad
2271,45,1276415,Self-Employed,Mumbai
2272,63,1612559,Student,Delhi
2273,29,862557,Student,Bengaluru
2274,33,1339273,Retired,Chennai
2275,64,1146382,Salaried,Kolkata
2276,50,1129385,Business,Bengaluru
2277,29,925735,Student,Delhi
2278,23,544824,Retired,Bengaluru
2279,22,790223,Student,Kolkata
2280,21,1642648,Salaried,Kolkata
2281,22,1510970,Salaried,Chennai
2282,48,1325772,Retired,Delhi
2283,69,2126819,Student,Kolkata
2284,26,1572132,Retired,Kolkata
2285,30,1590673,Student,Kolkata
2286,68,1334316,Student,Bengaluru
2287,29,1237138,Student,Hyderabad
2288,52,224687,Salaried,Bengaluru
2289,59,1221233,Salaried,Chennai
2290,45,2254516,Student,Bengaluru
2291,61,473526,Self-Employed,Bengaluru
2292,42,2132832,Self-Employed,Chennai
2293,47,2108505,Business,Chennai
2294,25,2051449,Retired,Hyderabad
2295,37,487705,Salaried,Kolkata
2296,56,1467915,Self-Employed,Bengaluru
2297,40,1118858,Business,Bengaluru
2298,68,218957,Self-Employed,Delhi
2299,68,2258115,Business,Mumbai
2300,48,981083,Student,Mumbai
2301,57,676403,Self-Employed,Chennai
2302,48,2340990,Retired,Mumbai
2303,56,662881,Retired,Delhi
2304,30,1540540,Student,Chennai
2305,56,2102420,Student,Chennai
2306,30,778738,Business,Kolkata
2307,42,1984327,Salaried,Mumbai
2308,21,527151,Retired,Mumbai
2309,22,2123962,Business,Mumbai
2310,55,1675582,Student,Chennai
2311,42,2176266,Salaried,Mumbai
2312,59,651423,Salaried,Delhi
2313,55,1044836,Salaried,Delhi
2314,50,435373,Self-Employed,Kolkata
2315,30,2099145,Salaried,Kolkata
2316,25,2043777,Retired,Mumbai
2317,26,1210727,Retired,Kolkata
2318,25,1506920,Student,Delhi
2319,34,1929298,Business,Kolkata
2320,37,2450007,Business,Delhi
2321,52,547897,Business,Delhi
2322,53,1004229,Student,Kolkata
2323,47,1064501,Business,Bengaluru
2324,60,988221,Self-Employed,Mumbai
2325,55,1389579,Salaried,Bengaluru
2326,52,204709,Self-Employed,Delhi
2327,25,2409622,Salaried,Kolkata
2328,25,2157864,Salaried,Chennai
2329,47,559456,Student,Bengaluru
2330,41,2155108,Salaried,Chennai
2331,30,1917683,Self-Employed,Hyderabad
2332,26,1892316,Self-Employed,Hyderabad
2333,37,1553709,Self-Employed,Bengaluru
2334,39,1866240,Self-Employed,Delhi
2335,27,2174229,Salaried,Kolkata
2336,65,855427,Salaried,Bengaluru
2337,55,1732038,Business,Bengaluru
2338,61,1534085,Student,Bengaluru
2339,66,1177948,Self-Employed,Chennai
2340,51,823892,Student,Bengaluru
2341,34,206410,Business,Chennai
2342,31,1125610,Retired,Chennai
2343,22,2436950,Business,Kolkata
2344,25,1071579,Salaried,Delhi
2345,30,2476906,Business,Kolkata
2346,62,522768,Business,Delhi
2347,42,1686828,Salaried,Bengaluru
2348,45,1220710,Salaried,Bengaluru
2349,64,1077019,Salaried,Delhi
2350,25,1199294,Student,Kolkata
2351,21,815456,Retired,Bengaluru
2352,64,2105662,Business,Hyderabad
2353,33,1124680,Retired,Bengaluru
2354,47,2028292,Salaried,Kolkata
2355,52,1521883,Retired,Mumbai
2356,66,1016380,Business,Kolkata
2357,28,1894540,Salaried,Hyderabad
2358,22,1991555,Salaried,Delhi
2359,26,1144867,Self-Employed,Kolkata
2360,32,442259,Salaried,Delhi
2361,59,368750,Business,Kolkata
2362,37,2240214,Salaried,Mumbai
2363,63,1822668,Salaried,Hyderabad
2364,26,292215,Salaried,Bengaluru
2365,24,2364710,Retired,Delhi
2366,29,2443684,Student,Bengaluru
2367,51,838980,Business,Chennai
2368,47,1132522,Self-Employed,Delhi
2369,28,397140,Retired,Mumbai
2370,36,2431084,Salaried,Hyderabad
2371,58,760032,Retired,Bengaluru
2372,43,304107,Self-Employed,Mumbai
2373,43,401782,Salaried,Mumbai
2374,26,728920,Retired,Chennai
2375,56,755856,Business,Chennai
2376,68,2426446,Retired,Mumbai
2377,24,229076,Business,Bengaluru
2378,46,744349,Retired,Kolkata
2379,32,1722394,Business,Chennai
2380,37,1583452,Self-Employed,Kolkata
2381,28,1711881,Student,Bengaluru
2382,45,265408,Retired,Kolkata
2383,33,647176,Self-Employed,Bengaluru
2384,54,1799069,Self-Employed,Hyderabad
2385,34,615552,Retired,Chennai
2386,42,1520740,Retired,Chennai
2387,27,1451929,Retired,Kolkata
2388,47,2021862,Retired,Bengaluru
2389,65,352433,Student,Bengaluru
2390,45,2134994,Business,Bengaluru
2391,39,999597,Student,Mumbai
2392,53,1181426,Student,Mumbai
2393,48,1040928,Retired,Hyderabad
2394,34,1410864,Student,Delhi
2395,40,616312,Retired,Mumbai
2396,58,1657312,Business,Hyderabad
2397,25,266100,Self-Employed,Kolkata
2398,42,1599645,Salaried,Bengaluru
2399,68,563970,Retired,Chennai
2400,62,1621997,Salaried,Mumbai
2401,62,1577674,Business,Delhi
2402,38,410984,Salaried,Bengaluru
2403,61,823297,Salaried,Chennai
2404,30,912827,Student,Hyderabad
2405,64,303878,Salaried,Bengaluru
2406,34,1620217,Business,Kolkata
2407,25,1820403,Self-Employed,Chennai
2408,25,1632495,Self-Employed,Chennai
2409,59,2026169,Business,Bengaluru
2410,52,1114364,Student,Hyderabad
2411,59,1915519,Student,Kolkata
2412,32,918040,Retired,Kolkata
2413,51,1577087,Salaried,Bengaluru
2414,40,2011372,Self-Employed,Mumbai
2415,48,1437333,Retired,Bengaluru
2416,35,1845016,Retired,Hyderabad
2417,65,1039160,Student,Kolkata
2418,33,428935,Retired,Mumbai
2419,60,1641340,Retired,Chennai
2420,66,754146,Self-Employed,Mumbai
2421,63,1077122,Self-Employed,Delhi
2422,68,2154764,Salaried,Kolkata
2423,61,408222,Student,Hyderabad
2424,58,458551,Business,Kolkata
2425,56,1520986,Student,Kolkata
2426,65,1675302,Business,Hyderabad
2427,35,1919999,Self-Employed,Delhi
2428,32,1547253,Business,Hyderabad
2429,44,443067,Student,Bengaluru
2430,21,456452,Retired,Chennai
2431,56,892108,Business,Kolkata
2432,37,1491946,Business,Delhi
2433,53,1293612,Student,Kolkata
2434,30,453685,Self-Employed,Chennai
2435,69,731764,Self-Employed,Delhi
2436,28,885738,Student,Mumbai
2437,35,207302,Business,Delhi
2438,69,411569,Business,Hyderabad
2439,26,2320193,Business,Mumbai
2440,29,654082,Retired,Hyderabad
2441,31,455746,Business,Bengaluru
2442,38,1894204,Salaried,Bengaluru
2443,32,2360891,Self-Employed,Mumbai
2444,22,1116782,Retired,Hyderabad
2445,57,716019,Business,Hyderabad
2446,55,1924314,Student,Mumbai
2447,64,825668,Salaried,Chennai
2448,44,1229360,Business,Bengaluru
2449,23,619563,Retired,Hyderabad
2450,27,1910764,Salaried,Delhi
2451,47,606503,Self-Employed,Kolkata
2452,34,1839773,Salaried,Mumbai
2453,31,233407,Self-Employed,Bengaluru
2454,23,936992,Student,Hyderabad
2455,34,1854351,Student,Chennai
2456,68,2240090,Student,Hyderabad
2457,60,1263322,Retired,Delhi
2458,36,2097850,Student,Hyderabad
2459,45,1532785,Retired,Mumbai
2460,24,1367607,Student,Hyderabad
2461,57,775738,Business,Chennai
2462,63,939041,Salaried,Mumbai
2463,44,2282666,Student,Mumbai
2464,47,810676,Self-Employed,Delhi
2465,46,853359,Salaried,Kolkata
2466,48,1207111,Business,Kolkata
2467,26,1525952,Salaried,Mumbai
2468,39,1346204,Self-Employed,Bengaluru
2469,40,754197,Retired,Kolkata
2470,53,1324401,Salaried,Bengaluru
2471,51,477436,Self-Employed,Delhi
2472,35,1209167,Student,Hyderabad
2473,32,494580,Student,Chennai
2474,50,1844699,Salaried,Kolkata
2475,56,2011372,Retired,Chennai
2476,33,2460739,Retired,Kolkata
2477,66,334656,Business,Bengaluru
2478,41,1969978,Business,Bengaluru
2479,69,699996,Business,Hyderabad
2480,32,1268365,Student,Bengaluru
2481,46,304459,Retired,Delhi
2482,66,917114,Business,Kolkata
2483,34,1252067,Business,Chennai
2484,44,1267443,Self-Employed,Delhi
2485,59,1479836,Self-Employed,Hyderabad
2486,50,1595961,Business,Mumbai
2487,53,492488,Student,Kolkata
2488,50,536842,Retired,Bengaluru
2489,63,2401804,Salaried,Hyderabad
2490,64,1436271,Business,Hyderabad
2491,45,2089785,Salaried,Mumbai
2492,45,2180312,Self-Employed,Kolkata
2493,62,2188084,Self-Employed,Kolkata
2494,67,1627807,Self-Employed,Bengaluru
2495,48,1655383,Self-Employed,Chennai
2496,60,1797668,Student,Mumbai
2497,51,233961,Self-Employed,Bengaluru
2498,64,1035772,Salaried,Bengaluru
2499,53,2271046,Retired,Bengaluru
2500,49,1987553,Salaried,Hyderabad
2501,50,751259,Self-Employed,Delhi
2502,35,824504,Business,Bengaluru
2503,21,2010883,Business,Kolkata
2504,29,2328451,Student,Delhi
2505,63,1188736,Business,Bengaluru
2506,54,356856,Self-Employed,Bengaluru
2507,48,1983408,Salaried,Kolkata
2508,23,1652143,Self-Employed,Delhi
2509,57,273872,Business,Chennai
2510,49,1102281,Self-Employed,Mumbai
2511,49,1586643,Student,Kolkata
2512,42,1838696,Retired,Kolkata
2513,51,589579,Retired,Mumbai
2514,30,658274,Retired,Bengaluru
2515,50,2188989,Salaried,Bengaluru
2516,63,2410722,Self-Employed,Hyderabad
2517,41,2462069,Self-Employed,Mumbai
2518,34,2163104,Student,Kolkata
2519,22,1249730,Retired,Delhi
2520,26,2274644,Student,Chennai
2521,54,2163028,Self-Employed,Mumbai
2522,34,1451934,Self-Employed,Mumbai
2523,53,1589512,Student,Hyderabad
2524,43,1263540,Self-Employed,Kolkata
2525,39,954553,Business,Kolkata
2526,48,2117389,Retired,Bengaluru
2527,51,1009250,Business,Bengaluru
2528,67,424700,Student,Mumbai
2529,51,787821,Salaried,Chennai
2530,38,1180862,Business,Kolkata
2531,33,459205,Student,Hyderabad
2532,61,1874196,Self-Employed,Delhi
2533,23,660624,Salaried,Delhi
2534,59,1414199,Self-Employed,Bengaluru
2535,65,857146,Self-Employed,Delhi
2536,36,1267754,Student,Chennai
2537,59,1465364,Salaried,Chennai
2538,53,2200941,Salaried,Hyderabad
2539,55,1571547,Salaried,Mumbai
2540,54,288291,Student,Kolkata
2541,47,614728,Retired,Delhi
2542,30,1953917,Retired,Delhi
2543,59,1153181,Student,Bengaluru
2544,66,1775146,Business,Mumbai
2545,67,1807465,Salaried,Hyderabad
2546,24,550224,Salaried,Bengaluru
2547,32,2392331,Business,Hyderabad
2548,24,855562,Retired,Chennai
2549,61,976304,Salaried,Mumbai
2550,48,1084837,Student,Kolkata
2551,62,1407758,Business,Kolkata
2552,36,462461,Business,Bengaluru
2553,62,2071717,Salaried,Delhi
2554,48,1001379,Self-Employed,Bengaluru
2555,57,1412194,Business,Chennai
2556,35,2068477,Self-Employed,Hyderabad
2557,52,1277667,Salaried,Kolkata
2558,64,985494,Self-Employed,Hyderabad
2559,58,730894,Business,Kolkata
2560,43,922329,Student,Bengaluru
2561,41,2207985,Self-Employed,Delhi
2562,26,1981140,Business,Delhi
2563,59,1676230,Salaried,Hyderabad
2564,34,1519370,Retired,Mumbai
2565,69,675959,Self-Employed,Kolkata
2566,28,2021156,Retired,Delhi
2567,61,1548352,Salaried,Hyderabad
2568,69,1936571,Student,Bengaluru
2569,60,588611,Self-Employed,Hyderabad
2570,58,1676691,Salaried,Kolkata
2571,66,1357891,Business,Kolkata
2572,32,1978576,Salaried,Hyderabad
2573,31,223244,Salaried,Bengaluru
2574,31,398533,Retired,Chennai
2575,56,2499805,Retired,Kolkata
2576,55,2086265,Business,Bengaluru
2577,46,2327585,Business,Hyderabad
2578,59,1456878,Business,Bengaluru
2579,68,403240,Student,Bengaluru
2580,45,2352978,Self-Employed,Kolkata
2581,63,1240576,Business,Delhi
2582,66,1123221,Self-Employed,Bengaluru
2583,40,1330546,Self-Employed,Kolkata
2584,42,906457,Retired,Kolkata
2585,25,259125,Self-Employed,Bengaluru
2586,50,2021404,Self-Employed,Delhi
2587,38,1838011,Salaried,Delhi
2588,24,1456204,Retired,Delhi
2589,49,1512993,Salaried,Mumbai
2590,47,1707559,Business,Mumbai
2591,64,2282340,Business,Mumbai
2592,32,1014467,Student,Kolkata
2593,58,233261,Salaried,Hyderabad
2594,26,1886106,Retired,Chennai
2595,55,1582674,Student,Mumbai
2596,38,2184098,Business,Bengaluru
2597,58,608818,Business,Bengaluru
2598,50,491858,Retired,Kolkata
2599,36,1685686,Salaried,Chennai
2600,62,2342438,Business,Bengaluru
2601,58,1476742,Self-Employed,Delhi
2602,37,1796003,Student,Bengaluru
2603,65,576420,Retired,Kolkata
2604,46,559360,Student,Kolkata
2605,54,2124271,Salaried,Chennai
2606,53,2267925,Self-Employed,Chennai
2607,24,928430,Self-Employed,Kolkata
2608,21,2183094,Self-Employed,Delhi
2609,46,2210655,Self-Employed,Delhi
2610,48,2155363,Student,Kolkata
2611,46,2152667,Student,Mumbai
2612,50,1515404,Retired,Delhi
2613,56,1470819,Business,Delhi
2614,26,412382,Salaried,Bengaluru
2615,65,1103984,Business,Mumbai
2616,42,445113,Retired,Hyderabad
2617,57,2384333,Student,Delhi
2618,42,859424,Business,Hyderabad
2619,53,1795692,Retired,Hyderabad
2620,57,796236,Salaried,Bengaluru
2621,28,2130339,Business,Chennai
2622,36,1298472,Salaried,Bengaluru
2623,62,1742891,Retired,Hyderabad
2624,38,977671,Business,Hyderabad
2625,31,2438244,Self-Employed,Bengaluru
2626,23,2212534,Salaried,Chennai
2627,27,2191668,Student,Bengaluru
2628,33,1349439,Student,Kolkata
2629,25,304278,Retired,Hyderabad
2630,53,1674340,Student,Kolkata
2631,53,1590256,Student,Hyderabad
2632,36,210217,Salaried,Chennai
2633,57,897414,Salaried,Mumbai
2634,50,331672,Retired,Kolkata
2635,66,1448341,Business,Bengaluru
2636,38,627298,Business,Hyderabad
2637,63,1980430,Salaried,Chennai
2638,49,1290392,Student,Delhi
2639,66,1645007,Salaried,Delhi
2640,52,1260095,Salaried,Kolkata
2641,69,2477965,Retired,Delhi
2642,40,2120629,Student,Delhi
2643,41,1471074,Self-Employed,Hyderabad
2644,64,2222572,Salaried,Delhi
2645,27,320437,Self-Employed,Hyderabad
2646,21,2081065,Salaried,Kolkata
2647,60,2430292,Student,Hyderabad
2648,27,1004913,Salaried,Chennai
2649,40,2264622,Self-Employed,Chennai
2650,48,522953,Retired,Hyderabad
2651,67,2421328,Self-Employed,Hyderabad
2652,28,2224265,Salaried,Bengaluru
2653,29,556586,Business,Delhi
2654,35,1412943,Business,Kolkata
2655,27,364182,Business,Bengaluru
2656,32,827204,Student,Kolkata
2657,22,1564316,Self-Employed,Kolkata
2658,60,1084099,Self-Employed,Hyderabad
2659,55,1947792,Salaried,Hyderabad
2660,33,1450263,Self-Employed,Chennai
2661,52,2226535,Student,Delhi
2662,43,881353,Business,Kolkata
2663,41,899789,Self-Employed,Kolkata
2664,63,2198076,Business,Chennai
2665,27,2313217,Business,Chennai
2666,44,2429171,Salaried,Mumbai
2667,35,2196618,Salaried,Delhi
2668,64,1227840,Business,Mumbai
2669,25,2464560,Retired,Mumbai
2670,51,1467016,Student,Kolkata
2671,49,2141875,Retired,Hyderabad
2672,60,2216617,Self-Employed,Mumbai
2673,49,1997807,Business,Kolkata
2674,40,1052286,Salaried,Hyderabad
2675,38,2240280,Self-Employed,Mumbai
2676,47,2028409,Retired,Mumbai
2677,47,1891381,Salaried,Hyderabad
2678,21,431398,Business,Delhi
2679,52,1802312,Salaried,Delhi
2680,54,722120,Salaried,Delhi
2681,46,829188,Business,Chennai
2682,22,787913,Salaried,Bengaluru
2683,56,2057540,Salaried,Delhi
2684,57,1439894,Business,Kolkata
2685,26,1557810,Business,Bengaluru
2686,69,511084,Retired,Hyderabad
2687,38,585112,Retired,Bengaluru
2688,67,2335753,Salaried,Chennai
2689,63,1081198,Business,Bengaluru
2690,51,1985376,Retired,Mumbai
2691,60,2214675,Self-Employed,Bengaluru
2692,59,1050978,Salaried,Delhi
2693,36,1184427,Self-Employed,Kolkata
2694,32,631124,Salaried,Mumbai
2695,38,668474,Salaried,Mumbai
2696,43,2235267,Retired,Mumbai
2697,28,2432237,Student,Chennai
2698,57,2330112,Business,Kolkata
2699,24,259683,Retired,Mumbai
2700,27,1520476,Retired,Chennai
2701,37,1616933,Retired,Chennai
2702,35,1803624,Business,Hyderabad
2703,64,855025,Student,Hyderabad
2704,29,1053034,Student,Kolkata
2705,33,2106639,Retired,Kolkata
2706,33,2178576,Salaried,Chennai
2707,41,2484161,Business,Kolkata
2708,26,1821911,Student,Bengaluru
2709,39,673878,Salaried,Delhi
2710,31,974240,Student,Hyderabad
2711,32,277475,Self-Employed,Hyderabad
2712,51,1023566,Salaried,Chennai
2713,29,2350510,Retired,Delhi
2714,67,2150903,Salaried,Mumbai
2715,26,926197,Salaried,Kolkata
2716,47,667295,Retired,Kolkata
2717,44,1757174,Retired,Kolkata
2718,66,1771301,Student,Chennai
2719,25,2241826,Student,Chennai
2720,38,1436627,Retired,Bengaluru
2721,43,2067733,Self-Employed,Hyderabad
2722,55,1232698,Retired,Bengaluru
2723,29,285398,Retired,Bengaluru
2724,37,2492992,Retired,Delhi
2725,36,345445,Business,Hyderabad
2726,46,207297,Self-Employed,Kolkata
2727,33,1414265,Retired,Chennai
2728,28,257093,Self-Employed,Mumbai
2729,22,666709,Student,Delhi
2730,58,2167573,Business,Delhi
2731,64,287209,Business,Hyderabad
2732,33,2279491,Retired,Mumbai
2733,60,522277,Retired,Mumbai
2734,44,1051785,Salaried,Mumbai
2735,38,2403831,Retired,Kolkata
2736,68,1032825,Business,Chennai
2737,51,345598,Business,Mumbai
2738,44,2211898,Business,Delhi
2739,57,2345670,Self-Employed,Mumbai
2740,65,1758883,Business,Chennai
2741,56,1929479,Retired,Hyderabad
2742,62,1469188,Business,Bengaluru
2743,68,960907,Self-Employed,Mumbai
2744,45,2464530,Student,Hyderabad
2745,49,2085657,Retired,Delhi
2746,27,1323525,Self-Employed,Chennai
2747,26,493486,Retired,Kolkata
2748,30,1946371,Self-Employed,Chennai
2749,49,915396,Retired,Hyderabad
2750,41,458686,Retired,Hyderabad
2751,66,1189688,Self-Employed,Delhi
2752,42,1486762,Business,Mumbai
2753,61,2222792,Student,Mumbai
2754,58,573300,Self-Employed,Kolkata
2755,65,1543151,Retired,Kolkata
2756,57,1480188,Retired,Bengaluru
2757,54,1252127,Self-Employed,Bengaluru
2758,24,583380,Salaried,Delhi
2759,36,1144741,Retired,Mumbai
2760,39,2383592,Student,Hyderabad
2761,41,590734,Student,Bengaluru
2762,22,1650454,Self-Employed,Bengaluru
2763,25,2343197,Student,Hyderabad
2764,32,471567,Salaried,Delhi
2765,60,1592333,Salaried,Bengaluru
2766,67,1688708,Salaried,Bengaluru
2767,67,1028935,Retired,Chennai
2768,34,574308,Business,Hyderabad
2769,43,2245134,Self-Employed,Mumbai
2770,26,1257119,Self-Employed,Bengaluru
2771,36,1991922,Retired,Mumbai
2772,54,1831693,Retired,Bengaluru
2773,47,2364405,Salaried,Kolkata
2774,25,308007,Salaried,Bengaluru
2775,26,525616,Salaried,Delhi
2776,65,1815216,Self-Employed,Chennai
2777,32,1099330,Student,Mumbai
2778,51,2060430,Retired,Bengaluru
2779,52,1842596,Business,Delhi
2780,54,1889716,Student,Bengaluru
2781,47,868606,Student,Chennai
2782,48,2356520,Self-Employed,Chennai
2783,34,1969865,Retired,Kolkata
2784,38,2455177,Business,Mumbai
2785,66,1083760,Self-Employed,Delhi
2786,22,1593628,Business,Kolkata
2787,28,1234382,Retired,Chennai
2788,35,439843,Salaried,Mumbai
2789,54,2245474,Retired,Kolkata
2790,23,1965537,Self-Employed,Bengaluru
2791,43,1813849,Student,Bengaluru
2792,58,778300,Business,Chennai
2793,27,1552451,Retired,Hyderabad
2794,42,906037,Self-Employed,Chennai
2795,44,325816,Retired,Hyderabad
2796,54,1753709,Salaried,Bengaluru
2797,32,528072,Business,Mumbai
2798,61,1791447,Salaried,Kolkata
2799,63,2146166,Salaried,Bengaluru
2800,35,2217396,Retired,Mumbai
2801,50,2349877,Student,Delhi
2802,63,2205190,Retired,Chennai
2803,43,1971263,Retired,Chennai
2804,27,1263000,Retired,Delhi
2805,48,714094,Business,Delhi
2806,46,779539,Self-Employed,Bengaluru
2807,66,890572,Self-Employed,Mumbai
2808,59,623404,Salaried,Mumbai
2809,27,307167,Student,Hyderabad
2810,57,2071388,Business,Chennai
2811,57,2260795,Student,Chennai
2812,53,704399,Business,Hyderabad
2813,49,341725,Self-Employed,Mumbai
2814,48,1456390,Business,Bengaluru
2815,44,626323,Business,Hyderabad
2816,31,387530,Self-Employed,Hyderabad
2817,59,950814,Student,Bengaluru
2818,32,389949,Business,Hyderabad
2819,50,2204026,Self-Employed,Hyderabad
2820,21,396887,Business,Delhi
2821,38,1189890,Self-Employed,Delhi
2822,42,1815551,Retired,Kolkata
2823,50,567074,Salaried,Mumbai
2824,34,2425239,Student,Kolkata
2825,50,2296196,Retired,Mumbai
2826,32,708111,Salaried,Bengaluru
2827,57,1939244,Student,Bengaluru
2828,52,733797,Retired,Hyderabad
2829,60,905732,Salaried,Kolkata
2830,28,2401489,Self-Employed,Delhi
2831,44,596744,Business,Bengaluru
2832,32,1225550,Student,Delhi
2833,64,916752,Self-Employed,Kolkata
2834,57,1396878,Self-Employed,Kolkata
2835,63,2322077,Salaried,Kolkata
2836,40,1528707,Retired,Hyderabad
2837,23,1430808,Student,Delhi
2838,58,2264635,Retired,Delhi
2839,56,2400064,Self-Employed,Mumbai
2840,29,784249,Self-Employed,Mumbai
2841,30,2438967,Business,Delhi
2842,39,1630665,Salaried,Hyderabad
2843,59,358359,Salaried,Hyderabad
2844,51,640127,Student,Chennai
2845,43,1723001,Student,Hyderabad
2846,49,492968,Salaried,Mumbai
2847,34,1323487,Business,Kolkata
2848,35,231445,Business,Delhi
2849,69,1156306,Self-Employed,Hyderabad
2850,69,2057796,Salaried,Chennai
2851,68,1903586,Business,Chennai
2852,40,1809293,Self-Employed,Chennai
2853,68,789643,Student,Mumbai
2854,52,2233036,Self-Employed,Hyderabad
2855,27,471553,Salaried,Chennai
2856,29,1992437,Self-Employed,Mumbai
2857,40,573835,Business,Bengaluru
2858,29,2094590,Salaried,Delhi
2859,37,1574390,Business,Chennai
2860,21,425762,Retired,Delhi
2861,30,741083,Business,Mumbai
2862,32,516392,Self-Employed,Hyderabad
2863,33,1619305,Student,Mumbai
2864,30,1111297,Business,Delhi
2865,53,1828105,Salaried,Kolkata
2866,59,1595019,Student,Chennai
2867,51,2419036,Business,Mumbai
2868,29,1692567,Salaried,Mumbai
2869,58,1929442,Salaried,Chennai
2870,39,2019688,Student,Chennai
2871,42,232271,Salaried,Delhi
2872,66,2023602,Business,Bengaluru
2873,36,1793729,Business,Hyderabad
2874,39,1680216,Business,Chennai
2875,43,1978068,Self-Employed,Chennai
2876,28,679438,Student,Hyderabad
2877,47,1476411,Business,Delhi
2878,64,1068775,Salaried,Chennai
2879,45,1013677,Business,Delhi
2880,28,1185909,Salaried,Bengaluru
2881,24,1844888,Self-Employed,Chennai
2882,67,1028949,Student,Bengaluru
2883,47,1955443,Salaried,Delhi
2884,67,1414945,Salaried,Hyderabad
2885,32,464450,Student,Delhi
2886,31,1282697,Student,Delhi
2887,56,1543942,Business,Chennai
2888,33,656034,Business,Chennai
2889,50,1605492,Student,Delhi
2890,54,302240,Student,Bengaluru
2891,35,1362924,Salaried,Bengaluru
2892,37,672186,Self-Employed,Mumbai
2893,29,1037075,Salaried,Mumbai
2894,27,933603,Self-Employed,Hyderabad
2895,67,1061009,Salaried,Kolkata
2896,45,226863,Self-Employed,Chennai
2897,27,1217242,Salaried,Bengaluru
2898,21,1958760,Self-Employed,Chennai
2899,48,1292029,Salaried,Chennai
2900,33,1687209,Business,Delhi
2901,64,394383,Self-Employed,Chennai
2902,51,2387002,Business,Kolkata
2903,46,1598246,Retired,Mumbai
2904,68,830880,Self-Employed,Kolkata
2905,29,2477218,Salaried,Delhi
2906,23,1001980,Business,Kolkata
2907,30,1440673,Self-Employed,Delhi
2908,25,1690763,Retired,Kolkata
2909,47,1032739,Student,Delhi
2910,43,2315478,Salaried,Delhi
2911,46,993409,Self-Employed,Delhi
2912,61,432637,Student,Hyderabad
2913,48,2301876,Student,Kolkata
2914,29,357206,Salaried,Bengaluru
2915,22,300641,Business,Hyderabad
2916,49,1751684,Self-Employed,Delhi
2917,24,1281566,Student,Hyderabad
2918,37,2340937,Business,Kolkata
2919,48,1412546,Self-Employed,Mumbai
2920,43,2024044,Salaried,Bengaluru
2921,62,707716,Retired,Bengaluru
2922,28,797569,Student,Kolkata
2923,59,2287868,Student,Hyderabad
2924,62,1217491,Business,Delhi
2925,42,536428,Salaried,Chennai
2926,41,1319371,Salaried,Bengaluru
2927,40,1209132,Business,Bengaluru
2928,22,1049568,Self-Employed,Bengaluru
2929,45,870853,Student,Chennai
2930,51,2358703,Business,Hyderabad
2931,33,1932174,Salaried,Delhi
2932,33,841517,Self-Employed,Chennai
2933,36,395543,Retired,Kolkata
2934,58,1589247,Retired,Kolkata
2935,69,1458476,Self-Employed,Chennai
2936,21,2286189,Student,Hyderabad
2937,21,2267297,Self-Employed,Mumbai
2938,41,302973,Self-Employed,Chennai
2939,35,713947,Retired,Delhi
2940,52,333777,Retired,Kolkata
2941,35,948839,Retired,Kolkata
2942,36,1052170,Retired,Kolkata
2943,41,218116,Student,Mumbai
2944,39,1588113,Retired,Mumbai
2945,51,656059,Student,Delhi
2946,40,647518,Business,Delhi
2947,28,1703297,Business,Kolkata
2948,54,1378594,Self-Employed,Kolkata
2949,34,1354426,Student,Mumbai
2950,66,1481830,Salaried,Delhi
2951,38,2488468,Salaried,Hyderabad
2952,66,1287214,Retired,Kolkata
2953,23,1765497,Student,Bengaluru
2954,31,1289060,Business,Delhi
2955,65,1181041,Student,Kolkata
2956,47,1731266,Self-Employed,Mumbai
2957,54,2187861,Retired,Chennai
2958,42,455450,Student,Kolkata
2959,32,1863035,Salaried,Bengaluru
2960,32,391091,Salaried,Mumbai
2961,39,314747,Student,Bengaluru
2962,54,1155322,Self-Employed,Mumbai
2963,41,322025,Salaried,Hyderabad
2964,62,1341211,Student,Hyderabad
2965,43,1946771,Self-Employed,Bengaluru
2966,54,1910023,Self-Employed,Hyderabad
2967,61,1025114,Salaried,Chennai
2968,32,252396,Self-Employed,Hyderabad
2969,39,623733,Business,Delhi
2970,63,716757,Self-Employed,Kolkata
2971,38,565186,Student,Chennai
2972,57,1880296,Business,Bengaluru
2973,65,2495805,Student,Chennai
2974,40,1948548,Business,Hyderabad
2975,41,407742,Self-Employed,Bengaluru
2976,50,241281,Business,Chennai
2977,50,368972,Business,Delhi
2978,56,1693554,Salaried,Kolkata
2979,30,1644905,Salaried,Bengaluru
2980,56,2335418,Salaried,Hyderabad
2981,51,273390,Self-Employed,Hyderabad
2982,39,2241397,Student,Delhi
2983,28,1819784,Business,Mumbai
2984,26,1028402,Self-Employed,Bengaluru
2985,41,513269,Business,Kolkata
2986,53,1623395,Self-Employed,Mumbai
2987,22,1826691,Self-Employed,Hyderabad
2988,47,2394689,Retired,Hyderabad
2989,60,361490,Self-Employed,Delhi
2990,49,1572382,Business,Mumbai
2991,65,1298402,Salaried,Mumbai
2992,61,1631609,Salaried,Chennai
2993,56,1867565,Business,Bengaluru
2994,63,521257,Self-Employed,Kolkata
2995,51,1163046,Student,Mumbai
2996,50,2417057,Retired,Kolkata
2997,55,1501141,Salaried,Hyderabad
2998,57,1687134,Business,Mumbai
2999,49,1285180,Salaried,Chennai
3000,54,1686658,Retired,Delhi
3001,35,1368695,Business,Kolkata
3002,45,371761,Student,Chennai
3003,61,2178530,Salaried,Mumbai
3004,49,1075891,Student,Chennai
3005,66,2437930,Retired,Mumbai
3006,47,1048317,Student,Mumbai
3007,54,1019794,Student,Kolkata
3008,45,1512772,Salaried,Hyderabad
3009,44,895607,Salaried,Mumbai
3010,39,1266848,Retired,Kolkata
3011,41,586554,Business,Bengaluru
3012,55,320966,Salaried,Kolkata
3013,31,1126287,Salaried,Kolkata
3014,24,1776847,Business,Hyderabad
3015,59,2374360,Student,Chennai
3016,43,2450667,Retired,Delhi
3017,69,2456091,Retired,Hyderabad
3018,47,708237,Retired,Mumbai
3019,30,1503790,Salaried,Kolkata
3020,62,741911,Self-Employed,Chennai
3021,56,2314929,Business,Bengaluru
3022,41,466614,Student,Kolkata
3023,39,1322710,Retired,Mumbai
3024,43,669806,Student,Bengaluru
3025,44,1314066,Retired,Hyderabad
3026,45,1439614,Student,Hyderabad
3027,29,2426880,Business,Kolkata
3028,64,663083,Student,Kolkata
3029,54,1483679,Salaried,Mumbai
3030,55,1400015,Retired,Chennai
3031,39,283742,Business,Bengaluru
3032,45,2448060,Self-Employed,Mumbai
3033,69,2457889,Student,Delhi
3034,34,1292170,Business,Hyderabad
3035,65,1728762,Retired,Chennai
3036,69,1465183,Student,Kolkata
3037,32,1582783,Salaried,Delhi
3038,39,1144833,Salaried,Chennai
3039,68,1077156,Retired,Mumbai
3040,38,1549747,Salaried,Mumbai
3041,40,1302892,Business,Bengaluru
3042,38,1725660,Self-Employed,Bengaluru
3043,32,1466434,Salaried,Mumbai
3044,29,1901484,Retired,Delhi
3045,63,466878,Student,Chennai
3046,45,1723476,Self-Employed,Mumbai
3047,66,1225012,Retired,Chennai
3048,28,2033649,Self-Employed,Hyderabad
3049,66,2031011,Salaried,Hyderabad
3050,33,923517,Self-Employed,Hyderabad
3051,54,906732,Self-Employed,Bengaluru
3052,57,1469832,Self-Employed,Kolkata
3053,33,1541172,Business,Chennai
3054,27,1906682,Student,Mumbai
3055,24,1227399,Self-Employed,Kolkata
3056,23,470060,Salaried,Bengaluru
3057,53,800822,Self-Employed,Kolkata
3058,64,1649623,Self-Employed,Delhi
3059,51,2221240,Salaried,Kolkata
3060,29,1695904,Business,Kolkata
3061,40,222676,Self-Employed,Kolkata
3062,26,338736,Business,Kolkata
3063,58,1294431,Self-Employed,Hyderabad
3064,49,1631104,Business,Hyderabad
3065,61,707218,Student,Bengaluru
3066,45,2473392,Salaried,Chennai
3067,49,890740,Student,Hyderabad
3068,34,1688307,Self-Employed,Hyderabad
3069,21,870761,Student,Hyderabad
3070,24,1882156,Student,Kolkata
3071,43,563298,Salaried,Hyderabad
3072,60,381663,Business,Delhi
3073,36,1165934,Salaried,Hyderabad
3074,52,2422213,Retired,Hyderabad
3075,48,2051358,Retired,Chennai
3076,28,1507437,Self-Employed,Bengaluru
3077,42,1021770,Business,Kolkata
3078,35,523706,Retired,Chennai
3079,49,2444412,Business,Mumbai
3080,61,2399693,Self-Employed,Delhi
3081,60,2211000,Self-Employed,Bengaluru
3082,65,2064717,Business,Chennai
3083,51,1427626,Self-Employed,Hyderabad
3084,47,2431434,Self-Employed,Kolkata
3085,33,1039985,Retired,Mumbai
3086,30,1681808,Salaried,Mumbai
3087,58,638754,Salaried,Hyderabad
3088,21,1364957,Salaried,Bengaluru
3089,34,1565165,Retired,Chennai
3090,26,1063314,Student,Mumbai
3091,26,786712,Business,Mumbai
3092,62,1542946,Business,Kolkata
3093,28,1776052,Salaried,Delhi
3094,57,1603382,Retired,Delhi
3095,27,431150,Self-Employed,Delhi
3096,33,1292265,Salaried,Delhi
3097,65,533235,Business,Hyderabad
3098,45,1452755,Self-Employed,Chennai
3099,61,953321,Business,Kolkata
3100,27,2366280,Self-Employed,Hyderabad
3101,24,1191085,Student,Mumbai
3102,26,1639115,Student,Mumbai
3103,48,956049,Business,Hyderabad
3104,22,2477312,Retired,Bengaluru
3105,68,2307838,Salaried,Kolkata
3106,45,2218494,Student,Kolkata
3107,56,2201782,Salaried,Delhi
3108,55,843925,Business,Hyderabad
3109,63,2439512,Business,Chennai
3110,24,2293566,Business,Hyderabad
3111,30,2361334,Salaried,Chennai
3112,40,1026272,Salaried,Delhi
3113,62,1819217,Self-Employed,Kolkata
3114,49,661573,Business,Mumbai
3115,45,907804,Self-Employed,Bengaluru
3116,41,356626,Salaried,Delhi
3117,21,1551255,Retired,Chennai
3118,22,1441532,Retired,Hyderabad
3119,53,1457123,Student,Bengaluru
3120,38,1438494,Salaried,Mumbai
3121,48,688118,Student,Bengaluru
3122,50,1736402,Self-Employed,Bengaluru
3123,29,1863975,Self-Employed,Hyderabad
3124,31,1898272,Salaried,Chennai
3125,31,707773,Self-Employed,Kolkata
3126,52,1267581,Student,Kolkata
3127,52,1710025,Self-Employed,Kolkata
3128,43,2002109,Student,Kolkata
3129,37,842602,Retired,Delhi
3130,53,1413216,Retired,Hyderabad
3131,34,1744726,Self-Employed,Delhi
3132,46,1000398,Self-Employed,Mumbai
3133,65,2399653,Business,Delhi
3134,21,573089,Salaried,Hyderabad
3135,59,318796,Self-Employed,Delhi
3136,69,486920,Student,Bengaluru
3137,62,1547893,Retired,Chennai
3138,53,1151039,Self-Employed,Mumbai
3139,58,1116247,Self-Employed,Mumbai
3140,22,225300,Business,Chennai
3141,32,2371684,Student,Chennai
3142,37,545805,Salaried,Hyderabad
3143,26,1817361,Retired,Chennai
3144,30,587228,Business,Hyderabad
3145,49,1877110,Retired,Hyderabad
3146,46,1531214,Business,Chennai
3147,41,1301227,Self-Employed,Delhi
3148,46,1986562,Retired,Kolkata
3149,66,1546863,Business,Hyderabad
3150,38,2403750,Business,Kolkata
3151,33,1215408,Salaried,Bengaluru
3152,55,433126,Salaried,Chennai
3153,23,233489,Retired,Hyderabad
3154,63,1306887,Business,Kolkata
3155,48,587044,Retired,Chennai
3156,34,1543696,Student,Delhi
3157,31,586398,Student,Hyderabad
3158,25,1079619,Business,Mumbai
3159,29,594166,Retired,Bengaluru
3160,69,891772,Business,Delhi
3161,25,1730845,Self-Employed,Delhi
3162,62,1446960,Business,Hyderabad
3163,37,1859071,Self-Employed,Delhi
3164,35,1042290,Self-Employed,Bengaluru
3165,51,2140982,Student,Kolkata
3166,50,1266338,Student,Mumbai
3167,54,1445845,Retired,Bengaluru
3168,24,1489425,Salaried,Delhi
3169,34,1816223,Student,Bengaluru
3170,67,1047713,Business,Kolkata
3171,63,2116516,Self-Employed,Chennai
3172,35,1729794,Business,Bengaluru
3173,66,833090,Student,Kolkata
3174,34,598906,Business,Hyderabad
3175,30,1540652,Business,Hyderabad
3176,31,1357757,Self-Employed,Hyderabad
3177,26,210481,Salaried,Delhi
3178,32,1079653,Self-Employed,Bengaluru
3179,29,270478,Retired,Bengaluru
3180,65,2245523,Student,Delhi
3181,61,455020,Salaried,Delhi
3182,33,1480924,Student,Mumbai
3183,33,1228502,Student,Kolkata
3184,42,2324969,Salaried,Chennai
3185,59,866297,Business,Kolkata
3186,45,2241140,Self-Employed,Kolkata
3187,30,736142,Business,Kolkata
3188,59,2081963,Retired,Bengaluru
3189,25,591867,Self-Employed,Delhi
3190,68,672544,Business,Mumbai
3191,40,1129581,Salaried,Hyderabad
3192,65,2205480,Self-Employed,Delhi
3193,53,1916620,Retired,Delhi
3194,46,1260647,Self-Employed,Delhi
3195,22,1139697,Business,Chennai
3196,55,867420,Self-Employed,Bengaluru
3197,24,1965878,Student,Hyderabad
3198,33,1682908,Business,Delhi
3199,43,1693967,Salaried,Delhi
3200,47,518679,Student,Delhi
3201,63,1566731,Business,Delhi
3202,30,1555045,Business,Mumbai
3203,50,1498450,Retired,Mumbai
3204,26,1524963,Retired,Bengaluru
3205,41,957879,Salaried,Chennai
3206,24,1146252,Salaried,Bengaluru
3207,64,1210970,Business,Delhi
3208,60,2453827,Student,Mumbai
3209,27,1834652,Retired,Mumbai
3210,36,2217353,Business,Mumbai
3211,43,2355604,Business,Mumbai
3212,66,1261106,Business,Delhi
3213,25,1063748,Business,Chennai
3214,55,602932,Business,Hyderabad
3215,47,362895,Salaried,Delhi
3216,50,1667347,Retired,Hyderabad
3217,37,747975,Business,Delhi
3218,37,1009777,Business,Delhi
3219,69,246436,Student,Mumbai
3220,40,706061,Salaried,Delhi
3221,30,806397,Self-Employed,Bengaluru
3222,60,1606616,Self-Employed,Chennai
3223,27,1507671,Business,Mumbai
3224,47,1496918,Self-Employed,Mumbai
3225,57,1610532,Business,Delhi
3226,54,987424,Student,Hyderabad
3227,46,740053,Student,Mumbai
3228,46,1753513,Business,Bengaluru
3229,31,2241604,Business,Hyderabad
3230,66,1841098,Salaried,Bengaluru
3231,43,2064738,Student,Hyderabad
3232,43,1399667,Retired,Bengaluru
3233,31,2346891,Salaried,Chennai
3234,59,678085,Business,Bengaluru
3235,41,1230055,Salaried,Hyderabad
3236,53,1603365,Business,Bengaluru
3237,59,842611,Self-Employed,Kolkata
3238,58,200394,Student,Mumbai
3239,21,2462223,Self-Employed,Hyderabad
3240,39,2139131,Self-Employed,Hyderabad
3241,26,2069302,Retired,Bengaluru
3242,37,230480,Retired,Chennai
3243,54,369028,Retired,Hyderabad
3244,41,335943,Salaried,Hyderabad
3245,56,1671026,Salaried,Delhi
3246,23,2127036,Self-Employed,Hyderabad
3247,66,1482083,Retired,Delhi
3248,24,1373018,Salaried,Kolkata
3249,50,1757954,Salaried,Delhi
3250,63,2215830,Salaried,Mumbai
3251,40,2028620,Retired,Kolkata
3252,56,403760,Retired,Delhi
3253,64,1280693,Student,Kolkata
3254,63,1093258,Self-Employed,Mumbai
3255,23,1533511,Salaried,Hyderabad
3256,44,1920604,Retired,Bengaluru
3257,58,2311360,Retired,Bengaluru
3258,37,976483,Student,Kolkata
3259,26,826596,Salaried,Kolkata
3260,30,1334679,Business,Mumbai
3261,42,1140155,Retired,Delhi
3262,21,422428,Retired,Hyderabad
3263,47,610137,Business,Mumbai
3264,21,2083418,Business,Delhi
3265,33,552079,Salaried,Hyderabad
3266,61,1949974,Self-Employed,Hyderabad
3267,60,458971,Retired,Hyderabad
3268,22,1615207,Salaried,Kolkata
3269,22,2291391,Self-Employed,Chennai
3270,27,1039615,Retired,Chennai
3271,63,367032,Self-Employed,Bengaluru
3272,68,997181,Salaried,Chennai
3273,61,2316073,Retired,Bengaluru
3274,25,2155064,Business,Hyderabad
3275,31,2256602,Salaried,Mumbai
3276,26,1466166,Student,Kolkata
3277,36,819366,Retired,Chennai
3278,63,781589,Business,Hyderabad
3279,56,2403677,Salaried,Delhi
3280,62,341054,Salaried,Hyderabad
3281,46,1502611,Salaried,Bengaluru
3282,52,2495499,Retired,Bengaluru
3283,21,2056786,Salaried,Kolkata
3284,46,1862718,Student,Delhi
3285,35,1145075,Salaried,Mumbai
3286,22,593144,Salaried,Bengaluru
3287,55,481137,Salaried,Bengaluru
3288,23,1398340,Salaried,Hyderabad
3289,46,313962,Business,Chennai
3290,26,1074426,Self-Employed,Kolkata
3291,47,2364679,Business,Mumbai
3292,62,1426998,Salaried,Mumbai
3293,54,973115,Retired,Kolkata
3294,48,1397917,Salaried,Mumbai
3295,60,755488,Self-Employed,Delhi
3296,58,248110,Salaried,Hyderabad
3297,33,1135101,Self-Employed,Chennai
3298,51,1539932,Business,Bengaluru
3299,35,717700,Business,Bengaluru
3300,32,300907,Salaried,Delhi
3301,66,1227173,Salaried,Kolkata
3302,50,1702485,Salaried,Mumbai
3303,35,1187292,Business,Chennai
3304,24,2288943,Self-Employed,Delhi
3305,23,1625888,Retired,Bengaluru
3306,34,399245,Retired,Kolkata
3307,53,667343,Salaried,Hyderabad
3308,57,447872,Student,Kolkata
3309,44,1157015,Retired,Delhi
3310,36,439733,Self-Employed,Mumbai
3311,52,1870240,Self-Employed,Hyderabad
3312,40,1089932,Retired,Delhi
3313,58,972123,Retired,Mumbai
3314,36,1085792,Retired,Hyderabad
3315,26,294422,Salaried,Delhi
3316,55,1159068,Self-Employed,Mumbai
3317,31,318652,Retired,Delhi
3318,69,1171461,Self-Employed,Hyderabad
3319,49,298437,Business,Hyderabad
3320,60,494868,Self-Employed,Kolkata
3321,48,2056620,Business,Delhi
3322,22,1007988,Retired,Delhi
3323,68,1193033,Student,Delhi
3324,37,1847878,Salaried,Bengaluru
3325,25,797814,Student,Bengaluru
3326,54,1097455,Business,Kolkata
3327,48,908688,Salaried,Bengaluru
3328,44,2063578,Retired,Chennai
3329,31,1879668,Salaried,Mumbai
3330,26,767191,Salaried,Kolkata
3331,33,2314084,Student,Mumbai
3332,66,1362738,Retired,Chennai
3333,48,262239,Retired,Bengaluru
3334,26,1766495,Student,Delhi
3335,23,645748,Retired,Kolkata
3336,50,1751378,Self-Employed,Delhi
3337,51,861124,Retired,Chennai
3338,67,2074330,Salaried,Bengaluru
3339,57,2120297,Student,Mumbai
3340,31,597519,Business,Bengaluru
3341,30,2415503,Business,Chennai
3342,27,750652,Salaried,Hyderabad
3343,41,2377417,Student,Delhi
3344,32,1228774,Salaried,Delhi
3345,52,685896,Self-Employed,Chennai
3346,59,1516273,Retired,Delhi
3347,21,2259107,Self-Employed,Chennai
3348,59,1817573,Retired,Mumbai
3349,65,1754887,Salaried,Mumbai
3350,68,817674,Salaried,Bengaluru
3351,62,1205184,Retired,Chennai
3352,68,1595257,Self-Employed,Kolkata
3353,48,2446116,Retired,Hyderabad
3354,33,2284083,Salaried,Bengaluru
3355,69,1461819,Student,Kolkata
3356,33,583420,Retired,Mumbai
3357,66,1227036,Business,Chennai
3358,63,916191,Retired,Kolkata
3359,21,1226394,Business,Delhi
3360,33,454783,Self-Employed,Mumbai
3361,30,1780068,Business,Delhi
3362,61,1082374,Student,Bengaluru
3363,48,775866,Self-Employed,Kolkata
3364,49,1465293,Retired,Hyderabad
3365,31,713663,Business,Mumbai
3366,46,1568091,Retired,Bengaluru
3367,57,693287,Business,Chennai
3368,62,1131593,Student,Chennai
3369,50,1660425,Retired,Hyderabad
3370,48,1192789,Student,Mumbai
3371,62,1825070,Business,Kolkata
3372,58,957736,Student,Chennai
3373,39,725262,Student,Kolkata
3374,62,2301702,Retired,Bengaluru
3375,28,325084,Business,Delhi
3376,33,1298328,Business,Delhi
3377,41,1008189,Student,Delhi
3378,66,904031,Student,Chennai
3379,59,841747,Self-Employed,Hyderabad
3380,40,1690079,Business,Kolkata
3381,64,1771335,Student,Hyderabad
3382,40,1260273,Student,Chennai
3383,30,2280984,Student,Chennai
3384,64,1935414,Student,Kolkata
3385,65,1545726,Retired,Mumbai
3386,40,368408,Student,Kolkata
3387,21,1101482,Business,Hyderabad
3388,33,1196127,Self-Employed,Chennai
3389,58,1486952,Retired,Kolkata
3390,53,2312807,Salaried,Chennai
3391,61,840548,Self-Employed,Mumbai
3392,60,1320359,Salaried,Mumbai
3393,39,455527,Business,Hyderabad
3394,26,2453621,Student,Bengaluru
3395,68,1604657,Salaried,Delhi
3396,22,2435701,Retired,Delhi
3397,62,1856890,Salaried,Delhi
3398,37,612093,Salaried,Kolkata
3399,39,1855886,Student,Kolkata
3400,51,1894302,Salaried,Mumbai
3401,26,2106864,Student,Mumbai
3402,33,1552073,Salaried,Chennai
3403,50,1638644,Self-Employed,Hyderabad
3404,26,703323,Business,Bengaluru
3405,55,408880,Student,Kolkata
3406,23,2059207,Salaried,Kolkata
3407,60,2397125,Business,Delhi
3408,66,277254,Salaried,Mumbai
3409,54,1322087,Salaried,Chennai
3410,29,401718,Retired,Mumbai
3411,22,1221188,Student,Hyderabad
3412,28,899159,Student,Delhi
3413,44,1390550,Business,Chennai
3414,37,2203132,Business,Mumbai
3415,50,1355659,Business,Bengaluru
3416,51,1912038,Business,Delhi
3417,27,2257055,Retired,Bengaluru
3418,68,1467163,Self-Employed,Kolkata
3419,44,2374908,Self-Employed,Bengaluru
3420,69,216122,Salaried,Hyderabad
3421,48,661413,Retired,Kolkata
3422,57,1067305,Retired,Bengaluru
3423,45,1411133,Salaried,Hyderabad
3424,52,1814002,Salaried,Kolkata
3425,25,2364476,Business,Delhi
3426,41,500461,Retired,Bengaluru
3427,27,636085,Business,Hyderabad
3428,52,1553070,Student,Bengaluru
3429,41,512397,Salaried,Chennai
3430,28,1945818,Retired,Delhi
3431,60,2329628,Student,Mumbai
3432,27,2313069,Student,Chennai
3433,41,903048,Self-Employed,Bengaluru
3434,42,481468,Retired,Hyderabad
3435,46,278475,Self-Employed,Kolkata
3436,31,1488336,Self-Employed,Kolkata
3437,65,2251037,Self-Employed,Chennai
3438,27,1242755,Student,Delhi
3439,59,1451040,Self-Employed,Chennai
3440,51,841503,Salaried,Chennai
3441,49,2336050,Student,Chennai
3442,35,2157974,Salaried,Kolkata
3443,39,2004517,Retired,Delhi
3444,44,2438082,Self-Employed,Hyderabad
3445,52,2474272,Salaried,Chennai
3446,45,596352,Salaried,Kolkata
3447,28,1622402,Retired,Kolkata
3448,29,828688,Business,Mumbai
3449,60,2379120,Self-Employed,Chennai
3450,21,815520,Retired,Hyderabad
3451,44,483810,Salaried,Chennai
3452,31,1372962,Self-Employed,Chennai
3453,21,1044646,Self-Employed,Chennai
3454,43,2194234,Business,Mumbai
3455,44,850068,Student,Mumbai
3456,39,1117170,Self-Employed,Bengaluru
3457,65,212757,Student,Chennai
3458,53,1254731,Student,Delhi
3459,42,1162321,Business,Hyderabad
3460,55,1126550,Retired,Chennai
3461,26,2161935,Retired,Mumbai
3462,65,1094009,Self-Employed,Chennai
3463,46,1785087,Self-Employed,Chennai
3464,33,2402790,Self-Employed,Chennai
3465,37,604876,Salaried,Kolkata
3466,62,1544982,Student,Mumbai
3467,31,739340,Retired,Kolkata
3468,42,743835,Student,Mumbai
3469,66,2499487,Self-Employed,Delhi
3470,29,2323166,Retired,Kolkata
3471,50,1565033,Retired,Hyderabad
3472,48,356921,Salaried,Hyderabad
3473,50,2205313,Self-Employed,Hyderabad
3474,50,444919,Business,Chennai
3475,30,1119043,Business,Delhi
3476,26,1998263,Salaried,Bengaluru
3477,28,990770,Student,Delhi
3478,37,1976502,Salaried,Hyderabad
3479,57,2343097,Business,Chennai
3480,41,720118,Business,Delhi
3481,47,1621421,Student,Delhi
3482,35,471815,Self-Employed,Delhi
3483,34,256550,Student,Delhi
3484,55,2124424,Retired,Kolkata
3485,48,2491789,Retired,Chennai
3486,27,843893,Retired,Hyderabad
3487,24,1603305,Business,Mumbai
3488,44,2006778,Student,Mumbai
3489,29,252500,Business,Mumbai
3490,21,2149979,Salaried,Delhi
3491,51,591975,Business,Mumbai
3492,35,1233986,Student,Hyderabad
3493,40,1628081,Self-Employed,Kolkata
3494,68,1127558,Self-Employed,Mumbai
3495,45,1305481,Business,Delhi
3496,25,765466,Salaried,Mumbai
3497,43,1167134,Self-Employed,Mumbai
3498,58,2289072,Retired,Bengaluru
3499,65,1012127,Business,Hyderabad
3500,44,912008,Student,Mumbai
3501,62,499952,Salaried,Hyderabad
3502,32,1429885,Retired,Delhi
3503,68,1955248,Retired,Hyderabad
3504,52,1812091,Retired,Hyderabad
3505,55,392010,Retired,Hyderabad
3506,58,1612588,Retired,Chennai
3507,61,2160250,Business,Bengaluru
3508,27,1736663,Student,Delhi
3509,67,1985280,Retired,Hyderabad
3510,62,1312333,Retired,Delhi
3511,34,1002886,Retired,Mumbai
3512,33,316620,Retired,Hyderabad
3513,26,1694400,Self-Employed,Hyderabad
3514,58,1822851,Salaried,Chennai
3515,40,728205,Student,Hyderabad
3516,23,2468181,Self-Employed,Bengaluru
3517,45,1216940,Salaried,Chennai
3518,34,437235,Student,Hyderabad
3519,67,328713,Retired,Hyderabad
3520,48,1708136,Salaried,Bengaluru
3521,27,961462,Self-Employed,Kolkata
3522,63,819359,Self-Employed,Delhi
3523,48,602138,Retired,Chennai
3524,58,1551072,Self-Employed,Kolkata
3525,25,1940594,Student,Kolkata
3526,41,472806,Salaried,Chennai
3527,55,1325578,Retired,Delhi
3528,56,828833,Retired,Kolkata
3529,40,2302362,Salaried,Mumbai
3530,47,1469254,Retired,Kolkata
3531,33,385257,Salaried,Kolkata
3532,26,614509,Retired,Hyderabad
3533,62,945273,Salaried,Bengaluru
3534,25,1689444,Business,Hyderabad
3535,66,2381435,Self-Employed,Bengaluru
3536,36,297103,Student,Delhi
3537,68,860520,Self-Employed,Delhi
3538,39,1508870,Business,Kolkata
3539,64,1530180,Student,Hyderabad
3540,63,885150,Self-Employed,Kolkata
3541,27,947133,Self-Employed,Delhi
3542,54,1972341,Student,Hyderabad
3543,31,202678,Self-Employed,Mumbai
3544,56,1363037,Student,Bengaluru
3545,67,590757,Salaried,Kolkata
3546,69,1723463,Business,Kolkata
3547,23,1830231,Student,Mumbai
3548,23,1088526,Business,Hyderabad
3549,43,1384732,Salaried,Bengaluru
3550,23,404415,Student,Delhi
3551,62,2363800,Business,Kolkata
3552,22,1650407,Self-Employed,Mumbai
3553,67,672810,Student,Chennai
3554,57,1763986,Student,Kolkata
3555,48,504519,Self-Employed,Mumbai
3556,67,660395,Business,Delhi
3557,42,412176,Student,Kolkata
3558,21,1659092,Self-Employed,Chennai
3559,56,525229,Business,Hyderabad
3560,40,1377540,Student,Hyderabad
3561,38,538218,Student,Mumbai
3562,66,1693255,Retired,Mumbai
3563,46,353809,Salaried,Chennai
3564,32,2050412,Business,Hyderabad
3565,28,387232,Retired,Kolkata
3566,44,1591533,Self-Employed,Hyderabad
3567,46,2170079,Salaried,Mumbai
3568,43,909680,Salaried,Mumbai
3569,27,992419,Student,Mumbai
3570,54,1924028,Salaried,Hyderabad
3571,50,941811,Student,Mumbai
3572,59,1466790,Retired,Kolkata
3573,39,2455852,Business,Hyderabad
3574,61,2207726,Retired,Delhi
3575,58,1370412,Business,Bengaluru
3576,55,2167152,Salaried,Hyderabad
3577,56,318586,Retired,Delhi
3578,28,2238431,Salaried,Delhi
3579,68,1177481,Business,Mumbai
3580,21,2026042,Business,Kolkata
3581,39,2215617,Retired,Chennai
3582,69,1013009,Salaried,Kolkata
3583,37,2053686,Salaried,Hyderabad
3584,61,312532,Business,Kolkata
3585,44,1436658,Retired,Hyderabad
3586,57,1621661,Business,Chennai
3587,60,720177,Student,Delhi
3588,60,700203,Student,Hyderabad
3589,38,1549499,Salaried,Mumbai
3590,43,1869991,Salaried,Delhi
3591,54,1736943,Retired,Hyderabad
3592,35,594504,Business,Mumbai
3593,48,2465890,Self-Employed,Delhi
3594,62,502882,Retired,Mumbai
3595,48,442196,Salaried,Kolkata
3596,47,949574,Self-Employed,Mumbai
3597,25,2013417,Student,Hyderabad
3598,68,1163496,Retired,Bengaluru
3599,21,1207200,Self-Employed,Chennai
3600,30,617438,Business,Hyderabad
3601,28,2359277,Business,Mumbai
3602,40,558359,Student,Chennai
3603,52,1055794,Self-Employed,Delhi
3604,64,480951,Retired,Delhi
3605,21,1144490,Business,Mumbai
3606,31,1666318,Salaried,Chennai
3607,51,1922590,Self-Employed,Delhi
3608,56,1312528,Self-Employed,Delhi
3609,57,278482,Business,Bengaluru
3610,62,2105236,Student,Mumbai
3611,21,973690,Self-Employed,Hyderabad
3612,45,339398,Self-Employed,Kolkata
3613,46,1030334,Business,Mumbai
3614,34,752117,Business,Mumbai
3615,67,1497439,Retired,Kolkata
3616,58,479629,Student,Hyderabad
3617,59,2271377,Student,Hyderabad
3618,65,1783909,Self-Employed,Kolkata
3619,60,1429772,Student,Delhi
3620,22,700775,Student,Hyderabad
3621,30,2489797,Salaried,Kolkata
3622,55,578595,Self-Employed,Chennai
3623,50,511418,Salaried,Bengaluru
3624,44,1655593,Self-Employed,Kolkata
3625,52,963899,Self-Employed,Mumbai
3626,49,2199234,Salaried,Mumbai
3627,50,2070983,Retired,Chennai
3628,63,2425673,Salaried,Hyderabad
3629,29,1179671,Business,Delhi
3630,24,720919,Self-Employed,Chennai
3631,68,1339236,Retired,Bengaluru
3632,27,1414183,Retired,Kolkata
3633,21,2105875,Salaried,Mumbai
3634,46,1408470,Business,Hyderabad
3635,21,614197,Student,Mumbai
3636,44,292133,Retired,Delhi
3637,66,2490895,Salaried,Bengaluru
3638,36,590557,Salaried,Kolkata
3639,35,245016,Student,Hyderabad
3640,37,2330897,Self-Employed,Chennai
3641,28,1104687,Self-Employed,Mumbai
3642,39,774466,Retired,Mumbai
3643,51,344990,Salaried,Mumbai
3644,35,1655651,Business,Bengaluru
3645,62,1664254,Business,Chennai
3646,33,249030,Student,Kolkata
3647,30,2077797,Business,Mumbai
3648,49,890671,Business,Hyderabad
3649,67,1660379,Self-Employed,Hyderabad
3650,47,1395311,Salaried,Bengaluru
3651,51,631356,Business,Bengaluru
3652,66,1121447,Retired,Kolkata
3653,45,1760399,Salaried,Hyderabad
3654,21,1655501,Student,Bengaluru
3655,56,234732,Student,Bengaluru
3656,35,1353889,Self-Employed,Delhi
3657,69,1798291,Retired,Kolkata
3658,34,842076,Business,Kolkata
3659,64,261221,Retired,Bengaluru
3660,53,2469740,Self-Employed,Mumbai
3661,27,1353695,Retired,Hyderabad
3662,46,409865,Self-Employed,Bengaluru
3663,29,2221341,Student,Delhi
3664,61,1350489,Retired,Hyderabad
3665,44,1640037,Self-Employed,Kolkata
3666,40,2120317,Salaried,Hyderabad
3667,64,849575,Student,Kolkata
3668,53,760324,Student,Kolkata
3669,69,717075,Business,Bengaluru
3670,55,758172,Salaried,Chennai
3671,42,1203866,Business,Hyderabad
3672,68,1968579,Student,Bengaluru
3673,51,1739524,Salaried,Bengaluru
3674,27,2498001,Retired,Mumbai
3675,39,1320215,Self-Employed,Kolkata
3676,57,2071048,Business,Bengaluru
3677,29,523918,Business,Hyderabad
3678,24,1404885,Retired,Mumbai
3679,45,1411108,Business,Bengaluru
3680,51,1807130,Student,Mumbai
3681,66,493566,Business,Bengaluru
3682,26,360597,Retired,Mumbai
3683,32,367974,Business,Hyderabad
3684,24,2165562,Student,Bengaluru
3685,29,1241319,Retired,Mumbai
3686,51,1765285,Business,Delhi
3687,45,356524,Self-Employed,Mumbai
3688,62,1177790,Retired,Chennai
3689,57,341129,Business,Delhi
3690,27,2428287,Salaried,Kolkata
3691,46,2360263,Salaried,Hyderabad
3692,57,1300630,Student,Kolkata
3693,45,2215108,Student,Chennai
3694,36,321292,Student,Hyderabad
3695,60,1589429,Student,Delhi
3696,28,1389045,Salaried,Mumbai
3697,25,1125485,Salaried,Delhi
3698,65,424348,Self-Employed,Bengaluru
3699,32,370240,Retired,Bengaluru
3700,43,2234008,Business,Hyderabad
3701,41,2397184,Retired,Mumbai
3702,54,1252687,Salaried,Kolkata
3703,51,1108114,Salaried,Mumbai
3704,51,1814391,Self-Employed,Delhi
3705,52,953901,Salaried,Delhi
3706,49,932986,Self-Employed,Delhi
3707,48,798367,Self-Employed,Kolkata
3708,30,996999,Retired,Mumbai
3709,64,1235013,Business,Chennai
3710,41,217033,Business,Chennai
3711,37,1257934,Student,Kolkata
3712,60,2168005,Self-Employed,Kolkata
3713,54,2107486,Salaried,Hyderabad
3714,33,2380623,Student,Chennai
3715,61,911265,Retired,Bengaluru
3716,25,1359302,Business,Bengaluru
3717,33,1268109,Salaried,Kolkata
3718,54,1330130,Self-Employed,Hyderabad
3719,65,1196102,Student,Hyderabad
3720,57,1785961,Salaried,Delhi
3721,62,1608041,Retired,Hyderabad
3722,61,1318846,Salaried,Mumbai
3723,50,363695,Retired,Kolkata
3724,51,2067322,Salaried,Delhi
3725,39,1660595,Student,Bengaluru
3726,35,1596812,Business,Bengaluru
3727,24,952536,Salaried,Bengaluru
3728,29,1492261,Salaried,Chennai
3729,54,596585,Business,Bengaluru
3730,35,2334365,Business,Delhi
3731,59,1265934,Student,Hyderabad
3732,21,441469,Salaried,Delhi
3733,69,970228,Business,Kolkata
3734,33,1875303,Student,Chennai
3735,53,536864,Retired,Kolkata
3736,44,2123359,Salaried,Delhi
3737,38,744619,Business,Delhi
3738,61,1993185,Student,Bengaluru
3739,60,791254,Self-Employed,Kolkata
3740,33,2155136,Business,Delhi
3741,61,2405895,Salaried,Mumbai
3742,26,1243080,Retired,Delhi
3743,69,1845448,Business,Kolkata
3744,36,1231652,Self-Employed,Bengaluru
3745,67,1439059,Business,Hyderabad
3746,60,2370901,Business,Mumbai
3747,46,314878,Salaried,Delhi
3748,67,2255785,Self-Employed,Mumbai
3749,26,693624,Student,Bengaluru
3750,24,1799179,Business,Chennai
3751,56,2108544,Salaried,Delhi
3752,59,1849563,Student,Mumbai
3753,24,2447547,Self-Employed,Delhi
3754,43,958876,Retired,Chennai
3755,22,2411433,Student,Bengaluru
3756,43,1917785,Salaried,Mumbai
3757,54,2102089,Salaried,Kolkata
3758,46,249168,Salaried,Chennai
3759,37,2464672,Self-Employed,Chennai
3760,58,441361,Business,Kolkata
3761,45,1159269,Retired,Delhi
3762,65,1173903,Business,Bengaluru
3763,24,2460885,Student,Mumbai
3764,27,1888907,Student,Bengaluru
3765,42,1443184,Self-Employed,Kolkata
3766,33,222245,Student,Kolkata
3767,26,1726724,Retired,Hyderabad
3768,55,2086204,Salaried,Kolkata
3769,36,894553,Self-Employed,Mumbai
3770,21,1180302,Salaried,Chennai
3771,63,2121998,Business,Bengaluru
3772,54,2401961,Self-Employed,Mumbai
3773,58,890984,Self-Employed,Kolkata
3774,43,2041665,Retired,Hyderabad
3775,25,1852489,Business,Hyderabad
3776,43,231829,Salaried,Mumbai
3777,33,844861,Student,Hyderabad
3778,57,2455885,Student,Delhi
3779,55,1616231,Business,Bengaluru
3780,38,2075601,Self-Employed,Hyderabad
3781,39,561212,Business,Hyderabad
3782,27,1308345,Business,Kolkata
3783,40,1790758,Self-Employed,Kolkata
3784,52,1263545,Retired,Mumbai
3785,29,1159177,Self-Employed,Mumbai
3786,59,1245136,Student,Kolkata
3787,53,1788036,Retired,Chennai
3788,67,1336146,Student,Kolkata
3789,37,2129368,Business,Bengaluru
3790,35,2252094,Retired,Kolkata
3791,55,218385,Retired,Kolkata
3792,54,974341,Self-Employed,Chennai
3793,40,329976,Retired,Kolkata
3794,58,1590901,Salaried,Kolkata
3795,56,910738,Self-Employed,Hyderabad
3796,43,1990829,Salaried,Kolkata
3797,63,1193348,Salaried,Delhi
3798,66,1985818,Business,Delhi
3799,53,1191785,Student,Mumbai
3800,58,491464,Salaried,Kolkata
3801,61,809742,Business,Delhi
3802,27,1825916,Business,Bengaluru
3803,43,979934,Retired,Chennai
3804,48,1160394,Salaried,Kolkata
3805,30,1949346,Student,Chennai
3806,43,2398768,Student,Kolkata
3807,35,2474138,Business,Bengaluru
3808,32,1791986,Self-Employed,Mumbai
3809,34,1100840,Self-Employed,Bengaluru
3810,27,580613,Student,Bengaluru
3811,58,2456618,Salaried,Delhi
3812,47,504939,Salaried,Mumbai
3813,64,2383913,Business,Kolkata
3814,65,598817,Salaried,Kolkata
3815,22,1772357,Self-Employed,Mumbai
3816,58,1338116,Student,Chennai
3817,25,1405697,Salaried,Delhi
3818,28,526476,Retired,Hyderabad
3819,24,1413588,Self-Employed,Mumbai
3820,62,434819,Student,Hyderabad
3821,46,1279680,Student,Delhi
3822,31,609863,Retired,Bengaluru
3823,56,2432584,Salaried,Delhi
3824,61,1091467,Business,Delhi
3825,32,279786,Salaried,Kolkata
3826,66,2320542,Salaried,Delhi
3827,65,1403681,Student,Kolkata
3828,43,1951274,Business,Chennai
3829,29,1319147,Student,Chennai
3830,55,742389,Salaried,Delhi
3831,56,1076279,Retired,Hyderabad
3832,44,2091242,Retired,Kolkata
3833,57,1860588,Business,Delhi
3834,41,2260075,Business,Hyderabad
3835,64,2011405,Self-Employed,Chennai
3836,44,1698057,Retired,Hyderabad
3837,24,2308673,Self-Employed,Delhi
3838,37,1868671,Student,Delhi
3839,59,257510,Self-Employed,Chennai
3840,38,757786,Retired,Delhi
3841,54,1080053,Student,Hyderabad
3842,30,720264,Retired,Mumbai
3843,34,1102549,Salaried,Mumbai
3844,52,1111301,Salaried,Mumbai
3845,63,297575,Self-Employed,Delhi
3846,68,369236,Business,Bengaluru
3847,22,616708,Self-Employed,Mumbai
3848,29,1610189,Student,Hyderabad
3849,49,818878,Business,Delhi
3850,40,1162675,Salaried,Kolkata
3851,67,1495525,Salaried,Bengaluru
3852,34,778245,Salaried,Bengaluru
3853,47,205004,Salaried,Bengaluru
3854,58,1897254,Salaried,Mumbai
3855,55,1169034,Salaried,Hyderabad
3856,38,1189616,Self-Employed,Kolkata
3857,59,1405068,Retired,Bengaluru
3858,21,1828202,Business,Kolkata
3859,25,1575997,Student,Hyderabad
3860,36,2374267,Self-Employed,Hyderabad
3861,60,1464167,Retired,Mumbai
3862,44,1240272,Business,Bengaluru
3863,25,1675727,Student,Kolkata
3864,28,2092276,Salaried,Hyderabad
3865,24,2459388,Self-Employed,Hyderabad
3866,29,531312,Business,Chennai
3867,64,1479371,Student,Bengaluru
3868,28,1041577,Student,Mumbai
3869,40,2460979,Self-Employed,Delhi
3870,62,2011948,Salaried,Hyderabad
3871,33,1848631,Student,Chennai
3872,30,691362,Self-Employed,Kolkata
3873,41,2156600,Self-Employed,Delhi
3874,45,1888902,Student,Bengaluru
3875,41,1668233,Self-Employed,Kolkata
3876,38,970173,Student,Kolkata
3877,25,639636,Salaried,Chennai
3878,69,1924334,Retired,Hyderabad
3879,23,919681,Business,Chennai
3880,56,2039917,Student,Delhi
3881,69,2319516,Business,Hyderabad
3882,44,298967,Salaried,Kolkata
3883,25,1556409,Student,Mumbai
3884,65,2002158,Self-Employed,Mumbai
3885,30,232632,Salaried,Hyderabad
3886,33,2089311,Student,Delhi
3887,30,821545,Retired,Kolkata
3888,22,2166084,Retired,Mumbai
3889,45,712874,Student,Bengaluru
3890,34,246755,Salaried,Delhi
3891,53,923634,Self-Employed,Hyderabad
3892,47,1118232,Retired,Chennai
3893,33,683127,Student,Chennai
3894,68,1875539,Retired,Kolkata
3895,36,942371,Student,Hyderabad
3896,39,1244625,Self-Employed,Hyderabad
3897,40,2371265,Salaried,Delhi
3898,51,431431,Student,Bengaluru
3899,65,2005604,Salaried,Kolkata
3900,47,1311858,Retired,Bengaluru
3901,61,2391630,Retired,Hyderabad
3902,54,662599,Business,Bengaluru
3903,33,1907213,Student,Hyderabad
3904,43,553328,Student,Delhi
3905,55,2083207,Student,Mumbai
3906,34,2439255,Retired,Mumbai
3907,53,936716,Student,Hyderabad
3908,47,734983,Retired,Mumbai
3909,34,733648,Retired,Bengaluru
3910,40,1813788,Self-Employed,Chennai
3911,39,1830912,Self-Employed,Delhi
3912,22,1279423,Retired,Hyderabad
3913,47,282997,Retired,Chennai
3914,67,1236526,Self-Employed,Mumbai
3915,49,449028,Salaried,Kolkata
3916,69,467744,Student,Delhi
3917,61,1813881,Student,Delhi
3918,28,1580186,Student,Bengaluru
3919,44,397802,Retired,Delhi
3920,65,1388162,Self-Employed,Kolkata
3921,39,1085487,Salaried,Hyderabad
3922,60,322737,Salaried,Delhi
3923,54,1682962,Business,Bengaluru
3924,59,1664440,Self-Employed,Mumbai
3925,40,1761780,Self-Employed,Delhi
3926,54,690405,Student,Mumbai
3927,51,1090032,Salaried,Kolkata
3928,52,2095925,Salaried,Kolkata
3929,30,656373,Student,Chennai
3930,49,1297090,Self-Employed,Mumbai
3931,46,400489,Student,Kolkata
3932,31,2054007,Retired,Hyderabad
3933,68,444690,Retired,Bengaluru
3934,69,779529,Salaried,Bengaluru
3935,52,1995512,Self-Employed,Delhi
3936,64,1781497,Salaried,Hyderabad
3937,27,445051,Self-Employed,Hyderabad
3938,22,1383045,Self-Employed,Chennai
3939,65,2299397,Self-Employed,Bengaluru
3940,69,1196392,Business,Delhi
3941,40,1056150,Business,Hyderabad
3942,48,1838534,Salaried,Mumbai
3943,38,1939476,Retired,Delhi
3944,58,2435954,Retired,Bengaluru
3945,32,227838,Salaried,Bengaluru
3946,62,395775,Student,Delhi
3947,35,606159,Self-Employed,Delhi
3948,34,2216933,Business,Kolkata
3949,23,1194936,Student,Chennai
3950,26,991556,Self-Employed,Hyderabad
3951,36,2450550,Business,Bengaluru
3952,46,452147,Business,Kolkata
3953,32,2088970,Retired,Mumbai
3954,47,1412694,Retired,Bengaluru
3955,28,229424,Student,Delhi
3956,34,2269364,Business,Mumbai
3957,38,1097919,Retired,Delhi
3958,43,1680176,Student,Mumbai
3959,29,2481342,Self-Employed,Hyderabad
3960,26,2347321,Retired,Mumbai
3961,28,654731,Self-Employed,Delhi
3962,60,1423844,Salaried,Bengaluru
3963,66,831498,Salaried,Bengaluru
3964,67,1025651,Retired,Hyderabad
3965,37,2120597,Self-Employed,Bengaluru
3966,21,409551,Self-Employed,Mumbai
3967,27,2466184,Self-Employed,Mumbai
3968,36,1006282,Self-Employed,Kolkata
3969,37,998787,Self-Employed,Kolkata
3970,40,1124752,Self-Employed,Bengaluru
3971,24,1512974,Student,Delhi
3972,29,2136301,Retired,Chennai
3973,62,2354747,Salaried,Bengaluru
3974,68,496717,Salaried,Bengaluru
3975,54,1711428,Student,Bengaluru
3976,32,748997,Student,Bengaluru
3977,34,2280729,Retired,Delhi
3978,58,2483612,Business,Delhi
3979,66,1661353,Student,Delhi
3980,39,2053188,Self-Employed,Delhi
3981,66,1130026,Retired,Bengaluru
3982,54,2093974,Student,Hyderabad
3983,40,958174,Retired,Kolkata
3984,25,1570612,Self-Employed,Kolkata
3985,48,252483,Business,Kolkata
3986,35,2241779,Self-Employed,Hyderabad
3987,33,870926,Self-Employed,Kolkata
3988,53,2154579,Salaried,Mumbai
3989,51,277917,Salaried,Kolkata
3990,30,1254834,Self-Employed,Delhi
3991,34,896027,Business,Chennai
3992,40,1961983,Salaried,Mumbai
3993,64,1081453,Business,Kolkata
3994,69,1147199,Business,Kolkata
3995,40,824223,Salaried,Kolkata
3996,50,1949800,Self-Employed,Delhi
3997,64,434937,Retired,Bengaluru
3998,26,2063586,Business,Delhi
3999,38,1349375,Business,Mumbai
4000,23,2357446,Self-Employed,Kolkata
4001,47,661024,Business,Hyderabad
4002,38,1676311,Retired,Bengaluru
4003,51,2218469,Retired,Kolkata
4004,67,2469833,Salaried,Hyderabad
4005,63,1721848,Salaried,Mumbai
4006,67,1491619,Self-Employed,Hyderabad
4007,42,2098237,Retired,Chennai
4008,32,419869,Self-Employed,Chennai
4009,47,444004,Retired,Delhi
4010,45,637091,Salaried,Hyderabad
4011,51,1767922,Student,Bengaluru
4012,57,303794,Self-Employed,Hyderabad
4013,68,1860127,Self-Employed,Hyderabad
4014,66,2435387,Business,Hyderabad
4015,36,1213188,Retired,Mumbai
4016,31,1701220,Salaried,Mumbai
4017,55,1237089,Retired,Delhi
4018,44,2289968,Business,Kolkata
4019,61,1908209,Business,Bengaluru
4020,45,624081,Retired,Delhi
4021,54,1136866,Salaried,Bengaluru
4022,68,743880,Business,Kolkata
4023,35,1765809,Self-Employed,Mumbai
4024,39,780335,Salaried,Delhi
4025,34,1920318,Self-Employed,Delhi
4026,36,2312034,Self-Employed,Mumbai
4027,55,1390681,Self-Employed,Mumbai
4028,41,270521,Self-Employed,Mumbai
4029,58,1717780,Business,Bengaluru
4030,31,1813456,Retired,Mumbai
4031,34,2428004,Salaried,Hyderabad
4032,41,1776747,Student,Delhi
4033,68,1948561,Self-Employed,Chennai
4034,58,359205,Business,Chennai
4035,57,1496368,Business,Chennai
4036,41,2499146,Student,Chennai
4037,22,679258,Salaried,Delhi
4038,25,2396053,Student,Mumbai
4039,26,2266312,Salaried,Delhi
4040,27,2465206,Self-Employed,Kolkata
4041,44,617529,Business,Hyderabad
4042,48,710975,Salaried,Mumbai
4043,58,2020846,Self-Employed,Bengaluru
4044,38,1766942,Student,Mumbai
4045,41,1054842,Salaried,Hyderabad
4046,50,1986102,Self-Employed,Delhi
4047,57,2313499,Salaried,Delhi
4048,28,373775,Salaried,Delhi
4049,36,714312,Retired,Delhi
4050,38,393825,Retired,Chennai
4051,57,642536,Student,Bengaluru
4052,67,556597,Self-Employed,Kolkata
4053,60,944858,Business,Hyderabad
4054,23,1329202,Student,Bengaluru
4055,36,1319258,Salaried,Mumbai
4056,59,1787601,Business,Mumbai
4057,37,1901952,Self-Employed,Hyderabad
4058,62,708097,Business,Hyderabad
4059,69,1718005,Retired,Kolkata
4060,47,821499,Salaried,Chennai
4061,33,1629862,Business,Mumbai
4062,59,1444675,Self-Employed,Delhi
4063,30,2361503,Business,Chennai
4064,53,1566649,Salaried,Hyderabad
4065,33,359915,Self-Employed,Kolkata
4066,27,2110597,Retired,Chennai
4067,40,610813,Business,Kolkata
4068,46,1393247,Retired,Bengaluru
4069,45,2413741,Self-Employed,Kolkata
4070,28,919545,Business,Delhi
4071,38,2286133,Retired,Hyderabad
4072,23,1532852,Student,Hyderabad
4073,45,853222,Salaried,Bengaluru
4074,32,471292,Retired,Kolkata
4075,62,2179767,Student,Bengaluru
4076,49,837527,Salaried,Delhi
4077,39,1238729,Self-Employed,Delhi
4078,37,2014711,Self-Employed,Hyderabad
4079,64,2485043,Retired,Kolkata
4080,31,1088885,Student,Mumbai
4081,57,1678824,Salaried,Chennai
4082,39,421146,Salaried,Mumbai
4083,66,923522,Salaried,Delhi
4084,30,1658040,Self-Employed,Hyderabad
4085,63,2160661,Self-Employed,Bengaluru
4086,28,2129713,Salaried,Mumbai
4087,38,2416621,Business,Hyderabad
4088,39,863393,Business,Chennai
4089,27,304804,Salaried,Kolkata
4090,22,1966805,Business,Kolkata
4091,27,594516,Student,Kolkata
4092,55,1811887,Retired,Kolkata
4093,24,1747996,Salaried,Chennai
4094,50,1230741,Student,Hyderabad
4095,62,470222,Retired,Bengaluru
4096,53,1799441,Salaried,Delhi
4097,30,976620,Business,Delhi
4098,58,1020780,Student,Bengaluru
4099,52,725456,Student,Hyderabad
4100,32,1277456,Student,Kolkata
4101,24,729794,Salaried,Hyderabad
4102,61,1430380,Business,Bengaluru
4103,34,2324462,Student,Kolkata
4104,36,1827336,Retired,Delhi
4105,27,1060438,Retired,Kolkata
4106,37,502568,Business,Kolkata
4107,49,547554,Business,Chennai
4108,60,2155631,Business,Delhi
4109,56,1201653,Student,Hyderabad
4110,55,750580,Retired,Delhi
4111,42,283066,Salaried,Delhi
4112,58,2053672,Self-Employed,Hyderabad
4113,36,915645,Business,Bengaluru
4114,52,1254139,Retired,Mumbai
4115,44,626319,Business,Delhi
4116,39,739455,Retired,Mumbai
4117,23,1635904,Retired,Kolkata
4118,47,552011,Retired,Hyderabad
4119,43,821239,Salaried,Chennai
4120,45,2279626,Self-Employed,Chennai
4121,47,1962392,Student,Kolkata
4122,29,1757213,Business,Mumbai
4123,57,431940,Salaried,Kolkata
4124,57,1193998,Self-Employed,Mumbai
4125,48,949663,Student,Hyderabad
4126,55,2001761,Student,Mumbai
4127,29,246197,Self-Employed,Delhi
4128,39,954390,Student,Bengaluru
4129,59,1481121,Self-Employed,Mumbai
4130,66,579307,Self-Employed,Mumbai
4131,25,2160027,Salaried,Hyderabad
4132,40,412549,Retired,Bengaluru
4133,66,559464,Business,Kolkata
4134,28,1185422,Salaried,Chennai
4135,44,2432543,Business,Kolkata
4136,69,1774217,Business,Chennai
4137,55,2267484,Self-Employed,Bengaluru
4138,58,2098459,Self-Employed,Mumbai
4139,64,1104470,Salaried,Bengaluru
4140,49,2417195,Self-Employed,Hyderabad
4141,52,1291466,Salaried,Chennai
4142,50,2073855,Salaried,Delhi
4143,58,882683,Retired,Chennai
4144,36,591874,Retired,Kolkata
4145,47,1961095,Business,Chennai
4146,49,2267051,Retired,Delhi
4147,25,2322282,Business,Bengaluru
4148,64,1951410,Retired,Delhi
4149,33,219088,Self-Employed,Delhi
4150,32,1168768,Business,Bengaluru
4151,58,2463939,Student,Bengaluru
4152,28,2008097,Self-Employed,Chennai
4153,64,296200,Student,Kolkata
4154,59,977839,Self-Employed,Delhi
4155,49,1168482,Retired,Bengaluru
4156,54,2426924,Business,Hyderabad
4157,53,1367750,Salaried,Delhi
4158,31,396830,Student,Kolkata
4159,36,1156775,Business,Delhi
4160,54,1462271,Business,Hyderabad
4161,35,1320668,Salaried,Delhi
4162,56,2163196,Self-Employed,Mumbai
4163,29,585056,Student,Bengaluru
4164,34,1513767,Retired,Mumbai
4165,50,1643493,Salaried,Delhi
4166,35,1169793,Self-Employed,Hyderabad
4167,37,491478,Self-Employed,Hyderabad
4168,28,2177560,Salaried,Delhi
4169,50,1016070,Business,Delhi
4170,48,1901000,Student,Bengaluru
4171,39,1517992,Salaried,Hyderabad
4172,52,539376,Salaried,Chennai
4173,21,2304242,Business,Chennai
4174,48,674010,Self-Employed,Kolkata
4175,51,316036,Salaried,Kolkata
4176,34,1707100,Retired,Mumbai
4177,41,1359832,Salaried,Hyderabad
4178,45,899503,Self-Employed,Kolkata
4179,58,1920286,Salaried,Kolkata
4180,37,2159131,Self-Employed,Kolkata
4181,58,310901,Salaried,Mumbai
4182,37,1548460,Retired,Bengaluru
4183,34,1925973,Self-Employed,Bengaluru
4184,42,1270000,Business,Delhi
4185,28,1417048,Self-Employed,Chennai
4186,41,283941,Self-Employed,Hyderabad
4187,32,471614,Student,Chennai
4188,37,569531,Business,Kolkata
4189,57,1088405,Self-Employed,Delhi
4190,41,733184,Retired,Chennai
4191,59,1481354,Business,Mumbai
4192,25,2499883,Salaried,Delhi
4193,28,1835088,Business,Bengaluru
4194,31,784978,Salaried,Bengaluru
4195,38,1648070,Retired,Hyderabad
4196,69,502561,Self-Employed,Kolkata
4197,67,236381,Self-Employed,Kolkata
4198,51,1673103,Business,Kolkata
4199,58,825032,Self-Employed,Mumbai
4200,44,2100696,Self-Employed,Kolkata
4201,47,225218,Self-Employed,Kolkata
4202,22,1069331,Self-Employed,Bengaluru
4203,56,1443897,Retired,Mumbai
4204,29,605154,Retired,Delhi
4205,56,1305561,Retired,Bengaluru
4206,23,2340650,Salaried,Kolkata
4207,25,447723,Business,Kolkata
4208,34,221229,Salaried,Bengaluru
4209,69,948123,Retired,Chennai
4210,52,570664,Retired,Bengaluru
4211,25,1990887,Self-Employed,Chennai
4212,48,803466,Student,Bengaluru
4213,34,2192376,Salaried,Chennai
4214,21,657111,Student,Kolkata
4215,55,505644,Student,Bengaluru
4216,50,2273190,Self-Employed,Delhi
4217,47,302179,Salaried,Mumbai
4218,22,919689,Salaried,Bengaluru
4219,56,2311680,Retired,Hyderabad
4220,28,2493123,Self-Employed,Chennai
4221,66,1216027,Self-Employed,Bengaluru
4222,29,957859,Business,Delhi
4223,53,2115138,Student,Mumbai
4224,63,579774,Student,Chennai
4225,56,1165570,Self-Employed,Hyderabad
4226,31,243793,Retired,Mumbai
4227,48,2103081,Student,Hyderabad
4228,63,1875894,Student,Kolkata
4229,69,1104252,Salaried,Mumbai
4230,49,2266041,Salaried,Delhi
4231,26,1581931,Business,Bengaluru
4232,53,444652,Self-Employed,Chennai
4233,38,997505,Student,Chennai
4234,48,720252,Self-Employed,Kolkata
4235,66,1108093,Salaried,Delhi
4236,51,324066,Business,Chennai
4237,25,1146244,Student,Hyderabad
4238,24,1218360,Salaried,Bengaluru
4239,54,1543249,Retired,Chennai
4240,41,1802838,Student,Chennai
4241,47,1923797,Salaried,Hyderabad
4242,33,2347278,Self-Employed,Hyderabad
4243,45,830609,Retired,Mumbai
4244,56,536583,Student,Chennai
4245,37,1843061,Salaried,Mumbai
4246,24,519603,Business,Hyderabad
4247,31,2474935,Business,Delhi
4248,58,1257664,Business,Hyderabad
4249,29,2033461,Self-Employed,Bengaluru
4250,24,691498,Retired,Kolkata
4251,27,368320,Student,Bengaluru
4252,38,2218625,Business,Kolkata
4253,62,1261416,Student,Kolkata
4254,46,811822,Business,Mumbai
4255,51,488997,Student,Kolkata
4256,65,915261,Self-Employed,Bengaluru
4257,40,1458955,Student,Delhi
4258,58,1805074,Salaried,Chennai
4259,33,1272464,Student,Chennai
4260,23,2459378,Retired,Mumbai
4261,47,1746888,Retired,Hyderabad
4262,62,1690014,Student,Mumbai
4263,32,1530946,Salaried,Kolkata
4264,57,1448964,Student,Delhi
4265,34,2376218,Student,Chennai
4266,30,491349,Student,Hyderabad
4267,52,219874,Business,Chennai
4268,54,877883,Business,Mumbai
4269,39,560775,Retired,Hyderabad
4270,49,1283071,Business,Bengaluru
4271,27,1312082,Salaried,Hyderabad
4272,42,1422347,Student,Hyderabad
4273,34,293965,Student,Bengaluru
4274,61,621879,Self-Employed,Bengaluru
4275,69,1644499,Business,Bengaluru
4276,34,1484879,Retired,Mumbai
4277,69,2449886,Student,Mumbai
4278,25,1767123,Self-Employed,Kolkata
4279,57,1383007,Retired,Delhi
4280,66,1886700,Business,Mumbai
4281,62,641477,Student,Chennai
4282,64,1765950,Student,Chennai
4283,54,1228465,Salaried,Kolkata
4284,62,1395306,Business,Chennai
4285,52,754446,Business,Delhi
4286,38,2412798,Business,Hyderabad
4287,43,995610,Self-Employed,Chennai
4288,57,1250781,Retired,Kolkata
4289,67,1909499,Business,Hyderabad
4290,26,1541245,Salaried,Hyderabad
4291,35,891518,Retired,Delhi
4292,68,1342204,Retired,Bengaluru
4293,34,398186,Student,Kolkata
4294,45,1311084,Retired,Delhi
4295,63,1390114,Salaried,Hyderabad
4296,59,2071921,Student,Kolkata
4297,34,450710,Salaried,Mumbai
4298,53,807016,Self-Employed,Chennai
4299,44,1619897,Student,Hyderabad
4300,34,2396649,Business,Mumbai
4301,31,2331089,Retired,Bengaluru
4302,25,531215,Salaried,Chennai
4303,63,1376683,Retired,Chennai
4304,53,1427332,Salaried,Mumbai
4305,48,1850539,Self-Employed,Hyderabad
4306,25,305701,Student,Delhi
4307,32,316801,Student,Kolkata
4308,45,650660,Self-Employed,Hyderabad
4309,37,215049,Retired,Kolkata
4310,46,1921281,Business,Kolkata
4311,58,1162898,Salaried,Hyderabad
4312,30,1540113,Retired,Bengaluru
4313,26,2304032,Business,Mumbai
4314,69,577000,Retired,Delhi
4315,23,2271563,Salaried,Bengaluru
4316,61,227973,Business,Bengaluru
4317,46,2209823,Business,Mumbai
4318,41,2032690,Self-Employed,Bengaluru
4319,29,1734531,Self-Employed,Kolkata
4320,68,1982962,Business,Kolkata
4321,43,1200341,Retired,Kolkata
4322,36,842104,Student,Chennai
4323,24,1226557,Salaried,Kolkata
4324,67,1639926,Retired,Kolkata
4325,58,998237,Business,Delhi
4326,23,1610108,Business,Hyderabad
4327,42,2387542,Business,Delhi
4328,51,937342,Self-Employed,Kolkata
4329,37,1309124,Self-Employed,Hyderabad
4330,60,2038487,Self-Employed,Chennai
4331,34,1951486,Salaried,Delhi
4332,27,455498,Salaried,Bengaluru
4333,46,1255835,Salaried,Hyderabad
4334,53,505216,Retired,Hyderabad
4335,64,1865650,Business,Delhi
4336,33,1836783,Business,Delhi
4337,63,2429559,Salaried,Hyderabad
4338,42,2301627,Salaried,Mumbai
4339,38,672481,Salaried,Mumbai
4340,47,2079151,Retired,Delhi
4341,26,239579,Self-Employed,Chennai
4342,38,829426,Retired,Hyderabad
4343,62,371064,Student,Delhi
4344,54,1869682,Business,Mumbai
4345,30,1004153,Salaried,Bengaluru
4346,27,1007064,Retired,Mumbai
4347,69,1655946,Self-Employed,Hyderabad
4348,39,1055507,Student,Hyderabad
4349,24,1090103,Student,Delhi
4350,39,2469135,Business,Chennai
4351,58,412417,Business,Bengaluru
4352,46,2292600,Retired,Hyderabad
4353,65,1111266,Student,Kolkata
4354,37,390572,Retired,Delhi
4355,24,1592215,Business,Delhi
4356,48,932734,Business,Kolkata
4357,38,1263350,Salaried,Chennai
4358,65,2439333,Business,Mumbai
4359,23,1458022,Retired,Delhi
4360,61,674414,Student,Chennai
4361,57,2392440,Retired,Hyderabad
4362,64,203134,Retired,Mumbai
4363,36,2135219,Retired,Chennai
4364,47,438329,Student,Bengaluru
4365,51,2372745,Salaried,Kolkata
4366,26,1922959,Salaried,Hyderabad
4367,21,1047477,Business,Delhi
4368,58,2278105,Self-Employed,Hyderabad
4369,58,651763,Student,Hyderabad
4370,46,1389589,Salaried,Bengaluru
4371,28,2339363,Student,Mumbai
4372,48,1639121,Business,Delhi
4373,22,1112949,Business,Kolkata
4374,22,2258914,Self-Employed,Hyderabad
4375,57,1902850,Self-Employed,Mumbai
4376,51,718332,Business,Hyderabad
4377,56,1912012,Salaried,Kolkata
4378,27,594972,Self-Employed,Bengaluru
4379,48,661775,Retired,Delhi
4380,54,1167427,Student,Delhi
4381,46,682699,Retired,Mumbai
4382,31,749911,Student,Delhi
4383,67,1312603,Salaried,Kolkata
4384,23,227944,Retired,Hyderabad
4385,23,1020003,Student,Chennai
4386,29,549476,Salaried,Kolkata
4387,64,600215,Business,Kolkata
4388,44,409934,Business,Bengaluru
4389,36,1103791,Student,Mumbai
4390,37,2327974,Business,Kolkata
4391,39,1617749,Retired,Bengaluru
4392,50,2415743,Student,Delhi
4393,41,2043164,Salaried,Kolkata
4394,38,2123734,Salaried,Delhi
4395,34,519769,Self-Employed,Mumbai
4396,59,702725,Retired,Bengaluru
4397,68,825888,Self-Employed,Bengaluru
4398,58,532562,Business,Chennai
4399,55,2303491,Self-Employed,Chennai
4400,47,854747,Business,Mumbai
4401,43,1973954,Student,Delhi
4402,56,1150153,Retired,Hyderabad
4403,38,798175,Salaried,Chennai
4404,46,1682094,Business,Delhi
4405,54,1957033,Salaried,Chennai
4406,22,1264876,Self-Employed,Delhi
4407,35,2157888,Student,Hyderabad
4408,25,660303,Business,Kolkata
4409,31,575573,Self-Employed,Delhi
4410,32,862678,Salaried,Bengaluru
4411,35,503557,Self-Employed,Chennai
4412,65,350107,Business,Chennai
4413,36,996012,Business,Chennai
4414,50,2215120,Business,Hyderabad
4415,65,685198,Self-Employed,Bengaluru
4416,41,1328607,Business,Delhi
4417,34,1566096,Self-Employed,Hyderabad
4418,66,2145572,Salaried,Bengaluru
4419,44,1550603,Retired,Hyderabad
4420,24,571768,Retired,Chennai
4421,27,1681064,Retired,Kolkata
4422,44,1913799,Student,Delhi
4423,22,541703,Retired,Chennai
4424,31,1227795,Student,Bengaluru
4425,43,975866,Business,Bengaluru
4426,22,1176526,Salaried,Chennai
4427,59,971082,Student,Delhi
4428,23,1777162,Business,Kolkata
4429,38,1811748,Student,Chennai
4430,51,2066915,Business,Kolkata
4431,28,418052,Self-Employed,Delhi
4432,48,1699165,Student,Mumbai
4433,33,538700,Student,Hyderabad
4434,64,1495683,Self-Employed,Mumbai
4435,50,2443858,Retired,Kolkata
4436,43,1372651,Retired,Bengaluru
4437,55,2456035,Retired,Kolkata
4438,62,256190,Student,Hyderabad
4439,25,2278592,Retired,Bengaluru
4440,60,1844971,Business,Kolkata
4441,58,1909115,Self-Employed,Chennai
4442,43,2480533,Self-Employed,Kolkata
4443,31,1313649,Business,Delhi
4444,47,1747648,Student,Hyderabad
4445,39,1572871,Salaried,Mumbai
4446,37,1921336,Salaried,Chennai
4447,48,801333,Salaried,Mumbai
4448,58,1187427,Self-Employed,Kolkata
4449,49,2093385,Self-Employed,Mumbai
4450,49,1962857,Salaried,Chennai
4451,31,1082672,Retired,Mumbai
4452,53,2320104,Self-Employed,Hyderabad
4453,62,1050592,Student,Kolkata
4454,52,399035,Retired,Chennai
4455,45,2389067,Self-Employed,Kolkata
4456,36,1555778,Retired,Chennai
4457,57,2198699,Retired,Bengaluru
4458,61,1168119,Salaried,Delhi
4459,57,1387581,Retired,Kolkata
4460,56,798444,Retired,Chennai
4461,53,808864,Salaried,Delhi
4462,29,2465458,Salaried,Bengaluru
4463,27,792898,Student,Kolkata
4464,51,1314931,Student,Chennai
4465,32,2243362,Student,Bengaluru
4466,56,1974860,Retired,Delhi
4467,22,896931,Salaried,Mumbai
4468,34,876862,Student,Mumbai
4469,36,526407,Student,Hyderabad
4470,25,1794968,Retired,Kolkata
4471,23,1454561,Business,Bengaluru
4472,21,1763190,Self-Employed,Kolkata
4473,44,1914220,Self-Employed,Hyderabad
4474,57,2104142,Student,Bengaluru
4475,64,449386,Self-Employed,Bengaluru
4476,61,2068693,Business,Mumbai
4477,43,1832702,Salaried,Bengaluru
4478,56,685205,Self-Employed,Mumbai
4479,59,796684,Retired,Mumbai
4480,26,1291281,Business,Kolkata
4481,28,1686839,Retired,Chennai
4482,52,1853093,Self-Employed,Kolkata
4483,27,683852,Retired,Delhi
4484,47,1607885,Student,Mumbai
4485,27,632787,Student,Mumbai
4486,62,745783,Student,Kolkata
4487,62,902757,Self-Employed,Delhi
4488,37,2174632,Self-Employed,Mumbai
4489,36,964228,Student,Delhi
4490,21,700795,Salaried,Kolkata
4491,30,1607307,Self-Employed,Bengaluru
4492,34,1873425,Retired,Chennai
4493,25,693847,Business,Hyderabad
4494,63,1067303,Salaried,Hyderabad
4495,62,1364384,Salaried,Bengaluru
4496,57,1187116,Self-Employed,Chennai
4497,56,1211537,Student,Bengaluru
4498,46,614630,Retired,Mumbai
4499,56,1268665,Salaried,Mumbai
4500,63,2472505,Salaried,Chennai
4501,66,790390,Business,Kolkata
4502,30,604707,Business,Delhi
4503,59,1251459,Business,Hyderabad
4504,44,1627493,Student,Delhi
4505,43,2474644,Business,Bengaluru
4506,22,1479587,Student,Mumbai
4507,62,1509412,Retired,Mumbai
4508,47,2062198,Self-Employed,Mumbai
4509,46,887800,Student,Chennai
4510,65,482118,Self-Employed,Delhi
4511,51,2242353,Self-Employed,Chennai
4512,31,711699,Salaried,Kolkata
4513,63,477294,Salaried,Hyderabad
4514,43,1336538,Self-Employed,Mumbai
4515,38,603278,Business,Kolkata
4516,37,1434748,Self-Employed,Delhi
4517,67,1580424,Student,Bengaluru
4518,62,1285817,Business,Mumbai
4519,69,1022635,Student,Hyderabad
4520,55,2215266,Retired,Kolkata
4521,34,234029,Retired,Bengaluru
4522,44,2218250,Business,Chennai
4523,30,685132,Self-Employed,Hyderabad
4524,27,763208,Business,Mumbai
4525,34,2039691,Business,Chennai
4526,47,807964,Self-Employed,Hyderabad
4527,33,1612346,Business,Bengaluru
4528,39,1960269,Salaried,Chennai
4529,41,1174950,Retired,Bengaluru
4530,36,2138448,Self-Employed,Bengaluru
4531,48,2323984,Salaried,Mumbai
4532,33,2330799,Retired,Bengaluru
4533,65,1936581,Business,Kolkata
4534,32,284444,Self-Employed,Kolkata
4535,40,823587,Retired,Kolkata
4536,51,350529,Business,Bengaluru
4537,57,1045146,Self-Employed,Kolkata
4538,46,1632723,Retired,Hyderabad
4539,28,2283393,Salaried,Chennai
4540,35,1820569,Business,Kolkata
4541,50,302642,Self-Employed,Hyderabad
4542,63,2240426,Retired,Hyderabad
4543,35,2314805,Business,Kolkata
4544,31,897337,Retired,Chennai
4545,37,1374259,Business,Hyderabad
4546,46,668998,Business,Mumbai
4547,62,481990,Self-Employed,Kolkata
4548,62,2080928,Self-Employed,Delhi
4549,37,1010178,Business,Bengaluru
4550,49,1916273,Business,Hyderabad
4551,52,2060354,Retired,Delhi
4552,68,2122439,Business,Hyderabad
4553,48,2158706,Student,Delhi
4554,69,399735,Retired,Bengaluru
4555,22,1471969,Self-Employed,Mumbai
4556,24,1752178,Self-Employed,Mumbai
4557,33,1345522,Retired,Mumbai
4558,32,2120715,Retired,Delhi
4559,35,1471903,Retired,Hyderabad
4560,37,1228340,Salaried,Mumbai
4561,35,2050083,Student,Bengaluru
4562,39,1469001,Retired,Hyderabad
4563,43,560630,Salaried,Delhi
4564,69,802508,Student,Bengaluru
4565,47,1393213,Self-Employed,Bengaluru
4566,33,1626122,Retired,Bengaluru
4567,47,391338,Self-Employed,Chennai
4568,33,2463752,Self-Employed,Bengaluru
4569,25,1608088,Student,Hyderabad
4570,61,2095755,Business,Delhi
4571,24,1068278,Student,Bengaluru
4572,55,2070780,Self-Employed,Mumbai
4573,56,1968615,Business,Mumbai
4574,45,2417089,Retired,Hyderabad
4575,43,1381471,Student,Delhi
4576,65,698693,Student,Bengaluru
4577,40,1100328,Business,Bengaluru
4578,24,2447317,Self-Employed,Bengaluru
4579,35,1511982,Business,Delhi
4580,57,1629864,Salaried,Mumbai
4581,26,2175287,Retired,Hyderabad
4582,46,704334,Salaried,Kolkata
4583,27,621349,Retired,Bengaluru
4584,24,770750,Self-Employed,Chennai
4585,37,1880533,Retired,Hyderabad
4586,60,838590,Salaried,Delhi
4587,61,1738643,Business,Hyderabad
4588,65,1461787,Student,Delhi
4589,24,1773245,Self-Employed,Delhi
4590,24,2129767,Student,Hyderabad
4591,49,434712,Retired,Hyderabad
4592,53,1548446,Self-Employed,Hyderabad
4593,50,670723,Student,Kolkata
4594,26,1137391,Student,Bengaluru
4595,31,1428998,Salaried,Delhi
4596,27,1612321,Business,Mumbai
4597,31,1291952,Student,Hyderabad
4598,47,1065479,Retired,Hyderabad
4599,57,1902950,Business,Chennai
4600,21,407542,Retired,Mumbai
4601,50,519530,Self-Employed,Mumbai
4602,25,427567,Self-Employed,Chennai
4603,43,1868819,Salaried,Delhi
4604,55,595827,Salaried,Bengaluru
4605,28,1445584,Self-Employed,Mumbai
4606,39,1692101,Business,Delhi
4607,34,2467004,Self-Employed,Bengaluru
4608,67,600844,Student,Delhi
4609,42,478340,Self-Employed,Chennai
4610,53,776559,Retired,Delhi
4611,25,1045149,Business,Bengaluru
4612,48,1367787,Salaried,Delhi
4613,25,1393059,Self-Employed,Bengaluru
4614,31,391364,Retired,Delhi
4615,40,579420,Retired,Mumbai
4616,27,1879291,Retired,Chennai
4617,59,695275,Student,Delhi
4618,51,1291802,Salaried,Mumbai
4619,64,2422263,Student,Bengaluru
4620,46,840344,Self-Employed,Bengaluru
4621,67,2352822,Student,Kolkata
4622,66,2043830,Business,Bengaluru
4623,43,1278864,Student,Kolkata
4624,35,2124421,Salaried,Kolkata
4625,56,1599362,Self-Employed,Chennai
4626,51,477114,Salaried,Chennai
4627,68,990923,Business,Hyderabad
4628,44,2308948,Self-Employed,Hyderabad
4629,58,1340770,Student,Kolkata
4630,29,1148681,Student,Hyderabad
4631,56,1446376,Retired,Hyderabad
4632,69,1978335,Student,Bengaluru
4633,67,284518,Self-Employed,Mumbai
4634,39,2117148,Retired,Mumbai
4635,26,1037563,Student,Kolkata
4636,32,1060434,Business,Chennai
4637,63,406491,Retired,Chennai
4638,34,2471788,Salaried,Hyderabad
4639,37,2089142,Retired,Mumbai
4640,51,954268,Retired,Mumbai
4641,36,2474608,Retired,Hyderabad
4642,42,1181332,Salaried,Kolkata
4643,39,548180,Self-Employed,Chennai
4644,60,809942,Salaried,Delhi
4645,54,1562328,Salaried,Delhi
4646,35,593347,Business,Mumbai
4647,62,2390584,Business,Bengaluru
4648,43,1396676,Business,Hyderabad
4649,27,1083973,Self-Employed,Hyderabad
4650,56,385194,Retired,Kolkata
4651,22,2067595,Retired,Delhi
4652,24,1447367,Salaried,Bengaluru
4653,21,324531,Business,Chennai
4654,52,1778668,Self-Employed,Bengaluru
4655,63,1750930,Business,Delhi
4656,29,836103,Business,Mumbai
4657,36,1344047,Retired,Kolkata
4658,62,1553978,Self-Employed,Bengaluru
4659,49,229949,Retired,Delhi
4660,38,2168090,Retired,Chennai
4661,43,1208854,Student,Mumbai
4662,48,2168353,Salaried,Chennai
4663,68,2128301,Retired,Bengaluru
4664,41,1779887,Student,Mumbai
4665,43,1700663,Business,Bengaluru
4666,68,368559,Student,Hyderabad
4667,31,480471,Self-Employed,Chennai
4668,47,1146501,Student,Hyderabad
4669,22,1493243,Retired,Mumbai
4670,23,2406127,Salaried,Hyderabad
4671,25,1875660,Salaried,Mumbai
4672,49,1629108,Self-Employed,Kolkata
4673,45,1856661,Business,Delhi
4674,47,2003606,Business,Mumbai
4675,68,229400,Retired,Delhi
4676,48,2206258,Salaried,Bengaluru
4677,63,266332,Self-Employed,Chennai
4678,44,1861269,Business,Bengaluru
4679,52,1233106,Student,Chennai
4680,58,1917340,Retired,Kolkata
4681,63,2348438,Business,Delhi
4682,25,1623812,Student,Chennai
4683,40,1566400,Student,Kolkata
4684,44,1675135,Business,Chennai
4685,61,1691219,Business,Hyderabad
4686,54,2174710,Salaried,Delhi
4687,64,2190236,Business,Kolkata
4688,55,1430202,Self-Employed,Mumbai
4689,63,579621,Business,Hyderabad
4690,28,1338445,Retired,Bengaluru
4691,48,1634616,Retired,Chennai
4692,52,1399331,Retired,Bengaluru
4693,24,424093,Self-Employed,Hyderabad
4694,37,2146991,Salaried,Kolkata
4695,50,215116,Student,Delhi
4696,60,684067,Student,Kolkata
4697,69,2033243,Salaried,Bengaluru
4698,30,418626,Retired,Mumbai
4699,25,1073246,Business,Kolkata
4700,69,724555,Business,Kolkata
4701,32,447522,Self-Employed,Mumbai
4702,57,1144714,Business,Mumbai
4703,22,1612441,Self-Employed,Kolkata
4704,33,1800971,Salaried,Kolkata
4705,31,744400,Business,Hyderabad
4706,52,655983,Student,Bengaluru
4707,31,2318589,Business,Kolkata
4708,30,1599594,Student,Mumbai
4709,65,1193541,Salaried,Bengaluru
4710,43,1895465,Student,Delhi
4711,45,1943184,Student,Bengaluru
4712,37,2091270,Student,Chennai
4713,33,508730,Student,Kolkata
4714,52,1970570,Retired,Kolkata
4715,46,1925210,Retired,Hyderabad
4716,61,680190,Student,Hyderabad
4717,65,1450111,Salaried,Hyderabad
4718,31,2082017,Salaried,Kolkata
4719,69,2329525,Student,Bengaluru
4720,42,1314410,Salaried,Delhi
4721,69,889430,Retired,Delhi
4722,39,977913,Salaried,Mumbai
4723,57,1635947,Student,Kolkata
4724,64,489342,Retired,Hyderabad
4725,46,348662,Self-Employed,Kolkata
4726,45,1367768,Student,Hyderabad
4727,61,2493777,Salaried,Mumbai
4728,34,2371815,Business,Mumbai
4729,63,1117132,Business,Delhi
4730,69,542690,Salaried,Chennai
4731,50,1611503,Salaried,Hyderabad
4732,40,506096,Salaried,Delhi
4733,63,1215281,Salaried,Mumbai
4734,31,2313768,Retired,Bengaluru
4735,34,1773128,Business,Chennai
4736,61,1950723,Business,Chennai
4737,44,2116165,Business,Delhi
4738,41,840870,Self-Employed,Delhi
4739,67,298545,Retired,Chennai
4740,47,1834294,Business,Chennai
4741,28,1776797,Student,Delhi
4742,28,507527,Business,Mumbai
4743,27,2207511,Self-Employed,Hyderabad
4744,39,1170838,Student,Delhi
4745,62,1681122,Student,Kolkata
4746,50,1469760,Retired,Bengaluru
4747,38,2498883,Salaried,Chennai
4748,29,1575941,Business,Bengaluru
4749,58,1007268,Salaried,Chennai
4750,51,1900091,Self-Employed,Bengaluru
4751,57,990945,Retired,Mumbai
4752,62,2318866,Student,Kolkata
4753,27,1510933,Student,Chennai
4754,39,881543,Retired,Delhi
4755,22,822049,Self-Employed,Bengaluru
4756,31,470746,Business,Hyderabad
4757,29,1263480,Self-Employed,Hyderabad
4758,23,819393,Student,Mumbai
4759,31,2144607,Student,Chennai
4760,28,2296036,Retired,Kolkata
4761,25,2277481,Business,Chennai
4762,59,1167274,Salaried,Chennai
4763,46,2010593,Self-Employed,Mumbai
4764,34,1990132,Salaried,Kolkata
4765,41,2440803,Retired,Mumbai
4766,25,401766,Retired,Delhi
4767,21,2007720,Student,Bengaluru
4768,58,1181115,Salaried,Delhi
4769,29,616679,Business,Kolkata
4770,59,680298,Self-Employed,Bengaluru
4771,55,1926367,Retired,Bengaluru
4772,40,962628,Student,Chennai
4773,48,2339735,Salaried,Delhi
4774,36,495086,Salaried,Mumbai
4775,33,451470,Business,Kolkata
4776,22,2358629,Business,Hyderabad
4777,69,1124959,Business,Bengaluru
4778,44,345691,Business,Kolkata
4779,22,574970,Business,Mumbai
4780,23,2327405,Salaried,Bengaluru
4781,64,1515403,Retired,Hyderabad
4782,69,467029,Salaried,Bengaluru
4783,41,737142,Salaried,Chennai
4784,34,2201552,Salaried,Mumbai
4785,59,1234406,Business,Mumbai
4786,63,338186,Student,Mumbai
4787,28,1005692,Retired,Delhi
4788,59,1035794,Student,Hyderabad
4789,25,2172321,Salaried,Bengaluru
4790,38,2073675,Salaried,Delhi
4791,27,1383874,Retired,Mumbai
4792,62,204041,Student,Mumbai
4793,43,1459222,Business,Kolkata
4794,46,322455,Business,Bengaluru
4795,57,854493,Business,Bengaluru
4796,64,615060,Self-Employed,Hyderabad
4797,28,1537492,Self-Employed,Chennai
4798,59,673087,Salaried,Delhi
4799,45,1377534,Salaried,Hyderabad
4800,31,1077754,Business,Hyderabad
4801,31,546675,Self-Employed,Chennai
4802,66,1381210,Self-Employed,Kolkata
4803,66,2106830,Business,Hyderabad
4804,37,917832,Business,Kolkata
4805,56,473804,Self-Employed,Chennai
4806,55,640868,Self-Employed,Chennai
4807,62,2469693,Self-Employed,Chennai
4808,34,1523510,Student,Bengaluru
4809,41,1179578,Business,Hyderabad
4810,38,1662890,Salaried,Delhi
4811,23,1468994,Salaried,Hyderabad
4812,21,865252,Business,Hyderabad
4813,25,366832,Business,Mumbai
4814,47,1648034,Self-Employed,Delhi
4815,28,2226654,Retired,Bengaluru
4816,33,754668,Salaried,Hyderabad
4817,24,2044753,Self-Employed,Bengaluru
4818,25,1150036,Business,Chennai
4819,44,2439796,Self-Employed,Chennai
4820,22,1861151,Salaried,Chennai
4821,43,1738293,Salaried,Mumbai
4822,34,2384118,Student,Mumbai
4823,41,1182949,Business,Bengaluru
4824,54,1706114,Salaried,Bengaluru
4825,48,1518753,Self-Employed,Kolkata
4826,61,867973,Salaried,Hyderabad
4827,25,693729,Business,Bengaluru
4828,49,1373420,Business,Bengaluru
4829,65,1083266,Self-Employed,Delhi
4830,31,1828768,Business,Chennai
4831,57,567287,Salaried,Bengaluru
4832,21,1964029,Student,Mumbai
4833,54,675741,Business,Kolkata
4834,48,2225810,Salaried,Kolkata
4835,23,518283,Student,Chennai
4836,41,2299814,Salaried,Bengaluru
4837,63,837974,Business,Mumbai
4838,43,437987,Salaried,Mumbai
4839,40,1758689,Self-Employed,Chennai
4840,62,1025065,Retired,Delhi
4841,32,960367,Student,Bengaluru
4842,23,543211,Self-Employed,Delhi
4843,27,1537724,Retired,Mumbai
4844,28,2053219,Self-Employed,Chennai
4845,66,623665,Self-Employed,Bengaluru
4846,51,1383076,Retired,Mumbai
4847,29,666024,Self-Employed,Bengaluru
4848,21,218079,Business,Chennai
4849,58,1296580,Business,Kolkata
4850,44,2450347,Business,Bengaluru
4851,21,1540097,Self-Employed,Mumbai
4852,26,2246578,Business,Delhi
4853,31,800293,Salaried,Bengaluru
4854,56,887171,Retired,Bengaluru
4855,53,1497682,Salaried,Mumbai
4856,27,1427122,Retired,Kolkata
4857,51,1302321,Business,Kolkata
4858,60,2390486,Retired,Chennai
4859,65,832302,Retired,Chennai
4860,49,2158402,Student,Kolkata
4861,41,968122,Business,Chennai
4862,64,2092551,Retired,Kolkata
4863,67,883699,Business,Kolkata
4864,27,1993703,Self-Employed,Kolkata
4865,41,402303,Salaried,Chennai
4866,33,691627,Business,Chennai
4867,61,2404123,Retired,Mumbai
4868,48,1762735,Student,Hyderabad
4869,60,2129002,Salaried,Chennai
4870,31,1598687,Student,Delhi
4871,35,1077316,Salaried,Delhi
4872,44,1465479,Salaried,Bengaluru
4873,36,1640057,Retired,Bengaluru
4874,33,708291,Salaried,Mumbai
4875,36,987083,Business,Hyderabad
4876,41,2146612,Self-Employed,Mumbai
4877,44,904192,Salaried,Chennai
4878,53,2445939,Business,Delhi
4879,60,1938346,Student,Hyderabad
4880,45,2323202,Salaried,Chennai
4881,57,768296,Business,Kolkata
4882,65,2442712,Business,Chennai
4883,67,1102874,Self-Employed,Delhi
4884,53,1233052,Business,Chennai
4885,32,436424,Student,Chennai
4886,36,606533,Retired,Chennai
4887,64,1124290,Business,Bengaluru
4888,57,1618175,Student,Bengaluru
4889,27,388543,Self-Employed,Hyderabad
4890,35,1525662,Business,Bengaluru
4891,51,1382833,Salaried,Chennai
4892,68,2340736,Salaried,Kolkata
4893,60,1474149,Self-Employed,Kolkata
4894,25,2351297,Student,Chennai
4895,32,702758,Self-Employed,Hyderabad
4896,42,1933356,Self-Employed,Mumbai
4897,28,2044974,Salaried,Delhi
4898,34,2433350,Student,Chennai
4899,53,302468,Self-Employed,Delhi
4900,52,376794,Self-Employed,Delhi
4901,64,2173769,Student,Chennai
4902,62,2228676,Self-Employed,Bengaluru
4903,31,1676302,Self-Employed,Mumbai
4904,68,1778403,Retired,Chennai
4905,48,582561,Business,Mumbai
4906,41,1047943,Retired,Kolkata
4907,38,1117848,Business,Hyderabad
4908,51,2100426,Retired,Chennai
4909,57,2415306,Business,Bengaluru
4910,66,2212874,Business,Delhi
4911,41,1293281,Salaried,Mumbai
4912,47,1255362,Self-Employed,Mumbai
4913,63,1140566,Salaried,Bengaluru
4914,27,2228719,Self-Employed,Kolkata
4915,29,1278343,Retired,Hyderabad
4916,59,1645272,Salaried,Bengaluru
4917,24,2023991,Salaried,Delhi
4918,69,1903962,Student,Bengaluru
4919,47,2124465,Salaried,Mumbai
4920,21,1674739,Self-Employed,Bengaluru
4921,32,1465484,Salaried,Chennai
4922,49,2113291,Retired,Mumbai
4923,34,2454796,Self-Employed,Bengaluru
4924,60,1351482,Student,Chennai
4925,32,1627109,Business,Chennai
4926,54,572550,Salaried,Hyderabad
4927,22,733750,Retired,Bengaluru
4928,62,545617,Student,Delhi
4929,67,1860476,Business,Mumbai
4930,54,1864594,Business,Chennai
4931,55,946542,Self-Employed,Mumbai
4932,35,438509,Salaried,Bengaluru
4933,43,1028568,Retired,Bengaluru
4934,44,1854116,Student,Hyderabad
4935,30,1765159,Self-Employed,Delhi
4936,64,217683,Student,Bengaluru
4937,64,1178816,Student,Hyderabad
4938,29,634331,Business,Chennai
4939,28,1163916,Business,Delhi
4940,25,1958498,Self-Employed,Kolkata
4941,29,2367508,Salaried,Kolkata
4942,33,2419186,Business,Chennai
4943,26,1897278,Student,Hyderabad
4944,56,2309051,Student,Chennai
4945,66,1217532,Self-Employed,Mumbai
4946,23,1612992,Salaried,Mumbai
4947,56,1718333,Retired,Kolkata
4948,59,923463,Self-Employed,Hyderabad
4949,53,1125575,Salaried,Hyderabad
4950,68,452849,Student,Kolkata
4951,34,1111219,Salaried,Mumbai
4952,32,1915683,Student,Hyderabad
4953,22,1248440,Business,Hyderabad
4954,61,2409396,Business,Delhi
4955,62,1007774,Salaried,Kolkata
4956,48,2077168,Business,Bengaluru
4957,27,729976,Retired,Delhi
4958,33,1333974,Retired,Hyderabad
4959,38,1620112,Student,Delhi
4960,56,2154969,Self-Employed,Bengaluru
4961,55,676385,Business,Mumbai
4962,35,853794,Salaried,Kolkata
4963,53,1442910,Self-Employed,Kolkata
4964,63,704316,Business,Bengaluru
4965,26,1900505,Self-Employed,Mumbai
4966,43,898707,Business,Bengaluru
4967,62,303581,Self-Employed,Chennai
4968,53,1733508,Salaried,Chennai
4969,41,573313,Business,Chennai
4970,59,563181,Business,Chennai
4971,47,2198621,Student,Mumbai
4972,31,2222606,Student,Chennai
4973,29,1493935,Salaried,Chennai
4974,23,743779,Retired,Bengaluru
4975,62,1837741,Self-Employed,Delhi
4976,50,1495756,Student,Chennai
4977,55,2148057,Self-Employed,Mumbai
4978,41,322179,Business,Delhi
4979,69,1713388,Salaried,Hyderabad
4980,26,1155915,Salaried,Hyderabad
4981,42,838571,Salaried,Mumbai
4982,31,1054654,Business,Chennai
4983,21,2127061,Student,Hyderabad
4984,51,781280,Business,Delhi
4985,69,1086953,Business,Hyderabad
4986,46,2341987,Salaried,Hyderabad
4987,57,287709,Self-Employed,Bengaluru
4988,28,1334927,Self-Employed,Kolkata
4989,59,295899,Retired,Delhi
4990,45,1992816,Self-Employed,Chennai
4991,52,1352363,Retired,Chennai
4992,59,1956015,Self-Employed,Delhi
4993,29,2163233,Retired,Mumbai
4994,61,1735103,Business,Bengaluru
4995,66,1268987,Salaried,Kolkata
4996,69,2377718,Salaried,Chennai
4997,57,1193524,Salaried,Kolkata
4998,34,1437678,Self-Employed,Delhi
4999,26,1391871,Retired,Kolkata
5000,36,1919370,Salaried,Delhi
5001,22,1087281,Retired,Delhi
5002,50,886816,Retired,Kolkata
5003,41,2378633,Self-Employed,Mumbai
5004,27,1283067,Student,Chennai
5005,26,831094,Student,Mumbai
5006,44,594422,Salaried,Delhi
5007,66,619017,Business,Bengaluru
5008,34,266496,Salaried,Delhi
5009,66,948795,Student,Bengaluru
5010,47,2047251,Salaried,Bengaluru
5011,44,1265412,Retired,Mumbai
5012,60,1345122,Self-Employed,Bengaluru
5013,54,922479,Student,Kolkata
5014,54,1298895,Student,Hyderabad
5015,24,1858545,Retired,Kolkata
5016,59,1636987,Student,Chennai
5017,28,1411450,Student,Delhi
5018,44,2499881,Salaried,Bengaluru
5019,61,1612726,Salaried,Bengaluru
5020,58,1329743,Retired,Kolkata
5021,55,459318,Student,Chennai
5022,58,455287,Retired,Kolkata
5023,45,1660922,Student,Kolkata
5024,45,1999298,Business,Chennai
5025,54,260701,Business,Bengaluru
5026,37,922880,Self-Employed,Delhi
5027,38,1121155,Student,Mumbai
5028,40,2093421,Self-Employed,Mumbai
5029,64,556607,Retired,Delhi
5030,44,2359899,Business,Mumbai
5031,26,1607192,Salaried,Hyderabad
5032,55,795765,Business,Delhi
5033,51,1728900,Business,Hyderabad
5034,50,384750,Retired,Mumbai
5035,25,490289,Salaried,Chennai
5036,58,698786,Business,Mumbai
5037,37,1319636,Student,Mumbai
5038,69,675944,Student,Mumbai
5039,53,599732,Student,Bengaluru
5040,49,1576597,Salaried,Bengaluru
5041,57,530645,Self-Employed,Delhi
5042,68,881473,Business,Bengaluru
5043,35,450395,Student,Mumbai
5044,63,1939817,Self-Employed,Chennai
5045,26,1624523,Self-Employed,Hyderabad
5046,58,499078,Salaried,Bengaluru
5047,54,2324093,Self-Employed,Kolkata
5048,60,1953960,Salaried,Hyderabad
5049,60,2197158,Business,Delhi
5050,24,1704515,Self-Employed,Hyderabad
5051,58,406718,Retired,Kolkata
5052,31,1578029,Salaried,Chennai
5053,38,508759,Self-Employed,Delhi
5054,58,2446619,Self-Employed,Bengaluru
5055,65,1658862,Student,Chennai
5056,50,2316119,Business,Chennai
5057,50,547675,Student,Kolkata
5058,30,2378254,Salaried,Delhi
5059,47,2087671,Business,Mumbai
5060,57,1007341,Self-Employed,Mumbai
5061,65,2124059,Salaried,Chennai
5062,42,1790669,Salaried,Hyderabad
5063,53,2279205,Retired,Delhi
5064,35,1306757,Business,Mumbai
5065,68,1403003,Retired,Kolkata
5066,68,596550,Self-Employed,Mumbai
5067,48,1590902,Business,Bengaluru
5068,53,487550,Self-Employed,Hyderabad
5069,67,357687,Business,Delhi
5070,29,1541012,Student,Bengaluru
5071,46,521884,Retired,Chennai
5072,31,831586,Salaried,Chennai
5073,50,1342795,Salaried,Mumbai
5074,58,737668,Retired,Chennai
5075,51,627199,Business,Bengaluru
5076,22,1057260,Retired,Hyderabad
5077,26,2489981,Salaried,Mumbai
5078,61,1885006,Self-Employed,Mumbai
5079,57,2455972,Business,Hyderabad
5080,21,941631,Self-Employed,Hyderabad
5081,56,2222422,Student,Kolkata
5082,42,1332415,Retired,Chennai
5083,23,325840,Self-Employed,Hyderabad
5084,63,1554897,Self-Employed,Bengaluru
5085,56,1303069,Retired,Hyderabad
5086,42,474148,Student,Hyderabad
5087,22,1200745,Business,Mumbai
5088,42,1916177,Business,Mumbai
5089,49,1885600,Business,Kolkata
5090,43,2492480,Business,Delhi
5091,68,2037412,Business,Chennai
5092,34,1124963,Retired,Mumbai
5093,41,2093825,Self-Employed,Mumbai
5094,57,2388754,Student,Bengaluru
5095,44,433598,Student,Kolkata
5096,33,1078961,Retired,Chennai
5097,43,1787252,Student,Mumbai
5098,58,1025425,Student,Chennai
5099,45,2336329,Salaried,Chennai
5100,66,1900576,Retired,Delhi
5101,24,1046691,Salaried,Bengaluru
5102,24,1197773,Salaried,Hyderabad
5103,21,1219684,Salaried,Kolkata
5104,21,2356348,Business,Mumbai
5105,34,356664,Self-Employed,Delhi
5106,57,323046,Self-Employed,Hyderabad
5107,56,1528558,Retired,Bengaluru
5108,58,2031882,Business,Bengaluru
5109,56,1529275,Salaried,Chennai
5110,32,1602719,Student,Delhi
5111,32,1219547,Retired,Mumbai
5112,37,452875,Student,Bengaluru
5113,25,587855,Retired,Mumbai
5114,31,416553,Business,Delhi
5115,25,733097,Salaried,Chennai
5116,28,1427209,Retired,Chennai
5117,47,546249,Student,Kolkata
5118,36,1055841,Retired,Bengaluru
5119,30,1058052,Student,Mumbai
5120,24,2069022,Self-Employed,Hyderabad
5121,23,334170,Self-Employed,Mumbai
5122,41,1803099,Salaried,Kolkata
5123,51,2076639,Student,Chennai
5124,58,326872,Retired,Bengaluru
5125,64,777464,Business,Bengaluru
5126,55,1141753,Salaried,Kolkata
5127,61,1428180,Salaried,Bengaluru
5128,37,2033256,Salaried,Mumbai
5129,24,1235074,Business,Mumbai
5130,37,2447524,Salaried,Bengaluru
5131,46,1523792,Self-Employed,Mumbai
5132,65,2230167,Student,Kolkata
5133,62,1531376,Student,Hyderabad
5134,53,2497305,Retired,Chennai
5135,39,373095,Student,Kolkata
5136,36,941029,Retired,Chennai
5137,33,500003,Retired,Delhi
5138,37,226963,Retired,Bengaluru
5139,26,1358981,Student,Kolkata
5140,25,2068921,Student,Kolkata
5141,45,368553,Salaried,Chennai
5142,40,1887026,Student,Hyderabad
5143,42,814064,Student,Hyderabad
5144,27,2035250,Salaried,Mumbai
5145,60,1232839,Retired,Bengaluru
5146,27,1283249,Retired,Bengaluru
5147,48,616474,Student,Chennai
5148,25,2151780,Business,Chennai
5149,60,1346238,Business,Chennai
5150,28,2208029,Student,Hyderabad
5151,52,1253157,Student,Mumbai
5152,37,382326,Retired,Kolkata
5153,47,2362551,Business,Hyderabad
5154,27,1491991,Self-Employed,Mumbai
5155,43,852510,Salaried,Chennai
5156,41,2021232,Student,Chennai
5157,38,1622995,Business,Kolkata
5158,46,1353100,Salaried,Kolkata
5159,36,2135977,Salaried,Mumbai
5160,49,1217197,Salaried,Kolkata
5161,48,817598,Student,Delhi
5162,23,939571,Business,Kolkata
5163,23,759116,Business,Bengaluru
5164,24,1481251,Salaried,Hyderabad
5165,58,734243,Self-Employed,Bengaluru
5166,41,568239,Salaried,Kolkata
5167,67,1985934,Self-Employed,Bengaluru
5168,25,639436,Retired,Kolkata
5169,52,1870375,Business,Hyderabad
5170,24,2196082,Retired,Kolkata
5171,35,823184,Salaried,Hyderabad
5172,69,2274659,Business,Kolkata
5173,25,1201265,Business,Delhi
5174,35,958388,Self-Employed,Hyderabad
5175,61,1819516,Retired,Mumbai
5176,28,1397738,Self-Employed,Kolkata
5177,25,345069,Student,Bengaluru
5178,57,2139374,Self-Employed,Chennai
5179,40,2298279,Student,Hyderabad
5180,43,438105,Retired,Chennai
5181,57,1974220,Self-Employed,Hyderabad
5182,67,1108021,Self-Employed,Chennai
5183,33,444604,Student,Kolkata
5184,28,1604955,Student,Delhi
5185,66,1867225,Self-Employed,Bengaluru
5186,29,722946,Student,Delhi
5187,25,853780,Retired,Kolkata
5188,65,1645076,Student,Chennai
5189,54,333636,Student,Delhi
5190,69,1356602,Salaried,Hyderabad
5191,42,2080513,Business,Mumbai
5192,67,2004511,Student,Chennai
5193,59,615394,Student,Bengaluru
5194,68,2020145,Business,Chennai
5195,46,1439204,Retired,Delhi
5196,21,1467139,Self-Employed,Chennai
5197,27,1251843,Retired,Chennai
5198,57,1207984,Retired,Bengaluru
5199,38,1235710,Self-Employed,Chennai
5200,24,1830651,Student,Mumbai
5201,28,1077388,Retired,Mumbai
5202,41,1478766,Self-Employed,Chennai
5203,55,1018854,Student,Chennai
5204,43,1382735,Retired,Kolkata
5205,47,688494,Self-Employed,Kolkata
5206,34,1959886,Salaried,Chennai
5207,69,777730,Business,Hyderabad
5208,53,2268492,Self-Employed,Delhi
5209,30,855097,Salaried,Bengaluru
5210,32,1125788,Salaried,Mumbai
5211,39,2349444,Business,Bengaluru
5212,46,1182572,Self-Employed,Bengaluru
5213,64,2253243,Student,Delhi
5214,38,1186925,Student,Kolkata
5215,24,1405095,Business,Delhi
5216,51,2366003,Salaried,Delhi
5217,55,364499,Business,Delhi
5218,48,1961107,Salaried,Chennai
5219,66,1363454,Salaried,Delhi
5220,27,317785,Retired,Kolkata
5221,61,1129973,Student,Bengaluru
5222,49,1816215,Self-Employed,Chennai
5223,54,743992,Business,Hyderabad
5224,28,1774172,Business,Bengaluru
5225,41,1059620,Self-Employed,Delhi
5226,41,2048856,Business,Hyderabad
5227,41,2091310,Retired,Chennai
5228,51,1003967,Business,Hyderabad
5229,34,1069843,Business,Chennai
5230,60,710186,Salaried,Kolkata
5231,47,475300,Salaried,Kolkata
5232,58,1714525,Self-Employed,Hyderabad
5233,35,754300,Student,Chennai
5234,65,1453077,Business,Mumbai
5235,32,1674891,Self-Employed,Chennai
5236,54,2491381,Business,Kolkata
5237,32,1513870,Self-Employed,Bengaluru
5238,36,1075110,Self-Employed,Hyderabad
5239,42,934617,Self-Employed,Bengaluru
5240,41,592863,Salaried,Bengaluru
5241,38,1453304,Retired,Mumbai
5242,41,1023251,Student,Hyderabad
5243,21,1531260,Student,Mumbai
5244,39,1841388,Salaried,Mumbai
5245,24,2452134,Business,Delhi
5246,42,2454548,Student,Chennai
5247,51,2213470,Student,Delhi
5248,58,2177117,Business,Hyderabad
5249,43,1664240,Salaried,Kolkata
5250,46,494802,Business,Kolkata
5251,43,822318,Self-Employed,Mumbai
5252,69,1131848,Student,Bengaluru
5253,44,413315,Student,Bengaluru
5254,63,818175,Salaried,Mumbai
5255,28,2148239,Salaried,Kolkata
5256,48,998494,Student,Mumbai
5257,27,1470252,Salaried,Chennai
5258,30,2374381,Salaried,Bengaluru
5259,56,1068285,Self-Employed,Kolkata
5260,39,869745,Student,Hyderabad
5261,65,693130,Business,Kolkata
5262,27,685396,Retired,Kolkata
5263,64,2253254,Salaried,Bengaluru
5264,31,1762138,Salaried,Delhi
5265,38,450698,Self-Employed,Mumbai
5266,59,1452816,Retired,Bengaluru
5267,66,612304,Student,Hyderabad
5268,66,488473,Student,Kolkata
5269,43,244157,Salaried,Mumbai
5270,55,1257754,Student,Chennai
5271,36,2081233,Retired,Chennai
5272,26,348616,Student,Bengaluru
5273,41,521082,Student,Mumbai
5274,47,1236925,Salaried,Hyderabad
5275,57,1578667,Salaried,Kolkata
5276,63,1405066,Salaried,Kolkata
5277,51,1528379,Student,Hyderabad
5278,30,1295090,Business,Mumbai
5279,25,1752664,Self-Employed,Hyderabad
5280,33,2065119,Business,Chennai
5281,62,1648675,Retired,Delhi
5282,66,2345982,Retired,Mumbai
5283,27,2353434,Student,Kolkata
5284,60,1745589,Self-Employed,Hyderabad
5285,32,249178,Student,Delhi
5286,61,1462210,Student,Bengaluru
5287,63,1585639,Retired,Mumbai
5288,46,895929,Self-Employed,Delhi
5289,48,1318476,Student,Mumbai
5290,50,1373105,Student,Kolkata
5291,47,2041562,Salaried,Kolkata
5292,64,727759,Business,Bengaluru
5293,55,2110101,Business,Delhi
5294,55,1451148,Business,Delhi
5295,54,2303246,Salaried,Mumbai
5296,40,2028268,Salaried,Chennai
5297,57,2150826,Student,Chennai
5298,47,2154358,Retired,Mumbai
5299,31,527260,Salaried,Chennai
5300,65,2247517,Salaried,Hyderabad
5301,52,851854,Salaried,Delhi
5302,55,1941304,Self-Employed,Kolkata
5303,48,1939809,Self-Employed,Hyderabad
5304,46,1399577,Business,Chennai
5305,21,1066839,Business,Kolkata
5306,27,273089,Retired,Mumbai
5307,25,1639261,Salaried,Hyderabad
5308,26,2307262,Salaried,Kolkata
5309,63,2067108,Student,Kolkata
5310,23,666907,Salaried,Bengaluru
5311,32,1045745,Student,Hyderabad
5312,25,1087694,Retired,Kolkata
5313,28,383812,Salaried,Mumbai
5314,39,239794,Salaried,Mumbai
5315,34,952615,Salaried,Delhi
5316,43,1230148,Retired,Delhi
5317,42,2435380,Retired,Delhi
5318,25,1050870,Student,Chennai
5319,30,244062,Retired,Kolkata
5320,32,1777112,Business,Chennai
5321,42,1383444,Self-Employed,Chennai
5322,43,2312053,Business,Delhi
5323,64,1503567,Self-Employed,Hyderabad
5324,63,2378274,Business,Delhi
5325,43,2291182,Self-Employed,Bengaluru
5326,57,2381673,Salaried,Delhi
5327,51,2063973,Business,Kolkata
5328,68,866128,Retired,Chennai
5329,68,1645684,Retired,Kolkata
5330,48,539895,Self-Employed,Delhi
5331,63,965191,Self-Employed,Bengaluru
5332,36,2051678,Student,Delhi
5333,56,422268,Self-Employed,Delhi
5334,59,2344636,Student,Kolkata
5335,40,2254287,Self-Employed,Bengaluru
5336,55,416946,Business,Hyderabad
5337,25,1397879,Student,Mumbai
5338,55,2306971,Retired,Mumbai
5339,51,530705,Business,Delhi
5340,48,1555801,Student,Chennai
5341,57,647879,Self-Employed,Hyderabad
5342,25,609148,Salaried,Hyderabad
5343,60,1159630,Student,Delhi
5344,32,950376,Business,Chennai
5345,58,696726,Retired,Bengaluru
5346,67,2286225,Self-Employed,Kolkata
5347,23,1129135,Business,Delhi
5348,28,1276852,Salaried,Bengaluru
5349,21,2025561,Self-Employed,Delhi
5350,43,606744,Retired,Bengaluru
5351,45,1991591,Student,Delhi
5352,25,1740262,Retired,Kolkata
5353,34,2355637,Salaried,Delhi
5354,47,2173074,Retired,Bengaluru
5355,61,1678853,Retired,Kolkata
5356,43,1562705,Business,Chennai
5357,31,403091,Business,Chennai
5358,34,934378,Student,Bengaluru
5359,55,1407722,Retired,Delhi
5360,42,1758606,Student,Mumbai
5361,69,2018544,Self-Employed,Hyderabad
5362,32,1605083,Business,Hyderabad
5363,29,2441300,Salaried,Hyderabad
5364,32,1154105,Salaried,Bengaluru
5365,35,1708486,Salaried,Kolkata
5366,68,2053592,Business,Mumbai
5367,26,2049585,Salaried,Hyderabad
5368,60,951504,Self-Employed,Hyderabad
5369,66,2111877,Salaried,Kolkata
5370,32,1047910,Student,Hyderabad
5371,34,472227,Retired,Kolkata
5372,23,1199944,Student,Kolkata
5373,56,1802093,Salaried,Bengaluru
5374,28,633020,Retired,Delhi
5375,21,2470571,Student,Delhi
5376,22,1853858,Retired,Mumbai
5377,45,889205,Self-Employed,Chennai
5378,30,1927735,Self-Employed,Chennai
5379,44,335419,Student,Bengaluru
5380,36,1352156,Retired,Delhi
5381,28,1158797,Self-Employed,Kolkata
5382,57,1553438,Student,Bengaluru
5383,48,2443885,Retired,Chennai
5384,48,2010893,Retired,Delhi
5385,40,1000492,Salaried,Kolkata
5386,25,1429643,Salaried,Kolkata
5387,23,1930309,Student,Bengaluru
5388,66,2056926,Student,Bengaluru
5389,57,1121310,Salaried,Bengaluru
5390,56,1823932,Business,Mumbai
5391,46,2343381,Business,Mumbai
5392,46,365445,Salaried,Hyderabad
5393,37,565220,Self-Employed,Mumbai
5394,49,2247143,Business,Kolkata
5395,57,2106870,Self-Employed,Delhi
5396,51,1630773,Self-Employed,Delhi
5397,31,2136953,Salaried,Kolkata
5398,50,1616970,Business,Bengaluru
5399,50,431825,Student,Mumbai
5400,63,1175687,Student,Chennai
5401,35,2375343,Business,Chennai
5402,55,456615,Self-Employed,Kolkata
5403,69,768358,Business,Kolkata
5404,54,2453420,Retired,Delhi
5405,52,1162403,Salaried,Hyderabad
5406,53,1091540,Student,Delhi
5407,36,2077927,Student,Hyderabad
5408,56,1586827,Business,Hyderabad
5409,34,870381,Salaried,Chennai
5410,31,1747133,Retired,Bengaluru
5411,45,990757,Business,Chennai
5412,57,334934,Self-Employed,Bengaluru
5413,32,701712,Business,Chennai
5414,42,952009,Business,Mumbai
5415,27,848834,Retired,Bengaluru
5416,55,1484287,Self-Employed,Hyderabad
5417,40,1689253,Retired,Kolkata
5418,69,881164,Self-Employed,Bengaluru
5419,44,893468,Retired,Mumbai
5420,64,2219020,Salaried,Kolkata
5421,57,1771600,Self-Employed,Chennai
5422,64,776739,Salaried,Chennai
5423,48,1503252,Business,Hyderabad
5424,45,2046852,Business,Kolkata
5425,30,386945,Business,Delhi
5426,26,1264811,Retired,Delhi
5427,62,585900,Salaried,Bengaluru
5428,25,1148473,Business,Hyderabad
5429,69,1914144,Business,Delhi
5430,68,719244,Self-Employed,Mumbai
5431,35,1069002,Self-Employed,Hyderabad
5432,49,1305153,Self-Employed,Bengaluru
5433,62,2041415,Student,Kolkata
5434,47,302469,Student,Delhi
5435,57,2333143,Business,Hyderabad
5436,53,218416,Student,Bengaluru
5437,44,1798763,Retired,Delhi
5438,43,1533364,Business,Bengaluru
5439,49,1661763,Salaried,Bengaluru
5440,49,1496044,Retired,Delhi
5441,35,290524,Salaried,Bengaluru
5442,58,1631590,Business,Mumbai
5443,65,1153450,Self-Employed,Mumbai
5444,53,947001,Student,Hyderabad
5445,64,1798163,Salaried,Chennai
5446,30,971003,Student,Delhi
5447,28,360354,Retired,Bengaluru
5448,57,2340404,Student,Kolkata
5449,29,626694,Self-Employed,Delhi
5450,61,1981041,Business,Hyderabad
5451,28,1503918,Business,Delhi
5452,43,1133581,Salaried,Bengaluru
5453,33,2394521,Student,Kolkata
5454,41,1733362,Salaried,Chennai
5455,69,1715231,Salaried,Chennai
5456,44,826794,Student,Delhi
5457,63,228565,Retired,Delhi
5458,31,228844,Student,Delhi
5459,34,1181755,Salaried,Delhi
5460,51,701101,Retired,Bengaluru
5461,58,1352008,Business,Chennai
5462,67,1992963,Self-Employed,Kolkata
5463,21,983433,Student,Mumbai
5464,43,1496630,Self-Employed,Chennai
5465,22,1969794,Business,Chennai
5466,47,1176661,Student,Kolkata
5467,66,2274152,Business,Delhi
5468,33,385549,Retired,Hyderabad
5469,25,476756,Self-Employed,Delhi
5470,46,249768,Student,Kolkata
5471,29,2473969,Self-Employed,Kolkata
5472,24,722671,Business,Chennai
5473,40,2422261,Retired,Delhi
5474,45,266298,Self-Employed,Delhi
5475,67,887131,Salaried,Chennai
5476,28,1742378,Retired,Bengaluru
5477,64,1563635,Business,Hyderabad
5478,25,875500,Salaried,Hyderabad
5479,45,584233,Business,Delhi
5480,43,1351828,Student,Chennai
5481,62,1595702,Retired,Hyderabad
5482,69,489318,Student,Hyderabad
5483,23,289487,Salaried,Hyderabad
5484,41,2016297,Self-Employed,Bengaluru
5485,57,1448368,Self-Employed,Hyderabad
5486,24,518870,Self-Employed,Delhi
5487,30,2119365,Salaried,Mumbai
5488,23,1526791,Business,Mumbai
5489,29,1422577,Business,Kolkata
5490,62,912479,Retired,Hyderabad
5491,23,1005929,Retired,Mumbai
5492,58,1178369,Self-Employed,Kolkata
5493,29,1506308,Self-Employed,Delhi
5494,58,636791,Retired,Hyderabad
5495,26,1056088,Retired,Hyderabad
5496,23,272165,Salaried,Kolkata
5497,41,222204,Self-Employed,Delhi
5498,68,1476550,Self-Employed,Kolkata
5499,43,2481278,Business,Chennai
5500,32,1702918,Salaried,Bengaluru
5501,66,694893,Retired,Hyderabad
5502,46,1739451,Retired,Delhi
5503,59,1706155,Student,Kolkata
5504,25,454989,Business,Kolkata
5505,32,1105366,Salaried,Kolkata
5506,23,1757806,Student,Mumbai
5507,40,1721176,Retired,Bengaluru
5508,59,485160,Retired,Chennai
5509,51,558222,Retired,Hyderabad
5510,27,1150143,Business,Kolkata
5511,66,1511691,Business,Mumbai
5512,56,643931,Business,Kolkata
5513,42,351990,Student,Delhi
5514,22,1597208,Business,Bengaluru
5515,28,728856,Self-Employed,Chennai
5516,23,1028650,Student,Bengaluru
5517,68,928343,Self-Employed,Hyderabad
5518,47,1137479,Student,Delhi
5519,55,2059477,Self-Employed,Bengaluru
5520,62,2090761,Retired,Mumbai
5521,31,2286791,Retired,Mumbai
5522,65,861992,Self-Employed,Delhi
5523,50,1830734,Salaried,Kolkata
5524,69,1389778,Business,Delhi
5525,45,2011453,Business,Mumbai
5526,23,953950,Business,Bengaluru
5527,31,2325258,Salaried,Kolkata
5528,64,1403121,Salaried,Delhi
5529,55,1868418,Salaried,Bengaluru
5530,68,1420732,Business,Bengaluru
5531,37,2130627,Business,Mumbai
5532,68,2014715,Salaried,Kolkata
5533,36,1992522,Retired,Delhi
5534,62,2140423,Retired,Hyderabad
5535,61,1580472,Retired,Chennai
5536,54,395592,Student,Hyderabad
5537,57,1362227,Salaried,Kolkata
5538,30,1907707,Student,Chennai
5539,61,1039738,Student,Mumbai
5540,53,1927778,Salaried,Kolkata
5541,22,1192931,Retired,Hyderabad
5542,49,1360222,Self-Employed,Bengaluru
5543,35,439840,Business,Chennai
5544,68,964880,Salaried,Delhi
5545,52,1151647,Business,Kolkata
5546,58,477658,Business,Hyderabad
5547,55,1546299,Self-Employed,Delhi
5548,58,1016844,Salaried,Hyderabad
5549,29,725764,Student,Bengaluru
5550,37,1535769,Student,Chennai
5551,63,2027354,Self-Employed,Delhi
5552,30,1096634,Salaried,Hyderabad
5553,48,2239487,Self-Employed,Kolkata
5554,54,878476,Salaried,Mumbai
5555,66,1059279,Salaried,Chennai
5556,59,317131,Retired,Delhi
5557,30,2274906,Business,Delhi
5558,66,2191704,Student,Kolkata
5559,21,652204,Student,Mumbai
5560,64,1580159,Self-Employed,Hyderabad
5561,69,1105075,Student,Hyderabad
5562,29,355329,Salaried,Mumbai
5563,58,1659396,Self-Employed,Chennai
5564,34,387394,Retired,Kolkata
5565,31,1495115,Salaried,Kolkata
5566,27,1289742,Student,Chennai
5567,49,1786771,Business,Mumbai
5568,37,777477,Student,Bengaluru
5569,67,2108978,Self-Employed,Kolkata
5570,33,899377,Self-Employed,Chennai
5571,32,898587,Salaried,Kolkata
5572,57,1338157,Retired,Chennai
5573,54,560273,Salaried,Chennai
5574,21,2189916,Self-Employed,Delhi
5575,35,297252,Business,Mumbai
5576,26,1512584,Student,Hyderabad
5577,33,772416,Salaried,Delhi
5578,35,1064822,Business,Delhi
5579,22,1569614,Self-Employed,Delhi
5580,66,379272,Student,Mumbai
5581,67,1104469,Business,Delhi
5582,36,350152,Business,Hyderabad
5583,43,1722893,Retired,Mumbai
5584,47,1029205,Business,Delhi
5585,28,2370175,Self-Employed,Kolkata
5586,58,1197888,Business,Hyderabad
5587,44,1631178,Student,Hyderabad
5588,41,1552707,Retired,Mumbai
5589,24,969048,Self-Employed,Delhi
5590,54,2128149,Business,Chennai
5591,36,859345,Salaried,Mumbai
5592,62,1915516,Student,Bengaluru
5593,23,1152506,Salaried,Kolkata
5594,50,1900282,Business,Kolkata
5595,52,1767070,Retired,Mumbai
5596,28,1389359,Retired,Delhi
5597,27,230018,Student,Delhi
5598,66,1519293,Salaried,Bengaluru
5599,45,700784,Business,Chennai
5600,44,1961441,Student,Bengaluru
5601,41,1606284,Self-Employed,Chennai
5602,44,1006738,Retired,Kolkata
5603,40,1338710,Salaried,Delhi
5604,40,1014063,Self-Employed,Kolkata
5605,44,2080337,Salaried,Hyderabad
5606,30,720108,Self-Employed,Bengaluru
5607,32,1883782,Salaried,Kolkata
5608,36,870601,Business,Hyderabad
5609,57,1584837,Business,Mumbai
5610,56,769506,Salaried,Delhi
5611,34,901504,Salaried,Bengaluru
5612,52,304471,Self-Employed,Chennai
5613,44,2312623,Retired,Delhi
5614,21,2415076,Self-Employed,Hyderabad
5615,29,1663662,Student,Delhi
5616,23,1557511,Retired,Bengaluru
5617,66,505617,Business,Kolkata
5618,21,577720,Student,Hyderabad
5619,50,1048605,Student,Delhi
5620,32,1472997,Business,Chennai
5621,49,1426113,Self-Employed,Chennai
5622,46,1938843,Business,Bengaluru
5623,34,1697367,Student,Hyderabad
5624,55,380445,Business,Mumbai
5625,47,1410522,Salaried,Delhi
5626,27,1143298,Self-Employed,Hyderabad
5627,41,2255596,Student,Delhi
5628,68,2122928,Retired,Chennai
5629,68,1614236,Self-Employed,Kolkata
5630,23,792236,Business,Kolkata
5631,22,2183292,Self-Employed,Bengaluru
5632,60,396544,Retired,Delhi
5633,60,415378,Student,Kolkata
5634,63,1477349,Salaried,Mumbai
5635,32,814913,Business,Hyderabad
5636,44,2298527,Retired,Bengaluru
5637,56,2282815,Retired,Kolkata
5638,59,1962466,Student,Kolkata
5639,68,2359429,Business,Kolkata
5640,63,1575427,Self-Employed,Bengaluru
5641,36,2115436,Self-Employed,Hyderabad
5642,67,954887,Self-Employed,Hyderabad
5643,45,771954,Self-Employed,Delhi
5644,50,223483,Business,Bengaluru
5645,59,1207840,Student,Bengaluru
5646,39,1560742,Retired,Chennai
5647,24,1013477,Self-Employed,Delhi
5648,21,603859,Self-Employed,Mumbai
5649,42,2191120,Self-Employed,Mumbai
5650,68,2066547,Student,Delhi
5651,30,2050359,Salaried,Mumbai
5652,32,1577670,Self-Employed,Kolkata
5653,48,526937,Business,Hyderabad
5654,58,388736,Business,Mumbai
5655,68,576787,Student,Bengaluru
5656,51,751670,Salaried,Hyderabad
5657,54,1677149,Retired,Kolkata
5658,68,544888,Self-Employed,Hyderabad
5659,67,2252953,Salaried,Mumbai
5660,43,1413347,Retired,Chennai
5661,51,2179045,Self-Employed,Kolkata
5662,42,2016233,Student,Chennai
5663,59,626963,Salaried,Delhi
5664,28,1612110,Salaried,Delhi
5665,67,2256504,Student,Delhi
5666,29,2265726,Retired,Delhi
5667,69,436231,Salaried,Delhi
5668,66,1245628,Retired,Bengaluru
5669,35,640616,Retired,Delhi
5670,46,1415959,Salaried,Bengaluru
5671,62,2483348,Business,Chennai
5672,21,964422,Student,Hyderabad
5673,61,297517,Salaried,Delhi
5674,46,1000377,Retired,Kolkata
5675,35,2260402,Self-Employed,Mumbai
5676,66,782658,Student,Bengaluru
5677,58,1703141,Self-Employed,Delhi
5678,57,319921,Student,Chennai
5679,33,907831,Salaried,Chennai
5680,43,2394001,Retired,Chennai
5681,53,2494153,Business,Bengaluru
5682,51,574134,Self-Employed,Bengaluru
5683,57,1467018,Business,Kolkata
5684,66,1801448,Business,Hyderabad
5685,27,286138,Self-Employed,Delhi
5686,37,1743653,Retired,Kolkata
5687,56,1434860,Self-Employed,Mumbai
5688,33,1560299,Business,Chennai
5689,50,2295599,Self-Employed,Bengaluru
5690,53,1995512,Self-Employed,Bengaluru
5691,54,990715,Self-Employed,Bengaluru
5692,29,368894,Business,Kolkata
5693,43,837519,Business,Bengaluru
5694,33,2274076,Self-Employed,Bengaluru
5695,55,1981141,Student,Hyderabad
5696,47,316090,Retired,Mumbai
5697,38,927289,Student,Kolkata
5698,32,770619,Salaried,Bengaluru
5699,34,520255,Salaried,Mumbai
5700,28,209535,Salaried,Delhi
5701,29,1886226,Salaried,Hyderabad
5702,42,1196213,Business,Mumbai
5703,43,1319809,Student,Kolkata
5704,23,576420,Business,Kolkata
5705,42,723566,Business,Hyderabad
5706,64,1747610,Business,Kolkata
5707,40,920979,Salaried,Hyderabad
5708,58,741195,Salaried,Bengaluru
5709,65,1846161,Business,Delhi
5710,35,524955,Student,Kolkata
5711,56,225120,Retired,Bengaluru
5712,42,2426713,Self-Employed,Chennai
5713,21,1039578,Student,Bengaluru
5714,37,763899,Student,Mumbai
5715,32,2348099,Business,Hyderabad
5716,30,355206,Business,Hyderabad
5717,65,1743604,Retired,Chennai
5718,28,1940918,Retired,Bengaluru
5719,60,1077093,Retired,Bengaluru
5720,30,1925227,Student,Bengaluru
5721,54,2164593,Student,Delhi
5722,25,1349024,Retired,Kolkata
5723,50,1388576,Student,Kolkata
5724,47,2183498,Salaried,Hyderabad
5725,64,2417173,Student,Bengaluru
5726,31,363436,Business,Mumbai
5727,67,1747697,Student,Hyderabad
5728,31,1659152,Student,Bengaluru
5729,46,1112897,Self-Employed,Bengaluru
5730,61,401407,Student,Chennai
5731,27,352081,Student,Hyderabad
5732,32,360804,Student,Delhi
5733,44,868608,Business,Bengaluru
5734,28,857081,Retired,Kolkata
5735,55,1346503,Business,Chennai
5736,37,262140,Business,Bengaluru
5737,44,1125158,Business,Delhi
5738,67,2172396,Business,Kolkata
5739,68,1868303,Salaried,Hyderabad
5740,23,1161865,Business,Delhi
5741,52,602580,Self-Employed,Mumbai
5742,21,235809,Retired,Mumbai
5743,30,2247555,Business,Hyderabad
5744,63,1970857,Retired,Mumbai
5745,24,1998357,Student,Delhi
5746,63,1734522,Business,Bengaluru
5747,62,1947629,Business,Delhi
5748,35,986431,Retired,Bengaluru
5749,61,2453686,Business,Kolkata
5750,24,931335,Business,Kolkata
5751,34,316213,Business,Hyderabad
5752,37,830820,Retired,Bengaluru
5753,64,1363426,Student,Chennai
5754,58,2330348,Business,Chennai
5755,69,754333,Salaried,Chennai
5756,47,2188160,Business,Hyderabad
5757,46,579133,Business,Delhi
5758,40,616934,Retired,Bengaluru
5759,43,1628904,Self-Employed,Kolkata
5760,65,1920313,Student,Kolkata
5761,30,586088,Self-Employed,Bengaluru
5762,50,1027336,Student,Delhi
5763,58,741725,Business,Delhi
5764,44,963699,Retired,Mumbai
5765,28,869790,Business,Mumbai
5766,59,944388,Student,Delhi
5767,46,1890944,Retired,Mumbai
5768,26,1201598,Self-Employed,Kolkata
5769,38,2156634,Student,Mumbai
5770,29,2020369,Business,Hyderabad
5771,57,864199,Business,Hyderabad
5772,40,1458333,Business,Chennai
5773,38,1259832,Student,Mumbai
5774,39,1934101,Retired,Kolkata
5775,38,1525587,Student,Hyderabad
5776,47,1163492,Self-Employed,Kolkata
5777,30,1488157,Business,Delhi
5778,67,541716,Business,Delhi
5779,38,1804200,Business,Chennai
5780,41,1146867,Student,Chennai
5781,56,1583188,Self-Employed,Bengaluru
5782,21,2351357,Self-Employed,Chennai
5783,38,952892,Student,Mumbai
5784,50,1511863,Self-Employed,Delhi
5785,37,1412967,Business,Delhi
5786,28,1696050,Self-Employed,Kolkata
5787,46,1018844,Business,Hyderabad
5788,65,774516,Self-Employed,Kolkata
5789,28,1395358,Business,Hyderabad
5790,49,600528,Retired,Chennai
5791,39,973735,Retired,Bengaluru
5792,51,694284,Self-Employed,Chennai
5793,60,2488962,Student,Delhi
5794,51,2069430,Student,Mumbai
5795,26,273405,Self-Employed,Chennai
5796,62,469570,Retired,Bengaluru
5797,54,1323045,Self-Employed,Chennai
5798,29,525217,Self-Employed,Delhi
5799,54,1787764,Salaried,Bengaluru
5800,40,1077859,Retired,Mumbai
5801,31,1893787,Salaried,Bengaluru
5802,41,553065,Retired,Delhi
5803,67,496084,Salaried,Bengaluru
5804,36,1540806,Business,Bengaluru
5805,37,1798759,Self-Employed,Chennai
5806,21,1949298,Salaried,Hyderabad
5807,46,666775,Business,Bengaluru
5808,34,1342864,Student,Chennai
5809,25,395741,Salaried,Delhi
5810,50,2007334,Retired,Kolkata
5811,50,2293058,Self-Employed,Bengaluru
5812,41,737557,Student,Chennai
5813,33,717834,Salaried,Bengaluru
5814,61,2390554,Salaried,Delhi
5815,36,892268,Self-Employed,Hyderabad
5816,56,1774905,Business,Chennai
5817,56,2353454,Student,Delhi
5818,68,1090315,Student,Mumbai
5819,33,1929375,Student,Chennai
5820,49,1904864,Salaried,Kolkata
5821,58,437889,Student,Hyderabad
5822,58,316524,Self-Employed,Delhi
5823,36,2345737,Salaried,Bengaluru
5824,29,1723635,Business,Bengaluru
5825,45,1349038,Salaried,Kolkata
5826,23,694980,Student,Chennai
5827,31,783214,Business,Delhi
5828,33,264718,Retired,Bengaluru
5829,38,532196,Self-Employed,Delhi
5830,37,434358,Salaried,Delhi
5831,22,1686259,Student,Kolkata
5832,24,1173595,Student,Kolkata
5833,35,921904,Business,Chennai
5834,61,2426723,Student,Chennai
5835,29,821852,Salaried,Bengaluru
5836,32,1798452,Salaried,Bengaluru
5837,49,1164909,Business,Chennai
5838,68,430000,Retired,Mumbai
5839,45,2217934,Student,Delhi
5840,44,1630125,Self-Employed,Mumbai
5841,63,1295636,Business,Chennai
5842,65,1341355,Retired,Mumbai
5843,45,212203,Business,Bengaluru
5844,38,1252682,Self-Employed,Delhi
5845,24,1770090,Business,Kolkata
5846,49,406649,Salaried,Bengaluru
5847,22,2496840,Business,Hyderabad
5848,48,688813,Salaried,Bengaluru
5849,27,402284,Student,Kolkata
5850,42,1881133,Self-Employed,Bengaluru
5851,53,1167183,Student,Chennai
5852,51,629548,Self-Employed,Mumbai
5853,38,2411475,Self-Employed,Bengaluru
5854,40,1601649,Student,Bengaluru
5855,38,1173272,Salaried,Delhi
5856,27,1065695,Retired,Kolkata
5857,27,2446556,Student,Hyderabad
5858,69,1149805,Student,Kolkata
5859,41,490310,Business,Chennai
5860,26,2151139,Self-Employed,Kolkata
5861,39,243315,Self-Employed,Chennai
5862,33,414478,Retired,Mumbai
5863,65,1550900,Student,Delhi
5864,24,824956,Student,Mumbai
5865,41,1334728,Business,Chennai
5866,55,994286,Student,Mumbai
5867,21,422914,Business,Mumbai
5868,47,2140615,Retired,Chennai
5869,27,2327298,Self-Employed,Delhi
5870,54,1137041,Retired,Hyderabad
5871,49,2015168,Retired,Hyderabad
5872,65,1375699,Retired,Delhi
5873,59,1662573,Business,Delhi
5874,38,1641115,Self-Employed,Bengaluru
5875,31,365144,Student,Kolkata
5876,41,583158,Retired,Hyderabad
5877,26,1701843,Self-Employed,Delhi
5878,53,513561,Retired,Bengaluru
5879,54,2321812,Salaried,Bengaluru
5880,40,1491537,Business,Chennai
5881,65,2290028,Business,Hyderabad
5882,26,379787,Business,Mumbai
5883,26,2310973,Retired,Chennai
5884,66,638374,Business,Bengaluru
5885,59,635208,Retired,Chennai
5886,55,566542,Business,Chennai
5887,58,2227418,Salaried,Delhi
5888,34,1570281,Self-Employed,Mumbai
5889,38,1018323,Retired,Mumbai
5890,65,1556316,Salaried,Bengaluru
5891,47,1257094,Business,Delhi
5892,62,797259,Business,Bengaluru
5893,38,1313480,Salaried,Hyderabad
5894,29,406949,Student,Bengaluru
5895,33,391695,Business,Delhi
5896,56,281975,Self-Employed,Chennai
5897,45,1306769,Business,Bengaluru
5898,54,1060347,Student,Mumbai
5899,66,1937389,Student,Hyderabad
5900,35,1658505,Salaried,Hyderabad
5901,58,1762842,Student,Kolkata
5902,41,1626605,Salaried,Hyderabad
5903,53,552763,Business,Mumbai
5904,25,1839474,Retired,Mumbai
5905,25,865608,Salaried,Kolkata
5906,67,1173391,Salaried,Delhi
5907,43,1340653,Salaried,Bengaluru
5908,54,1418634,Salaried,Chennai
5909,36,2029095,Retired,Hyderabad
5910,44,351624,Self-Employed,Hyderabad
5911,23,916148,Salaried,Hyderabad
5912,57,537642,Salaried,Hyderabad
5913,67,2132198,Business,Kolkata
5914,62,1378077,Retired,Mumbai
5915,67,966357,Retired,Chennai
5916,68,1215107,Student,Bengaluru
5917,34,1665603,Student,Delhi
5918,65,636884,Student,Kolkata
5919,44,2109926,Salaried,Hyderabad
5920,48,705685,Student,Chennai
5921,48,388456,Business,Chennai
5922,25,1701755,Student,Kolkata
5923,28,1270335,Business,Mumbai
5924,52,1133863,Self-Employed,Mumbai
5925,58,492511,Salaried,Chennai
5926,29,2421697,Salaried,Delhi
5927,47,1441401,Salaried,Hyderabad
5928,45,640586,Business,Delhi
5929,36,579930,Salaried,Mumbai
5930,26,2468343,Business,Hyderabad
5931,56,1444888,Student,Mumbai
5932,46,1441876,Self-Employed,Mumbai
5933,32,2416679,Retired,Mumbai
5934,36,1965013,Student,Chennai
5935,41,1650738,Salaried,Kolkata
5936,26,947304,Salaried,Chennai
5937,43,1628914,Business,Mumbai
5938,56,1134708,Student,Bengaluru
5939,57,1208298,Self-Employed,Mumbai
5940,42,2467115,Business,Chennai
5941,24,256325,Self-Employed,Bengaluru
5942,44,1021804,Student,Chennai
5943,61,753528,Retired,Delhi
5944,67,1708451,Business,Hyderabad
5945,63,1714398,Student,Bengaluru
5946,27,811633,Salaried,Chennai
5947,42,1494175,Business,Bengaluru
5948,68,840055,Student,Kolkata
5949,52,323736,Self-Employed,Kolkata
5950,44,1642964,Self-Employed,Bengaluru
5951,27,938603,Business,Bengaluru
5952,51,292477,Self-Employed,Kolkata
5953,45,813834,Self-Employed,Hyderabad
5954,33,1401614,Salaried,Bengaluru
5955,67,2444552,Self-Employed,Mumbai
5956,53,1949648,Retired,Hyderabad
5957,63,1208542,Business,Kolkata
5958,41,1150248,Retired,Hyderabad
5959,41,672359,Student,Bengaluru
5960,60,1173173,Self-Employed,Chennai
5961,31,669169,Student,Kolkata
5962,44,863999,Self-Employed,Hyderabad
5963,52,2099999,Business,Hyderabad
5964,35,2027748,Business,Mumbai
5965,37,1452501,Salaried,Chennai
5966,49,2204364,Retired,Chennai
5967,37,1634123,Self-Employed,Bengaluru
5968,68,1694405,Salaried,Hyderabad
5969,56,2460892,Retired,Delhi
5970,68,749050,Business,Kolkata
5971,34,2134813,Retired,Chennai
5972,46,798856,Self-Employed,Delhi
5973,44,1721384,Business,Delhi
5974,38,1919306,Student,Kolkata
5975,33,2320360,Self-Employed,Bengaluru
5976,64,1502827,Student,Bengaluru
5977,38,2497045,Student,Delhi
5978,43,1520566,Retired,Kolkata
5979,41,368775,Business,Bengaluru
5980,54,2043798,Self-Employed,Delhi
5981,33,1048339,Business,Kolkata
5982,57,2249559,Self-Employed,Delhi
5983,51,467373,Business,Hyderabad
5984,24,1055354,Retired,Delhi
5985,46,2003155,Retired,Delhi
5986,40,1630636,Business,Mumbai
5987,50,1996529,Salaried,Chennai
5988,34,724813,Retired,Hyderabad
5989,60,2408091,Business,Hyderabad
5990,22,1406968,Salaried,Mumbai
5991,46,783243,Salaried,Delhi
5992,22,788667,Business,Kolkata
5993,34,592391,Salaried,Delhi
5994,35,2385004,Student,Chennai
5995,65,2452070,Business,Delhi
5996,43,2443535,Self-Employed,Hyderabad
5997,32,639124,Business,Bengaluru
5998,23,1838960,Retired,Chennai
5999,32,2142485,Self-Employed,Delhi
6000,64,1363467,Retired,Mumbai
6001,65,1637328,Retired,Delhi
6002,46,2133153,Self-Employed,Chennai
6003,24,2172962,Self-Employed,Chennai
6004,46,1103449,Salaried,Hyderabad
6005,58,209101,Business,Hyderabad
6006,48,410488,Retired,Mumbai
6007,52,2073755,Retired,Bengaluru
6008,30,1457228,Student,Kolkata
6009,27,2148531,Business,Kolkata
6010,48,1086667,Self-Employed,Bengaluru
6011,58,963965,Student,Chennai
6012,61,1891878,Salaried,Kolkata
6013,21,489052,Self-Employed,Chennai
6014,53,1868092,Salaried,Chennai
6015,62,2071771,Retired,Bengaluru
6016,21,720897,Business,Bengaluru
6017,39,1040192,Retired,Mumbai
6018,61,1306618,Retired,Mumbai
6019,49,1513547,Business,Kolkata
6020,47,2438627,Salaried,Delhi
6021,63,268811,Student,Bengaluru
6022,44,959363,Business,Hyderabad
6023,28,2306854,Salaried,Delhi
6024,47,943634,Business,Mumbai
6025,60,2374446,Retired,Bengaluru
6026,21,1232486,Student,Chennai
6027,38,1612834,Salaried,Mumbai
6028,26,260357,Business,Kolkata
6029,51,1370384,Retired,Chennai
6030,29,2048053,Retired,Hyderabad
6031,65,2487300,Retired,Bengaluru
6032,48,335819,Student,Bengaluru
6033,42,283328,Student,Mumbai
6034,67,2194373,Student,Kolkata
6035,56,1515323,Business,Chennai
6036,50,1277674,Student,Chennai
6037,65,1673271,Self-Employed,Delhi
6038,45,1236811,Retired,Bengaluru
6039,58,1349393,Business,Bengaluru
6040,22,1344597,Retired,Chennai
6041,30,1343285,Retired,Kolkata
6042,57,1801091,Student,Hyderabad
6043,23,1342879,Retired,Chennai
6044,63,2157801,Salaried,Mumbai
6045,45,558528,Student,Chennai
6046,30,349373,Retired,Bengaluru
6047,29,1517921,Salaried,Chennai
6048,51,1427148,Retired,Delhi
6049,49,505765,Business,Kolkata
6050,52,1966916,Business,Hyderabad
6051,46,1963896,Salaried,Bengaluru
6052,65,2365884,Business,Hyderabad
6053,48,673883,Self-Employed,Bengaluru
6054,21,1349941,Self-Employed,Mumbai
6055,59,1566440,Retired,Mumbai
6056,40,1840590,Business,Mumbai
6057,30,2269154,Student,Chennai
6058,49,1372580,Business,Chennai
6059,29,2405607,Student,Kolkata
6060,47,866656,Business,Kolkata
6061,37,2496633,Self-Employed,Mumbai
6062,37,1948212,Retired,Chennai
6063,41,746684,Student,Bengaluru
6064,66,2401147,Retired,Delhi
6065,34,1637382,Salaried,Bengaluru
6066,58,315518,Business,Hyderabad
6067,50,2119155,Salaried,Bengaluru
6068,28,325241,Business,Kolkata
6069,44,464987,Salaried,Kolkata
6070,51,1471538,Student,Hyderabad
6071,22,2451211,Salaried,Hyderabad
6072,40,1954177,Salaried,Kolkata
6073,43,1082795,Salaried,Delhi
6074,50,1564252,Self-Employed,Delhi
6075,25,1220608,Business,Delhi
6076,48,866081,Salaried,Hyderabad
6077,46,2278944,Retired,Delhi
6078,58,1952730,Retired,Hyderabad
6079,64,1429634,Student,Kolkata
6080,65,1714705,Self-Employed,Kolkata
6081,24,560304,Retired,Bengaluru
6082,50,1783307,Business,Mumbai
6083,35,1128397,Student,Mumbai
6084,46,1084418,Retired,Hyderabad
6085,64,1116751,Self-Employed,Chennai
6086,35,1945155,Student,Delhi
6087,31,713249,Business,Kolkata
6088,61,1070384,Student,Kolkata
6089,36,610530,Retired,Delhi
6090,68,316123,Student,Mumbai
6091,66,658709,Retired,Kolkata
6092,36,1575090,Self-Employed,Kolkata
6093,47,1013246,Student,Mumbai
6094,37,1808513,Student,Hyderabad
6095,68,705844,Self-Employed,Hyderabad
6096,34,2480990,Retired,Kolkata
6097,36,2056307,Salaried,Mumbai
6098,69,2197261,Business,Mumbai
6099,30,1765422,Self-Employed,Hyderabad
6100,26,1552605,Salaried,Bengaluru
6101,46,2004766,Business,Bengaluru
6102,54,601047,Business,Kolkata
6103,25,2334203,Self-Employed,Mumbai
6104,49,1361018,Salaried,Hyderabad
6105,66,1922006,Retired,Chennai
6106,55,355614,Retired,Chennai
6107,38,1961018,Self-Employed,Mumbai
6108,56,2158699,Self-Employed,Kolkata
6109,33,353669,Retired,Bengaluru
6110,60,992311,Self-Employed,Bengaluru
6111,58,951212,Retired,Kolkata
6112,55,573422,Student,Hyderabad
6113,22,608518,Student,Mumbai
6114,30,2497045,Student,Hyderabad
6115,42,2387191,Self-Employed,Mumbai
6116,60,1368289,Business,Mumbai
6117,41,1631226,Self-Employed,Delhi
6118,51,262940,Retired,Mumbai
6119,31,1155538,Business,Delhi
6120,67,1533129,Retired,Delhi
6121,46,2356656,Student,Delhi
6122,27,2278445,Business,Kolkata
6123,32,560114,Salaried,Bengaluru
6124,37,2332700,Business,Delhi
6125,60,1689392,Retired,Mumbai
6126,27,424635,Self-Employed,Kolkata
6127,63,2033111,Student,Delhi
6128,55,1660576,Retired,Hyderabad
6129,52,2009571,Business,Chennai
6130,67,403634,Salaried,Bengaluru
6131,59,1034519,Retired,Chennai
6132,22,872825,Self-Employed,Delhi
6133,42,1199532,Student,Chennai
6134,43,774852,Student,Kolkata
6135,35,1555143,Student,Bengaluru
6136,58,2305494,Retired,Mumbai
6137,51,535937,Student,Kolkata
6138,32,1133683,Student,Chennai
6139,43,674589,Salaried,Bengaluru
6140,32,1650585,Student,Delhi
6141,42,688838,Student,Kolkata
6142,30,2027725,Self-Employed,Delhi
6143,50,1928289,Self-Employed,Bengaluru
6144,29,858591,Retired,Delhi
6145,54,702294,Student,Bengaluru
6146,26,775017,Retired,Kolkata
6147,34,2036390,Retired,Kolkata
6148,58,383411,Self-Employed,Bengaluru
6149,43,1908125,Business,Mumbai
6150,34,201606,Salaried,Bengaluru
6151,22,694556,Student,Delhi
6152,41,2251191,Retired,Chennai
6153,48,642014,Student,Mumbai
6154,55,1955783,Self-Employed,Mumbai
6155,28,1996715,Retired,Mumbai
6156,48,1619913,Retired,Chennai
6157,36,2327216,Retired,Chennai
6158,58,1925364,Student,Hyderabad
6159,26,587801,Retired,Hyderabad
6160,21,911744,Business,Bengaluru
6161,68,2148288,Business,Kolkata
6162,35,833516,Retired,Hyderabad
6163,37,1483237,Retired,Hyderabad
6164,29,1588789,Student,Mumbai
6165,40,2069801,Student,Mumbai
6166,21,746647,Self-Employed,Mumbai
6167,45,724163,Retired,Delhi
6168,47,1034516,Retired,Mumbai
6169,21,1376294,Business,Mumbai
6170,21,1131570,Student,Kolkata
6171,58,2160781,Business,Hyderabad
6172,68,2414785,Salaried,Delhi
6173,23,1780019,Self-Employed,Mumbai
6174,46,1931712,Salaried,Kolkata
6175,67,786679,Salaried,Hyderabad
6176,27,2166382,Retired,Mumbai
6177,63,1607461,Student,Mumbai
6178,54,321863,Student,Chennai
6179,40,705493,Student,Chennai
6180,56,703804,Business,Mumbai
6181,43,1262047,Retired,Chennai
6182,44,1339008,Salaried,Hyderabad
6183,53,2219974,Retired,Mumbai
6184,53,1397953,Self-Employed,Delhi
6185,40,1638889,Student,Bengaluru
6186,39,1352638,Self-Employed,Delhi
6187,33,1364950,Student,Kolkata
6188,49,1681879,Business,Bengaluru
6189,23,1967695,Student,Mumbai
6190,60,1250389,Business,Kolkata
6191,63,1414975,Self-Employed,Hyderabad
6192,41,1495784,Self-Employed,Mumbai
6193,28,2008200,Self-Employed,Delhi
6194,38,826879,Business,Hyderabad
6195,59,1886706,Student,Chennai
6196,46,1574101,Self-Employed,Kolkata
6197,42,2027754,Business,Delhi
6198,63,1315368,Self-Employed,Kolkata
6199,21,1123913,Salaried,Kolkata
6200,39,2276514,Self-Employed,Delhi
6201,36,2188894,Student,Bengaluru
6202,38,699786,Self-Employed,Hyderabad
6203,69,2019865,Self-Employed,Mumbai
6204,25,1012025,Student,Kolkata
6205,66,1386369,Student,Hyderabad
6206,23,2323508,Salaried,Hyderabad
6207,48,1182045,Salaried,Hyderabad
6208,52,1163104,Salaried,Kolkata
6209,65,1010280,Student,Delhi
6210,60,2011906,Salaried,Mumbai
6211,42,526271,Business,Kolkata
6212,50,1583461,Salaried,Bengaluru
6213,23,2083502,Student,Hyderabad
6214,55,1865378,Salaried,Hyderabad
6215,25,1394929,Retired,Chennai
6216,42,1381617,Business,Chennai
6217,36,2313259,Self-Employed,Kolkata
6218,58,1327878,Business,Mumbai
6219,21,1635977,Salaried,Chennai
6220,48,2263684,Self-Employed,Hyderabad
6221,37,775087,Self-Employed,Bengaluru
6222,24,2073535,Student,Chennai
6223,57,1618235,Salaried,Mumbai
6224,28,2281003,Retired,Hyderabad
6225,44,515235,Self-Employed,Chennai
6226,25,311090,Student,Chennai
6227,33,1294664,Self-Employed,Bengaluru
6228,23,746352,Salaried,Delhi
6229,48,2020483,Retired,Kolkata
6230,38,2254420,Self-Employed,Delhi
6231,38,1932680,Self-Employed,Hyderabad
6232,36,264901,Business,Chennai
6233,40,637957,Salaried,Kolkata
6234,22,985262,Self-Employed,Bengaluru
6235,33,1875145,Salaried,Bengaluru
6236,38,1696443,Business,Kolkata
6237,40,540105,Business,Bengaluru
6238,38,1638289,Self-Employed,Mumbai
6239,52,1313040,Student,Kolkata
6240,54,2253164,Self-Employed,Hyderabad
6241,33,606895,Student,Kolkata
6242,23,891597,Student,Kolkata
6243,31,387022,Salaried,Chennai
6244,34,1482495,Student,Chennai
6245,54,1082861,Self-Employed,Hyderabad
6246,65,1044553,Retired,Chennai
6247,47,1715965,Student,Delhi
6248,36,527631,Business,Hyderabad
6249,47,709499,Student,Hyderabad
6250,65,1566424,Self-Employed,Delhi
6251,58,707477,Business,Delhi
6252,38,893793,Salaried,Chennai
6253,43,2086982,Salaried,Bengaluru
6254,48,1076052,Self-Employed,Delhi
6255,24,276212,Retired,Hyderabad
6256,39,1865441,Student,Mumbai
6257,43,354567,Salaried,Kolkata
6258,60,1879640,Self-Employed,Kolkata
6259,40,696384,Self-Employed,Delhi
6260,55,326401,Business,Kolkata
6261,48,2043941,Business,Chennai
6262,62,382741,Self-Employed,Delhi
6263,36,370060,Salaried,Delhi
6264,21,550252,Business,Kolkata
6265,33,1230542,Salaried,Bengaluru
6266,30,692737,Retired,Kolkata
6267,48,1391542,Retired,Kolkata
6268,42,2484257,Salaried,Kolkata
6269,69,1982670,Salaried,Kolkata
6270,53,1235392,Salaried,Bengaluru
6271,59,966515,Salaried,Delhi
6272,51,2317023,Salaried,Delhi
6273,33,2483665,Salaried,Kolkata
6274,64,1475349,Business,Chennai
6275,52,348963,Retired,Hyderabad
6276,59,2051512,Retired,Delhi
6277,29,2363493,Business,Mumbai
6278,35,920925,Retired,Hyderabad
6279,54,2044485,Salaried,Mumbai
6280,52,715431,Self-Employed,Chennai
6281,40,294576,Student,Bengaluru
6282,59,1792588,Self-Employed,Mumbai
6283,34,1700442,Student,Delhi
6284,66,1712745,Salaried,Hyderabad
6285,55,1702302,Business,Delhi
6286,67,439357,Salaried,Chennai
6287,25,1939818,Salaried,Bengaluru
6288,28,2128615,Business,Bengaluru
6289,25,2380530,Business,Hyderabad
6290,48,1341304,Salaried,Delhi
6291,66,1475294,Salaried,Mumbai
6292,56,1835468,Self-Employed,Kolkata
6293,42,805309,Salaried,Kolkata
6294,38,1524042,Student,Hyderabad
6295,22,495930,Salaried,Delhi
6296,58,2189272,Student,Chennai
6297,28,1718236,Salaried,Kolkata
6298,68,1752921,Self-Employed,Delhi
6299,69,1171015,Salaried,Kolkata
6300,54,404139,Self-Employed,Kolkata
6301,34,448449,Salaried,Delhi
6302,66,1116399,Self-Employed,Chennai
6303,31,2049228,Business,Hyderabad
6304,61,1196541,Business,Bengaluru
6305,59,1787273,Retired,Delhi
6306,28,246323,Self-Employed,Bengaluru
6307,55,1342396,Self-Employed,Bengaluru
6308,38,848978,Student,Hyderabad
6309,65,984378,Retired,Delhi
6310,41,1432807,Self-Employed,Chennai
6311,56,887858,Business,Chennai
6312,30,1963295,Student,Kolkata
6313,21,2270293,Student,Mumbai
6314,54,324248,Business,Mumbai
6315,34,2440958,Salaried,Kolkata
6316,68,611292,Retired,Chennai
6317,30,2044137,Student,Bengaluru
6318,26,1446580,Business,Mumbai
6319,24,1963635,Business,Kolkata
6320,64,1761113,Self-Employed,Mumbai
6321,36,1983171,Salaried,Chennai
6322,39,2210652,Retired,Chennai
6323,40,634947,Salaried,Chennai
6324,42,2495332,Retired,Delhi
6325,58,2136796,Business,Kolkata
6326,44,1765078,Self-Employed,Chennai
6327,32,2020169,Business,Mumbai
6328,65,2116951,Self-Employed,Bengaluru
6329,41,381678,Student,Hyderabad
6330,56,762561,Salaried,Kolkata
6331,46,2425363,Student,Bengaluru
6332,24,1830180,Student,Mumbai
6333,41,1979671,Business,Bengaluru
6334,40,856588,Self-Employed,Bengaluru
6335,66,2064450,Business,Delhi
6336,62,2115108,Business,Bengaluru
6337,59,1714623,Retired,Hyderabad
6338,53,1835121,Salaried,Hyderabad
6339,39,2206815,Salaried,Delhi
6340,39,2017188,Self-Employed,Delhi
6341,44,1128060,Student,Chennai
6342,64,364381,Salaried,Delhi
6343,69,378219,Self-Employed,Chennai
6344,52,1326800,Student,Bengaluru
6345,21,1771324,Student,Bengaluru
6346,27,691227,Business,Chennai
6347,69,386443,Salaried,Chennai
6348,37,1044485,Salaried,Delhi
6349,62,515915,Business,Delhi
6350,49,2068797,Business,Chennai
6351,57,2414731,Retired,Chennai
6352,46,1049783,Business,Bengaluru
6353,37,2195569,Student,Delhi
6354,52,1558438,Business,Kolkata
6355,34,1202480,Self-Employed,Mumbai
6356,39,317048,Business,Kolkata
6357,49,962616,Student,Chennai
6358,42,1846790,Retired,Hyderabad
6359,41,210506,Salaried,Bengaluru
6360,68,2093621,Salaried,Kolkata
6361,68,1687194,Self-Employed,Delhi
6362,48,1032522,Self-Employed,Mumbai
6363,46,451299,Self-Employed,Delhi
6364,67,1786874,Salaried,Mumbai
6365,69,1677395,Business,Delhi
6366,59,1579848,Self-Employed,Bengaluru
6367,35,302282,Student,Mumbai
6368,39,1533336,Student,Mumbai
6369,44,510679,Self-Employed,Bengaluru
6370,46,2117208,Student,Hyderabad
6371,69,2080917,Retired,Delhi
6372,61,258331,Retired,Chennai
6373,48,457363,Business,Hyderabad
6374,67,1592866,Retired,Bengaluru
6375,51,577046,Salaried,Chennai
6376,50,1884933,Salaried,Bengaluru
6377,34,692987,Salaried,Kolkata
6378,68,2464126,Student,Chennai
6379,29,840380,Business,Hyderabad
6380,22,1165604,Retired,Kolkata
6381,21,1946274,Salaried,Hyderabad
6382,36,760081,Self-Employed,Bengaluru
6383,29,2486434,Salaried,Kolkata
6384,55,2192746,Self-Employed,Mumbai
6385,29,1934696,Self-Employed,Delhi
6386,24,485319,Retired,Chennai
6387,59,679279,Business,Mumbai
6388,50,1431799,Business,Mumbai
6389,66,346508,Business,Kolkata
6390,38,1495050,Salaried,Chennai
6391,43,1147672,Student,Chennai
6392,55,1564100,Salaried,Hyderabad
6393,48,649752,Self-Employed,Kolkata
6394,21,1222309,Salaried,Chennai
6395,38,2415784,Retired,Hyderabad
6396,28,1110260,Retired,Chennai
6397,57,400938,Student,Bengaluru
6398,67,376422,Retired,Chennai
6399,38,1861203,Business,Bengaluru
6400,30,1436910,Self-Employed,Kolkata
6401,58,204870,Student,Chennai
6402,63,715818,Self-Employed,Mumbai
6403,65,535856,Salaried,Kolkata
6404,28,475743,Business,Chennai
6405,29,2423795,Self-Employed,Delhi
6406,41,505988,Self-Employed,Chennai
6407,25,370797,Student,Kolkata
6408,30,1082302,Student,Kolkata
6409,45,2413860,Student,Chennai
6410,53,939704,Salaried,Mumbai
6411,35,920749,Salaried,Delhi
6412,64,877625,Salaried,Hyderabad
6413,39,1041871,Student,Mumbai
6414,28,929651,Self-Employed,Mumbai
6415,29,2459019,Salaried,Kolkata
6416,30,1348608,Salaried,Mumbai
6417,36,284509,Self-Employed,Hyderabad
6418,23,1492949,Student,Mumbai
6419,68,662064,Student,Kolkata
6420,56,1345587,Self-Employed,Hyderabad
6421,35,1227356,Salaried,Bengaluru
6422,40,1141210,Business,Mumbai
6423,64,1605918,Business,Delhi
6424,29,870972,Self-Employed,Hyderabad
6425,51,223703,Self-Employed,Bengaluru
6426,57,1017607,Student,Chennai
6427,29,940474,Retired,Bengaluru
6428,56,1700476,Self-Employed,Mumbai
6429,36,2287773,Retired,Chennai
6430,32,1163875,Self-Employed,Kolkata
6431,53,1421983,Student,Delhi
6432,25,2065256,Self-Employed,Kolkata
6433,60,2136748,Student,Mumbai
6434,22,1442357,Self-Employed,Mumbai
6435,37,328900,Self-Employed,Bengaluru
6436,62,2224759,Student,Delhi
6437,23,386585,Retired,Kolkata
6438,24,1294919,Salaried,Mumbai
6439,41,704909,Business,Kolkata
6440,52,436476,Self-Employed,Kolkata
6441,32,1318036,Retired,Kolkata
6442,65,1924476,Business,Chennai
6443,31,1381552,Self-Employed,Mumbai
6444,45,910794,Salaried,Mumbai
6445,26,1920740,Salaried,Mumbai
6446,45,1893662,Retired,Bengaluru
6447,21,1281840,Retired,Mumbai
6448,38,300889,Retired,Bengaluru
6449,26,2198680,Retired,Hyderabad
6450,34,1232359,Retired,Hyderabad
6451,59,1440793,Business,Bengaluru
6452,28,228691,Business,Bengaluru
6453,54,779339,Student,Hyderabad
6454,49,1983855,Self-Employed,Mumbai
6455,32,643098,Self-Employed,Chennai
6456,24,701987,Self-Employed,Delhi
6457,67,1512478,Student,Bengaluru
6458,25,2204458,Retired,Hyderabad
6459,40,2484418,Retired,Bengaluru
6460,44,671889,Self-Employed,Mumbai
6461,33,1752593,Business,Hyderabad
6462,26,2333481,Business,Chennai
6463,21,1730759,Business,Chennai
6464,28,1309806,Retired,Chennai
6465,45,996638,Student,Bengaluru
6466,65,579258,Retired,Bengaluru
6467,50,2208875,Business,Bengaluru
6468,64,320471,Retired,Mumbai
6469,21,2216748,Self-Employed,Bengaluru
6470,43,721032,Student,Hyderabad
6471,45,705317,Salaried,Delhi
6472,26,1097181,Student,Bengaluru
6473,25,743383,Self-Employed,Mumbai
6474,23,520710,Salaried,Chennai
6475,32,1393219,Self-Employed,Hyderabad
6476,24,1447489,Salaried,Hyderabad
6477,37,2211336,Salaried,Chennai
6478,37,2072966,Retired,Mumbai
6479,39,1049623,Salaried,Kolkata
6480,62,301651,Retired,Kolkata
6481,40,939344,Self-Employed,Delhi
6482,37,2040141,Student,Bengaluru
6483,53,2197142,Salaried,Bengaluru
6484,25,1240644,Retired,Chennai
6485,29,440892,Student,Hyderabad
6486,25,1030124,Self-Employed,Mumbai
6487,21,2044579,Business,Chennai
6488,48,1113314,Retired,Delhi
6489,39,333452,Business,Kolkata
6490,41,736321,Student,Chennai
6491,43,1806091,Self-Employed,Delhi
6492,29,225633,Student,Bengaluru
6493,35,1969665,Business,Delhi
6494,62,557468,Student,Delhi
6495,67,363956,Self-Employed,Bengaluru
6496,47,800838,Salaried,Kolkata
6497,34,720629,Salaried,Hyderabad
6498,69,1564909,Retired,Delhi
6499,44,679115,Self-Employed,Bengaluru
6500,34,670584,Self-Employed,Bengaluru
6501,63,1607980,Student,Mumbai
6502,25,537561,Self-Employed,Bengaluru
6503,28,2261939,Salaried,Chennai
6504,43,1064565,Retired,Delhi
6505,21,2218654,Student,Chennai
6506,44,1787981,Student,Chennai
6507,47,679612,Student,Hyderabad
6508,35,1138906,Salaried,Delhi
6509,69,1940312,Self-Employed,Delhi
6510,25,791104,Business,Mumbai
6511,56,551279,Self-Employed,Bengaluru
6512,41,1193464,Salaried,Bengaluru
6513,57,1881226,Salaried,Chennai
6514,67,236491,Self-Employed,Delhi
6515,39,460203,Self-Employed,Bengaluru
6516,49,268342,Retired,Hyderabad
6517,62,2026228,Salaried,Kolkata
6518,56,404411,Student,Kolkata
6519,28,1515727,Retired,Chennai
6520,48,808772,Self-Employed,Mumbai
6521,66,1727955,Self-Employed,Delhi
6522,64,721909,Student,Mumbai
6523,43,490938,Student,Chennai
6524,41,954061,Student,Hyderabad
6525,60,1655805,Business,Hyderabad
6526,25,834016,Student,Chennai
6527,68,1953556,Self-Employed,Hyderabad
6528,46,1615441,Business,Bengaluru
6529,54,2114791,Student,Mumbai
6530,66,2369380,Retired,Bengaluru
6531,68,2020469,Salaried,Bengaluru
6532,56,1824672,Self-Employed,Kolkata
6533,54,469508,Student,Bengaluru
6534,49,2418375,Self-Employed,Hyderabad
6535,69,818476,Student,Delhi
6536,31,1895442,Business,Hyderabad
6537,52,1195908,Business,Hyderabad
6538,46,383385,Salaried,Mumbai
6539,51,313717,Salaried,Chennai
6540,21,1567041,Salaried,Chennai
6541,48,2060053,Retired,Chennai
6542,33,2162818,Business,Bengaluru
6543,27,1921490,Student,Bengaluru
6544,51,1742488,Retired,Hyderabad
6545,40,248433,Student,Chennai
6546,23,1891772,Student,Hyderabad
6547,22,756675,Retired,Delhi
6548,62,1360861,Student,Bengaluru
6549,42,708606,Business,Delhi
6550,63,2437159,Retired,Bengaluru
6551,42,742269,Student,Hyderabad
6552,22,1897455,Business,Kolkata
6553,61,1814889,Student,Chennai
6554,49,2159878,Business,Kolkata
6555,22,388850,Salaried,Chennai
6556,44,828541,Retired,Delhi
6557,29,1972960,Business,Bengaluru
6558,65,345958,Retired,Delhi
6559,42,282413,Student,Delhi
6560,47,1789194,Student,Mumbai
6561,58,660099,Retired,Kolkata
6562,24,1989495,Self-Employed,Bengaluru
6563,24,1201932,Business,Mumbai
6564,22,682620,Retired,Mumbai
6565,39,1858221,Business,Mumbai
6566,51,1941111,Salaried,Hyderabad
6567,21,1622027,Business,Delhi
6568,52,1684363,Salaried,Chennai
6569,69,2398464,Student,Delhi
6570,53,865450,Self-Employed,Chennai
6571,58,2278408,Self-Employed,Hyderabad
6572,34,232907,Business,Bengaluru
6573,22,923614,Retired,Delhi
6574,61,2084126,Student,Mumbai
6575,40,2065695,Salaried,Mumbai
6576,34,1968802,Business,Hyderabad
6577,24,1435662,Business,Delhi
6578,69,242947,Retired,Kolkata
6579,64,1326663,Salaried,Delhi
6580,56,604981,Retired,Delhi
6581,55,1498284,Retired,Delhi
6582,26,220213,Self-Employed,Kolkata
6583,43,1202417,Business,Mumbai
6584,21,2436984,Self-Employed,Chennai
6585,68,415543,Self-Employed,Kolkata
6586,38,1067123,Student,Delhi
6587,60,593682,Retired,Kolkata
6588,32,1607926,Student,Delhi
6589,54,616018,Student,Delhi
6590,45,2253872,Retired,Bengaluru
6591,48,971490,Retired,Bengaluru
6592,37,1472642,Student,Kolkata
6593,46,789613,Retired,Hyderabad
6594,49,825689,Self-Employed,Hyderabad
6595,47,1131790,Self-Employed,Chennai
6596,59,1959130,Salaried,Bengaluru
6597,31,2279715,Salaried,Bengaluru
6598,36,1932451,Salaried,Chennai
6599,49,2361095,Self-Employed,Hyderabad
6600,43,394985,Business,Kolkata
6601,47,1823502,Self-Employed,Chennai
6602,22,1358305,Business,Kolkata
6603,50,1956694,Business,Hyderabad
6604,43,921746,Student,Delhi
6605,36,1910724,Retired,Bengaluru
6606,38,1580041,Self-Employed,Hyderabad
6607,33,468584,Student,Chennai
6608,47,2233291,Retired,Chennai
6609,33,2330754,Salaried,Delhi
6610,22,1013947,Retired,Delhi
6611,28,229263,Student,Kolkata
6612,29,2262754,Student,Chennai
6613,37,515619,Retired,Delhi
6614,37,341508,Salaried,Delhi
6615,28,724681,Salaried,Delhi
6616,41,996721,Retired,Chennai
6617,34,369411,Self-Employed,Delhi
6618,25,2298582,Retired,Kolkata
6619,28,345096,Student,Mumbai
6620,64,1467064,Salaried,Mumbai
6621,64,884748,Business,Chennai
6622,45,272010,Salaried,Hyderabad
6623,33,287642,Salaried,Delhi
6624,67,581140,Business,Kolkata
6625,39,1021744,Business,Bengaluru
6626,30,440964,Business,Mumbai
6627,68,2152760,Salaried,Bengaluru
6628,47,2273097,Business,Hyderabad
6629,21,201058,Business,Mumbai
6630,42,459692,Salaried,Delhi
6631,67,1057266,Retired,Mumbai
6632,26,1228296,Salaried,Delhi
6633,57,2180756,Retired,Bengaluru
6634,56,1717047,Student,Mumbai
6635,69,309904,Student,Kolkata
6636,42,802950,Retired,Bengaluru
6637,30,739865,Self-Employed,Hyderabad
6638,61,492248,Business,Delhi
6639,61,2299649,Student,Chennai
6640,47,939313,Self-Employed,Mumbai
6641,34,1755913,Self-Employed,Hyderabad
6642,62,1494923,Self-Employed,Hyderabad
6643,54,2431587,Salaried,Mumbai
6644,61,1889828,Retired,Mumbai
6645,54,433965,Self-Employed,Delhi
6646,28,1669283,Retired,Kolkata
6647,38,1450181,Student,Kolkata
6648,38,1088287,Business,Bengaluru
6649,33,1083953,Business,Hyderabad
6650,39,1890765,Business,Mumbai
6651,25,598610,Salaried,Hyderabad
6652,54,1942819,Self-Employed,Delhi
6653,62,722604,Retired,Delhi
6654,53,387514,Student,Chennai
6655,47,915385,Retired,Kolkata
6656,31,1604715,Retired,Hyderabad
6657,60,887305,Salaried,Delhi
6658,64,1011618,Salaried,Mumbai
6659,60,2069551,Salaried,Mumbai
6660,40,2420525,Self-Employed,Delhi
6661,41,1482750,Retired,Chennai
6662,56,2103429,Salaried,Bengaluru
6663,39,865782,Salaried,Bengaluru
6664,68,2439170,Self-Employed,Mumbai
6665,55,1816374,Student,Mumbai
6666,29,761298,Retired,Delhi
6667,61,653354,Retired,Delhi
6668,64,1033957,Student,Kolkata
6669,40,1158372,Self-Employed,Hyderabad
6670,47,2358626,Student,Delhi
6671,23,1899303,Business,Chennai
6672,52,1315794,Salaried,Delhi
6673,54,1739193,Student,Hyderabad
6674,39,1370198,Business,Chennai
6675,23,2465122,Business,Chennai
6676,64,1904959,Salaried,Hyderabad
6677,37,317891,Business,Hyderabad
6678,67,2360770,Business,Mumbai
6679,23,1226694,Retired,Mumbai
6680,55,301205,Student,Delhi
6681,27,659332,Self-Employed,Kolkata
6682,28,1641870,Self-Employed,Delhi
6683,57,892697,Student,Kolkata
6684,60,1478038,Salaried,Mumbai
6685,25,1864247,Salaried,Chennai
6686,42,1568855,Salaried,Bengaluru
6687,41,1164368,Business,Kolkata
6688,64,1889568,Self-Employed,Mumbai
6689,45,600560,Retired,Kolkata
6690,49,569675,Self-Employed,Delhi
6691,59,1749202,Self-Employed,Bengaluru
6692,42,863597,Retired,Chennai
6693,49,1207965,Retired,Delhi
6694,63,1481813,Self-Employed,Mumbai
6695,60,1024437,Student,Chennai
6696,46,1000125,Retired,Bengaluru
6697,24,395035,Self-Employed,Mumbai
6698,29,2199518,Salaried,Bengaluru
6699,61,1660674,Student,Hyderabad
6700,43,1671844,Retired,Hyderabad
6701,65,1635922,Retired,Chennai
6702,64,682409,Salaried,Kolkata
6703,28,1582320,Self-Employed,Kolkata
6704,39,657273,Retired,Chennai
6705,35,1446622,Student,Mumbai
6706,57,1667672,Retired,Hyderabad
6707,68,771124,Student,Delhi
6708,47,861024,Salaried,Chennai
6709,45,1425887,Student,Bengaluru
6710,32,1420424,Self-Employed,Kolkata
6711,63,1411443,Salaried,Delhi
6712,66,1560587,Business,Bengaluru
6713,37,2088702,Retired,Chennai
6714,57,1603313,Retired,Chennai
6715,21,332595,Self-Employed,Kolkata
6716,44,1950602,Salaried,Chennai
6717,55,1837709,Salaried,Chennai
6718,69,1459583,Student,Hyderabad
6719,33,907756,Business,Hyderabad
6720,69,752700,Retired,Delhi
6721,35,2422438,Business,Chennai
6722,21,1160054,Student,Delhi
6723,26,1050717,Business,Delhi
6724,54,986934,Retired,Bengaluru
6725,67,1983259,Retired,Mumbai
6726,68,1970489,Salaried,Delhi
6727,57,318107,Salaried,Hyderabad
6728,34,494862,Business,Delhi
6729,28,534417,Retired,Bengaluru
6730,39,2332761,Business,Hyderabad
6731,28,393111,Salaried,Mumbai
6732,39,620847,Salaried,Mumbai
6733,29,1708868,Salaried,Bengaluru
6734,52,657829,Salaried,Hyderabad
6735,41,2161228,Retired,Mumbai
6736,39,737341,Retired,Chennai
6737,54,2255840,Salaried,Chennai
6738,59,1836081,Salaried,Chennai
6739,25,906630,Self-Employed,Bengaluru
6740,48,1428234,Business,Chennai
6741,58,1106007,Retired,Hyderabad
6742,29,1739558,Student,Chennai
6743,44,774356,Student,Chennai
6744,67,536102,Self-Employed,Delhi
6745,68,769793,Business,Chennai
6746,47,2346413,Salaried,Kolkata
6747,33,1379525,Self-Employed,Chennai
6748,38,549808,Salaried,Delhi
6749,40,1259440,Salaried,Bengaluru
6750,50,623786,Student,Bengaluru
6751,40,290895,Business,Bengaluru
6752,64,2087581,Student,Mumbai
6753,40,1257425,Self-Employed,Kolkata
6754,58,1330664,Business,Hyderabad
6755,37,1564276,Student,Bengaluru
6756,46,865011,Business,Delhi
6757,47,1523124,Salaried,Kolkata
6758,43,2110371,Student,Mumbai
6759,33,828155,Salaried,Chennai
6760,34,1613019,Retired,Chennai
6761,34,904723,Student,Hyderabad
6762,59,1885112,Self-Employed,Mumbai
6763,43,1083007,Student,Delhi
6764,48,2064224,Salaried,Bengaluru
6765,41,2078284,Salaried,Hyderabad
6766,52,683369,Self-Employed,Kolkata
6767,42,259841,Self-Employed,Chennai
6768,55,550004,Salaried,Chennai
6769,25,1837221,Retired,Kolkata
6770,64,1484934,Salaried,Bengaluru
6771,29,1413850,Self-Employed,Mumbai
6772,65,307124,Self-Employed,Kolkata
6773,62,740934,Business,Mumbai
6774,46,823294,Retired,Kolkata
6775,61,639951,Business,Hyderabad
6776,60,1151085,Student,Delhi
6777,34,1835245,Salaried,Mumbai
6778,22,2474159,Business,Bengaluru
6779,39,1065701,Self-Employed,Kolkata
6780,60,1212205,Business,Bengaluru
6781,53,2256863,Self-Employed,Bengaluru
6782,39,1108654,Salaried,Bengaluru
6783,49,959462,Business,Hyderabad
6784,25,542683,Business,Mumbai
6785,28,1074543,Salaried,Kolkata
6786,39,2036794,Student,Kolkata
6787,64,1149696,Student,Mumbai
6788,55,1631757,Retired,Chennai
6789,65,377942,Student,Kolkata
6790,57,816766,Business,Chennai
6791,23,364493,Self-Employed,Mumbai
6792,36,674384,Business,Mumbai
6793,36,884166,Retired,Hyderabad
6794,30,2392540,Business,Mumbai
6795,64,1561958,Student,Kolkata
6796,41,2489413,Salaried,Mumbai
6797,61,322393,Business,Mumbai
6798,59,311567,Business,Chennai
6799,35,1526775,Business,Kolkata
6800,30,663676,Retired,Chennai
6801,58,906126,Business,Mumbai
6802,36,1987862,Self-Employed,Bengaluru
6803,25,2458827,Salaried,Bengaluru
6804,32,987162,Retired,Hyderabad
6805,45,1561071,Student,Chennai
6806,22,985590,Salaried,Kolkata
6807,41,1323855,Retired,Chennai
6808,67,320448,Business,Hyderabad
6809,63,2409657,Student,Hyderabad
6810,32,2405866,Retired,Chennai
6811,22,1545824,Retired,Mumbai
6812,27,323707,Self-Employed,Bengaluru
6813,68,1017869,Business,Bengaluru
6814,54,2143200,Self-Employed,Kolkata
6815,46,2468039,Retired,Kolkata
6816,67,308977,Student,Kolkata
6817,68,772398,Salaried,Kolkata
6818,44,1250722,Retired,Hyderabad
6819,47,1661234,Student,Chennai
6820,34,1665983,Student,Chennai
6821,68,1875148,Self-Employed,Mumbai
6822,23,1456542,Student,Chennai
6823,33,2400454,Retired,Mumbai
6824,57,1355971,Student,Chennai
6825,26,451895,Student,Kolkata
6826,28,2483579,Self-Employed,Bengaluru
6827,58,1889781,Student,Mumbai
6828,35,1160416,Self-Employed,Mumbai
6829,38,1459257,Student,Chennai
6830,34,1030229,Business,Chennai
6831,68,1617969,Salaried,Chennai
6832,38,344069,Business,Hyderabad
6833,56,1706608,Retired,Delhi
6834,45,1448012,Salaried,Kolkata
6835,21,1773271,Business,Kolkata
6836,30,394766,Self-Employed,Kolkata
6837,58,1697606,Business,Hyderabad
6838,26,246194,Business,Delhi
6839,25,622131,Salaried,Bengaluru
6840,33,731196,Student,Mumbai
6841,43,1509068,Student,Bengaluru
6842,41,2019374,Business,Bengaluru
6843,23,221515,Retired,Chennai
6844,69,293282,Retired,Hyderabad
6845,31,2252887,Salaried,Bengaluru
6846,39,537024,Retired,Mumbai
6847,69,678456,Salaried,Kolkata
6848,60,1039766,Salaried,Chennai
6849,60,561394,Self-Employed,Hyderabad
6850,29,681670,Salaried,Bengaluru
6851,57,2121073,Retired,Mumbai
6852,30,2458344,Business,Mumbai
6853,31,2494452,Salaried,Mumbai
6854,49,1657188,Salaried,Hyderabad
6855,40,877840,Self-Employed,Bengaluru
6856,28,2261814,Retired,Delhi
6857,59,2259336,Business,Delhi
6858,22,527756,Retired,Bengaluru
6859,58,258588,Self-Employed,Delhi
6860,54,2408092,Business,Chennai
6861,58,2232955,Self-Employed,Mumbai
6862,61,1825467,Business,Hyderabad
6863,32,1663952,Student,Chennai
6864,21,861391,Business,Hyderabad
6865,52,2378011,Self-Employed,Mumbai
6866,38,2388530,Business,Delhi
6867,43,536949,Student,Mumbai
6868,44,485784,Self-Employed,Hyderabad
6869,69,1734331,Student,Bengaluru
6870,29,2324581,Student,Chennai
6871,32,1398603,Salaried,Delhi
6872,27,996765,Salaried,Kolkata
6873,63,545983,Business,Kolkata
6874,55,485793,Retired,Delhi
6875,48,2114266,Retired,Delhi
6876,66,455537,Salaried,Kolkata
6877,53,2458528,Self-Employed,Hyderabad
6878,55,2374982,Business,Mumbai
6879,34,2065468,Self-Employed,Kolkata
6880,37,982519,Salaried,Mumbai
6881,43,1784842,Self-Employed,Bengaluru
6882,30,1420553,Retired,Hyderabad
6883,40,1084893,Self-Employed,Hyderabad
6884,42,1557294,Salaried,Chennai
6885,40,2449610,Self-Employed,Bengaluru
6886,37,2049538,Salaried,Mumbai
6887,55,414910,Salaried,Chennai
6888,41,320959,Salaried,Chennai
6889,47,1792279,Student,Kolkata
6890,51,868823,Business,Hyderabad
6891,46,1359974,Retired,Kolkata
6892,51,1746726,Student,Mumbai
6893,28,1900252,Student,Delhi
6894,30,389747,Student,Chennai
6895,23,975105,Student,Kolkata
6896,64,1530520,Business,Kolkata
6897,62,2333571,Business,Hyderabad
6898,27,2225456,Retired,Hyderabad
6899,63,1805384,Salaried,Chennai
6900,43,782526,Business,Kolkata
6901,68,516384,Retired,Kolkata
6902,40,1327044,Self-Employed,Delhi
6903,52,249846,Retired,Chennai
6904,45,2327363,Retired,Hyderabad
6905,37,2401144,Salaried,Mumbai
6906,22,2327362,Business,Mumbai
6907,44,449353,Self-Employed,Hyderabad
6908,47,658108,Salaried,Delhi
6909,46,349529,Salaried,Mumbai
6910,46,949494,Salaried,Chennai
6911,66,2222013,Self-Employed,Chennai
6912,33,561558,Self-Employed,Mumbai
6913,22,2344428,Retired,Bengaluru
6914,44,798831,Retired,Mumbai
6915,24,361079,Salaried,Kolkata
6916,48,1785937,Self-Employed,Hyderabad
6917,25,1735612,Salaried,Chennai
6918,63,1794302,Retired,Delhi
6919,29,444067,Retired,Mumbai
6920,52,1226416,Salaried,Bengaluru
6921,27,1371833,Salaried,Kolkata
6922,38,626480,Retired,Mumbai
6923,21,1712446,Self-Employed,Kolkata
6924,56,892791,Self-Employed,Mumbai
6925,57,810204,Student,Kolkata
6926,53,1559967,Self-Employed,Kolkata
6927,66,1283024,Business,Chennai
6928,59,604834,Business,Bengaluru
6929,61,1432071,Student,Delhi
6930,55,2073961,Self-Employed,Hyderabad
6931,62,1487114,Self-Employed,Kolkata
6932,31,2433060,Salaried,Mumbai
6933,33,1580607,Salaried,Hyderabad
6934,34,2245537,Retired,Mumbai
6935,62,517253,Self-Employed,Kolkata
6936,65,230345,Self-Employed,Hyderabad
6937,49,1559517,Salaried,Chennai
6938,24,532972,Self-Employed,Hyderabad
6939,61,1317666,Self-Employed,Mumbai
6940,61,1198159,Student,Chennai
6941,27,1191710,Business,Mumbai
6942,54,454881,Salaried,Delhi
6943,57,1176758,Student,Delhi
6944,66,1774515,Student,Chennai
6945,62,361906,Student,Mumbai
6946,22,1244850,Student,Mumbai
6947,23,242091,Self-Employed,Delhi
6948,36,2153574,Student,Kolkata
6949,68,536556,Self-Employed,Mumbai
6950,64,955563,Self-Employed,Delhi
6951,63,860744,Self-Employed,Hyderabad
6952,44,552679,Salaried,Bengaluru
6953,68,840927,Student,Bengaluru
6954,29,663768,Self-Employed,Kolkata
6955,57,1402693,Business,Kolkata
6956,61,941094,Student,Kolkata
6957,61,920088,Self-Employed,Chennai
6958,41,454673,Business,Kolkata
6959,38,2273583,Student,Kolkata
6960,49,2023284,Self-Employed,Chennai
6961,28,612517,Retired,Delhi
6962,26,1246382,Student,Mumbai
6963,40,486491,Self-Employed,Chennai
6964,60,2202065,Business,Mumbai
6965,69,1928706,Student,Bengaluru
6966,31,1296093,Retired,Mumbai
6967,64,1779817,Student,Bengaluru
6968,38,1404861,Salaried,Bengaluru
6969,67,1907992,Self-Employed,Hyderabad
6970,35,1350957,Student,Hyderabad
6971,64,1093199,Retired,Hyderabad
6972,64,1826145,Salaried,Bengaluru
6973,55,2194116,Student,Delhi
6974,41,1454547,Business,Hyderabad
6975,47,1682820,Salaried,Kolkata
6976,45,1978712,Business,Bengaluru
6977,25,324229,Self-Employed,Kolkata
6978,69,990288,Self-Employed,Bengaluru
6979,39,624486,Retired,Bengaluru
6980,35,1749896,Student,Mumbai
6981,48,292272,Student,Mumbai
6982,63,2330895,Self-Employed,Bengaluru
6983,39,285919,Self-Employed,Delhi
6984,64,642459,Student,Delhi
6985,21,979866,Salaried,Mumbai
6986,67,1178333,Salaried,Delhi
6987,52,683418,Salaried,Kolkata
6988,45,754863,Student,Mumbai
6989,51,493572,Student,Delhi
6990,45,619419,Student,Chennai
6991,36,1063932,Business,Kolkata
6992,40,1224283,Self-Employed,Mumbai
6993,45,1096527,Salaried,Mumbai
6994,43,2012871,Business,Kolkata
6995,48,2271684,Student,Chennai
6996,69,599533,Self-Employed,Hyderabad
6997,31,1431854,Retired,Chennai
6998,29,1091214,Salaried,Kolkata
6999,28,979306,Student,Bengaluru
7000,48,324956,Student,Mumbai
7001,64,1127131,Self-Employed,Mumbai
7002,69,470169,Business,Bengaluru
7003,21,2410666,Student,Chennai
7004,40,839005,Self-Employed,Mumbai
7005,56,688600,Business,Hyderabad
7006,41,1061673,Self-Employed,Chennai
7007,28,1478184,Student,Delhi
7008,50,2059101,Retired,Chennai
7009,33,967862,Retired,Hyderabad
7010,35,545344,Salaried,Delhi
7011,56,1559528,Retired,Bengaluru
7012,44,2049313,Business,Bengaluru
7013,37,309780,Self-Employed,Kolkata
7014,55,1009742,Student,Chennai
7015,61,2366502,Student,Chennai
7016,43,1053463,Retired,Bengaluru
7017,41,1577124,Retired,Bengaluru
7018,34,990518,Salaried,Chennai
7019,55,1362507,Salaried,Delhi
7020,59,1092320,Business,Hyderabad
7021,48,2227304,Student,Bengaluru
7022,48,1417188,Retired,Delhi
7023,54,971737,Self-Employed,Kolkata
7024,39,2161306,Retired,Mumbai
7025,45,1731219,Student,Hyderabad
7026,33,1492925,Student,Hyderabad
7027,31,920796,Student,Hyderabad
7028,42,1188663,Retired,Bengaluru
7029,22,392716,Student,Delhi
7030,68,2324714,Student,Mumbai
7031,21,1556445,Retired,Mumbai
7032,50,2007542,Retired,Bengaluru
7033,48,2274595,Business,Hyderabad
7034,27,1830539,Retired,Hyderabad
7035,25,406717,Salaried,Bengaluru
7036,23,1247023,Student,Chennai
7037,28,2427528,Retired,Hyderabad
7038,34,2420187,Student,Mumbai
7039,48,362548,Salaried,Chennai
7040,34,348162,Self-Employed,Kolkata
7041,36,496452,Self-Employed,Kolkata
7042,26,1934792,Self-Employed,Chennai
7043,62,2361698,Retired,Bengaluru
7044,54,1263219,Business,Kolkata
7045,68,1948706,Salaried,Bengaluru
7046,42,1158658,Student,Delhi
7047,63,516656,Student,Mumbai
7048,64,2455807,Self-Employed,Mumbai
7049,46,1415577,Self-Employed,Mumbai
7050,49,2449621,Salaried,Delhi
7051,46,1801590,Salaried,Delhi
7052,61,2266174,Retired,Delhi
7053,37,1106091,Student,Mumbai
7054,49,1373182,Student,Mumbai
7055,51,1566913,Self-Employed,Bengaluru
7056,35,1286540,Salaried,Delhi
7057,66,919378,Business,Bengaluru
7058,31,514243,Self-Employed,Bengaluru
7059,30,1270340,Self-Employed,Chennai
7060,39,961788,Salaried,Mumbai
7061,43,536370,Salaried,Bengaluru
7062,51,797872,Retired,Bengaluru
7063,42,1692870,Student,Chennai
7064,55,1560407,Salaried,Chennai
7065,37,1953890,Retired,Hyderabad
7066,65,631268,Student,Hyderabad
7067,34,396636,Self-Employed,Mumbai
7068,25,963189,Self-Employed,Delhi
7069,31,222066,Retired,Delhi
7070,28,2025579,Retired,Chennai
7071,57,1603732,Retired,Hyderabad
7072,63,1801143,Self-Employed,Mumbai
7073,29,1220129,Self-Employed,Chennai
7074,27,1442182,Student,Delhi
7075,66,987340,Student,Delhi
7076,36,355201,Student,Kolkata
7077,23,2356381,Student,Bengaluru
7078,58,2357553,Retired,Chennai
7079,48,1982640,Student,Bengaluru
7080,21,1265172,Retired,Mumbai
7081,36,332852,Salaried,Hyderabad
7082,64,1614348,Self-Employed,Hyderabad
7083,33,694506,Retired,Bengaluru
7084,26,1970078,Student,Chennai
7085,24,483521,Retired,Chennai
7086,56,733659,Business,Bengaluru
7087,59,1809200,Salaried,Chennai
7088,47,1551977,Salaried,Bengaluru
7089,53,315986,Salaried,Bengaluru
7090,63,888871,Self-Employed,Kolkata
7091,54,2004604,Retired,Chennai
7092,39,1651638,Business,Bengaluru
7093,48,1352754,Self-Employed,Kolkata
7094,58,1227669,Salaried,Kolkata
7095,22,2121736,Salaried,Hyderabad
7096,41,2419920,Salaried,Bengaluru
7097,47,2490430,Business,Kolkata
7098,64,2453514,Retired,Bengaluru
7099,66,2119585,Retired,Delhi
7100,61,2267536,Business,Hyderabad
7101,47,802325,Retired,Mumbai
7102,54,2387707,Business,Chennai
7103,26,1789647,Business,Chennai
7104,34,2218284,Retired,Chennai
7105,38,2198778,Self-Employed,Delhi
7106,53,1205478,Business,Hyderabad
7107,65,1943135,Salaried,Bengaluru
7108,56,558188,Self-Employed,Kolkata
7109,40,1883629,Retired,Kolkata
7110,45,1194577,Self-Employed,Delhi
7111,57,2476581,Retired,Delhi
7112,30,385082,Business,Bengaluru
7113,69,852233,Retired,Delhi
7114,51,1128818,Self-Employed,Kolkata
7115,24,915194,Salaried,Delhi
7116,46,2162846,Student,Bengaluru
7117,25,389164,Salaried,Chennai
7118,60,2480456,Retired,Mumbai
7119,62,489758,Student,Chennai
7120,34,892548,Self-Employed,Delhi
7121,40,1342557,Retired,Mumbai
7122,65,1573574,Retired,Delhi
7123,41,1770470,Retired,Delhi
7124,40,1425939,Salaried,Kolkata
7125,27,1289990,Business,Delhi
7126,25,654577,Business,Kolkata
7127,33,1502132,Retired,Hyderabad
7128,69,1756385,Salaried,Mumbai
7129,37,758155,Self-Employed,Mumbai
7130,25,683415,Business,Kolkata
7131,27,477250,Retired,Bengaluru
7132,52,913613,Student,Kolkata
7133,67,1032678,Student,Chennai
7134,26,1753241,Retired,Delhi
7135,40,954983,Salaried,Kolkata
7136,21,2292287,Business,Bengaluru
7137,24,2203692,Retired,Kolkata
7138,42,2325969,Salaried,Hyderabad
7139,33,370351,Business,Chennai
7140,42,677362,Salaried,Bengaluru
7141,57,1810859,Student,Bengaluru
7142,67,1642382,Salaried,Delhi
7143,55,575176,Student,Hyderabad
7144,61,762241,Student,Chennai
7145,59,1386162,Self-Employed,Hyderabad
7146,58,1095447,Retired,Delhi
7147,27,435611,Self-Employed,Bengaluru
7148,62,2312284,Salaried,Mumbai
7149,68,612875,Self-Employed,Chennai
7150,55,669899,Student,Mumbai
7151,41,2462780,Student,Kolkata
7152,45,1993179,Retired,Delhi
7153,51,2036965,Business,Hyderabad
7154,56,1582636,Salaried,Kolkata
7155,56,258025,Retired,Delhi
7156,26,365055,Self-Employed,Bengaluru
7157,62,2109787,Student,Kolkata
7158,41,1130633,Business,Hyderabad
7159,63,1213090,Retired,Mumbai
7160,43,2304604,Business,Hyderabad
7161,27,555846,Salaried,Delhi
7162,49,1885238,Business,Hyderabad
7163,44,2245414,Business,Kolkata
7164,48,229657,Student,Kolkata
7165,66,229750,Retired,Kolkata
7166,38,2282322,Retired,Bengaluru
7167,51,1773384,Self-Employed,Mumbai
7168,52,599750,Business,Kolkata
7169,46,600074,Student,Bengaluru
7170,67,412679,Retired,Mumbai
7171,41,392975,Business,Hyderabad
7172,35,2303918,Salaried,Chennai
7173,44,2145870,Retired,Bengaluru
7174,43,2035040,Retired,Delhi
7175,64,1001798,Business,Kolkata
7176,57,1848090,Salaried,Kolkata
7177,46,2249701,Self-Employed,Kolkata
7178,36,806200,Retired,Kolkata
7179,55,636379,Salaried,Bengaluru
7180,56,1376411,Salaried,Bengaluru
7181,36,1475399,Self-Employed,Bengaluru
7182,64,568925,Business,Kolkata
7183,55,842823,Salaried,Delhi
7184,63,320438,Business,Hyderabad
7185,39,458442,Retired,Chennai
7186,25,1915735,Retired,Chennai
7187,48,983654,Salaried,Mumbai
7188,42,1436739,Business,Delhi
7189,55,2267481,Salaried,Kolkata
7190,44,432349,Self-Employed,Chennai
7191,26,1492111,Salaried,Hyderabad
7192,30,402499,Salaried,Bengaluru
7193,34,2424797,Student,Hyderabad
7194,62,1860745,Salaried,Chennai
7195,60,1477649,Business,Chennai
7196,44,1357011,Business,Bengaluru
7197,55,2466598,Salaried,Mumbai
7198,24,689776,Student,Mumbai
7199,36,441057,Business,Delhi
7200,48,2365780,Retired,Kolkata
7201,60,508063,Salaried,Delhi
7202,26,1719499,Salaried,Delhi
7203,23,243803,Business,Chennai
7204,50,1658842,Business,Chennai
7205,47,1391065,Business,Hyderabad
7206,45,434380,Salaried,Kolkata
7207,23,1846305,Self-Employed,Bengaluru
7208,36,2228060,Self-Employed,Chennai
7209,27,1755675,Retired,Chennai
7210,26,1236053,Student,Bengaluru
7211,31,875752,Salaried,Chennai
7212,30,1848806,Self-Employed,Delhi
7213,21,1093999,Student,Chennai
7214,24,1436964,Student,Delhi
7215,67,1568068,Self-Employed,Bengaluru
7216,65,1422490,Salaried,Hyderabad
7217,42,727074,Salaried,Delhi
7218,36,777858,Retired,Delhi
7219,28,2330311,Salaried,Kolkata
7220,39,2301871,Student,Bengaluru
7221,52,1602112,Retired,Delhi
7222,44,446770,Student,Delhi
7223,26,1865032,Salaried,Chennai
7224,50,2087228,Self-Employed,Mumbai
7225,62,2041238,Student,Bengaluru
7226,34,1750216,Student,Kolkata
7227,42,1777834,Retired,Delhi
7228,61,258665,Business,Mumbai
7229,25,1710100,Student,Chennai
7230,53,294257,Student,Bengaluru
7231,46,463845,Student,Chennai
7232,50,2004652,Self-Employed,Kolkata
7233,25,206509,Self-Employed,Hyderabad
7234,50,1142815,Self-Employed,Hyderabad
7235,48,1122602,Student,Hyderabad
7236,61,1182298,Business,Bengaluru
7237,35,260601,Salaried,Bengaluru
7238,40,327340,Salaried,Hyderabad
7239,42,369742,Business,Bengaluru
7240,50,2043555,Salaried,Chennai
7241,57,1552520,Business,Kolkata
7242,61,471111,Retired,Chennai
7243,52,1328988,Business,Hyderabad
7244,36,1201982,Business,Delhi
7245,45,1795920,Self-Employed,Delhi
7246,47,2149412,Salaried,Mumbai
7247,35,620478,Salaried,Kolkata
7248,60,1171227,Salaried,Hyderabad
7249,26,1046205,Student,Delhi
7250,30,809198,Self-Employed,Hyderabad
7251,40,561465,Student,Kolkata
7252,68,448355,Salaried,Delhi
7253,42,906211,Self-Employed,Delhi
7254,32,747763,Self-Employed,Hyderabad
7255,47,1350609,Self-Employed,Mumbai
7256,47,1358482,Retired,Chennai
7257,32,2327159,Self-Employed,Hyderabad
7258,24,510479,Student,Chennai
7259,53,2091254,Salaried,Mumbai
7260,34,845722,Salaried,Kolkata
7261,45,1771380,Business,Delhi
7262,52,1243998,Student,Kolkata
7263,29,366913,Student,Mumbai
7264,34,1672050,Retired,Kolkata
7265,25,1895931,Student,Mumbai
7266,47,1284601,Business,Mumbai
7267,51,1955069,Student,Mumbai
7268,35,1869694,Salaried,Mumbai
7269,59,2036705,Business,Hyderabad
7270,26,2280928,Business,Hyderabad
7271,38,1682774,Self-Employed,Hyderabad
7272,47,1500940,Student,Bengaluru
7273,45,1988649,Self-Employed,Delhi
7274,44,781416,Retired,Hyderabad
7275,67,1104017,Retired,Mumbai
7276,45,1120557,Salaried,Delhi
7277,37,1933714,Retired,Mumbai
7278,63,2226497,Retired,Bengaluru
7279,35,1674763,Self-Employed,Bengaluru
7280,56,912629,Retired,Kolkata
7281,49,868492,Salaried,Kolkata
7282,68,2197571,Retired,Delhi
7283,68,719921,Retired,Kolkata
7284,52,255110,Salaried,Chennai
7285,46,1250442,Student,Mumbai
7286,53,932842,Business,Kolkata
7287,47,2356508,Salaried,Mumbai
7288,66,1848839,Student,Kolkata
7289,64,904015,Self-Employed,Bengaluru
7290,29,2187981,Business,Hyderabad
7291,40,1795993,Salaried,Mumbai
7292,39,1308832,Student,Bengaluru
7293,33,1313434,Retired,Delhi
7294,30,1702363,Self-Employed,Mumbai
7295,21,1222636,Salaried,Mumbai
7296,54,1999876,Self-Employed,Chennai
7297,41,2392487,Self-Employed,Delhi
7298,32,564987,Self-Employed,Kolkata
7299,68,213652,Retired,Bengaluru
7300,28,2328321,Student,Bengaluru
7301,41,2456475,Retired,Hyderabad
7302,44,2129359,Business,Delhi
7303,49,382132,Retired,Kolkata
7304,60,1138623,Student,Bengaluru
7305,55,2259253,Retired,Kolkata
7306,40,2232388,Salaried,Chennai
7307,53,570292,Self-Employed,Hyderabad
7308,46,1652613,Business,Delhi
7309,53,1977039,Business,Chennai
7310,63,1670716,Business,Chennai
7311,36,580858,Salaried,Chennai
7312,58,663571,Business,Mumbai
7313,42,1853087,Self-Employed,Chennai
7314,22,1122828,Self-Employed,Bengaluru
7315,47,1087182,Salaried,Hyderabad
7316,57,635708,Retired,Delhi
7317,42,1378437,Salaried,Mumbai
7318,36,1695300,Student,Hyderabad
7319,55,1638099,Retired,Mumbai
7320,23,2215972,Salaried,Bengaluru
7321,23,2404401,Retired,Hyderabad
7322,53,718041,Retired,Hyderabad
7323,64,1071358,Retired,Delhi
7324,62,322472,Salaried,Kolkata
7325,55,1056189,Retired,Hyderabad
7326,21,1047186,Salaried,Delhi
7327,31,295068,Business,Chennai
7328,41,950155,Retired,Hyderabad
7329,57,529090,Salaried,Bengaluru
7330,42,295476,Salaried,Kolkata
7331,57,369841,Retired,Delhi
7332,43,342659,Business,Delhi
7333,36,1864856,Salaried,Bengaluru
7334,56,2102650,Retired,Delhi
7335,51,1792798,Retired,Bengaluru
7336,31,1234556,Student,Bengaluru
7337,38,2156454,Business,Mumbai
7338,48,948814,Business,Chennai
7339,55,1816054,Business,Bengaluru
7340,39,915739,Self-Employed,Bengaluru
7341,65,205196,Retired,Kolkata
7342,45,1201609,Student,Kolkata
7343,35,1285088,Business,Hyderabad
7344,59,312791,Retired,Kolkata
7345,23,402731,Student,Bengaluru
7346,51,239308,Salaried,Bengaluru
7347,40,2410733,Retired,Kolkata
7348,65,1097795,Self-Employed,Chennai
7349,31,1093471,Retired,Mumbai
7350,62,2313699,Student,Delhi
7351,41,1972845,Student,Bengaluru
7352,50,1654877,Business,Delhi
7353,67,1655403,Retired,Bengaluru
7354,51,1588267,Business,Bengaluru
7355,40,1362707,Salaried,Chennai
7356,30,1746920,Self-Employed,Delhi
7357,48,315465,Business,Mumbai
7358,60,252005,Self-Employed,Kolkata
7359,65,2208526,Business,Delhi
7360,58,2277783,Business,Chennai
7361,35,1154242,Business,Kolkata
7362,34,1812706,Retired,Kolkata
7363,26,2430979,Self-Employed,Kolkata
7364,26,1351029,Student,Hyderabad
7365,31,204663,Retired,Chennai
7366,38,350728,Retired,Hyderabad
7367,29,1999969,Retired,Delhi
7368,30,505770,Self-Employed,Hyderabad
7369,34,2467750,Salaried,Bengaluru
7370,64,1567011,Retired,Delhi
7371,64,1047883,Student,Kolkata
7372,57,1241676,Business,Delhi
7373,24,1023384,Self-Employed,Kolkata
7374,43,1367919,Business,Delhi
7375,50,2376443,Retired,Hyderabad
7376,27,2440350,Business,Bengaluru
7377,39,2354399,Self-Employed,Bengaluru
7378,24,2103619,Salaried,Delhi
7379,58,850246,Retired,Bengaluru
7380,61,289970,Salaried,Kolkata
7381,37,2063938,Student,Chennai
7382,31,1885554,Business,Bengaluru
7383,60,2359559,Retired,Kolkata
7384,61,443657,Business,Hyderabad
7385,35,459134,Student,Delhi
7386,43,1269739,Retired,Delhi
7387,63,969413,Student,Kolkata
7388,26,2366338,Business,Hyderabad
7389,66,950974,Self-Employed,Bengaluru
7390,69,471211,Business,Kolkata
7391,36,601244,Student,Mumbai
7392,56,1276747,Business,Delhi
7393,36,616389,Retired,Chennai
7394,26,1676101,Business,Delhi
7395,48,861731,Student,Mumbai
7396,27,2193560,Retired,Delhi
7397,42,729484,Salaried,Mumbai
7398,37,504965,Retired,Mumbai
7399,48,1566957,Retired,Delhi
7400,63,1633305,Salaried,Bengaluru
7401,26,1932490,Business,Mumbai
7402,40,1419268,Self-Employed,Chennai
7403,31,1846449,Self-Employed,Hyderabad
7404,24,896607,Business,Bengaluru
7405,43,825867,Business,Chennai
7406,53,2377860,Business,Mumbai
7407,44,1715376,Salaried,Hyderabad
7408,35,924655,Business,Chennai
7409,62,234119,Retired,Bengaluru
7410,37,1485502,Salaried,Hyderabad
7411,32,608163,Student,Delhi
7412,54,2123719,Self-Employed,Mumbai
7413,22,579466,Business,Hyderabad
7414,36,400002,Salaried,Mumbai
7415,44,424769,Student,Delhi
7416,22,1440220,Business,Chennai
7417,56,1932550,Salaried,Delhi
7418,24,840472,Self-Employed,Hyderabad
7419,66,1813846,Retired,Delhi
7420,23,2035877,Retired,Mumbai
7421,65,1700944,Self-Employed,Delhi
7422,55,1160652,Student,Hyderabad
7423,65,1166070,Self-Employed,Kolkata
7424,49,1788103,Student,Mumbai
7425,26,1825592,Business,Bengaluru
7426,50,441573,Self-Employed,Bengaluru
7427,38,1583560,Student,Hyderabad
7428,27,1247043,Student,Mumbai
7429,46,1106751,Salaried,Kolkata
7430,26,821646,Business,Hyderabad
7431,33,1347545,Self-Employed,Hyderabad
7432,41,1967036,Retired,Kolkata
7433,63,568804,Salaried,Delhi
7434,62,562853,Retired,Chennai
7435,45,1041407,Self-Employed,Mumbai
7436,22,1199432,Retired,Chennai
7437,36,1888487,Business,Bengaluru
7438,47,1465416,Retired,Mumbai
7439,56,565105,Student,Chennai
7440,61,527652,Business,Kolkata
7441,50,1341674,Salaried,Kolkata
7442,61,2373281,Retired,Mumbai
7443,48,295285,Student,Bengaluru
7444,38,2159789,Business,Mumbai
7445,22,1818614,Student,Bengaluru
7446,56,1152450,Salaried,Hyderabad
7447,44,1559050,Retired,Mumbai
7448,59,1896502,Self-Employed,Mumbai
7449,25,2387444,Retired,Chennai
7450,42,2229321,Business,Kolkata
7451,43,1286262,Salaried,Hyderabad
7452,66,1199562,Student,Delhi
7453,45,208108,Retired,Chennai
7454,63,1820955,Business,Bengaluru
7455,67,1274521,Retired,Delhi
7456,44,1429985,Salaried,Mumbai
7457,52,758644,Self-Employed,Mumbai
7458,26,918220,Student,Chennai
7459,57,872665,Self-Employed,Chennai
7460,64,933622,Retired,Delhi
7461,42,1517659,Retired,Bengaluru
7462,43,240891,Self-Employed,Delhi
7463,60,1763302,Self-Employed,Kolkata
7464,32,1578569,Retired,Delhi
7465,69,1503614,Business,Bengaluru
7466,23,2389493,Self-Employed,Chennai
7467,46,464919,Retired,Hyderabad
7468,45,2030390,Retired,Mumbai
7469,39,1275780,Self-Employed,Chennai
7470,39,2041899,Business,Hyderabad
7471,60,422311,Self-Employed,Hyderabad
7472,40,716332,Self-Employed,Mumbai
7473,31,1846422,Student,Kolkata
7474,69,601288,Self-Employed,Kolkata
7475,24,709523,Student,Chennai
7476,57,732947,Student,Mumbai
7477,29,1440339,Business,Bengaluru
7478,64,962702,Salaried,Hyderabad
7479,64,2240734,Salaried,Delhi
7480,42,2390761,Self-Employed,Chennai
7481,25,541291,Self-Employed,Hyderabad
7482,32,1763860,Self-Employed,Bengaluru
7483,28,2302104,Self-Employed,Hyderabad
7484,22,327346,Student,Kolkata
7485,47,636331,Self-Employed,Mumbai
7486,68,270584,Student,Kolkata
7487,68,554189,Student,Delhi
7488,68,2132370,Business,Delhi
7489,22,1384401,Self-Employed,Bengaluru
7490,56,1535859,Student,Bengaluru
7491,47,2217134,Self-Employed,Hyderabad
7492,21,2245802,Retired,Mumbai
7493,63,357082,Retired,Delhi
7494,51,499473,Retired,Mumbai
7495,57,1682095,Retired,Mumbai
7496,24,296371,Retired,Mumbai
7497,45,1901400,Self-Employed,Hyderabad
7498,61,2303990,Salaried,Bengaluru
7499,32,2049961,Retired,Hyderabad
7500,62,2269697,Salaried,Kolkata
7501,64,1852213,Business,Hyderabad
7502,53,2015544,Business,Hyderabad
7503,26,225205,Business,Kolkata
7504,23,1583862,Student,Chennai
7505,25,236048,Self-Employed,Mumbai
7506,23,1576470,Business,Kolkata
7507,32,1702725,Salaried,Kolkata
7508,38,937647,Salaried,Delhi
7509,21,1871128,Salaried,Chennai
7510,62,1191764,Retired,Bengaluru
7511,30,953643,Self-Employed,Hyderabad
7512,60,416482,Self-Employed,Chennai
7513,60,1232978,Self-Employed,Chennai
7514,25,1691784,Self-Employed,Delhi
7515,60,2275259,Self-Employed,Chennai
7516,56,1515959,Student,Delhi
7517,35,1348270,Salaried,Kolkata
7518,40,979239,Student,Chennai
7519,41,1336385,Business,Chennai
7520,65,2214247,Business,Chennai
7521,26,2111014,Business,Mumbai
7522,39,2252250,Self-Employed,Chennai
7523,60,620240,Student,Mumbai
7524,23,1313107,Business,Bengaluru
7525,21,270367,Student,Delhi
7526,46,1636263,Self-Employed,Hyderabad
7527,50,1313050,Salaried,Kolkata
7528,25,1045589,Student,Mumbai
7529,68,1310143,Self-Employed,Delhi
7530,37,1633890,Retired,Bengaluru
7531,38,1275213,Retired,Mumbai
7532,62,1366250,Student,Mumbai
7533,57,2470979,Business,Chennai
7534,65,426623,Business,Kolkata
7535,41,1917543,Self-Employed,Delhi
7536,36,1864674,Salaried,Mumbai
7537,61,751048,Retired,Mumbai
7538,69,2238803,Student,Delhi
7539,24,439367,Salaried,Hyderabad
7540,42,474728,Business,Hyderabad
7541,56,805932,Business,Hyderabad
7542,24,705979,Student,Delhi
7543,36,1386461,Business,Mumbai
7544,35,792974,Salaried,Mumbai
7545,55,711930,Salaried,Delhi
7546,32,808101,Self-Employed,Chennai
7547,41,2376193,Retired,Kolkata
7548,52,2278127,Self-Employed,Chennai
7549,37,1376846,Self-Employed,Hyderabad
7550,46,305895,Salaried,Mumbai
7551,49,1341651,Salaried,Kolkata
7552,30,241921,Salaried,Mumbai
7553,24,1832622,Retired,Chennai
7554,29,2410862,Business,Chennai
7555,54,1904896,Salaried,Bengaluru
7556,63,922660,Salaried,Chennai
7557,42,1289734,Self-Employed,Delhi
7558,31,1530293,Salaried,Mumbai
7559,37,2217125,Retired,Kolkata
7560,53,1775556,Retired,Mumbai
7561,67,1823225,Student,Chennai
7562,26,2361585,Retired,Bengaluru
7563,47,1916846,Retired,Kolkata
7564,31,1426586,Business,Bengaluru
7565,66,789225,Self-Employed,Delhi
7566,65,638938,Salaried,Chennai
7567,26,1821416,Student,Delhi
7568,26,878443,Retired,Chennai
7569,44,1189343,Business,Mumbai
7570,38,1281155,Self-Employed,Chennai
7571,69,1189823,Business,Chennai
7572,48,2108953,Self-Employed,Chennai
7573,46,2046823,Salaried,Delhi
7574,22,1223491,Self-Employed,Bengaluru
7575,35,470282,Student,Mumbai
7576,55,1034329,Retired,Chennai
7577,55,1700564,Retired,Chennai
7578,48,2361650,Business,Mumbai
7579,58,1740538,Retired,Hyderabad
7580,55,1196931,Student,Delhi
7581,65,1557232,Student,Mumbai
7582,35,2070946,Retired,Hyderabad
7583,22,2110284,Salaried,Bengaluru
7584,45,790217,Student,Hyderabad
7585,21,1398710,Salaried,Mumbai
7586,21,252635,Student,Hyderabad
7587,62,1953155,Retired,Delhi
7588,54,1193237,Retired,Bengaluru
7589,47,1822000,Retired,Mumbai
7590,26,1278101,Salaried,Mumbai
7591,65,404490,Student,Hyderabad
7592,39,457611,Self-Employed,Mumbai
7593,22,625437,Student,Hyderabad
7594,23,2001867,Retired,Mumbai
7595,56,244917,Salaried,Delhi
7596,54,2433369,Self-Employed,Hyderabad
7597,55,1024374,Retired,Kolkata
7598,52,1327735,Salaried,Bengaluru
7599,33,1241465,Self-Employed,Mumbai
7600,43,662867,Business,Kolkata
7601,56,1841777,Student,Hyderabad
7602,52,390552,Retired,Hyderabad
7603,44,1227264,Business,Delhi
7604,29,858830,Salaried,Delhi
7605,41,1783565,Business,Kolkata
7606,67,427579,Business,Bengaluru
7607,35,955833,Self-Employed,Mumbai
7608,61,2472545,Student,Mumbai
7609,23,1964958,Salaried,Mumbai
7610,55,652963,Self-Employed,Chennai
7611,41,361251,Self-Employed,Bengaluru
7612,27,375368,Student,Mumbai
7613,28,1064066,Student,Delhi
7614,23,533472,Business,Hyderabad
7615,46,2190464,Retired,Mumbai
7616,38,1293109,Self-Employed,Bengaluru
7617,23,1721825,Business,Mumbai
7618,48,1910705,Retired,Chennai
7619,26,950908,Business,Mumbai
7620,24,847061,Retired,Bengaluru
7621,59,2017227,Student,Mumbai
7622,46,885775,Retired,Mumbai
7623,61,334628,Business,Mumbai
7624,41,909486,Student,Kolkata
7625,45,1425661,Salaried,Bengaluru
7626,44,1433486,Retired,Kolkata
7627,45,1978782,Business,Delhi
7628,24,809711,Business,Bengaluru
7629,39,1364202,Retired,Mumbai
7630,60,1341346,Business,Hyderabad
7631,45,228843,Retired,Chennai
7632,42,1836683,Business,Kolkata
7633,66,1266256,Self-Employed,Kolkata
7634,44,2145117,Self-Employed,Delhi
7635,30,1154548,Self-Employed,Mumbai
7636,67,532198,Salaried,Kolkata
7637,25,2454660,Self-Employed,Delhi
7638,57,1231719,Retired,Chennai
7639,47,431160,Business,Mumbai
7640,42,864213,Student,Delhi
7641,43,1948937,Student,Chennai
7642,61,1792558,Retired,Chennai
7643,25,272872,Salaried,Delhi
7644,57,572765,Business,Bengaluru
7645,29,381666,Salaried,Mumbai
7646,45,2164610,Student,Hyderabad
7647,47,2409414,Salaried,Hyderabad
7648,23,447108,Salaried,Delhi
7649,52,1882572,Business,Delhi
7650,44,1159159,Salaried,Bengaluru
7651,38,2461708,Self-Employed,Chennai
7652,69,1831310,Student,Chennai
7653,53,529989,Self-Employed,Hyderabad
7654,44,1088732,Student,Chennai
7655,21,430799,Business,Bengaluru
7656,27,2039185,Salaried,Hyderabad
7657,23,749183,Self-Employed,Chennai
7658,50,1654893,Student,Hyderabad
7659,67,1361031,Student,Delhi
7660,60,326981,Business,Delhi
7661,51,1360410,Self-Employed,Delhi
7662,43,2234408,Business,Bengaluru
7663,60,2123859,Business,Hyderabad
7664,36,1174571,Business,Mumbai
7665,63,747523,Retired,Mumbai
7666,66,1926864,Salaried,Hyderabad
7667,36,1671151,Self-Employed,Hyderabad
7668,50,2111378,Salaried,Chennai
7669,67,1916645,Student,Hyderabad
7670,22,663328,Student,Mumbai
7671,27,255287,Retired,Kolkata
7672,34,668666,Student,Kolkata
7673,57,1326777,Salaried,Hyderabad
7674,51,322821,Business,Kolkata
7675,44,2488810,Business,Bengaluru
7676,35,888558,Self-Employed,Kolkata
7677,60,1158918,Self-Employed,Hyderabad
7678,24,1951179,Salaried,Mumbai
7679,50,983681,Salaried,Chennai
7680,25,2235353,Self-Employed,Mumbai
7681,61,2027299,Student,Mumbai
7682,54,2498182,Retired,Bengaluru
7683,33,1982802,Business,Delhi
7684,49,2297688,Business,Hyderabad
7685,38,911919,Salaried,Kolkata
7686,58,1501197,Retired,Hyderabad
7687,62,2140304,Business,Chennai
7688,21,1324765,Retired,Bengaluru
7689,59,2181654,Self-Employed,Mumbai
7690,59,2253566,Retired,Hyderabad
7691,61,2361220,Self-Employed,Kolkata
7692,40,820919,Salaried,Chennai
7693,33,367067,Student,Bengaluru
7694,25,2393454,Retired,Mumbai
7695,40,2242656,Student,Delhi
7696,46,626150,Salaried,Kolkata
7697,21,1207335,Self-Employed,Delhi
7698,48,1428875,Retired,Delhi
7699,30,1555145,Retired,Delhi
7700,67,1768638,Business,Bengaluru
7701,38,2164131,Business,Bengaluru
7702,67,930459,Retired,Mumbai
7703,68,1941867,Business,Kolkata
7704,59,2064216,Student,Delhi
7705,21,1808733,Retired,Kolkata
7706,39,1989202,Student,Chennai
7707,47,812666,Business,Mumbai
7708,52,1836652,Business,Bengaluru
7709,63,2413661,Student,Bengaluru
7710,55,698580,Salaried,Chennai
7711,37,1896449,Retired,Mumbai
7712,50,594598,Business,Delhi
7713,42,857823,Salaried,Kolkata
7714,29,651985,Salaried,Delhi
7715,39,2285634,Self-Employed,Delhi
7716,42,1399511,Self-Employed,Kolkata
7717,63,1556374,Student,Chennai
7718,39,2465425,Retired,Mumbai
7719,54,1364170,Self-Employed,Hyderabad
7720,61,2041262,Self-Employed,Kolkata
7721,23,1552652,Self-Employed,Kolkata
7722,31,1647803,Business,Chennai
7723,43,1367806,Student,Bengaluru
7724,41,535867,Retired,Hyderabad
7725,66,1273370,Salaried,Hyderabad
7726,61,2336185,Retired,Hyderabad
7727,48,1449037,Student,Hyderabad
7728,50,1293024,Self-Employed,Hyderabad
7729,23,1190439,Salaried,Hyderabad
7730,52,1853529,Salaried,Delhi
7731,69,2155434,Salaried,Hyderabad
7732,49,1386658,Business,Delhi
7733,48,755150,Self-Employed,Chennai
7734,56,2082230,Self-Employed,Hyderabad
7735,52,2352492,Salaried,Delhi
7736,66,2157923,Business,Chennai
7737,37,2093223,Student,Chennai
7738,65,555903,Business,Delhi
7739,33,1816663,Student,Mumbai
7740,62,2283049,Business,Bengaluru
7741,55,259560,Business,Kolkata
7742,23,927073,Business,Delhi
7743,65,1825426,Student,Chennai
7744,43,241163,Salaried,Mumbai
7745,57,280484,Self-Employed,Bengaluru
7746,54,2180851,Business,Chennai
7747,28,2083887,Retired,Mumbai
7748,40,959510,Self-Employed,Bengaluru
7749,30,2412242,Self-Employed,Mumbai
7750,61,1115588,Retired,Delhi
7751,59,2193426,Retired,Hyderabad
7752,37,980308,Self-Employed,Chennai
7753,34,296073,Business,Mumbai
7754,32,2282472,Salaried,Hyderabad
7755,68,1634727,Salaried,Delhi
7756,47,1448886,Business,Kolkata
7757,51,412416,Salaried,Delhi
7758,28,1611465,Business,Delhi
7759,60,1034387,Retired,Delhi
7760,40,2458883,Self-Employed,Delhi
7761,35,1726488,Retired,Kolkata
7762,41,1268820,Student,Bengaluru
7763,30,2087997,Retired,Chennai
7764,32,2290606,Student,Hyderabad
7765,38,1333077,Salaried,Mumbai
7766,23,267949,Self-Employed,Hyderabad
7767,64,505949,Self-Employed,Hyderabad
7768,48,2086694,Salaried,Kolkata
7769,49,2062468,Salaried,Mumbai
7770,36,1805636,Business,Chennai
7771,48,552808,Business,Mumbai
7772,51,1649908,Business,Mumbai
7773,53,1357370,Student,Delhi
7774,57,877346,Student,Delhi
7775,48,1449063,Student,Mumbai
7776,36,817330,Student,Kolkata
7777,60,1770796,Student,Mumbai
7778,40,1501107,Business,Delhi
7779,34,513410,Self-Employed,Chennai
7780,64,1101281,Business,Bengaluru
7781,63,566878,Student,Hyderabad
7782,34,594903,Retired,Kolkata
7783,29,1805059,Retired,Mumbai
7784,21,2321807,Business,Bengaluru
7785,25,2018796,Salaried,Mumbai
7786,34,2355292,Retired,Delhi
7787,66,1784026,Self-Employed,Bengaluru
7788,40,408623,Salaried,Chennai
7789,54,1390416,Salaried,Hyderabad
7790,29,249888,Business,Kolkata
7791,28,1532986,Business,Chennai
7792,59,2318600,Business,Delhi
7793,27,796807,Retired,Hyderabad
7794,68,691190,Self-Employed,Mumbai
7795,47,2428919,Retired,Delhi
7796,47,1041785,Student,Bengaluru
7797,52,1836346,Self-Employed,Bengaluru
7798,60,1469055,Student,Hyderabad
7799,33,957192,Salaried,Kolkata
7800,24,785192,Business,Hyderabad
7801,64,2148428,Salaried,Kolkata
7802,61,832623,Self-Employed,Delhi
7803,59,1498561,Retired,Delhi
7804,48,526386,Retired,Kolkata
7805,66,698816,Business,Chennai
7806,28,729610,Salaried,Mumbai
7807,39,2110687,Business,Kolkata
7808,50,2097019,Salaried,Bengaluru
7809,36,1270692,Salaried,Kolkata
7810,62,389828,Salaried,Hyderabad
7811,35,2446681,Self-Employed,Hyderabad
7812,42,299810,Student,Mumbai
7813,69,2224449,Salaried,Kolkata
7814,26,2404001,Retired,Bengaluru
7815,59,672230,Student,Kolkata
7816,60,704345,Student,Delhi
7817,43,485731,Retired,Mumbai
7818,53,1451687,Retired,Mumbai
7819,36,420921,Salaried,Chennai
7820,32,1849765,Self-Employed,Hyderabad
7821,46,874837,Student,Mumbai
7822,55,1969986,Retired,Bengaluru
7823,28,2403143,Retired,Hyderabad
7824,59,1676490,Self-Employed,Bengaluru
7825,44,1438158,Salaried,Mumbai
7826,55,2126013,Salaried,Mumbai
7827,37,2116075,Retired,Chennai
7828,58,2442473,Business,Bengaluru
7829,34,1843558,Self-Employed,Kolkata
7830,47,737653,Retired,Kolkata
7831,39,561020,Salaried,Hyderabad
7832,64,2071926,Business,Kolkata
7833,37,2143483,Salaried,Chennai
7834,47,1659879,Student,Mumbai
7835,46,2441288,Business,Chennai
7836,35,2192566,Retired,Bengaluru
7837,29,416232,Retired,Kolkata
7838,34,503950,Salaried,Mumbai
7839,65,1305661,Business,Hyderabad
7840,26,1067430,Retired,Hyderabad
7841,43,2164846,Business,Delhi
7842,41,1929756,Retired,Mumbai
7843,68,1715870,Business,Delhi
7844,27,483624,Retired,Chennai
7845,31,1841126,Business,Mumbai
7846,48,2465591,Salaried,Mumbai
7847,45,2347971,Self-Employed,Mumbai
7848,69,661462,Student,Kolkata
7849,62,1190923,Salaried,Chennai
7850,61,769514,Salaried,Chennai
7851,65,1950940,Student,Chennai
7852,37,493153,Self-Employed,Delhi
7853,47,435068,Business,Chennai
7854,28,2159051,Self-Employed,Kolkata
7855,28,1388275,Business,Hyderabad
7856,47,2173312,Business,Delhi
7857,48,842916,Student,Mumbai
7858,50,732750,Retired,Hyderabad
7859,46,2420279,Business,Delhi
7860,47,937014,Salaried,Bengaluru
7861,47,917021,Business,Mumbai
7862,63,1288554,Business,Hyderabad
7863,41,2422510,Retired,Hyderabad
7864,31,361214,Self-Employed,Delhi
7865,61,1553096,Business,Delhi
7866,68,1622028,Business,Chennai
7867,52,1961063,Salaried,Hyderabad
7868,48,2118872,Self-Employed,Kolkata
7869,25,1458497,Salaried,Kolkata
7870,63,1948361,Salaried,Bengaluru
7871,65,1829383,Student,Chennai
7872,45,657781,Business,Delhi
7873,61,2453253,Retired,Delhi
7874,53,2346650,Business,Chennai
7875,28,1652739,Retired,Kolkata
7876,35,1236906,Retired,Hyderabad
7877,36,2475633,Student,Mumbai
7878,57,707551,Self-Employed,Delhi
7879,57,1265831,Business,Chennai
7880,37,1793613,Retired,Mumbai
7881,27,1080939,Salaried,Hyderabad
7882,25,456835,Retired,Mumbai
7883,34,1118293,Business,Bengaluru
7884,34,964153,Self-Employed,Mumbai
7885,47,2002826,Business,Delhi
7886,51,2064845,Salaried,Delhi
7887,39,2336436,Student,Delhi
7888,66,944410,Retired,Hyderabad
7889,69,599626,Self-Employed,Kolkata
7890,43,1629645,Student,Hyderabad
7891,48,1011895,Business,Kolkata
7892,34,1719869,Retired,Kolkata
7893,67,1166661,Retired,Mumbai
7894,60,1095666,Retired,Mumbai
7895,49,1734530,Business,Chennai
7896,33,2095293,Self-Employed,Kolkata
7897,55,1108557,Salaried,Delhi
7898,61,1671085,Student,Hyderabad
7899,43,1225187,Retired,Hyderabad
7900,54,300989,Salaried,Bengaluru
7901,25,2041619,Self-Employed,Delhi
7902,60,1840518,Business,Delhi
7903,21,747212,Retired,Hyderabad
7904,52,823674,Salaried,Chennai
7905,25,1669995,Retired,Kolkata
7906,26,2115333,Retired,Chennai
7907,33,680799,Retired,Mumbai
7908,63,2302112,Retired,Hyderabad
7909,33,1671882,Salaried,Mumbai
7910,33,1748072,Retired,Mumbai
7911,23,1175043,Retired,Hyderabad
7912,57,2113003,Self-Employed,Kolkata
7913,63,1101769,Business,Hyderabad
7914,52,2344241,Business,Kolkata
7915,66,301149,Retired,Delhi
7916,24,945943,Business,Chennai
7917,68,819374,Student,Bengaluru
7918,63,389140,Salaried,Bengaluru
7919,21,1538668,Business,Hyderabad
7920,65,576379,Self-Employed,Bengaluru
7921,38,2439848,Business,Bengaluru
7922,46,1620787,Retired,Bengaluru
7923,51,290828,Retired,Kolkata
7924,29,1398142,Retired,Chennai
7925,69,824535,Salaried,Mumbai
7926,32,1998431,Retired,Mumbai
7927,50,1839516,Student,Mumbai
7928,62,520676,Student,Hyderabad
7929,57,1593759,Student,Delhi
7930,40,978433,Student,Mumbai
7931,53,948846,Salaried,Kolkata
7932,53,1084171,Self-Employed,Delhi
7933,47,974748,Business,Mumbai
7934,25,1652064,Self-Employed,Chennai
7935,63,1535175,Student,Mumbai
7936,65,378493,Self-Employed,Chennai
7937,67,614148,Salaried,Bengaluru
7938,29,767717,Salaried,Kolkata
7939,64,1854222,Self-Employed,Bengaluru
7940,41,2163927,Salaried,Hyderabad
7941,58,1819499,Self-Employed,Delhi
7942,53,1872361,Student,Bengaluru
7943,35,1797075,Self-Employed,Delhi
7944,53,2070428,Retired,Mumbai
7945,61,1500645,Student,Bengaluru
7946,45,1965937,Retired,Mumbai
7947,37,885910,Self-Employed,Chennai
7948,37,925527,Student,Delhi
7949,41,600451,Business,Delhi
7950,28,481559,Business,Hyderabad
7951,41,1928813,Student,Kolkata
7952,23,2158309,Student,Kolkata
7953,37,605324,Retired,Chennai
7954,61,1575698,Self-Employed,Bengaluru
7955,32,1644806,Retired,Hyderabad
7956,64,743015,Salaried,Mumbai
7957,60,1394523,Student,Bengaluru
7958,26,645345,Retired,Hyderabad
7959,26,1037825,Salaried,Kolkata
7960,49,524361,Business,Chennai
7961,57,576843,Student,Bengaluru
7962,39,2418163,Business,Chennai
7963,43,1529167,Student,Bengaluru
7964,35,411976,Student,Kolkata
7965,66,1493765,Salaried,Chennai
7966,49,979634,Self-Employed,Mumbai
7967,33,1641983,Student,Delhi
7968,59,747667,Student,Kolkata
7969,21,340673,Student,Kolkata
7970,52,333716,Self-Employed,Mumbai
7971,46,910228,Business,Kolkata
7972,59,1057833,Retired,Mumbai
7973,45,2487349,Self-Employed,Bengaluru
7974,58,2429050,Student,Bengaluru
7975,49,699381,Student,Delhi
7976,56,1447746,Retired,Mumbai
7977,56,721422,Business,Delhi
7978,49,1225262,Student,Chennai
7979,65,1952777,Student,Delhi
7980,56,1725856,Self-Employed,Mumbai
7981,33,2497276,Self-Employed,Hyderabad
7982,63,437156,Self-Employed,Delhi
7983,34,1905167,Salaried,Bengaluru
7984,39,2324737,Business,Mumbai
7985,50,2425835,Student,Delhi
7986,51,2075322,Salaried,Hyderabad
7987,61,2129185,Retired,Hyderabad
7988,23,2065886,Retired,Hyderabad
7989,59,605086,Salaried,Chennai
7990,25,2264689,Salaried,Mumbai
7991,69,1458435,Business,Bengaluru
7992,42,339325,Student,Mumbai
7993,45,608212,Self-Employed,Bengaluru
7994,55,768606,Self-Employed,Hyderabad
7995,52,1166694,Salaried,Kolkata
7996,64,678349,Self-Employed,Bengaluru
7997,59,1808722,Student,Kolkata
7998,26,514867,Business,Kolkata
7999,52,1630964,Student,Kolkata
8000,55,1017433,Self-Employed,Chennai
8001,35,2207962,Self-Employed,Chennai
8002,55,1259245,Salaried,Mumbai
8003,64,2198390,Salaried,Chennai
8004,64,1439690,Salaried,Chennai
8005,52,1876231,Salaried,Chennai
8006,49,759737,Self-Employed,Kolkata
8007,57,1984452,Retired,Delhi
8008,53,1305049,Salaried,Kolkata
8009,37,1518585,Retired,Bengaluru
8010,22,1028166,Retired,Mumbai
8011,30,792996,Salaried,Kolkata
8012,35,2290138,Business,Kolkata
8013,28,1289755,Student,Bengaluru
8014,54,514913,Student,Chennai
8015,38,1108023,Retired,Bengaluru
8016,54,223798,Student,Hyderabad
8017,57,1311685,Self-Employed,Kolkata
8018,38,1061750,Student,Hyderabad
8019,46,373185,Student,Mumbai
8020,40,2400682,Self-Employed,Bengaluru
8021,25,2117145,Student,Delhi
8022,38,1151468,Business,Delhi
8023,57,1063700,Self-Employed,Hyderabad
8024,51,618568,Self-Employed,Mumbai
8025,47,1696996,Retired,Hyderabad
8026,67,740162,Business,Mumbai
8027,54,1169258,Salaried,Delhi
8028,57,2093590,Salaried,Delhi
8029,32,1973786,Self-Employed,Mumbai
8030,39,2401255,Self-Employed,Bengaluru
8031,55,1221373,Retired,Mumbai
8032,49,1523482,Student,Delhi
8033,26,1905969,Retired,Hyderabad
8034,43,1137673,Salaried,Delhi
8035,33,1059524,Salaried,Hyderabad
8036,69,262257,Business,Bengaluru
8037,66,422333,Retired,Mumbai
8038,58,883729,Retired,Mumbai
8039,54,1051223,Business,Hyderabad
8040,25,723191,Student,Bengaluru
8041,49,1810755,Student,Delhi
8042,52,1897803,Business,Mumbai
8043,64,985892,Salaried,Bengaluru
8044,60,592942,Student,Delhi
8045,59,1379545,Student,Delhi
8046,51,1838551,Salaried,Hyderabad
8047,39,662331,Business,Delhi
8048,60,1689913,Salaried,Delhi
8049,52,1903613,Student,Bengaluru
8050,69,2194861,Student,Delhi
8051,36,2100362,Self-Employed,Delhi
8052,58,2381025,Retired,Mumbai
8053,38,735951,Self-Employed,Chennai
8054,41,489598,Student,Hyderabad
8055,58,728102,Retired,Bengaluru
8056,63,1133232,Student,Mumbai
8057,50,1823279,Salaried,Hyderabad
8058,56,249982,Salaried,Delhi
8059,37,2110029,Retired,Bengaluru
8060,68,2381353,Salaried,Bengaluru
8061,40,2121575,Retired,Kolkata
8062,56,1892066,Business,Bengaluru
8063,52,1192797,Retired,Bengaluru
8064,43,1089498,Business,Bengaluru
8065,58,2222422,Salaried,Chennai
8066,35,2412016,Self-Employed,Hyderabad
8067,34,2290683,Business,Kolkata
8068,36,2316858,Retired,Hyderabad
8069,62,1687129,Business,Hyderabad
8070,62,250618,Retired,Mumbai
8071,36,1601452,Student,Hyderabad
8072,38,1845096,Self-Employed,Kolkata
8073,34,271137,Self-Employed,Bengaluru
8074,62,268815,Business,Mumbai
8075,28,2413614,Business,Bengaluru
8076,29,2402080,Retired,Bengaluru
8077,59,1581033,Self-Employed,Bengaluru
8078,27,2184413,Salaried,Hyderabad
8079,40,253927,Salaried,Bengaluru
8080,37,632843,Retired,Bengaluru
8081,51,2362134,Salaried,Delhi
8082,68,2359468,Self-Employed,Hyderabad
8083,52,2372250,Self-Employed,Delhi
8084,34,2068985,Retired,Mumbai
8085,39,372502,Student,Mumbai
8086,61,944698,Student,Delhi
8087,57,1866884,Business,Chennai
8088,38,1636191,Student,Hyderabad
8089,39,865727,Student,Delhi
8090,21,2263335,Self-Employed,Delhi
8091,22,1308763,Retired,Kolkata
8092,59,343965,Business,Chennai
8093,26,1897305,Salaried,Mumbai
8094,56,1636414,Business,Bengaluru
8095,52,1918884,Retired,Mumbai
8096,36,227983,Self-Employed,Bengaluru
8097,60,2453606,Retired,Bengaluru
8098,66,2182861,Student,Bengaluru
8099,37,1912069,Business,Bengaluru
8100,50,1427408,Student,Hyderabad
8101,43,2077344,Student,Mumbai
8102,36,2169548,Retired,Chennai
8103,60,646188,Student,Chennai
8104,49,1046442,Self-Employed,Hyderabad
8105,38,1921414,Business,Hyderabad
8106,31,716875,Retired,Chennai
8107,34,719870,Salaried,Chennai
8108,63,514103,Retired,Bengaluru
8109,23,518652,Self-Employed,Delhi
8110,31,1247038,Self-Employed,Bengaluru
8111,59,930023,Self-Employed,Kolkata
8112,69,718140,Salaried,Kolkata
8113,60,1883959,Business,Hyderabad
8114,54,450336,Student,Bengaluru
8115,50,1673588,Student,Chennai
8116,60,654731,Student,Delhi
8117,46,1045530,Business,Kolkata
8118,39,1329486,Business,Hyderabad
8119,68,296400,Salaried,Kolkata
8120,33,1379886,Business,Kolkata
8121,26,644110,Business,Hyderabad
8122,49,289465,Retired,Bengaluru
8123,52,1336318,Business,Delhi
8124,49,1738694,Retired,Chennai
8125,24,1717475,Self-Employed,Delhi
8126,49,2385572,Retired,Hyderabad
8127,30,970346,Business,Hyderabad
8128,58,2167430,Business,Bengaluru
8129,69,543733,Student,Bengaluru
8130,21,921090,Student,Mumbai
8131,52,591488,Student,Kolkata
8132,52,1160898,Business,Chennai
8133,32,1745331,Salaried,Bengaluru
8134,41,704906,Self-Employed,Hyderabad
8135,44,1211766,Self-Employed,Bengaluru
8136,25,798554,Salaried,Mumbai
8137,41,1763019,Self-Employed,Mumbai
8138,28,1562444,Business,Delhi
8139,52,714328,Salaried,Kolkata
8140,32,1202954,Student,Hyderabad
8141,46,1877164,Salaried,Delhi
8142,56,1703463,Self-Employed,Hyderabad
8143,66,707035,Self-Employed,Hyderabad
8144,55,843159,Retired,Delhi
8145,66,1652836,Self-Employed,Chennai
8146,26,1800659,Student,Delhi
8147,31,2431410,Student,Mumbai
8148,38,1259093,Business,Kolkata
8149,35,329120,Self-Employed,Delhi
8150,32,948364,Student,Mumbai
8151,48,1111151,Salaried,Kolkata
8152,51,2490198,Business,Hyderabad
8153,63,915529,Business,Hyderabad
8154,24,1281619,Retired,Delhi
8155,67,238719,Student,Chennai
8156,21,318763,Salaried,Kolkata
8157,62,262452,Business,Kolkata
8158,47,2491644,Retired,Kolkata
8159,51,297100,Salaried,Delhi
8160,40,1678057,Salaried,Hyderabad
8161,33,2459800,Business,Chennai
8162,63,899202,Business,Hyderabad
8163,22,531618,Business,Delhi
8164,51,233844,Student,Hyderabad
8165,49,2308659,Student,Bengaluru
8166,64,912978,Self-Employed,Bengaluru
8167,40,2146228,Salaried,Kolkata
8168,60,363875,Salaried,Mumbai
8169,39,2315666,Student,Chennai
8170,58,775888,Self-Employed,Delhi
8171,31,1994399,Self-Employed,Kolkata
8172,27,1410076,Student,Kolkata
8173,57,866191,Salaried,Delhi
8174,68,341648,Retired,Kolkata
8175,55,1132305,Student,Delhi
8176,55,1555309,Self-Employed,Hyderabad
8177,47,2253204,Business,Hyderabad
8178,24,1851784,Business,Hyderabad
8179,44,1895424,Retired,Chennai
8180,52,1781606,Retired,Bengaluru
8181,21,1731343,Self-Employed,Hyderabad
8182,56,758587,Salaried,Bengaluru
8183,65,2071953,Student,Mumbai
8184,59,692317,Business,Kolkata
8185,37,769281,Self-Employed,Mumbai
8186,64,2203704,Self-Employed,Hyderabad
8187,21,1680339,Business,Delhi
8188,37,2035120,Salaried,Delhi
8189,44,2314070,Retired,Chennai
8190,41,2244819,Self-Employed,Mumbai
8191,57,427449,Student,Hyderabad
8192,54,2168687,Self-Employed,Kolkata
8193,63,2175188,Retired,Mumbai
8194,28,2123214,Salaried,Chennai
8195,63,1125849,Retired,Chennai
8196,40,1049385,Student,Mumbai
8197,27,504174,Salaried,Delhi
8198,48,1896982,Salaried,Mumbai
8199,40,1912042,Business,Hyderabad
8200,35,1201761,Retired,Delhi
8201,58,1754776,Student,Mumbai
8202,38,259103,Business,Kolkata
8203,53,2340449,Business,Kolkata
8204,31,263445,Business,Bengaluru
8205,51,1063861,Student,Delhi
8206,67,2107274,Self-Employed,Delhi
8207,23,1241085,Self-Employed,Kolkata
8208,67,2430690,Student,Kolkata
8209,64,907726,Student,Hyderabad
8210,57,1292118,Student,Kolkata
8211,25,769858,Student,Mumbai
8212,53,441575,Business,Chennai
8213,55,443143,Retired,Mumbai
8214,50,618443,Retired,Chennai
8215,64,1473869,Retired,Kolkata
8216,60,218616,Salaried,Kolkata
8217,38,1419895,Self-Employed,Chennai
8218,22,250427,Salaried,Kolkata
8219,43,643621,Business,Hyderabad
8220,25,349235,Self-Employed,Bengaluru
8221,25,430161,Retired,Mumbai
8222,29,1664394,Business,Mumbai
8223,68,1492372,Business,Mumbai
8224,40,440043,Salaried,Bengaluru
8225,35,1719001,Business,Delhi
8226,51,1968160,Business,Chennai
8227,24,1112808,Self-Employed,Delhi
8228,22,1108541,Salaried,Bengaluru
8229,47,2102960,Self-Employed,Chennai
8230,37,2300143,Retired,Bengaluru
8231,27,1558937,Student,Hyderabad
8232,55,1552445,Business,Delhi
8233,21,1971832,Retired,Chennai
8234,35,2401037,Self-Employed,Chennai
8235,27,1175041,Self-Employed,Bengaluru
8236,66,2436679,Retired,Delhi
8237,64,2336327,Self-Employed,Chennai
8238,32,2152529,Student,Kolkata
8239,21,1035694,Salaried,Mumbai
8240,45,1573913,Self-Employed,Delhi
8241,59,1969198,Salaried,Bengaluru
8242,51,1925309,Business,Bengaluru
8243,61,265921,Salaried,Hyderabad
8244,50,1302708,Business,Delhi
8245,49,1762068,Salaried,Mumbai
8246,35,2047939,Business,Bengaluru
8247,63,720172,Retired,Delhi
8248,56,1788281,Business,Hyderabad
8249,27,1661418,Salaried,Delhi
8250,28,2010730,Salaried,Hyderabad
8251,54,2139294,Student,Chennai
8252,65,696467,Retired,Bengaluru
8253,21,309248,Self-Employed,Chennai
8254,65,1894615,Student,Mumbai
8255,33,1472878,Student,Mumbai
8256,35,484470,Student,Kolkata
8257,28,387788,Business,Kolkata
8258,48,1018231,Business,Bengaluru
8259,37,1477257,Business,Bengaluru
8260,21,2017689,Business,Kolkata
8261,44,1055756,Student,Chennai
8262,64,2238239,Business,Chennai
8263,60,2215637,Self-Employed,Delhi
8264,37,396172,Student,Hyderabad
8265,46,1166854,Student,Delhi
8266,23,2245371,Self-Employed,Mumbai
8267,49,648914,Retired,Chennai
8268,49,444018,Salaried,Hyderabad
8269,64,540041,Retired,Delhi
8270,43,1153694,Student,Chennai
8271,28,210752,Student,Delhi
8272,34,396020,Retired,Hyderabad
8273,48,1049836,Retired,Mumbai
8274,66,2073672,Student,Kolkata
8275,67,622227,Student,Chennai
8276,22,1864084,Retired,Kolkata
8277,53,1933506,Student,Hyderabad
8278,50,2023626,Business,Hyderabad
8279,52,1014069,Student,Chennai
8280,62,1622672,Business,Hyderabad
8281,23,2323622,Salaried,Mumbai
8282,50,1752501,Salaried,Hyderabad
8283,33,897278,Student,Kolkata
8284,69,1131045,Salaried,Mumbai
8285,29,765801,Student,Delhi
8286,34,888855,Self-Employed,Mumbai
8287,64,746713,Salaried,Chennai
8288,22,957745,Business,Chennai
8289,34,1260876,Salaried,Mumbai
8290,62,1130172,Retired,Chennai
8291,49,1737251,Retired,Chennai
8292,61,1115635,Business,Hyderabad
8293,25,1226121,Retired,Bengaluru
8294,35,637225,Retired,Hyderabad
8295,39,2323385,Salaried,Hyderabad
8296,56,1631048,Retired,Mumbai
8297,32,1701826,Retired,Delhi
8298,35,348665,Retired,Mumbai
8299,33,1363098,Business,Bengaluru
8300,27,594979,Salaried,Chennai
8301,23,225261,Retired,Bengaluru
8302,42,1493865,Business,Delhi
8303,36,1154943,Self-Employed,Delhi
8304,65,494831,Student,Bengaluru
8305,41,1747002,Self-Employed,Mumbai
8306,68,2415290,Business,Mumbai
8307,64,2451429,Salaried,Delhi
8308,59,994528,Business,Chennai
8309,65,1248802,Self-Employed,Hyderabad
8310,60,308821,Student,Mumbai
8311,23,465974,Retired,Kolkata
8312,59,512146,Retired,Kolkata
8313,30,1852801,Student,Chennai
8314,48,509107,Self-Employed,Mumbai
8315,48,917026,Business,Kolkata
8316,58,1016978,Business,Delhi
8317,63,1568459,Self-Employed,Bengaluru
8318,52,1785409,Retired,Bengaluru
8319,38,957882,Business,Mumbai
8320,36,2243293,Self-Employed,Mumbai
8321,36,838740,Student,Chennai
8322,26,665143,Retired,Hyderabad
8323,32,1583305,Salaried,Hyderabad
8324,48,2167622,Self-Employed,Hyderabad
8325,32,1983119,Business,Chennai
8326,38,1001597,Student,Kolkata
8327,61,2271504,Business,Mumbai
8328,58,1698343,Salaried,Chennai
8329,68,2468430,Business,Kolkata
8330,27,1589243,Salaried,Delhi
8331,61,1908971,Business,Kolkata
8332,59,911497,Salaried,Mumbai
8333,67,707416,Business,Mumbai
8334,43,1072050,Student,Kolkata
8335,30,1732620,Business,Bengaluru
8336,67,1800964,Salaried,Hyderabad
8337,68,2139358,Retired,Delhi
8338,40,905225,Retired,Bengaluru
8339,49,1456457,Self-Employed,Bengaluru
8340,28,1406457,Retired,Kolkata
8341,32,1850539,Business,Kolkata
8342,63,1879679,Salaried,Chennai
8343,67,249679,Student,Mumbai
8344,65,208232,Retired,Chennai
8345,43,369762,Business,Hyderabad
8346,65,1841529,Self-Employed,Chennai
8347,38,1066278,Self-Employed,Hyderabad
8348,69,442393,Retired,Kolkata
8349,41,1953145,Salaried,Chennai
8350,55,1954767,Retired,Bengaluru
8351,30,2385012,Student,Bengaluru
8352,24,2253161,Business,Delhi
8353,48,854302,Student,Hyderabad
8354,43,1717100,Retired,Hyderabad
8355,51,1250306,Student,Chennai
8356,30,2469833,Student,Bengaluru
8357,25,2463115,Self-Employed,Kolkata
8358,40,1371999,Self-Employed,Bengaluru
8359,64,300987,Retired,Delhi
8360,37,1805712,Self-Employed,Chennai
8361,68,2279792,Salaried,Chennai
8362,28,588305,Retired,Bengaluru
8363,56,1676848,Self-Employed,Bengaluru
8364,27,2418797,Business,Chennai
8365,37,1825668,Retired,Delhi
8366,68,263247,Salaried,Chennai
8367,44,1122182,Student,Bengaluru
8368,66,241650,Retired,Delhi
8369,57,2160558,Business,Hyderabad
8370,33,1286566,Retired,Chennai
8371,30,1093528,Business,Kolkata
8372,21,1074920,Business,Chennai
8373,26,565903,Business,Kolkata
8374,58,1642148,Salaried,Hyderabad
8375,51,1970703,Business,Delhi
8376,42,2178817,Salaried,Hyderabad
8377,50,2470181,Business,Hyderabad
8378,53,1708792,Retired,Bengaluru
8379,43,1696753,Self-Employed,Chennai
8380,36,885248,Business,Chennai
8381,28,2190902,Self-Employed,Delhi
8382,62,2152659,Student,Bengaluru
8383,45,1203275,Retired,Hyderabad
8384,38,877123,Salaried,Chennai
8385,44,786475,Self-Employed,Delhi
8386,22,1370845,Retired,Bengaluru
8387,65,1327437,Retired,Delhi
8388,38,1438261,Business,Delhi
8389,54,971641,Self-Employed,Mumbai
8390,65,1149010,Business,Mumbai
8391,53,341938,Self-Employed,Chennai
8392,21,2306134,Salaried,Mumbai
8393,59,566323,Salaried,Kolkata
8394,34,2327981,Business,Chennai
8395,67,599004,Business,Kolkata
8396,68,2008186,Student,Bengaluru
8397,65,255441,Retired,Chennai
8398,56,798902,Business,Delhi
8399,23,645739,Business,Bengaluru
8400,47,1807491,Business,Chennai
8401,24,630342,Salaried,Kolkata
8402,69,1542870,Retired,Mumbai
8403,56,2040290,Salaried,Mumbai
8404,69,756689,Retired,Delhi
8405,25,549818,Business,Hyderabad
8406,42,717726,Student,Delhi
8407,34,2391857,Self-Employed,Mumbai
8408,61,1879948,Self-Employed,Bengaluru
8409,43,1311666,Self-Employed,Hyderabad
8410,49,1931328,Business,Hyderabad
8411,63,1853877,Student,Chennai
8412,47,735489,Self-Employed,Mumbai
8413,39,1755628,Retired,Delhi
8414,23,1178722,Salaried,Hyderabad
8415,43,1494831,Business,Hyderabad
8416,47,675047,Student,Hyderabad
8417,46,1694454,Retired,Mumbai
8418,56,2412666,Student,Delhi
8419,37,2275616,Retired,Bengaluru
8420,30,1663446,Business,Kolkata
8421,52,1741667,Salaried,Kolkata
8422,60,424198,Student,Bengaluru
8423,21,2143271,Salaried,Chennai
8424,43,648962,Retired,Chennai
8425,40,1337706,Student,Delhi
8426,45,237619,Business,Chennai
8427,25,864242,Self-Employed,Chennai
8428,55,293928,Retired,Chennai
8429,24,912050,Business,Delhi
8430,52,2161626,Student,Mumbai
8431,47,2222834,Self-Employed,Mumbai
8432,64,1873435,Student,Bengaluru
8433,24,1721211,Retired,Delhi
8434,50,1181612,Retired,Mumbai
8435,56,289736,Retired,Hyderabad
8436,31,385001,Student,Kolkata
8437,59,546734,Salaried,Mumbai
8438,38,335627,Student,Delhi
8439,31,2473377,Self-Employed,Chennai
8440,66,2055232,Student,Delhi
8441,30,1236300,Student,Delhi
8442,52,1003242,Salaried,Chennai
8443,59,1573485,Salaried,Bengaluru
8444,55,1114219,Salaried,Hyderabad
8445,66,382952,Business,Mumbai
8446,38,2497247,Business,Chennai
8447,38,303634,Business,Hyderabad
8448,24,1875799,Business,Bengaluru
8449,67,1490917,Self-Employed,Bengaluru
8450,66,386444,Self-Employed,Kolkata
8451,36,819433,Salaried,Bengaluru
8452,51,442973,Business,Chennai
8453,38,1390108,Self-Employed,Hyderabad
8454,55,1590170,Salaried,Kolkata
8455,64,205538,Salaried,Delhi
8456,68,2062873,Business,Chennai
8457,22,380872,Self-Employed,Kolkata
8458,53,520849,Retired,Kolkata
8459,25,1106075,Self-Employed,Bengaluru
8460,41,1185072,Self-Employed,Mumbai
8461,47,2318046,Self-Employed,Hyderabad
8462,44,1703023,Salaried,Kolkata
8463,21,1590414,Self-Employed,Bengaluru
8464,24,1246921,Self-Employed,Kolkata
8465,22,1392514,Self-Employed,Mumbai
8466,26,2454470,Retired,Chennai
8467,63,1168994,Student,Bengaluru
8468,42,1560079,Business,Delhi
8469,49,1558912,Retired,Bengaluru
8470,34,2259076,Retired,Chennai
8471,66,2059184,Business,Bengaluru
8472,36,2278186,Retired,Bengaluru
8473,46,1569959,Retired,Bengaluru
8474,34,1514405,Student,Mumbai
8475,59,1359230,Student,Kolkata
8476,36,694384,Self-Employed,Chennai
8477,54,1832077,Business,Hyderabad
8478,41,457576,Salaried,Delhi
8479,36,1240231,Retired,Delhi
8480,66,1527189,Business,Delhi
8481,51,2166277,Business,Kolkata
8482,34,1710545,Student,Bengaluru
8483,57,1312334,Self-Employed,Mumbai
8484,47,1513520,Salaried,Hyderabad
8485,57,2275288,Retired,Kolkata
8486,43,300805,Student,Kolkata
8487,22,1526954,Student,Chennai
8488,39,802546,Salaried,Hyderabad
8489,66,1540773,Self-Employed,Delhi
8490,63,2408925,Salaried,Delhi
8491,43,1477627,Retired,Mumbai
8492,25,1812137,Retired,Mumbai
8493,40,440135,Self-Employed,Delhi
8494,26,1956755,Business,Chennai
8495,33,1871970,Business,Bengaluru
8496,55,642575,Student,Mumbai
8497,37,903394,Business,Chennai
8498,47,732717,Business,Bengaluru
8499,24,333533,Student,Hyderabad
8500,21,263322,Salaried,Mumbai
8501,69,707164,Salaried,Delhi
8502,33,2388241,Business,Mumbai
8503,38,1069709,Retired,Kolkata
8504,62,408506,Retired,Chennai
8505,25,1697199,Business,Bengaluru
8506,21,1006938,Business,Mumbai
8507,67,996837,Self-Employed,Kolkata
8508,27,329868,Business,Mumbai
8509,33,983880,Retired,Delhi
8510,55,2478114,Self-Employed,Delhi
8511,51,498901,Business,Hyderabad
8512,36,359761,Business,Hyderabad
8513,55,597253,Salaried,Mumbai
8514,39,1641832,Business,Chennai
8515,69,718742,Salaried,Bengaluru
8516,22,967612,Self-Employed,Bengaluru
8517,46,962741,Student,Bengaluru
8518,41,1075306,Business,Chennai
8519,67,527052,Business,Hyderabad
8520,53,510389,Salaried,Delhi
8521,44,1916632,Student,Chennai
8522,63,1376210,Retired,Chennai
8523,42,749902,Salaried,Mumbai
8524,28,305092,Business,Kolkata
8525,21,1951764,Salaried,Hyderabad
8526,22,2472301,Retired,Chennai
8527,61,711812,Salaried,Bengaluru
8528,41,1497589,Business,Bengaluru
8529,25,581910,Retired,Hyderabad
8530,66,1768217,Retired,Hyderabad
8531,50,365285,Student,Kolkata
8532,45,1365132,Retired,Chennai
8533,61,1589139,Business,Chennai
8534,52,1064034,Student,Kolkata
8535,45,522364,Business,Chennai
8536,25,552257,Salaried,Chennai
8537,24,293872,Salaried,Hyderabad
8538,26,813822,Student,Kolkata
8539,25,1504819,Salaried,Bengaluru
8540,55,1281700,Salaried,Delhi
8541,44,316339,Retired,Hyderabad
8542,62,1003491,Retired,Chennai
8543,69,424538,Student,Mumbai
8544,61,276121,Self-Employed,Mumbai
8545,64,2052237,Self-Employed,Hyderabad
8546,25,463568,Self-Employed,Mumbai
8547,36,424202,Student,Hyderabad
8548,46,1831440,Retired,Chennai
8549,37,1245363,Self-Employed,Bengaluru
8550,65,1261114,Business,Delhi
8551,55,1298401,Retired,Kolkata
8552,49,2181111,Business,Delhi
8553,56,1773541,Salaried,Bengaluru
8554,52,864515,Self-Employed,Hyderabad
8555,57,1916278,Self-Employed,Hyderabad
8556,44,251531,Salaried,Hyderabad
8557,23,2095211,Self-Employed,Delhi
8558,61,2420510,Retired,Mumbai
8559,69,2102221,Salaried,Delhi
8560,25,205685,Student,Mumbai
8561,61,1580599,Salaried,Hyderabad
8562,29,1867903,Salaried,Bengaluru
8563,31,1714099,Student,Mumbai
8564,44,1457879,Self-Employed,Hyderabad
8565,35,1488289,Retired,Mumbai
8566,40,311888,Self-Employed,Hyderabad
8567,44,2025342,Student,Bengaluru
8568,28,311886,Self-Employed,Chennai
8569,61,2198160,Student,Chennai
8570,52,1125981,Student,Bengaluru
8571,27,1878388,Student,Kolkata
8572,35,2366074,Salaried,Delhi
8573,48,2083263,Self-Employed,Mumbai
8574,24,902391,Self-Employed,Bengaluru
8575,37,1017581,Salaried,Mumbai
8576,50,694642,Retired,Bengaluru
8577,25,1081179,Student,Chennai
8578,49,415637,Retired,Kolkata
8579,30,1331973,Retired,Mumbai
8580,61,1869200,Salaried,Hyderabad
8581,58,1137505,Student,Bengaluru
8582,40,442619,Self-Employed,Chennai
8583,39,2409115,Student,Bengaluru
8584,30,401112,Student,Kolkata
8585,54,2281094,Student,Kolkata
8586,40,2289238,Retired,Hyderabad
8587,52,2191384,Student,Mumbai
8588,37,245066,Student,Delhi
8589,51,1953019,Self-Employed,Bengaluru
8590,49,525341,Self-Employed,Bengaluru
8591,29,2129602,Salaried,Mumbai
8592,31,1310006,Student,Kolkata
8593,42,1207959,Retired,Kolkata
8594,32,341157,Retired,Chennai
8595,45,839371,Self-Employed,Kolkata
8596,65,2496421,Self-Employed,Kolkata
8597,22,1589790,Business,Chennai
8598,61,315959,Self-Employed,Kolkata
8599,28,1251119,Business,Hyderabad
8600,33,749000,Salaried,Mumbai
8601,34,1211363,Salaried,Kolkata
8602,21,1775921,Business,Mumbai
8603,67,552895,Business,Hyderabad
8604,44,324651,Business,Mumbai
8605,45,2351763,Salaried,Chennai
8606,61,1514645,Self-Employed,Mumbai
8607,48,775218,Student,Hyderabad
8608,49,2032596,Salaried,Mumbai
8609,21,2165495,Retired,Kolkata
8610,49,1270634,Student,Mumbai
8611,49,303530,Business,Mumbai
8612,37,1255795,Business,Delhi
8613,58,1347547,Salaried,Bengaluru
8614,48,1039923,Student,Delhi
8615,34,1972825,Business,Mumbai
8616,41,1220457,Student,Chennai
8617,61,253051,Self-Employed,Kolkata
8618,39,2111685,Salaried,Chennai
8619,63,266455,Salaried,Kolkata
8620,66,236271,Business,Chennai
8621,43,2236614,Student,Chennai
8622,44,2111908,Retired,Delhi
8623,50,1143151,Student,Chennai
8624,58,986902,Retired,Chennai
8625,68,931936,Student,Bengaluru
8626,34,1506955,Retired,Hyderabad
8627,34,1642577,Student,Kolkata
8628,45,1343113,Salaried,Chennai
8629,65,2198496,Business,Hyderabad
8630,35,1317374,Retired,Delhi
8631,57,1661687,Student,Bengaluru
8632,37,1428008,Salaried,Delhi
8633,46,1210023,Business,Kolkata
8634,29,2311111,Self-Employed,Mumbai
8635,62,2041553,Salaried,Bengaluru
8636,62,2280060,Business,Delhi
8637,64,308459,Retired,Hyderabad
8638,37,943024,Retired,Hyderabad
8639,24,1355749,Salaried,Hyderabad
8640,22,381119,Self-Employed,Bengaluru
8641,62,634235,Self-Employed,Hyderabad
8642,25,1749453,Retired,Bengaluru
8643,37,1469966,Student,Mumbai
8644,48,2424476,Self-Employed,Bengaluru
8645,51,2160524,Self-Employed,Hyderabad
8646,29,2355477,Business,Delhi
8647,56,654259,Business,Delhi
8648,66,1518060,Business,Mumbai
8649,67,2145683,Self-Employed,Delhi
8650,61,2438965,Salaried,Delhi
8651,67,1067530,Self-Employed,Bengaluru
8652,64,848124,Retired,Bengaluru
8653,27,2415291,Student,Mumbai
8654,45,2357059,Salaried,Mumbai
8655,26,1458702,Salaried,Chennai
8656,34,1638257,Self-Employed,Mumbai
8657,47,1763456,Self-Employed,Bengaluru
8658,31,535283,Retired,Hyderabad
8659,57,1859446,Self-Employed,Chennai
8660,50,1097757,Retired,Mumbai
8661,43,817250,Student,Chennai
8662,60,1229151,Business,Hyderabad
8663,37,1038009,Salaried,Delhi
8664,23,998395,Retired,Bengaluru
8665,33,927594,Self-Employed,Chennai
8666,41,402059,Student,Hyderabad
8667,40,2415180,Student,Kolkata
8668,50,1733983,Student,Delhi
8669,40,260497,Retired,Bengaluru
8670,67,1731567,Student,Kolkata
8671,67,1002517,Self-Employed,Chennai
8672,41,1400801,Student,Chennai
8673,67,2499261,Salaried,Kolkata
8674,48,1849288,Self-Employed,Hyderabad
8675,35,244658,Self-Employed,Mumbai
8676,63,1702584,Self-Employed,Delhi
8677,37,2074603,Student,Kolkata
8678,38,1712977,Self-Employed,Bengaluru
8679,55,2347587,Business,Bengaluru
8680,67,1354286,Salaried,Bengaluru
8681,56,751686,Salaried,Delhi
8682,52,568879,Retired,Bengaluru
8683,45,2083279,Business,Kolkata
8684,31,517737,Business,Bengaluru
8685,27,1679527,Salaried,Bengaluru
8686,48,1562962,Retired,Chennai
8687,30,1286333,Self-Employed,Chennai
8688,42,1009597,Retired,Mumbai
8689,64,1050500,Business,Chennai
8690,27,977001,Student,Mumbai
8691,63,1152082,Student,Chennai
8692,27,657843,Self-Employed,Kolkata
8693,50,315535,Salaried,Chennai
8694,42,243688,Retired,Bengaluru
8695,30,1329760,Business,Delhi
8696,29,671812,Student,Chennai
8697,23,2000356,Student,Hyderabad
8698,37,2305393,Self-Employed,Delhi
8699,24,1991492,Salaried,Hyderabad
8700,49,1368891,Retired,Chennai
8701,41,2077560,Salaried,Chennai
8702,59,356920,Business,Delhi
8703,33,767121,Retired,Kolkata
8704,43,1377356,Student,Chennai
8705,47,783365,Business,Mumbai
8706,48,1964658,Student,Delhi
8707,52,1511113,Self-Employed,Delhi
8708,23,508276,Retired,Delhi
8709,33,1333481,Business,Hyderabad
8710,21,394047,Salaried,Bengaluru
8711,25,2170897,Salaried,Hyderabad
8712,41,1494288,Business,Kolkata
8713,60,1052128,Self-Employed,Hyderabad
8714,60,1857814,Self-Employed,Delhi
8715,56,1952328,Student,Kolkata
8716,51,1328170,Business,Mumbai
8717,56,760073,Student,Mumbai
8718,56,1098159,Salaried,Kolkata
8719,27,1583887,Self-Employed,Bengaluru
8720,60,1523449,Self-Employed,Chennai
8721,55,1268448,Salaried,Mumbai
8722,24,1464221,Retired,Kolkata
8723,52,1078941,Retired,Delhi
8724,23,1738658,Salaried,Kolkata
8725,60,1180319,Retired,Bengaluru
8726,66,939656,Salaried,Kolkata
8727,68,1423323,Business,Chennai
8728,47,1556827,Retired,Bengaluru
8729,68,972898,Self-Employed,Kolkata
8730,42,780366,Salaried,Delhi
8731,61,1040049,Self-Employed,Hyderabad
8732,28,1050345,Student,Delhi
8733,34,1178484,Salaried,Delhi
8734,43,1786203,Retired,Hyderabad
8735,61,1065395,Retired,Delhi
8736,35,2101162,Self-Employed,Delhi
8737,26,1977576,Student,Mumbai
8738,33,1192889,Retired,Hyderabad
8739,61,207512,Business,Bengaluru
8740,57,2112809,Self-Employed,Chennai
8741,45,2024670,Self-Employed,Delhi
8742,22,2133943,Self-Employed,Bengaluru
8743,31,2177324,Retired,Chennai
8744,44,1622083,Retired,Hyderabad
8745,58,1862227,Retired,Delhi
8746,46,569190,Self-Employed,Mumbai
8747,46,1681635,Self-Employed,Mumbai
8748,47,2241215,Self-Employed,Kolkata
8749,27,2062443,Retired,Chennai
8750,58,1990455,Retired,Mumbai
8751,32,1733063,Retired,Hyderabad
8752,47,892788,Business,Bengaluru
8753,30,672011,Retired,Chennai
8754,52,488933,Student,Chennai
8755,69,1612385,Retired,Delhi
8756,63,1011657,Business,Delhi
8757,53,498810,Business,Mumbai
8758,42,1685186,Student,Chennai
8759,35,997274,Business,Chennai
8760,57,1828424,Self-Employed,Bengaluru
8761,56,1773831,Student,Hyderabad
8762,59,1587616,Student,Mumbai
8763,45,1119230,Retired,Bengaluru
8764,28,1586424,Business,Chennai
8765,24,221739,Student,Mumbai
8766,44,2303901,Student,Hyderabad
8767,40,1064153,Student,Hyderabad
8768,63,1416094,Self-Employed,Chennai
8769,53,2090819,Self-Employed,Chennai
8770,46,910198,Salaried,Bengaluru
8771,21,1381992,Student,Bengaluru
8772,54,1812177,Student,Bengaluru
8773,30,1030093,Self-Employed,Delhi
8774,65,1912216,Business,Chennai
8775,32,2430390,Retired,Kolkata
8776,35,2395546,Student,Bengaluru
8777,48,2064155,Student,Bengaluru
8778,66,1775275,Student,Hyderabad
8779,69,1603880,Student,Chennai
8780,64,691098,Self-Employed,Mumbai
8781,60,846433,Retired,Delhi
8782,56,1793166,Salaried,Mumbai
8783,55,204604,Retired,Kolkata
8784,43,1023017,Retired,Chennai
8785,69,1802680,Student,Chennai
8786,51,1902933,Retired,Kolkata
8787,24,2069049,Self-Employed,Bengaluru
8788,33,2217411,Retired,Hyderabad
8789,47,1897881,Salaried,Kolkata
8790,22,1182459,Salaried,Delhi
8791,22,2130121,Self-Employed,Kolkata
8792,59,1033667,Self-Employed,Kolkata
8793,39,1129040,Salaried,Chennai
8794,55,870755,Business,Mumbai
8795,51,345729,Student,Chennai
8796,49,999688,Salaried,Mumbai
8797,50,1769236,Self-Employed,Chennai
8798,44,1053193,Retired,Chennai
8799,26,2477803,Business,Bengaluru
8800,32,1509167,Salaried,Kolkata
8801,29,1191034,Self-Employed,Mumbai
8802,24,2216771,Retired,Hyderabad
8803,44,1070137,Business,Bengaluru
8804,64,1359658,Self-Employed,Chennai
8805,21,1014041,Self-Employed,Bengaluru
8806,35,497884,Business,Delhi
8807,30,1287343,Retired,Hyderabad
8808,25,750764,Student,Delhi
8809,63,1340548,Self-Employed,Bengaluru
8810,59,212512,Student,Mumbai
8811,54,1263261,Retired,Hyderabad
8812,23,1359794,Business,Mumbai
8813,30,2087664,Self-Employed,Mumbai
8814,32,1405103,Business,Delhi
8815,54,1282892,Business,Chennai
8816,32,1746401,Retired,Chennai
8817,65,2358447,Self-Employed,Hyderabad
8818,43,720575,Retired,Hyderabad
8819,31,423252,Self-Employed,Delhi
8820,30,1838007,Self-Employed,Mumbai
8821,30,916464,Salaried,Kolkata
8822,41,1791818,Business,Bengaluru
8823,31,340100,Business,Chennai
8824,69,779349,Salaried,Kolkata
8825,26,1338922,Student,Hyderabad
8826,47,312320,Retired,Kolkata
8827,52,727827,Student,Bengaluru
8828,55,909555,Retired,Chennai
8829,61,1649489,Salaried,Hyderabad
8830,30,2366003,Retired,Chennai
8831,31,309959,Retired,Mumbai
8832,48,664956,Student,Chennai
8833,38,1282382,Business,Chennai
8834,53,786377,Self-Employed,Chennai
8835,55,1507170,Self-Employed,Delhi
8836,28,1556079,Salaried,Chennai
8837,30,1269706,Business,Kolkata
8838,50,1416803,Student,Bengaluru
8839,52,842120,Retired,Mumbai
8840,44,846039,Self-Employed,Mumbai
8841,65,485612,Self-Employed,Bengaluru
8842,26,1996999,Business,Kolkata
8843,45,547909,Self-Employed,Bengaluru
8844,63,502316,Self-Employed,Hyderabad
8845,39,384149,Self-Employed,Delhi
8846,65,1955452,Salaried,Kolkata
8847,53,2021260,Retired,Delhi
8848,51,525007,Business,Bengaluru
8849,55,1532430,Self-Employed,Kolkata
8850,35,1976724,Salaried,Chennai
8851,34,1469867,Self-Employed,Hyderabad
8852,54,2356471,Self-Employed,Hyderabad
8853,39,2239899,Retired,Kolkata
8854,36,1314091,Retired,Kolkata
8855,44,2239517,Retired,Delhi
8856,52,690750,Business,Kolkata
8857,49,294508,Student,Mumbai
8858,50,1289841,Self-Employed,Chennai
8859,69,1089249,Business,Chennai
8860,31,1563700,Business,Chennai
8861,28,1806602,Self-Employed,Chennai
8862,28,1861430,Retired,Hyderabad
8863,46,1095148,Student,Hyderabad
8864,56,569536,Business,Mumbai
8865,47,495902,Student,Delhi
8866,68,437062,Self-Employed,Mumbai
8867,49,771722,Student,Hyderabad
8868,64,1783211,Student,Delhi
8869,47,927403,Salaried,Chennai
8870,27,1577128,Salaried,Kolkata
8871,61,315736,Self-Employed,Kolkata
8872,38,2205905,Retired,Bengaluru
8873,34,737888,Salaried,Chennai
8874,35,2178337,Self-Employed,Mumbai
8875,51,624476,Retired,Delhi
8876,50,2133630,Salaried,Chennai
8877,65,282646,Salaried,Chennai
8878,34,1704739,Retired,Bengaluru
8879,39,462171,Business,Kolkata
8880,49,411932,Student,Delhi
8881,37,2387508,Student,Chennai
8882,49,702507,Student,Hyderabad
8883,22,1782923,Self-Employed,Hyderabad
8884,46,672200,Business,Hyderabad
8885,29,2375051,Business,Delhi
8886,60,569010,Self-Employed,Bengaluru
8887,28,1939941,Business,Chennai
8888,49,649807,Business,Chennai
8889,48,1558525,Retired,Chennai
8890,68,1952103,Salaried,Bengaluru
8891,36,855495,Salaried,Hyderabad
8892,54,1705303,Business,Bengaluru
8893,60,2344576,Self-Employed,Delhi
8894,61,1526688,Salaried,Hyderabad
8895,61,699840,Retired,Kolkata
8896,43,2058187,Student,Chennai
8897,56,1773351,Retired,Bengaluru
8898,24,1610411,Business,Chennai
8899,46,589919,Business,Hyderabad
8900,48,873573,Retired,Kolkata
8901,61,1732802,Business,Bengaluru
8902,55,1194863,Business,Chennai
8903,41,1585293,Business,Mumbai
8904,28,754051,Retired,Delhi
8905,31,1492169,Self-Employed,Bengaluru
8906,24,241046,Retired,Kolkata
8907,53,251810,Student,Bengaluru
8908,54,1655470,Self-Employed,Bengaluru
8909,27,1416463,Salaried,Bengaluru
8910,49,545572,Self-Employed,Chennai
8911,62,1024002,Business,Kolkata
8912,39,670666,Retired,Kolkata
8913,53,612327,Self-Employed,Chennai
8914,23,817696,Business,Hyderabad
8915,55,1253672,Retired,Chennai
8916,63,1793597,Business,Bengaluru
8917,21,2216765,Business,Chennai
8918,66,1697570,Self-Employed,Chennai
8919,39,2186205,Business,Mumbai
8920,36,1108293,Business,Mumbai
8921,57,1315629,Student,Hyderabad
8922,29,525923,Retired,Mumbai
8923,34,1204160,Retired,Mumbai
8924,61,1295722,Business,Delhi
8925,55,1834959,Retired,Delhi
8926,21,1059207,Student,Kolkata
8927,46,1702241,Student,Chennai
8928,49,1511081,Retired,Chennai
8929,55,2432412,Salaried,Delhi
8930,35,701093,Self-Employed,Delhi
8931,49,460376,Retired,Chennai
8932,37,1194257,Self-Employed,Delhi
8933,36,1787665,Business,Mumbai
8934,21,843664,Student,Chennai
8935,34,541358,Salaried,Delhi
8936,49,1384540,Salaried,Chennai
8937,58,1759582,Retired,Mumbai
8938,26,2278600,Self-Employed,Hyderabad
8939,38,1697373,Retired,Kolkata
8940,37,2441971,Retired,Delhi
8941,32,805126,Self-Employed,Delhi
8942,25,2426741,Business,Chennai
8943,68,1434148,Salaried,Kolkata
8944,41,1288350,Salaried,Hyderabad
8945,69,294047,Salaried,Delhi
8946,51,2095921,Retired,Bengaluru
8947,33,1650048,Business,Mumbai
8948,35,2291861,Salaried,Hyderabad
8949,41,829069,Student,Chennai
8950,30,2421811,Salaried,Kolkata
8951,40,1298132,Student,Hyderabad
8952,33,1267616,Retired,Hyderabad
8953,21,1714715,Student,Hyderabad
8954,53,1985178,Salaried,Bengaluru
8955,57,1548003,Business,Chennai
8956,51,2104105,Retired,Chennai
8957,27,1895922,Retired,Delhi
8958,45,355388,Business,Chennai
8959,64,255419,Salaried,Hyderabad
8960,47,1865402,Salaried,Bengaluru
8961,21,720268,Self-Employed,Mumbai
8962,36,214245,Student,Kolkata
8963,51,767067,Self-Employed,Bengaluru
8964,32,2393219,Business,Delhi
8965,21,1086184,Retired,Bengaluru
8966,40,2361265,Retired,Mumbai
8967,34,1362280,Student,Hyderabad
8968,31,510989,Business,Bengaluru
8969,33,999966,Student,Bengaluru
8970,43,543867,Self-Employed,Bengaluru
8971,62,1198355,Student,Bengaluru
8972,44,1427006,Business,Bengaluru
8973,24,1410681,Self-Employed,Mumbai
8974,24,2090922,Student,Hyderabad
8975,58,2407442,Student,Mumbai
8976,69,699296,Student,Hyderabad
8977,37,935144,Retired,Delhi
8978,21,1734168,Business,Bengaluru
8979,48,1470426,Salaried,Chennai
8980,61,1663243,Retired,Kolkata
8981,56,1299495,Business,Delhi
8982,45,2483331,Salaried,Kolkata
8983,68,2314360,Business,Hyderabad
8984,39,1861650,Business,Mumbai
8985,62,1781734,Self-Employed,Kolkata
8986,57,1503469,Retired,Delhi
8987,26,1947194,Retired,Hyderabad
8988,44,1095143,Self-Employed,Mumbai
8989,46,1191576,Student,Delhi
8990,33,2442893,Self-Employed,Kolkata
8991,52,2301044,Self-Employed,Delhi
8992,62,1872299,Retired,Delhi
8993,38,459419,Retired,Delhi
8994,35,492735,Salaried,Chennai
8995,68,1398568,Retired,Bengaluru
8996,22,2396589,Business,Delhi
8997,56,573996,Self-Employed,Delhi
8998,53,2256896,Business,Hyderabad
8999,25,1856311,Retired,Mumbai
9000,58,1542466,Salaried,Bengaluru
9001,41,851802,Retired,Mumbai
9002,55,2162332,Student,Hyderabad
9003,64,2282756,Salaried,Mumbai
9004,32,1040734,Student,Chennai
9005,39,1332389,Student,Chennai
9006,45,978842,Salaried,Hyderabad
9007,32,1614458,Salaried,Delhi
9008,49,1857280,Retired,Mumbai
9009,41,1137210,Salaried,Kolkata
9010,44,707299,Business,Kolkata
9011,56,950742,Salaried,Kolkata
9012,57,277451,Salaried,Bengaluru
9013,22,1536018,Self-Employed,Chennai
9014,21,1577015,Salaried,Delhi
9015,63,1068015,Retired,Hyderabad
9016,33,1938351,Business,Kolkata
9017,29,1370800,Salaried,Delhi
9018,68,567119,Retired,Mumbai
9019,39,1808681,Business,Delhi
9020,23,1693995,Salaried,Bengaluru
9021,52,904210,Retired,Chennai
9022,39,1516214,Salaried,Kolkata
9023,48,533718,Student,Chennai
9024,28,679655,Student,Hyderabad
9025,23,672120,Self-Employed,Kolkata
9026,55,1440299,Student,Bengaluru
9027,43,621922,Student,Chennai
9028,59,801250,Self-Employed,Hyderabad
9029,62,1043640,Retired,Kolkata
9030,32,1303029,Student,Bengaluru
9031,62,1446144,Retired,Mumbai
9032,56,1282331,Salaried,Kolkata
9033,64,648116,Salaried,Delhi
9034,25,2181703,Student,Bengaluru
9035,57,982907,Business,Chennai
9036,21,729877,Business,Bengaluru
9037,41,1489790,Retired,Chennai
9038,30,358203,Student,Hyderabad
9039,41,568543,Retired,Delhi
9040,43,471619,Self-Employed,Mumbai
9041,65,486893,Self-Employed,Kolkata
9042,53,1569032,Student,Delhi
9043,65,1325277,Self-Employed,Mumbai
9044,42,1253981,Retired,Delhi
9045,32,2402589,Self-Employed,Chennai
9046,27,971906,Self-Employed,Chennai
9047,58,1759443,Business,Kolkata
9048,22,497594,Salaried,Chennai
9049,27,788822,Self-Employed,Bengaluru
9050,55,839431,Salaried,Bengaluru
9051,39,454660,Self-Employed,Mumbai
9052,38,588301,Retired,Kolkata
9053,37,931257,Retired,Bengaluru
9054,41,422551,Business,Hyderabad
9055,64,1753072,Salaried,Bengaluru
9056,33,1592118,Retired,Kolkata
9057,42,2397173,Retired,Kolkata
9058,52,1478424,Student,Kolkata
9059,61,213445,Business,Bengaluru
9060,31,2262785,Retired,Bengaluru
9061,68,210526,Self-Employed,Hyderabad
9062,47,2339278,Self-Employed,Mumbai
9063,69,1479913,Retired,Mumbai
9064,55,1462153,Salaried,Chennai
9065,47,1313011,Student,Delhi
9066,32,664913,Student,Kolkata
9067,22,1816644,Salaried,Mumbai
9068,46,306636,Student,Chennai
9069,27,910668,Salaried,Hyderabad
9070,53,1543507,Self-Employed,Chennai
9071,39,1918027,Student,Mumbai
9072,60,690655,Salaried,Hyderabad
9073,35,865462,Self-Employed,Hyderabad
9074,65,900999,Student,Mumbai
9075,34,1701362,Self-Employed,Bengaluru
9076,50,950970,Retired,Mumbai
9077,37,1081230,Salaried,Mumbai
9078,48,1699041,Retired,Kolkata
9079,39,1377684,Salaried,Mumbai
9080,59,710456,Self-Employed,Mumbai
9081,31,2325303,Retired,Chennai
9082,32,2452773,Business,Chennai
9083,32,367413,Salaried,Hyderabad
9084,43,2223044,Student,Kolkata
9085,47,925166,Retired,Bengaluru
9086,34,794356,Business,Bengaluru
9087,24,1652432,Business,Mumbai
9088,32,1876153,Self-Employed,Chennai
9089,56,1083846,Student,Hyderabad
9090,57,972130,Salaried,Kolkata
9091,63,1608638,Retired,Mumbai
9092,22,1630729,Retired,Kolkata
9093,43,504134,Student,Hyderabad
9094,43,2353151,Salaried,Delhi
9095,59,242174,Salaried,Hyderabad
9096,49,1665474,Self-Employed,Bengaluru
9097,58,1860416,Salaried,Kolkata
9098,52,1385706,Self-Employed,Bengaluru
9099,22,1826010,Student,Bengaluru
9100,61,1416016,Business,Mumbai
9101,23,2263703,Retired,Chennai
9102,60,1310471,Student,Delhi
9103,31,609727,Self-Employed,Bengaluru
9104,29,1778258,Business,Chennai
9105,24,587782,Salaried,Delhi
9106,34,637432,Retired,Mumbai
9107,38,1469001,Student,Hyderabad
9108,59,1675378,Student,Bengaluru
9109,43,1968138,Self-Employed,Hyderabad
9110,69,315080,Salaried,Hyderabad
9111,26,1505467,Retired,Hyderabad
9112,30,2221795,Self-Employed,Kolkata
9113,32,896348,Salaried,Hyderabad
9114,69,1488011,Self-Employed,Delhi
9115,29,619038,Retired,Kolkata
9116,29,2034781,Business,Hyderabad
9117,47,1537964,Business,Kolkata
9118,46,510972,Student,Chennai
9119,39,1463525,Self-Employed,Bengaluru
9120,26,2035513,Business,Mumbai
9121,57,2359751,Business,Hyderabad
9122,58,1823327,Business,Delhi
9123,36,987502,Self-Employed,Mumbai
9124,30,1510965,Student,Hyderabad
9125,22,2284991,Business,Delhi
9126,40,1435903,Self-Employed,Chennai
9127,32,1723919,Retired,Kolkata
9128,31,1364119,Student,Hyderabad
9129,62,2016535,Self-Employed,Mumbai
9130,30,583957,Student,Chennai
9131,61,2274859,Self-Employed,Kolkata
9132,25,1632765,Business,Delhi
9133,23,1176895,Self-Employed,Bengaluru
9134,25,1446339,Self-Employed,Delhi
9135,47,1415875,Retired,Delhi
9136,68,746645,Salaried,Kolkata
9137,66,2011539,Student,Bengaluru
9138,60,2099317,Self-Employed,Mumbai
9139,34,1072201,Business,Bengaluru
9140,53,842144,Student,Hyderabad
9141,36,2160361,Retired,Kolkata
9142,48,328815,Retired,Bengaluru
9143,62,443855,Self-Employed,Mumbai
9144,29,1987709,Business,Chennai
9145,31,1617079,Salaried,Hyderabad
9146,27,1520500,Salaried,Mumbai
9147,61,2412608,Salaried,Hyderabad
9148,62,1070423,Self-Employed,Mumbai
9149,67,1517023,Business,Kolkata
9150,62,758841,Salaried,Bengaluru
9151,27,1517442,Self-Employed,Bengaluru
9152,34,573950,Business,Bengaluru
9153,40,2143196,Salaried,Bengaluru
9154,36,1244624,Business,Mumbai
9155,62,261216,Business,Delhi
9156,26,1961285,Retired,Kolkata
9157,69,1432419,Retired,Bengaluru
9158,28,1529727,Self-Employed,Chennai
9159,44,1584757,Salaried,Bengaluru
9160,49,350860,Student,Chennai
9161,27,288318,Self-Employed,Chennai
9162,30,413995,Salaried,Chennai
9163,64,1942947,Retired,Chennai
9164,29,227874,Self-Employed,Chennai
9165,43,1131976,Self-Employed,Delhi
9166,54,1736183,Student,Hyderabad
9167,66,1026723,Business,Kolkata
9168,62,1273751,Salaried,Mumbai
9169,36,2350367,Salaried,Mumbai
9170,31,2227210,Self-Employed,Delhi
9171,30,1046470,Retired,Bengaluru
9172,38,1222719,Salaried,Delhi
9173,33,1734731,Business,Mumbai
9174,55,494725,Student,Chennai
9175,26,1287021,Salaried,Bengaluru
9176,32,580190,Student,Hyderabad
9177,33,1141499,Self-Employed,Kolkata
9178,37,723462,Self-Employed,Hyderabad
9179,66,1100216,Retired,Kolkata
9180,24,1197470,Salaried,Chennai
9181,50,2462470,Retired,Kolkata
9182,47,1811341,Retired,Chennai
9183,23,2013798,Self-Employed,Delhi
9184,67,1496982,Salaried,Delhi
9185,46,883400,Self-Employed,Bengaluru
9186,43,735796,Business,Hyderabad
9187,21,1499181,Student,Kolkata
9188,56,1147777,Student,Bengaluru
9189,63,836517,Salaried,Kolkata
9190,58,2145908,Student,Kolkata
9191,33,425591,Retired,Delhi
9192,22,867588,Self-Employed,Hyderabad
9193,43,1760450,Business,Chennai
9194,42,727007,Retired,Delhi
9195,22,1542442,Student,Chennai
9196,26,2330885,Business,Kolkata
9197,51,2451675,Self-Employed,Delhi
9198,34,2402175,Retired,Mumbai
9199,27,995784,Student,Mumbai
9200,63,2028891,Salaried,Chennai
9201,36,917041,Self-Employed,Chennai
9202,28,686840,Business,Mumbai
9203,33,2104378,Business,Hyderabad
9204,62,2473653,Business,Hyderabad
9205,57,948785,Student,Kolkata
9206,22,232493,Salaried,Bengaluru
9207,23,1791863,Student,Hyderabad
9208,42,816383,Salaried,Bengaluru
9209,49,2215366,Retired,Hyderabad
9210,46,844027,Self-Employed,Bengaluru
9211,23,812898,Salaried,Bengaluru
9212,22,2438730,Student,Kolkata
9213,36,2179462,Business,Mumbai
9214,65,718102,Retired,Bengaluru
9215,51,2039777,Student,Hyderabad
9216,50,1153111,Student,Mumbai
9217,26,2024723,Business,Bengaluru
9218,46,1439259,Student,Bengaluru
9219,53,976088,Business,Delhi
9220,51,1150387,Retired,Mumbai
9221,41,234391,Salaried,Chennai
9222,31,2076589,Salaried,Delhi
9223,39,235484,Self-Employed,Hyderabad
9224,52,1204829,Student,Bengaluru
9225,39,349667,Self-Employed,Bengaluru
9226,51,1402763,Salaried,Chennai
9227,51,566092,Student,Hyderabad
9228,58,1729008,Business,Kolkata
9229,65,751617,Student,Mumbai
9230,58,902026,Retired,Kolkata
9231,30,838314,Self-Employed,Bengaluru
9232,51,826901,Business,Bengaluru
9233,25,1834136,Business,Kolkata
9234,43,1875773,Self-Employed,Chennai
9235,37,556107,Salaried,Delhi
9236,28,257184,Student,Delhi
9237,54,2189374,Business,Hyderabad
9238,49,596575,Business,Mumbai
9239,34,1454016,Retired,Bengaluru
9240,21,1876978,Self-Employed,Delhi
9241,59,2332042,Retired,Hyderabad
9242,64,1181800,Retired,Delhi
9243,37,360170,Salaried,Kolkata
9244,48,1436242,Business,Hyderabad
9245,63,239033,Business,Delhi
9246,36,793066,Self-Employed,Chennai
9247,34,2083659,Student,Mumbai
9248,54,953258,Business,Hyderabad
9249,61,296203,Retired,Mumbai
9250,38,968138,Retired,Chennai
9251,33,1118299,Business,Delhi
9252,45,2353704,Self-Employed,Hyderabad
9253,66,258561,Self-Employed,Hyderabad
9254,38,1025382,Student,Mumbai
9255,27,1806078,Self-Employed,Delhi
9256,60,1764593,Self-Employed,Bengaluru
9257,65,2350303,Salaried,Bengaluru
9258,38,2018109,Business,Chennai
9259,53,2177800,Business,Kolkata
9260,28,861775,Student,Hyderabad
9261,62,2270557,Student,Chennai
9262,27,406893,Salaried,Bengaluru
9263,63,1919119,Business,Hyderabad
9264,63,2154864,Salaried,Hyderabad
9265,34,690361,Self-Employed,Kolkata
9266,63,678009,Student,Bengaluru
9267,27,1505953,Salaried,Chennai
9268,38,292663,Business,Chennai
9269,50,1316477,Self-Employed,Kolkata
9270,40,991783,Self-Employed,Bengaluru
9271,58,710755,Self-Employed,Kolkata
9272,56,1372900,Retired,Kolkata
9273,34,1696429,Retired,Delhi
9274,41,733670,Salaried,Kolkata
9275,26,894698,Student,Hyderabad
9276,43,2465181,Business,Bengaluru
9277,42,1765437,Retired,Hyderabad
9278,43,629510,Business,Delhi
9279,47,981550,Self-Employed,Chennai
9280,46,207916,Self-Employed,Kolkata
9281,35,2465215,Self-Employed,Hyderabad
9282,38,1996256,Retired,Kolkata
9283,52,1040824,Retired,Kolkata
9284,30,1969993,Business,Kolkata
9285,62,823345,Retired,Bengaluru
9286,43,477039,Student,Mumbai
9287,28,1397806,Retired,Chennai
9288,62,1504488,Retired,Chennai
9289,35,2126195,Business,Kolkata
9290,61,1189828,Salaried,Delhi
9291,46,1391867,Student,Delhi
9292,34,284254,Self-Employed,Mumbai
9293,65,440816,Salaried,Hyderabad
9294,54,1139149,Retired,Kolkata
9295,64,1526340,Self-Employed,Hyderabad
9296,30,2358443,Student,Hyderabad
9297,52,1134831,Self-Employed,Delhi
9298,41,2037625,Self-Employed,Delhi
9299,27,1496976,Business,Delhi
9300,57,2017501,Business,Bengaluru
9301,54,1147826,Salaried,Chennai
9302,33,1428531,Self-Employed,Chennai
9303,38,1076312,Self-Employed,Kolkata
9304,56,524855,Student,Delhi
9305,27,1070566,Salaried,Bengaluru
9306,62,2122836,Student,Hyderabad
9307,35,1740422,Self-Employed,Kolkata
9308,42,2404995,Self-Employed,Bengaluru
9309,65,370569,Business,Mumbai
9310,25,1658899,Business,Bengaluru
9311,27,2486231,Retired,Hyderabad
9312,62,1404638,Salaried,Mumbai
9313,26,1730708,Student,Chennai
9314,27,1829730,Salaried,Delhi
9315,46,2024092,Self-Employed,Chennai
9316,52,1913755,Salaried,Hyderabad
9317,49,2334440,Student,Chennai
9318,59,2040024,Self-Employed,Delhi
9319,58,949437,Student,Delhi
9320,58,1097648,Retired,Mumbai
9321,47,525358,Student,Kolkata
9322,58,820506,Business,Chennai
9323,33,699358,Student,Chennai
9324,26,2301568,Retired,Kolkata
9325,48,1563360,Salaried,Kolkata
9326,22,1288766,Student,Chennai
9327,25,424967,Student,Chennai
9328,36,432813,Business,Mumbai
9329,42,1143275,Self-Employed,Mumbai
9330,54,1666738,Self-Employed,Chennai
9331,29,582563,Salaried,Mumbai
9332,65,1652022,Self-Employed,Kolkata
9333,54,2085028,Salaried,Hyderabad
9334,21,437048,Retired,Delhi
9335,58,1784593,Retired,Bengaluru
9336,61,1528821,Student,Kolkata
9337,29,635662,Business,Bengaluru
9338,43,750758,Business,Delhi
9339,69,1331425,Retired,Kolkata
9340,53,932645,Student,Mumbai
9341,48,603447,Business,Chennai
9342,44,1161416,Business,Chennai
9343,45,472646,Student,Bengaluru
9344,30,2310024,Self-Employed,Chennai
9345,44,2379388,Salaried,Hyderabad
9346,41,2357179,Business,Kolkata
9347,61,2251634,Salaried,Bengaluru
9348,26,2328768,Business,Mumbai
9349,58,1004171,Business,Mumbai
9350,63,927612,Self-Employed,Hyderabad
9351,67,691519,Student,Mumbai
9352,39,537770,Self-Employed,Kolkata
9353,59,538773,Business,Bengaluru
9354,67,744990,Salaried,Bengaluru
9355,44,1661706,Student,Mumbai
9356,36,1038031,Business,Delhi
9357,36,1697624,Business,Bengaluru
9358,28,375414,Student,Hyderabad
9359,44,1985937,Student,Hyderabad
9360,54,2149159,Salaried,Kolkata
9361,27,975958,Business,Bengaluru
9362,50,484747,Self-Employed,Bengaluru
9363,50,1436006,Self-Employed,Mumbai
9364,45,722254,Self-Employed,Hyderabad
9365,39,787381,Self-Employed,Delhi
9366,69,2225397,Business,Hyderabad
9367,53,236865,Retired,Kolkata
9368,61,1508776,Business,Hyderabad
9369,31,2380419,Retired,Mumbai
9370,38,1009119,Student,Kolkata
9371,65,2120966,Self-Employed,Kolkata
9372,69,2029313,Business,Bengaluru
9373,57,345789,Student,Hyderabad
9374,35,1790094,Self-Employed,Kolkata
9375,28,409509,Self-Employed,Chennai
9376,67,1581823,Self-Employed,Chennai
9377,58,1099528,Self-Employed,Delhi
9378,50,2069125,Salaried,Hyderabad
9379,49,1549717,Business,Kolkata
9380,63,1213454,Salaried,Bengaluru
9381,41,212899,Business,Chennai
9382,23,683072,Student,Mumbai
9383,27,344018,Salaried,Kolkata
9384,28,233854,Student,Delhi
9385,64,2398540,Salaried,Kolkata
9386,64,1415350,Retired,Mumbai
9387,39,2303212,Business,Delhi
9388,39,202140,Salaried,Bengaluru
9389,35,437889,Business,Mumbai
9390,50,730358,Student,Delhi
9391,55,2320546,Retired,Bengaluru
9392,58,431790,Retired,Bengaluru
9393,66,1280423,Business,Chennai
9394,37,840748,Retired,Mumbai
9395,65,965179,Self-Employed,Chennai
9396,43,2282935,Business,Delhi
9397,57,1424592,Business,Chennai
9398,25,602300,Retired,Mumbai
9399,57,1430800,Student,Bengaluru
9400,28,2221131,Student,Chennai
9401,58,791122,Self-Employed,Chennai
9402,56,1183980,Student,Chennai
9403,30,2479121,Business,Delhi
9404,48,212601,Retired,Kolkata
9405,27,2289024,Student,Delhi
9406,65,1277341,Salaried,Chennai
9407,42,2425486,Business,Bengaluru
9408,51,2203826,Business,Kolkata
9409,64,2280791,Self-Employed,Chennai
9410,48,2271205,Salaried,Mumbai
9411,54,275981,Business,Delhi
9412,37,1796525,Self-Employed,Chennai
9413,65,2170455,Business,Chennai
9414,57,241670,Student,Chennai
9415,32,661999,Retired,Delhi
9416,60,1720229,Salaried,Bengaluru
9417,24,954854,Business,Delhi
9418,32,458738,Business,Delhi
9419,44,1936849,Student,Mumbai
9420,30,1559644,Self-Employed,Kolkata
9421,31,1163417,Retired,Kolkata
9422,52,857698,Business,Delhi
9423,30,1856848,Business,Delhi
9424,35,593964,Self-Employed,Bengaluru
9425,27,2130120,Business,Kolkata
9426,42,976555,Self-Employed,Mumbai
9427,51,1443367,Student,Hyderabad
9428,65,297886,Business,Kolkata
9429,48,240135,Student,Chennai
9430,32,1967263,Salaried,Bengaluru
9431,58,1221226,Student,Mumbai
9432,36,1074621,Retired,Chennai
9433,39,892980,Retired,Bengaluru
9434,31,794052,Salaried,Chennai
9435,52,1511693,Self-Employed,Kolkata
9436,21,2494674,Student,Kolkata
9437,43,1494649,Business,Delhi
9438,51,2184439,Retired,Bengaluru
9439,43,1147078,Business,Hyderabad
9440,45,981905,Student,Kolkata
9441,60,2035368,Salaried,Chennai
9442,44,1253000,Retired,Hyderabad
9443,23,2019117,Self-Employed,Chennai
9444,39,665704,Self-Employed,Delhi
9445,22,914102,Business,Hyderabad
9446,37,777006,Salaried,Bengaluru
9447,57,729593,Business,Kolkata
9448,30,2464402,Business,Kolkata
9449,21,2312403,Salaried,Kolkata
9450,40,2150376,Retired,Chennai
9451,62,1542691,Self-Employed,Kolkata
9452,27,2274245,Business,Hyderabad
9453,60,1703407,Self-Employed,Hyderabad
9454,56,2399766,Business,Chennai
9455,52,361255,Retired,Hyderabad
9456,37,2377109,Self-Employed,Hyderabad
9457,50,696224,Student,Bengaluru
9458,43,1488807,Self-Employed,Mumbai
9459,25,1393234,Salaried,Kolkata
9460,51,1544584,Salaried,Mumbai
9461,56,1988321,Retired,Kolkata
9462,64,1363359,Self-Employed,Chennai
9463,63,1885541,Self-Employed,Chennai
9464,23,2048909,Retired,Mumbai
9465,43,2001083,Business,Delhi
9466,55,336860,Retired,Hyderabad
9467,38,1257548,Salaried,Delhi
9468,65,1713614,Retired,Hyderabad
9469,34,2361732,Retired,Chennai
9470,52,699529,Business,Hyderabad
9471,58,2243227,Self-Employed,Chennai
9472,48,655599,Retired,Hyderabad
9473,22,320899,Self-Employed,Delhi
9474,53,897578,Self-Employed,Mumbai
9475,32,799583,Salaried,Bengaluru
9476,46,1150241,Salaried,Hyderabad
9477,52,2271946,Business,Mumbai
9478,54,867809,Salaried,Kolkata
9479,34,1701041,Salaried,Delhi
9480,47,1677739,Self-Employed,Hyderabad
9481,52,513287,Student,Delhi
9482,33,1992021,Salaried,Hyderabad
9483,25,988666,Retired,Chennai
9484,44,1789601,Business,Bengaluru
9485,46,441653,Salaried,Mumbai
9486,36,2239908,Business,Hyderabad
9487,41,291132,Student,Hyderabad
9488,62,2372456,Business,Mumbai
9489,25,345160,Business,Delhi
9490,35,742383,Student,Hyderabad
9491,33,441741,Student,Mumbai
9492,50,746382,Student,Hyderabad
9493,31,749699,Student,Chennai
9494,47,1452611,Self-Employed,Chennai
9495,29,1758556,Business,Kolkata
9496,52,348821,Self-Employed,Bengaluru
9497,56,1077221,Business,Hyderabad
9498,57,1743801,Salaried,Bengaluru
9499,45,2213345,Salaried,Chennai
9500,25,1826297,Student,Kolkata
9501,48,1452555,Salaried,Bengaluru
9502,62,1137603,Self-Employed,Kolkata
9503,69,1589654,Business,Chennai
9504,45,1950263,Salaried,Mumbai
9505,24,2135888,Retired,Kolkata
9506,30,1467900,Retired,Kolkata
9507,32,2384601,Business,Hyderabad
9508,55,458098,Retired,Mumbai
9509,31,1278758,Student,Chennai
9510,58,1564980,Business,Kolkata
9511,36,950820,Business,Mumbai
9512,65,1483426,Retired,Delhi
9513,42,1096145,Retired,Chennai
9514,58,1296153,Self-Employed,Bengaluru
9515,49,318571,Business,Bengaluru
9516,41,919998,Retired,Delhi
9517,33,716675,Salaried,Kolkata
9518,39,446880,Retired,Mumbai
9519,37,2456248,Salaried,Kolkata
9520,29,683658,Retired,Kolkata
9521,52,1684705,Self-Employed,Bengaluru
9522,36,411885,Self-Employed,Kolkata
9523,39,1417119,Self-Employed,Kolkata
9524,66,1732725,Retired,Chennai
9525,54,1726705,Retired,Mumbai
9526,27,1033102,Self-Employed,Chennai
9527,55,1294901,Salaried,Chennai
9528,40,417565,Business,Kolkata
9529,69,2031598,Business,Delhi
9530,22,1410310,Self-Employed,Bengaluru
9531,67,1478101,Salaried,Delhi
9532,46,1185932,Salaried,Bengaluru
9533,68,1357710,Business,Mumbai
9534,24,282130,Salaried,Kolkata
9535,58,1744814,Salaried,Delhi
9536,53,2408752,Retired,Kolkata
9537,48,1218270,Retired,Mumbai
9538,50,744942,Salaried,Mumbai
9539,40,1131044,Retired,Kolkata
9540,61,977218,Student,Hyderabad
9541,67,1006390,Self-Employed,Kolkata
9542,54,478682,Business,Bengaluru
9543,35,1266310,Retired,Chennai
9544,25,1681281,Self-Employed,Mumbai
9545,31,575867,Retired,Mumbai
9546,69,2082187,Student,Bengaluru
9547,23,800065,Self-Employed,Hyderabad
9548,68,1247189,Salaried,Delhi
9549,52,2433326,Business,Chennai
9550,54,2203594,Salaried,Hyderabad
9551,48,356763,Business,Kolkata
9552,63,2050304,Business,Chennai
9553,44,1084102,Self-Employed,Chennai
9554,22,1587171,Salaried,Kolkata
9555,22,825826,Retired,Mumbai
9556,35,1312876,Salaried,Mumbai
9557,37,534385,Self-Employed,Chennai
9558,64,2382042,Self-Employed,Mumbai
9559,66,1719826,Student,Chennai
9560,30,657216,Self-Employed,Mumbai
9561,35,1626727,Student,Hyderabad
9562,63,1323152,Student,Hyderabad
9563,34,1231046,Retired,Bengaluru
9564,44,2296121,Retired,Bengaluru
9565,23,1273922,Retired,Mumbai
9566,43,1432407,Self-Employed,Bengaluru
9567,28,2367186,Retired,Kolkata
9568,38,1848866,Business,Bengaluru
9569,42,1772662,Student,Chennai
9570,30,1379187,Retired,Mumbai
9571,30,1729445,Business,Delhi
9572,66,2435530,Retired,Bengaluru
9573,32,2147680,Business,Mumbai
9574,67,597315,Salaried,Bengaluru
9575,43,1216383,Retired,Kolkata
9576,48,1592450,Salaried,Hyderabad
9577,40,1653599,Salaried,Delhi
9578,39,783669,Retired,Chennai
9579,28,708846,Business,Delhi
9580,61,1616857,Self-Employed,Bengaluru
9581,48,1338311,Retired,Kolkata
9582,46,2228311,Business,Chennai
9583,62,1981325,Student,Chennai
9584,56,1087224,Retired,Chennai
9585,68,1218893,Salaried,Bengaluru
9586,56,1163326,Retired,Chennai
9587,69,2355254,Salaried,Bengaluru
9588,28,2175618,Business,Mumbai
9589,22,523470,Self-Employed,Chennai
9590,62,656699,Retired,Kolkata
9591,68,1049401,Salaried,Kolkata
9592,47,1281357,Student,Hyderabad
9593,27,404864,Student,Bengaluru
9594,62,1844966,Salaried,Hyderabad
9595,57,423659,Salaried,Chennai
9596,65,342016,Business,Bengaluru
9597,52,1816264,Self-Employed,Delhi
9598,38,439610,Student,Chennai
9599,56,1312375,Retired,Chennai
9600,64,1911144,Self-Employed,Chennai
9601,21,401718,Salaried,Chennai
9602,41,2225884,Retired,Delhi
9603,47,802777,Student,Hyderabad
9604,27,223558,Self-Employed,Kolkata
9605,46,1536782,Business,Hyderabad
9606,35,2312505,Business,Delhi
9607,44,837672,Retired,Chennai
9608,55,1748777,Salaried,Hyderabad
9609,41,916600,Salaried,Mumbai
9610,57,606635,Student,Mumbai
9611,47,1610732,Retired,Chennai
9612,37,1706795,Salaried,Bengaluru
9613,43,488561,Student,Mumbai
9614,68,1276960,Student,Hyderabad
9615,55,1846835,Retired,Chennai
9616,35,317630,Self-Employed,Mumbai
9617,36,813714,Business,Delhi
9618,58,2008894,Retired,Mumbai
9619,67,2166626,Business,Kolkata
9620,54,997570,Student,Mumbai
9621,65,1735612,Self-Employed,Delhi
9622,36,1847420,Retired,Chennai
9623,54,2378198,Business,Delhi
9624,32,2016871,Self-Employed,Bengaluru
9625,52,218356,Self-Employed,Kolkata
9626,59,289106,Self-Employed,Mumbai
9627,64,1643046,Student,Hyderabad
9628,50,1540592,Business,Hyderabad
9629,33,752388,Self-Employed,Bengaluru
9630,42,452092,Retired,Hyderabad
9631,34,2397875,Self-Employed,Kolkata
9632,37,1087722,Business,Kolkata
9633,54,2273436,Student,Chennai
9634,46,2012769,Self-Employed,Kolkata
9635,36,1565285,Retired,Kolkata
9636,54,1433764,Business,Mumbai
9637,43,2034890,Salaried,Hyderabad
9638,48,1492906,Student,Bengaluru
9639,54,2358526,Self-Employed,Chennai
9640,56,1211316,Student,Delhi
9641,46,1113400,Retired,Bengaluru
9642,64,373632,Salaried,Chennai
9643,43,776280,Student,Kolkata
9644,38,274708,Salaried,Delhi
9645,26,562751,Student,Delhi
9646,21,969805,Student,Kolkata
9647,28,2460343,Salaried,Kolkata
9648,58,1251466,Salaried,Mumbai
9649,57,1495595,Student,Kolkata
9650,24,2226620,Self-Employed,Kolkata
9651,51,531551,Salaried,Chennai
9652,68,968981,Student,Bengaluru
9653,28,1058636,Salaried,Kolkata
9654,46,1289423,Self-Employed,Chennai
9655,21,1883493,Retired,Kolkata
9656,62,1684672,Business,Mumbai
9657,59,1481936,Retired,Chennai
9658,40,504592,Salaried,Hyderabad
9659,67,913985,Student,Hyderabad
9660,22,1846979,Salaried,Hyderabad
9661,34,1910785,Retired,Hyderabad
9662,63,824944,Salaried,Delhi
9663,55,1621738,Business,Mumbai
9664,56,1535675,Student,Bengaluru
9665,40,1083722,Student,Mumbai
9666,34,2489144,Salaried,Hyderabad
9667,36,1126420,Student,Kolkata
9668,57,1437712,Retired,Delhi
9669,29,581966,Self-Employed,Kolkata
9670,68,2260980,Student,Mumbai
9671,44,2240190,Business,Kolkata
9672,21,518743,Self-Employed,Kolkata
9673,35,453444,Self-Employed,Hyderabad
9674,33,2471104,Business,Mumbai
9675,25,1081122,Student,Chennai
9676,67,2200521,Salaried,Chennai
9677,39,1013560,Self-Employed,Bengaluru
9678,44,1563186,Self-Employed,Chennai
9679,65,227238,Business,Bengaluru
9680,28,1844797,Retired,Bengaluru
9681,32,1206438,Self-Employed,Mumbai
9682,54,1482455,Retired,Delhi
9683,36,2069279,Business,Kolkata
9684,53,219661,Self-Employed,Mumbai
9685,62,2079164,Business,Mumbai
9686,23,337422,Business,Mumbai
9687,32,2012590,Business,Mumbai
9688,69,1845356,Salaried,Kolkata
9689,23,708287,Salaried,Hyderabad
9690,30,1470346,Retired,Kolkata
9691,58,1578597,Retired,Mumbai
9692,63,2391007,Salaried,Mumbai
9693,25,1313981,Self-Employed,Mumbai
9694,29,358017,Self-Employed,Bengaluru
9695,37,1045146,Self-Employed,Bengaluru
9696,22,1869627,Self-Employed,Bengaluru
9697,65,1424714,Salaried,Hyderabad
9698,48,1944347,Retired,Kolkata
9699,58,2327939,Student,Kolkata
9700,58,1555421,Student,Bengaluru
9701,30,2198351,Retired,Chennai
9702,22,1292138,Student,Chennai
9703,25,1884387,Salaried,Mumbai
9704,69,2355651,Student,Delhi
9705,27,2264990,Retired,Hyderabad
9706,62,1558372,Retired,Hyderabad
9707,59,326824,Student,Kolkata
9708,52,2315620,Student,Chennai
9709,49,493747,Salaried,Chennai
9710,66,2028449,Student,Delhi
9711,46,1124275,Business,Kolkata
9712,43,696985,Retired,Chennai
9713,28,1359295,Self-Employed,Bengaluru
9714,63,1050119,Self-Employed,Mumbai
9715,41,1064301,Self-Employed,Mumbai
9716,47,2063681,Retired,Mumbai
9717,45,1631290,Business,Delhi
9718,61,2153171,Business,Mumbai
9719,22,1429236,Salaried,Hyderabad
9720,56,1043309,Business,Bengaluru
9721,69,1346368,Self-Employed,Chennai
9722,24,1125154,Retired,Kolkata
9723,25,423036,Retired,Mumbai
9724,44,1006661,Retired,Bengaluru
9725,22,2455175,Self-Employed,Mumbai
9726,54,1035214,Student,Hyderabad
9727,28,1667831,Student,Delhi
9728,35,259737,Self-Employed,Kolkata
9729,40,1763117,Business,Kolkata
9730,45,2450562,Self-Employed,Bengaluru
9731,37,787345,Retired,Bengaluru
9732,23,330454,Salaried,Hyderabad
9733,38,2450455,Retired,Chennai
9734,47,976507,Salaried,Mumbai
9735,69,351038,Salaried,Hyderabad
9736,26,1013509,Student,Bengaluru
9737,25,1509422,Self-Employed,Delhi
9738,34,2129636,Salaried,Mumbai
9739,42,1921902,Salaried,Hyderabad
9740,22,2455415,Self-Employed,Kolkata
9741,27,2051579,Business,Bengaluru
9742,50,352961,Student,Chennai
9743,31,1561917,Business,Hyderabad
9744,24,866841,Student,Delhi
9745,34,1282508,Business,Kolkata
9746,68,611626,Student,Mumbai
9747,61,551406,Retired,Kolkata
9748,41,894056,Student,Kolkata
9749,51,1147595,Student,Mumbai
9750,45,990644,Retired,Chennai
9751,69,1729293,Salaried,Hyderabad
9752,22,1524485,Self-Employed,Chennai
9753,32,1460530,Self-Employed,Kolkata
9754,67,1355461,Business,Bengaluru
9755,26,2082668,Salaried,Mumbai
9756,31,1078004,Retired,Mumbai
9757,66,888421,Student,Kolkata
9758,59,1400528,Business,Bengaluru
9759,37,1019836,Self-Employed,Delhi
9760,38,2132495,Salaried,Delhi
9761,23,2040691,Salaried,Kolkata
9762,45,1703953,Student,Bengaluru
9763,24,238933,Business,Chennai
9764,35,758876,Self-Employed,Hyderabad
9765,29,496141,Retired,Delhi
9766,38,1523912,Retired,Mumbai
9767,40,1683873,Business,Kolkata
9768,58,1673477,Retired,Mumbai
9769,37,2353353,Retired,Mumbai
9770,43,497260,Retired,Bengaluru
9771,29,1973129,Salaried,Mumbai
9772,26,234385,Student,Chennai
9773,68,2369903,Self-Employed,Mumbai
9774,64,2130812,Retired,Chennai
9775,61,1892999,Salaried,Bengaluru
9776,34,2262949,Retired,Hyderabad
9777,63,1285324,Business,Hyderabad
9778,48,909629,Self-Employed,Kolkata
9779,28,2136020,Self-Employed,Chennai
9780,56,1198220,Business,Delhi
9781,54,1843780,Student,Bengaluru
9782,38,1257417,Business,Hyderabad
9783,36,897288,Student,Delhi
9784,46,602463,Retired,Chennai
9785,54,1978378,Retired,Hyderabad
9786,62,621691,Retired,Hyderabad
9787,46,2423848,Student,Kolkata
9788,49,1873028,Student,Kolkata
9789,53,2448555,Retired,Bengaluru
9790,44,756378,Retired,Kolkata
9791,66,990124,Self-Employed,Bengaluru
9792,54,2342172,Self-Employed,Hyderabad
9793,58,1969048,Self-Employed,Bengaluru
9794,39,1101003,Student,Bengaluru
9795,31,1686669,Business,Hyderabad
9796,54,2204712,Business,Bengaluru
9797,68,1964247,Business,Hyderabad
9798,25,1266530,Salaried,Bengaluru
9799,48,1719059,Business,Delhi
9800,54,807278,Self-Employed,Chennai
9801,56,1323502,Business,Chennai
9802,57,1495772,Student,Hyderabad
9803,37,2429993,Business,Mumbai
9804,63,1304245,Salaried,Chennai
9805,42,951246,Self-Employed,Mumbai
9806,42,1031646,Self-Employed,Delhi
9807,24,1037722,Business,Hyderabad
9808,32,1769121,Retired,Chennai
9809,52,1442820,Self-Employed,Mumbai
9810,46,2361956,Salaried,Mumbai
9811,50,1100948,Student,Kolkata
9812,23,1668558,Student,Mumbai
9813,58,249373,Retired,Chennai
9814,30,2120269,Business,Bengaluru
9815,61,1395343,Business,Delhi
9816,48,454961,Student,Kolkata
9817,37,1554449,Student,Bengaluru
9818,30,294262,Student,Hyderabad
9819,65,1542809,Retired,Chennai
9820,43,1302677,Retired,Chennai
9821,28,738049,Salaried,Hyderabad
9822,44,1016869,Self-Employed,Mumbai
9823,60,383441,Retired,Chennai
9824,31,1297157,Student,Delhi
9825,32,294148,Student,Hyderabad
9826,46,1633358,Salaried,Hyderabad
9827,44,1834056,Student,Bengaluru
9828,62,2403698,Retired,Kolkata
9829,35,1279050,Salaried,Mumbai
9830,32,1472899,Self-Employed,Bengaluru
9831,45,859997,Salaried,Kolkata
9832,69,2353005,Business,Kolkata
9833,39,2305808,Retired,Bengaluru
9834,43,1926703,Self-Employed,Delhi
9835,31,370852,Student,Chennai
9836,65,1031699,Business,Kolkata
9837,46,253085,Student,Chennai
9838,33,494897,Retired,Delhi
9839,29,2324254,Business,Chennai
9840,69,875919,Retired,Bengaluru
9841,49,2489848,Retired,Bengaluru
9842,45,219365,Student,Kolkata
9843,42,1097624,Self-Employed,Hyderabad
9844,25,2019036,Business,Mumbai
9845,33,377511,Salaried,Hyderabad
9846,36,1510678,Retired,Delhi
9847,41,1882427,Retired,Kolkata
9848,47,689343,Retired,Delhi
9849,36,856395,Self-Employed,Hyderabad
9850,57,1614617,Student,Hyderabad
9851,52,1506605,Business,Chennai
9852,50,1883873,Retired,Kolkata
9853,55,1433381,Salaried,Chennai
9854,45,862467,Student,Kolkata
9855,32,399083,Student,Hyderabad
9856,45,1303476,Salaried,Kolkata
9857,34,687130,Self-Employed,Hyderabad
9858,38,789656,Self-Employed,Delhi
9859,21,915906,Self-Employed,Delhi
9860,61,1090693,Business,Chennai
9861,67,1606732,Student,Kolkata
9862,63,1800745,Retired,Mumbai
9863,24,2364006,Retired,Delhi
9864,59,915620,Retired,Delhi
9865,53,227499,Student,Bengaluru
9866,39,1538628,Self-Employed,Kolkata
9867,46,2296818,Self-Employed,Kolkata
9868,48,1712450,Salaried,Mumbai
9869,53,2122141,Business,Mumbai
9870,46,2017793,Salaried,Hyderabad
9871,38,1658275,Retired,Bengaluru
9872,41,434068,Student,Bengaluru
9873,59,1278886,Student,Bengaluru
9874,38,2038164,Retired,Chennai
9875,31,2146188,Business,Bengaluru
9876,43,1612061,Self-Employed,Kolkata
9877,51,785402,Retired,Hyderabad
9878,68,495842,Business,Hyderabad
9879,64,2332059,Self-Employed,Bengaluru
9880,23,1447474,Self-Employed,Mumbai
9881,69,2158785,Business,Hyderabad
9882,45,2325611,Self-Employed,Hyderabad
9883,58,1499407,Self-Employed,Bengaluru
9884,65,1084950,Business,Chennai
9885,26,1046099,Retired,Delhi
9886,36,891437,Business,Kolkata
9887,44,1662368,Salaried,Hyderabad
9888,42,1418921,Student,Mumbai
9889,24,1173951,Retired,Mumbai
9890,65,1923090,Business,Bengaluru
9891,57,1893261,Business,Mumbai
9892,69,590049,Self-Employed,Delhi
9893,61,1859720,Retired,Chennai
9894,40,586434,Business,Mumbai
9895,28,1075669,Business,Kolkata
9896,60,1684538,Self-Employed,Hyderabad
9897,33,911646,Student,Kolkata
9898,28,703593,Business,Hyderabad
9899,44,1700713,Business,Bengaluru
9900,48,1428134,Self-Employed,Delhi
9901,65,820408,Salaried,Bengaluru
9902,49,2288098,Business,Hyderabad
9903,31,2092587,Self-Employed,Hyderabad
9904,57,1065376,Student,Bengaluru
9905,65,1812394,Student,Kolkata
9906,25,1110836,Salaried,Delhi
9907,64,712612,Student,Mumbai
9908,60,824664,Retired,Mumbai
9909,55,1928721,Student,Hyderabad
9910,50,1369314,Student,Delhi
9911,31,2374129,Student,Delhi
9912,47,1468566,Salaried,Bengaluru
9913,43,289918,Student,Delhi
9914,34,208355,Self-Employed,Mumbai
9915,28,1190090,Salaried,Bengaluru
9916,21,689282,Retired,Mumbai
9917,49,2055081,Self-Employed,Chennai
9918,28,476289,Business,Chennai
9919,29,2464967,Business,Mumbai
9920,65,2416425,Retired,Chennai
9921,25,2160812,Student,Mumbai
9922,69,1221875,Salaried,Mumbai
9923,64,1794424,Business,Delhi
9924,41,667155,Retired,Kolkata
9925,67,2015461,Salaried,Bengaluru
9926,43,1197881,Salaried,Kolkata
9927,59,593014,Self-Employed,Chennai
9928,50,2030326,Salaried,Mumbai
9929,60,1987135,Retired,Chennai
9930,45,2258356,Self-Employed,Chennai
9931,67,633511,Salaried,Mumbai
9932,21,951741,Self-Employed,Mumbai
9933,21,1879304,Retired,Kolkata
9934,34,1880119,Student,Delhi
9935,35,1172096,Student,Kolkata
9936,63,1507289,Self-Employed,Delhi
9937,26,1998722,Student,Delhi
9938,25,1224276,Student,Bengaluru
9939,54,958631,Salaried,Bengaluru
9940,56,525656,Salaried,Delhi
9941,63,2313403,Retired,Bengaluru
9942,34,880635,Retired,Mumbai
9943,62,1179353,Student,Chennai
9944,54,1275502,Salaried,Delhi
9945,32,766952,Self-Employed,Mumbai
9946,22,2287898,Student,Delhi
9947,59,1892510,Student,Chennai
9948,27,620436,Business,Hyderabad
9949,42,730376,Retired,Mumbai
9950,31,711202,Salaried,Kolkata
9951,37,2472677,Retired,Kolkata
9952,69,1173541,Retired,Bengaluru
9953,48,1440349,Business,Mumbai
9954,64,566625,Retired,Kolkata
9955,56,974347,Self-Employed,Kolkata
9956,52,1535062,Self-Employed,Chennai
9957,51,1603078,Retired,Delhi
9958,47,234456,Business,Hyderabad
9959,39,1335920,Self-Employed,Chennai
9960,65,1616850,Student,Bengaluru
9961,57,1719650,Retired,Delhi
9962,52,384000,Self-Employed,Hyderabad
9963,54,1790304,Retired,Bengaluru
9964,40,812708,Salaried,Kolkata
9965,62,1289369,Salaried,Chennai
9966,51,2155925,Student,Bengaluru
9967,52,1941968,Salaried,Mumbai
9968,65,1264155,Retired,Hyderabad
9969,34,2440813,Salaried,Mumbai
9970,59,2178433,Self-Employed,Chennai
9971,43,1868907,Retired,Bengaluru
9972,41,2103175,Student,Delhi
9973,64,2480100,Retired,Hyderabad
9974,42,1307448,Retired,Delhi
9975,61,1039727,Student,Mumbai
9976,39,445874,Salaried,Bengaluru
9977,41,1296525,Business,Delhi
9978,39,1129306,Retired,Hyderabad
9979,35,1792353,Retired,Chennai
9980,34,567518,Retired,Chennai
9981,31,1259605,Self-Employed,Delhi
9982,37,1204407,Student,Kolkata
9983,68,752383,Business,Mumbai
9984,69,1814196,Student,Mumbai
9985,67,1996746,Salaried,Kolkata
9986,27,1813565,Retired,Kolkata
9987,45,421911,Business,Delhi
9988,37,2223586,Self-Employed,Mumbai
9989,52,1795888,Business,Delhi
9990,58,2223193,Business,Delhi
9991,62,902125,Salaried,Bengaluru
9992,28,1998406,Business,Bengaluru
9993,51,1990899,Student,Mumbai
9994,29,1085478,Salaried,Bengaluru
9995,26,760207,Salaried,Hyderabad
9996,48,629904,Salaried,Mumbai
9997,50,1586456,Salaried,Bengaluru
9998,34,1114185,Business,Hyderabad
9999,31,1050857,Student,Chennai
10000,22,649475,Student,Bengaluru
10001,60,1009892,Salaried,Kolkata
10002,50,1374024,Self-Employed,Bengaluru
10003,58,2118279,Self-Employed,Delhi
10004,38,753929,Retired,Kolkata
10005,24,1905603,Self-Employed,Mumbai
10006,37,394143,Retired,Delhi
10007,34,779230,Retired,Delhi
10008,40,1838661,Self-Employed,Hyderabad
10009,22,476332,Salaried,Mumbai
10010,65,1145077,Retired,Delhi
10011,38,1775361,Student,Delhi
10012,61,1191013,Retired,Bengaluru
10013,41,1338900,Student,Chennai
10014,44,526501,Salaried,Delhi
10015,68,1661495,Student,Kolkata
10016,66,763370,Salaried,Chennai
10017,64,1808978,Student,Chennai
10018,67,1146814,Business,Chennai
10019,24,2459422,Student,Hyderabad
10020,63,2213048,Student,Mumbai
10021,52,1598428,Business,Bengaluru
10022,58,287855,Retired,Hyderabad
10023,53,1739504,Business,Hyderabad
10024,52,1552787,Business,Chennai
10025,36,2267376,Student,Delhi
10026,67,675302,Self-Employed,Delhi
10027,67,2339947,Retired,Hyderabad
10028,29,1792139,Self-Employed,Hyderabad
10029,37,1519617,Salaried,Chennai
10030,42,2110430,Retired,Bengaluru
10031,32,2302453,Business,Bengaluru
10032,27,2015948,Student,Delhi
10033,53,1446013,Business,Bengaluru
10034,62,1786525,Retired,Hyderabad
10035,46,1156578,Student,Delhi
10036,58,2469312,Salaried,Bengaluru
10037,51,764244,Salaried,Mumbai
10038,32,937523,Business,Bengaluru
10039,26,1406030,Retired,Hyderabad
10040,60,756300,Retired,Kolkata
10041,62,2476783,Salaried,Hyderabad
10042,44,2454583,Salaried,Chennai
10043,58,280683,Student,Mumbai
10044,36,1623269,Salaried,Delhi
10045,27,2084264,Student,Bengaluru
10046,38,554799,Business,Kolkata
10047,34,965720,Self-Employed,Delhi
10048,34,448960,Salaried,Bengaluru
10049,55,2383941,Salaried,Chennai
10050,58,2433553,Business,Kolkata
10051,25,1436152,Retired,Kolkata
10052,26,2073838,Salaried,Hyderabad
10053,64,942913,Retired,Chennai
10054,50,1286144,Self-Employed,Delhi
10055,22,1553252,Business,Kolkata
10056,54,1737235,Retired,Delhi
10057,69,2457558,Student,Bengaluru
10058,52,2082312,Salaried,Chennai
10059,47,1432480,Retired,Bengaluru
10060,30,1827163,Retired,Hyderabad
10061,54,337806,Salaried,Bengaluru
10062,22,1830154,Student,Delhi
10063,25,424416,Retired,Kolkata
10064,68,513942,Self-Employed,Delhi
10065,40,1177590,Business,Hyderabad
10066,30,308309,Self-Employed,Chennai
10067,60,2214545,Business,Kolkata
10068,65,2492670,Student,Kolkata
10069,22,1570059,Business,Delhi
10070,29,1104660,Salaried,Bengaluru
10071,43,1235867,Self-Employed,Delhi
10072,55,1599450,Student,Delhi
10073,55,460132,Student,Mumbai
10074,61,1719899,Business,Chennai
10075,51,334087,Salaried,Hyderabad
10076,44,535723,Retired,Chennai
10077,43,1584934,Self-Employed,Delhi
10078,52,1597940,Retired,Hyderabad
10079,42,1428776,Student,Mumbai
10080,63,1136254,Business,Bengaluru
10081,64,1367789,Business,Delhi
10082,63,527341,Student,Chennai
10083,30,2135344,Student,Kolkata
10084,63,2312031,Business,Kolkata
10085,62,2115842,Self-Employed,Bengaluru
10086,40,2210787,Salaried,Hyderabad
10087,53,2185857,Salaried,Kolkata
10088,64,1126399,Self-Employed,Bengaluru
10089,66,2240330,Retired,Mumbai
10090,35,2130395,Retired,Delhi
10091,33,359322,Self-Employed,Bengaluru
10092,27,470088,Retired,Kolkata
10093,66,1895405,Business,Chennai
10094,43,759465,Retired,Delhi
10095,68,1973832,Self-Employed,Mumbai
10096,65,1399924,Retired,Kolkata
10097,22,226109,Retired,Kolkata
10098,49,1636103,Business,Chennai
10099,38,582690,Business,Hyderabad
10100,23,936410,Retired,Hyderabad
10101,43,1441197,Student,Chennai
10102,45,2125664,Retired,Delhi
10103,51,360421,Salaried,Delhi
10104,26,1436209,Self-Employed,Mumbai
10105,34,1462967,Business,Chennai
10106,54,1245421,Retired,Delhi
10107,38,244942,Student,Hyderabad
10108,50,424873,Self-Employed,Bengaluru
10109,33,883891,Student,Bengaluru
10110,38,1277946,Retired,Mumbai
10111,44,1799304,Retired,Mumbai
10112,48,1760038,Business,Mumbai
10113,45,317771,Student,Mumbai
10114,28,1834288,Retired,Hyderabad
10115,47,1072792,Salaried,Kolkata
10116,68,537553,Business,Hyderabad
10117,22,1810392,Student,Hyderabad
10118,46,1751454,Business,Kolkata
10119,34,429735,Retired,Bengaluru
10120,45,1940997,Business,Mumbai
10121,25,1486696,Self-Employed,Delhi
10122,34,899151,Retired,Kolkata
10123,42,2445644,Salaried,Bengaluru
10124,46,1885224,Salaried,Delhi
10125,59,1296601,Retired,Delhi
10126,65,2256883,Self-Employed,Bengaluru
10127,24,1839579,Salaried,Kolkata
10128,39,1942265,Salaried,Kolkata
10129,21,274791,Student,Delhi
10130,42,442087,Retired,Bengaluru
10131,26,1190753,Self-Employed,Hyderabad
10132,36,1822835,Self-Employed,Hyderabad
10133,25,1269036,Business,Kolkata
10134,33,1658981,Salaried,Kolkata
10135,50,1609054,Business,Mumbai
10136,61,2485625,Retired,Mumbai
10137,66,2142997,Self-Employed,Mumbai
10138,63,2180927,Business,Delhi
10139,40,997537,Self-Employed,Chennai
10140,53,956450,Student,Hyderabad
10141,47,2238605,Salaried,Mumbai
10142,60,1299124,Self-Employed,Bengaluru
10143,33,1428947,Retired,Kolkata
10144,53,495035,Business,Delhi
10145,66,2341024,Retired,Delhi
10146,58,1531012,Salaried,Hyderabad
10147,66,386864,Self-Employed,Mumbai
10148,28,1561508,Retired,Delhi
10149,44,1721076,Salaried,Kolkata
10150,37,1232705,Retired,Kolkata
10151,58,1949596,Business,Bengaluru
10152,52,1861468,Business,Chennai
10153,68,1923624,Student,Chennai
10154,55,1768065,Business,Bengaluru
10155,50,1116806,Student,Chennai
10156,65,1585414,Business,Chennai
10157,35,992226,Student,Kolkata
10158,42,1531900,Retired,Mumbai
10159,68,1350663,Retired,Delhi
10160,62,1246243,Retired,Kolkata
10161,41,512249,Student,Mumbai
10162,36,2132047,Self-Employed,Mumbai
10163,36,1484142,Student,Mumbai
10164,32,1645118,Self-Employed,Mumbai
10165,33,736776,Retired,Delhi
10166,62,393950,Student,Kolkata
10167,23,1640083,Self-Employed,Kolkata
10168,45,1743555,Retired,Mumbai
10169,35,525294,Student,Chennai
10170,34,1971627,Business,Delhi
10171,25,1275552,Student,Delhi
10172,28,215728,Business,Chennai
10173,55,1466872,Retired,Kolkata
10174,41,1139785,Self-Employed,Mumbai
10175,57,1499029,Business,Chennai
10176,33,1371286,Salaried,Chennai
10177,33,469651,Self-Employed,Hyderabad
10178,21,378305,Business,Bengaluru
10179,44,2265739,Self-Employed,Bengaluru
10180,54,721369,Business,Delhi
10181,50,1267121,Retired,Bengaluru
10182,37,1915193,Retired,Mumbai
10183,67,1522678,Self-Employed,Delhi
10184,27,1859500,Salaried,Hyderabad
10185,54,640227,Student,Chennai
10186,21,708723,Self-Employed,Hyderabad
10187,59,1311513,Self-Employed,Chennai
10188,42,996084,Salaried,Bengaluru
10189,47,596613,Self-Employed,Chennai
10190,36,1521797,Self-Employed,Bengaluru
10191,60,920896,Self-Employed,Bengaluru
10192,37,314284,Retired,Delhi
10193,21,425160,Self-Employed,Chennai
10194,41,1709582,Business,Hyderabad
10195,36,690547,Retired,Hyderabad
10196,48,1558585,Salaried,Kolkata
10197,60,1202900,Salaried,Hyderabad
10198,40,569377,Student,Kolkata
10199,67,1626797,Salaried,Delhi
10200,41,548803,Retired,Chennai
10201,43,1992455,Salaried,Bengaluru
10202,43,2373474,Self-Employed,Hyderabad
10203,30,1131490,Business,Hyderabad
10204,56,1518272,Retired,Delhi
10205,27,1554727,Business,Kolkata
10206,51,1508743,Salaried,Kolkata
10207,22,896752,Salaried,Kolkata
10208,42,1923157,Salaried,Chennai
10209,32,2028567,Student,Chennai
10210,23,620444,Retired,Chennai
10211,28,1914528,Self-Employed,Kolkata
10212,52,461508,Retired,Delhi
10213,53,2016708,Retired,Kolkata
10214,69,985034,Student,Hyderabad
10215,57,297264,Student,Delhi
10216,52,2160868,Student,Delhi
10217,59,1804045,Retired,Kolkata
10218,46,676048,Retired,Hyderabad
10219,30,2455298,Retired,Chennai
10220,45,367540,Student,Mumbai
10221,45,1632815,Salaried,Bengaluru
10222,36,1026302,Self-Employed,Delhi
10223,33,1557391,Salaried,Bengaluru
10224,61,487972,Self-Employed,Delhi
10225,57,1320745,Salaried,Kolkata
10226,45,1310502,Salaried,Hyderabad
10227,50,303714,Self-Employed,Hyderabad
10228,67,841949,Self-Employed,Chennai
10229,68,991461,Business,Kolkata
10230,49,203171,Self-Employed,Hyderabad
10231,57,1528113,Self-Employed,Delhi
10232,38,2133915,Retired,Kolkata
10233,64,2155050,Salaried,Mumbai
10234,58,1072118,Business,Chennai
10235,43,2467213,Retired,Chennai
10236,55,246804,Retired,Delhi
10237,66,231490,Retired,Hyderabad
10238,39,1228196,Self-Employed,Kolkata
10239,40,640185,Self-Employed,Chennai
10240,33,311236,Self-Employed,Delhi
10241,28,358905,Business,Chennai
10242,55,216555,Student,Hyderabad
10243,27,493807,Self-Employed,Kolkata
10244,61,1375676,Student,Bengaluru
10245,36,1134437,Salaried,Chennai
10246,55,2411677,Student,Kolkata
10247,49,1438297,Retired,Mumbai
10248,67,1920014,Retired,Mumbai
10249,31,2022102,Salaried,Delhi
10250,39,1625099,Salaried,Bengaluru
10251,61,1326529,Retired,Kolkata
10252,56,810689,Student,Bengaluru
10253,41,564679,Self-Employed,Mumbai
10254,54,1449744,Student,Delhi
10255,49,1294265,Self-Employed,Kolkata
10256,22,222849,Salaried,Delhi
10257,36,1264844,Business,Mumbai
10258,57,1236667,Self-Employed,Kolkata
10259,62,1608576,Salaried,Kolkata
10260,24,1835915,Self-Employed,Bengaluru
10261,40,226167,Self-Employed,Hyderabad
10262,26,828567,Self-Employed,Kolkata
10263,41,1097564,Self-Employed,Mumbai
10264,37,2013916,Self-Employed,Chennai
10265,66,903766,Business,Delhi
10266,55,1855064,Self-Employed,Chennai
10267,35,2057110,Student,Mumbai
10268,45,819397,Self-Employed,Delhi
10269,44,345185,Salaried,Bengaluru
10270,47,1244087,Retired,Hyderabad
10271,22,1879934,Student,Hyderabad
10272,49,750371,Self-Employed,Mumbai
10273,65,434989,Business,Chennai
10274,43,1382171,Business,Bengaluru
10275,63,374864,Business,Hyderabad
10276,46,648853,Business,Kolkata
10277,42,1399849,Business,Bengaluru
10278,49,483676,Retired,Delhi
10279,36,2091964,Business,Mumbai
10280,42,2205600,Self-Employed,Hyderabad
10281,43,2230360,Business,Kolkata
10282,45,1015091,Retired,Mumbai
10283,28,1724310,Student,Delhi
10284,44,243621,Self-Employed,Hyderabad
10285,45,795942,Salaried,Chennai
10286,55,1877502,Business,Hyderabad
10287,28,1296551,Student,Mumbai
10288,48,2305257,Student,Mumbai
10289,57,1813332,Business,Chennai
10290,22,1781073,Salaried,Chennai
10291,63,2203519,Student,Delhi
10292,49,1466096,Business,Delhi
10293,43,2020848,Business,Kolkata
10294,56,1464592,Self-Employed,Hyderabad
10295,69,642859,Business,Kolkata
10296,37,1117504,Retired,Bengaluru
10297,59,241914,Self-Employed,Chennai
10298,26,1607304,Self-Employed,Delhi
10299,44,2425634,Self-Employed,Delhi
10300,38,463846,Student,Chennai
10301,48,497684,Retired,Chennai
10302,47,1855913,Salaried,Mumbai
10303,48,1826459,Self-Employed,Bengaluru
10304,57,821513,Retired,Hyderabad
10305,23,245860,Retired,Chennai
10306,59,1251282,Student,Hyderabad
10307,24,1246523,Self-Employed,Chennai
10308,24,811544,Retired,Bengaluru
10309,39,1711963,Self-Employed,Mumbai
10310,29,1408928,Self-Employed,Mumbai
10311,66,1096465,Salaried,Mumbai
10312,35,1917275,Student,Chennai
10313,43,1576024,Business,Chennai
10314,28,250638,Student,Delhi
10315,67,935665,Self-Employed,Mumbai
10316,36,1601970,Student,Kolkata
10317,28,1124985,Salaried,Delhi
10318,44,1269349,Self-Employed,Delhi
10319,46,1604318,Self-Employed,Mumbai
10320,60,442094,Retired,Delhi
10321,67,1399865,Student,Bengaluru
10322,26,957120,Business,Kolkata
10323,33,835181,Retired,Mumbai
10324,27,1830836,Salaried,Chennai
10325,56,1649959,Business,Chennai
10326,61,1900993,Self-Employed,Kolkata
10327,54,722027,Retired,Bengaluru
10328,21,577486,Business,Delhi
10329,43,1029569,Retired,Hyderabad
10330,41,1360460,Self-Employed,Chennai
10331,45,2239822,Business,Kolkata
10332,26,658041,Business,Delhi
10333,46,287640,Retired,Chennai
10334,56,614203,Business,Kolkata
10335,39,2190910,Student,Kolkata
10336,52,585103,Salaried,Bengaluru
10337,68,739555,Business,Bengaluru
10338,37,2163197,Salaried,Hyderabad
10339,69,552620,Self-Employed,Mumbai
10340,36,761378,Self-Employed,Chennai
10341,39,1445529,Business,Hyderabad
10342,50,2205494,Business,Hyderabad
10343,40,905882,Business,Kolkata
10344,42,1488752,Business,Delhi
10345,44,1653433,Student,Hyderabad
10346,48,2309931,Student,Delhi
10347,21,1588043,Salaried,Delhi
10348,62,2355204,Salaried,Delhi
10349,62,865015,Self-Employed,Mumbai
10350,56,1027660,Salaried,Chennai
10351,68,2411739,Student,Kolkata
10352,24,1390420,Student,Hyderabad
10353,64,845431,Student,Kolkata
10354,36,1019133,Self-Employed,Bengaluru
10355,23,2167629,Salaried,Bengaluru
10356,42,375136,Retired,Bengaluru
10357,57,1250354,Salaried,Hyderabad
10358,31,1106039,Salaried,Chennai
10359,24,2337163,Retired,Mumbai
10360,22,2424796,Self-Employed,Mumbai
10361,59,2112286,Retired,Mumbai
10362,68,1498791,Business,Chennai
10363,29,766077,Student,Kolkata
10364,64,1901542,Salaried,Delhi
10365,32,1863433,Student,Bengaluru
10366,24,2134712,Student,Chennai
10367,69,1911178,Self-Employed,Kolkata
10368,27,1583249,Salaried,Mumbai
10369,33,1983824,Retired,Hyderabad
10370,60,401310,Salaried,Hyderabad
10371,24,1936507,Retired,Bengaluru
10372,48,1671901,Business,Delhi
10373,67,2486293,Student,Mumbai
10374,28,1501406,Self-Employed,Kolkata
10375,43,1011125,Student,Kolkata
10376,66,741849,Salaried,Bengaluru
10377,35,885681,Self-Employed,Mumbai
10378,49,2101244,Self-Employed,Bengaluru
10379,58,815527,Student,Delhi
10380,21,1286078,Retired,Hyderabad
10381,22,1943440,Business,Delhi
10382,32,292761,Business,Chennai
10383,66,2086300,Business,Delhi
10384,25,316611,Retired,Mumbai
10385,53,1193983,Salaried,Delhi
10386,32,797875,Business,Delhi
10387,41,2370693,Retired,Bengaluru
10388,48,1633289,Salaried,Bengaluru
10389,53,2481069,Retired,Kolkata
10390,67,1576985,Student,Delhi
10391,47,1287116,Salaried,Bengaluru
10392,42,1941509,Retired,Hyderabad
10393,24,723122,Business,Kolkata
10394,41,314496,Business,Chennai
10395,57,1874690,Retired,Mumbai
10396,61,1909329,Self-Employed,Kolkata
10397,53,420345,Business,Delhi
10398,21,2296769,Salaried,Mumbai
10399,31,926994,Retired,Delhi
10400,39,818610,Student,Hyderabad
10401,43,2395215,Retired,Chennai
10402,63,1582051,Retired,Bengaluru
10403,61,1740472,Student,Hyderabad
10404,40,1354606,Business,Hyderabad
10405,40,910887,Retired,Kolkata
10406,51,2166276,Retired,Hyderabad
10407,49,1405200,Student,Mumbai
10408,58,1195352,Salaried,Bengaluru
10409,69,561369,Student,Delhi
10410,39,1009765,Retired,Bengaluru
10411,36,2394424,Retired,Mumbai
10412,60,1064126,Business,Chennai
10413,60,1129143,Retired,Bengaluru
10414,62,2485313,Salaried,Delhi
10415,64,1449527,Salaried,Delhi
10416,30,907449,Business,Chennai
10417,40,1842840,Retired,Delhi
10418,21,260776,Student,Delhi
10419,22,281754,Self-Employed,Chennai
10420,26,1364352,Retired,Delhi
10421,68,2105556,Student,Bengaluru
10422,50,676051,Retired,Kolkata
10423,48,1552141,Self-Employed,Bengaluru
10424,41,513275,Salaried,Mumbai
10425,57,2400297,Salaried,Delhi
10426,47,1570511,Retired,Bengaluru
10427,66,2295704,Business,Bengaluru
10428,47,934686,Retired,Mumbai
10429,29,2147512,Student,Delhi
10430,47,1438123,Salaried,Kolkata
10431,62,709423,Salaried,Delhi
10432,27,928498,Self-Employed,Kolkata
10433,45,400585,Retired,Bengaluru
10434,36,1947735,Self-Employed,Hyderabad
10435,34,1211733,Salaried,Chennai
10436,36,1044684,Retired,Delhi
10437,23,1878749,Student,Chennai
10438,42,2194209,Retired,Bengaluru
10439,30,1361725,Retired,Mumbai
10440,22,1628792,Salaried,Bengaluru
10441,35,1715885,Self-Employed,Bengaluru
10442,45,2496204,Retired,Kolkata
10443,62,648425,Salaried,Chennai
10444,52,2161104,Self-Employed,Delhi
10445,65,1937246,Student,Hyderabad
10446,62,300428,Retired,Chennai
10447,49,1532921,Self-Employed,Kolkata
10448,54,2374922,Self-Employed,Bengaluru
10449,22,1025043,Business,Chennai
10450,41,751438,Self-Employed,Hyderabad
10451,30,1231830,Self-Employed,Chennai
10452,41,1677462,Retired,Chennai
10453,53,1173000,Self-Employed,Mumbai
10454,51,1317822,Retired,Bengaluru
10455,61,427738,Self-Employed,Delhi
10456,51,643846,Salaried,Bengaluru
10457,24,688587,Self-Employed,Hyderabad
10458,31,257835,Self-Employed,Bengaluru
10459,50,2200519,Retired,Delhi
10460,67,431886,Student,Chennai
10461,32,2347804,Retired,Mumbai
10462,35,796207,Business,Hyderabad
10463,48,2450775,Retired,Chennai
10464,51,2109574,Student,Hyderabad
10465,63,1805645,Student,Chennai
10466,68,1428137,Business,Bengaluru
10467,67,2298739,Student,Chennai
10468,57,907371,Retired,Mumbai
10469,54,810657,Business,Bengaluru
10470,51,1353125,Business,Mumbai
10471,30,717918,Salaried,Chennai
10472,23,2355510,Business,Bengaluru
10473,41,1337907,Salaried,Hyderabad
10474,68,858828,Business,Chennai
10475,68,2360092,Student,Mumbai
10476,46,716030,Retired,Chennai
10477,53,2157753,Self-Employed,Hyderabad
10478,61,939493,Self-Employed,Kolkata
10479,45,2358180,Self-Employed,Kolkata
10480,53,847482,Retired,Kolkata
10481,39,2409388,Retired,Delhi
10482,66,1156280,Business,Mumbai
10483,39,474706,Retired,Hyderabad
10484,51,1438339,Business,Hyderabad
10485,65,2304714,Business,Hyderabad
10486,45,1549475,Student,Hyderabad
10487,24,246512,Business,Hyderabad
10488,54,1080637,Self-Employed,Kolkata
10489,31,1108055,Student,Hyderabad
10490,22,1655481,Business,Mumbai
10491,57,415403,Retired,Chennai
10492,21,2016341,Self-Employed,Delhi
10493,37,1110602,Retired,Mumbai
10494,34,605586,Salaried,Delhi
10495,59,1953744,Student,Mumbai
10496,48,724622,Business,Mumbai
10497,61,2116976,Salaried,Bengaluru
10498,36,2122305,Salaried,Delhi
10499,27,1362924,Self-Employed,Kolkata
10500,50,2070368,Salaried,Delhi
10501,44,1626573,Self-Employed,Delhi
10502,40,1180091,Student,Mumbai
10503,33,603061,Retired,Chennai
10504,55,510311,Retired,Bengaluru
10505,32,450916,Business,Mumbai
10506,68,1330436,Salaried,Bengaluru
10507,30,1111360,Salaried,Kolkata
10508,63,2229430,Business,Kolkata
10509,62,1933477,Self-Employed,Hyderabad
10510,69,2208128,Business,Chennai
10511,64,611963,Retired,Hyderabad
10512,63,1239550,Retired,Kolkata
10513,49,902826,Salaried,Delhi
10514,48,1461545,Retired,Hyderabad
10515,53,795677,Retired,Hyderabad
10516,26,251334,Student,Delhi
10517,43,828041,Salaried,Bengaluru
10518,53,1016115,Retired,Delhi
10519,47,1779878,Self-Employed,Chennai
10520,66,2485592,Retired,Delhi
10521,34,451211,Retired,Delhi
10522,52,1449314,Salaried,Chennai
10523,23,1216024,Student,Hyderabad
10524,45,886708,Retired,Mumbai
10525,55,1208300,Business,Delhi
10526,26,672086,Business,Hyderabad
10527,61,1880400,Business,Delhi
10528,52,1512155,Self-Employed,Delhi
10529,63,812487,Retired,Kolkata
10530,36,1055634,Retired,Chennai
10531,33,1794886,Business,Chennai
10532,66,1420567,Self-Employed,Delhi
10533,41,340072,Retired,Chennai
10534,56,744300,Retired,Mumbai
10535,21,2104432,Retired,Kolkata
10536,33,1869902,Salaried,Chennai
10537,24,1482809,Business,Chennai
10538,58,2271065,Student,Chennai
10539,32,349806,Business,Hyderabad
10540,54,1640564,Student,Mumbai
10541,67,776394,Student,Hyderabad
10542,24,1218247,Retired,Hyderabad
10543,64,1185101,Salaried,Mumbai
10544,24,500679,Retired,Kolkata
10545,54,2038717,Business,Delhi
10546,31,1074267,Salaried,Delhi
10547,43,1561535,Student,Hyderabad
10548,29,1386408,Salaried,Delhi
10549,47,1589648,Student,Chennai
10550,69,845301,Student,Bengaluru
10551,24,1179585,Student,Mumbai
10552,54,2163078,Business,Hyderabad
10553,28,2067821,Retired,Hyderabad
10554,63,1640908,Student,Chennai
10555,37,1749707,Salaried,Mumbai
10556,34,2200273,Self-Employed,Chennai
10557,32,2479270,Retired,Kolkata
10558,50,1145370,Salaried,Hyderabad
10559,37,1835808,Business,Mumbai
10560,60,881372,Salaried,Mumbai
10561,27,1592057,Self-Employed,Mumbai
10562,61,1131152,Retired,Chennai
10563,27,906379,Student,Hyderabad
10564,41,353381,Student,Hyderabad
10565,64,2114553,Student,Mumbai
10566,24,1513305,Salaried,Hyderabad
10567,61,1371651,Salaried,Chennai
10568,65,987888,Business,Chennai
10569,48,2271399,Salaried,Delhi
10570,45,1764574,Student,Chennai
10571,54,2265814,Salaried,Kolkata
10572,61,1057005,Retired,Mumbai
10573,66,440319,Retired,Chennai
10574,67,460379,Self-Employed,Hyderabad
10575,29,1747812,Business,Delhi
10576,26,1435104,Self-Employed,Kolkata
10577,55,2382706,Retired,Mumbai
10578,32,1427533,Student,Bengaluru
10579,54,1349512,Retired,Chennai
10580,62,255692,Self-Employed,Hyderabad
10581,69,822376,Salaried,Chennai
10582,49,306128,Retired,Kolkata
10583,58,232372,Student,Bengaluru
10584,64,1015151,Retired,Chennai
10585,21,1313643,Business,Delhi
10586,49,831249,Student,Delhi
10587,24,570998,Student,Bengaluru
10588,62,1461365,Student,Hyderabad
10589,52,1794597,Salaried,Kolkata
10590,34,350013,Salaried,Chennai
10591,37,1458482,Retired,Hyderabad
10592,27,2291045,Self-Employed,Hyderabad
10593,50,2073618,Retired,Hyderabad
10594,64,550172,Self-Employed,Chennai
10595,27,1409249,Business,Bengaluru
10596,30,883520,Student,Kolkata
10597,33,2251262,Business,Delhi
10598,32,641802,Student,Hyderabad
10599,66,653102,Salaried,Bengaluru
10600,46,1847898,Self-Employed,Chennai
10601,34,763582,Self-Employed,Bengaluru
10602,24,1332754,Self-Employed,Chennai
10603,62,920467,Self-Employed,Hyderabad
10604,51,1874511,Self-Employed,Mumbai
10605,39,1914868,Retired,Delhi
10606,25,887289,Business,Mumbai
10607,69,1409106,Self-Employed,Hyderabad
10608,47,1999339,Salaried,Delhi
10609,40,1270588,Retired,Kolkata
10610,61,773556,Student,Delhi
10611,43,2268657,Self-Employed,Delhi
10612,24,959480,Student,Hyderabad
10613,41,2272894,Salaried,Hyderabad
10614,55,2457459,Business,Mumbai
10615,24,2096653,Self-Employed,Kolkata
10616,59,257441,Self-Employed,Delhi
10617,61,2162901,Business,Mumbai
10618,21,827427,Business,Bengaluru
10619,41,631311,Business,Mumbai
10620,68,1880100,Student,Chennai
10621,60,1093938,Salaried,Bengaluru
10622,36,1135614,Retired,Bengaluru
10623,67,2077850,Self-Employed,Kolkata
10624,47,1346992,Student,Mumbai
10625,32,1101021,Retired,Chennai
10626,69,1623511,Retired,Mumbai
10627,62,659889,Student,Hyderabad
10628,69,688541,Student,Chennai
10629,67,1156904,Self-Employed,Chennai
10630,45,1085442,Business,Bengaluru
10631,51,2326641,Student,Hyderabad
10632,54,1406413,Retired,Chennai
10633,28,525367,Business,Bengaluru
10634,69,898876,Self-Employed,Chennai
10635,30,828146,Retired,Kolkata
10636,37,1247850,Salaried,Mumbai
10637,36,1985242,Retired,Hyderabad
10638,25,1075935,Self-Employed,Chennai
10639,47,1407204,Student,Kolkata
10640,63,1792194,Student,Kolkata
10641,35,1498680,Salaried,Mumbai
10642,21,1746584,Self-Employed,Hyderabad
10643,66,1612892,Business,Hyderabad
10644,61,962656,Salaried,Kolkata
10645,28,315538,Retired,Bengaluru
10646,65,1014165,Self-Employed,Kolkata
10647,65,1436441,Self-Employed,Hyderabad
10648,32,1395256,Salaried,Mumbai
10649,64,936568,Student,Hyderabad
10650,55,820973,Retired,Delhi
10651,40,1590485,Self-Employed,Kolkata
10652,61,293034,Student,Hyderabad
10653,62,1944634,Business,Hyderabad
10654,41,1656520,Self-Employed,Chennai
10655,37,979443,Self-Employed,Delhi
10656,51,908521,Business,Mumbai
10657,61,1280870,Self-Employed,Delhi
10658,33,465412,Salaried,Delhi
10659,42,1022302,Retired,Bengaluru
10660,28,364349,Self-Employed,Delhi
10661,42,2027384,Retired,Chennai
10662,21,2063258,Self-Employed,Delhi
10663,44,1832128,Business,Bengaluru
10664,49,846165,Student,Mumbai
10665,45,1326172,Salaried,Bengaluru
10666,26,1097706,Self-Employed,Kolkata
10667,60,1467110,Retired,Mumbai
10668,60,1799982,Retired,Bengaluru
10669,27,1224085,Retired,Chennai
10670,46,658930,Salaried,Delhi
10671,67,1172563,Salaried,Kolkata
10672,59,1115877,Retired,Bengaluru
10673,49,1910083,Self-Employed,Mumbai
10674,33,1773426,Business,Chennai
10675,62,1711457,Student,Chennai
10676,25,2431341,Student,Chennai
10677,69,1094976,Student,Kolkata
10678,49,1688903,Retired,Delhi
10679,68,923843,Salaried,Bengaluru
10680,65,1978275,Retired,Chennai
10681,58,1247293,Student,Kolkata
10682,41,1448892,Retired,Mumbai
10683,31,2362310,Salaried,Delhi
10684,53,461376,Self-Employed,Chennai
10685,56,2048509,Business,Chennai
10686,45,1002627,Retired,Mumbai
10687,63,1933003,Student,Kolkata
10688,52,419298,Retired,Hyderabad
10689,22,1064478,Business,Bengaluru
10690,60,406315,Retired,Hyderabad
10691,31,1842013,Student,Mumbai
10692,23,2125091,Self-Employed,Delhi
10693,65,1595752,Salaried,Delhi
10694,57,605901,Self-Employed,Chennai
10695,48,1416893,Self-Employed,Bengaluru
10696,64,230055,Salaried,Chennai
10697,67,213736,Self-Employed,Hyderabad
10698,59,2476858,Salaried,Kolkata
10699,40,1489590,Salaried,Chennai
10700,67,1092763,Retired,Mumbai
10701,65,447935,Student,Bengaluru
10702,39,2198298,Salaried,Chennai
10703,33,552144,Salaried,Delhi
10704,43,330477,Self-Employed,Delhi
10705,65,2071910,Student,Mumbai
10706,57,438127,Student,Chennai
10707,40,221919,Business,Hyderabad
10708,30,1390894,Self-Employed,Mumbai
10709,66,722455,Retired,Mumbai
10710,31,1120835,Student,Delhi
10711,43,2140178,Student,Mumbai
10712,42,475090,Salaried,Mumbai
10713,42,1976640,Salaried,Hyderabad
10714,47,1890063,Salaried,Chennai
10715,61,2335952,Retired,Delhi
10716,55,1306253,Business,Hyderabad
10717,66,316506,Student,Kolkata
10718,36,261076,Self-Employed,Mumbai
10719,39,2469450,Retired,Bengaluru
10720,44,1887200,Student,Hyderabad
10721,26,600007,Business,Delhi
10722,36,2161629,Business,Bengaluru
10723,58,365847,Retired,Kolkata
10724,37,2462225,Salaried,Kolkata
10725,58,596970,Self-Employed,Chennai
10726,22,399945,Student,Bengaluru
10727,68,280647,Retired,Delhi
10728,60,2384329,Salaried,Delhi
10729,42,1386606,Retired,Kolkata
10730,52,1062446,Self-Employed,Chennai
10731,43,1194619,Self-Employed,Hyderabad
10732,51,966513,Retired,Kolkata
10733,41,1059773,Salaried,Delhi
10734,43,2324180,Self-Employed,Mumbai
10735,43,2016631,Business,Hyderabad
10736,53,1499090,Student,Bengaluru
10737,47,957395,Retired,Delhi
10738,32,484449,Self-Employed,Kolkata
10739,29,1183080,Salaried,Bengaluru
10740,40,1848626,Retired,Mumbai
10741,33,2158166,Business,Delhi
10742,24,1336219,Salaried,Bengaluru
10743,41,1979382,Salaried,Bengaluru
10744,22,847928,Retired,Delhi
10745,34,1664179,Self-Employed,Kolkata
10746,21,2355580,Business,Delhi
10747,33,1328209,Retired,Bengaluru
10748,42,1120859,Retired,Hyderabad
10749,66,1937214,Student,Mumbai
10750,67,597120,Self-Employed,Kolkata
10751,52,2380799,Salaried,Delhi
10752,26,1085597,Student,Delhi
10753,30,1579592,Business,Kolkata
10754,55,1891780,Student,Chennai
10755,53,2480613,Retired,Mumbai
10756,25,2318799,Retired,Delhi
10757,28,1407484,Salaried,Mumbai
10758,56,900870,Salaried,Hyderabad
10759,55,888955,Retired,Mumbai
10760,67,465006,Salaried,Bengaluru
10761,27,1063371,Self-Employed,Hyderabad
10762,52,1745997,Self-Employed,Kolkata
10763,57,670300,Business,Hyderabad
10764,27,313507,Retired,Kolkata
10765,22,243601,Student,Delhi
10766,64,1990541,Retired,Delhi
10767,57,1216768,Salaried,Kolkata
10768,37,1677113,Student,Hyderabad
10769,49,284954,Business,Bengaluru
10770,35,2296668,Retired,Kolkata
10771,33,252971,Salaried,Kolkata
10772,25,729165,Retired,Chennai
10773,61,1069998,Retired,Hyderabad
10774,45,2157206,Salaried,Chennai
10775,51,215439,Business,Mumbai
10776,38,1559723,Self-Employed,Bengaluru
10777,26,842757,Retired,Bengaluru
10778,61,484535,Student,Bengaluru
10779,50,1068610,Student,Kolkata
10780,22,1824110,Student,Kolkata
10781,69,1637683,Self-Employed,Hyderabad
10782,34,2039775,Student,Kolkata
10783,32,340060,Student,Chennai
10784,63,268041,Student,Delhi
10785,45,2018938,Student,Kolkata
10786,38,2405634,Salaried,Bengaluru
10787,65,1952511,Student,Hyderabad
10788,59,1201565,Business,Bengaluru
10789,60,1501777,Salaried,Bengaluru
10790,65,984585,Student,Kolkata
10791,30,2483638,Student,Kolkata
10792,48,2340924,Salaried,Bengaluru
10793,60,2047360,Salaried,Chennai
10794,58,1690634,Retired,Mumbai
10795,38,1321712,Student,Hyderabad
10796,52,2359039,Salaried,Kolkata
10797,69,344614,Business,Mumbai
10798,41,995275,Retired,Bengaluru
10799,43,1858732,Retired,Chennai
10800,22,1971372,Self-Employed,Bengaluru
10801,28,1250980,Retired,Chennai
10802,26,973807,Business,Kolkata
10803,26,2299742,Business,Chennai
10804,51,835895,Self-Employed,Chennai
10805,27,377354,Self-Employed,Hyderabad
10806,38,2016217,Student,Chennai
10807,46,1592565,Student,Bengaluru
10808,34,433727,Business,Bengaluru
10809,61,2154414,Salaried,Hyderabad
10810,65,715826,Student,Hyderabad
10811,48,1170511,Business,Delhi
10812,52,942283,Salaried,Mumbai
10813,68,447914,Business,Delhi
10814,61,1183214,Student,Chennai
10815,40,857632,Self-Employed,Chennai
10816,25,1475119,Student,Kolkata
10817,22,2297146,Business,Chennai
10818,31,624773,Retired,Mumbai
10819,65,680886,Business,Delhi
10820,35,466108,Salaried,Hyderabad
10821,47,1486054,Salaried,Hyderabad
10822,55,335913,Student,Hyderabad
10823,34,1532804,Salaried,Kolkata
10824,60,489734,Salaried,Hyderabad
10825,35,929757,Business,Bengaluru
10826,45,275585,Student,Bengaluru
10827,46,2488597,Student,Delhi
10828,57,1929568,Self-Employed,Hyderabad
10829,55,2038933,Business,Delhi
10830,51,2200266,Retired,Mumbai
10831,63,274747,Retired,Bengaluru
10832,42,2348070,Self-Employed,Mumbai
10833,46,455669,Student,Mumbai
10834,67,622478,Retired,Chennai
10835,69,770451,Self-Employed,Mumbai
10836,69,1907601,Student,Bengaluru
10837,22,1904189,Business,Bengaluru
10838,52,504347,Retired,Delhi
10839,59,1078100,Student,Chennai
10840,26,1995974,Self-Employed,Delhi
10841,67,1134330,Self-Employed,Mumbai
10842,48,627674,Self-Employed,Kolkata
10843,22,1467615,Business,Hyderabad
10844,54,1656877,Self-Employed,Bengaluru
10845,45,353265,Self-Employed,Chennai
10846,51,1200932,Salaried,Chennai
10847,54,675766,Self-Employed,Kolkata
10848,42,444027,Retired,Bengaluru
10849,63,1013974,Student,Kolkata
10850,43,214852,Self-Employed,Kolkata
10851,52,2001551,Self-Employed,Bengaluru
10852,57,1835872,Business,Chennai
10853,52,2344200,Self-Employed,Delhi
10854,66,1041329,Retired,Kolkata
10855,26,1556321,Salaried,Chennai
10856,27,841169,Student,Delhi
10857,34,332102,Salaried,Delhi
10858,50,2457899,Self-Employed,Kolkata
10859,46,1385734,Salaried,Chennai
10860,50,2453084,Salaried,Mumbai
10861,69,1956184,Retired,Hyderabad
10862,27,2078504,Self-Employed,Kolkata
10863,50,933005,Self-Employed,Hyderabad
10864,21,2000113,Student,Mumbai
10865,62,2269707,Student,Chennai
10866,30,1065361,Self-Employed,Mumbai
10867,23,512003,Retired,Kolkata
10868,61,2094447,Retired,Hyderabad
10869,50,314562,Business,Hyderabad
10870,55,651985,Self-Employed,Delhi
10871,64,729805,Self-Employed,Mumbai
10872,61,1468841,Retired,Chennai
10873,31,936552,Student,Kolkata
10874,45,1712456,Self-Employed,Kolkata
10875,21,857574,Salaried,Delhi
10876,33,440074,Student,Delhi
10877,59,2446063,Business,Hyderabad
10878,69,1512165,Retired,Bengaluru
10879,30,676760,Student,Chennai
10880,69,397671,Retired,Mumbai
10881,21,2203526,Retired,Delhi
10882,34,857130,Retired,Mumbai
10883,25,2160216,Self-Employed,Chennai
10884,36,1823249,Self-Employed,Mumbai
10885,69,733449,Retired,Mumbai
10886,69,1899469,Student,Delhi
10887,56,888367,Retired,Mumbai
10888,65,2153299,Retired,Chennai
10889,67,811097,Student,Kolkata
10890,33,2420514,Salaried,Bengaluru
10891,59,2279032,Business,Chennai
10892,62,2312429,Self-Employed,Kolkata
10893,41,866544,Retired,Kolkata
10894,69,1937392,Student,Delhi
10895,48,1159948,Business,Chennai
10896,61,516071,Self-Employed,Kolkata
10897,39,2235604,Retired,Hyderabad
10898,24,772743,Retired,Kolkata
10899,50,2234116,Retired,Chennai
10900,44,1539771,Retired,Mumbai
10901,59,2427288,Retired,Delhi
10902,60,1793186,Business,Bengaluru
10903,22,1039437,Student,Kolkata
10904,21,2326319,Student,Chennai
10905,21,587969,Salaried,Mumbai
10906,56,2377371,Business,Kolkata
10907,45,1474782,Student,Chennai
10908,49,2138207,Self-Employed,Delhi
10909,39,1409262,Retired,Kolkata
10910,48,2477734,Salaried,Mumbai
10911,44,1349504,Salaried,Kolkata
10912,47,1947508,Business,Kolkata
10913,69,1178494,Retired,Kolkata
10914,47,613343,Salaried,Hyderabad
10915,50,262632,Business,Kolkata
10916,43,1597877,Student,Kolkata
10917,61,850978,Salaried,Hyderabad
10918,23,1950947,Business,Chennai
10919,58,1310373,Self-Employed,Kolkata
10920,59,1569115,Self-Employed,Kolkata
10921,24,835604,Salaried,Mumbai
10922,29,1525651,Salaried,Hyderabad
10923,54,215460,Self-Employed,Kolkata
10924,43,742937,Business,Bengaluru
10925,69,1135840,Salaried,Chennai
10926,63,2060999,Business,Chennai
10927,54,949647,Student,Delhi
10928,35,240693,Student,Kolkata
10929,45,2217054,Salaried,Mumbai
10930,49,2165534,Self-Employed,Hyderabad
10931,56,753886,Student,Hyderabad
10932,50,687898,Self-Employed,Bengaluru
10933,26,1251762,Self-Employed,Bengaluru
10934,65,896916,Business,Mumbai
10935,50,1452515,Retired,Kolkata
10936,23,854089,Student,Mumbai
10937,40,482365,Self-Employed,Mumbai
10938,49,520453,Business,Hyderabad
10939,48,1313844,Salaried,Delhi
10940,48,755049,Student,Chennai
10941,69,698314,Salaried,Kolkata
10942,29,2332947,Retired,Bengaluru
10943,47,1028329,Self-Employed,Delhi
10944,37,1339757,Student,Bengaluru
10945,37,1269381,Student,Delhi
10946,47,2150937,Business,Chennai
10947,25,441710,Student,Mumbai
10948,39,985727,Retired,Hyderabad
10949,55,410129,Salaried,Bengaluru
10950,48,1668691,Student,Chennai
10951,28,2466864,Business,Delhi
10952,64,227381,Retired,Bengaluru
10953,48,1078078,Salaried,Chennai
10954,54,2126313,Business,Hyderabad
10955,28,346792,Salaried,Hyderabad
10956,32,968707,Salaried,Chennai
10957,42,227111,Retired,Kolkata
10958,37,647978,Self-Employed,Hyderabad
10959,46,2391509,Business,Mumbai
10960,39,1246069,Student,Kolkata
10961,37,1605270,Self-Employed,Chennai
10962,34,1996930,Self-Employed,Hyderabad
10963,21,487560,Business,Mumbai
10964,59,1829862,Student,Hyderabad
10965,35,1335110,Salaried,Kolkata
10966,51,1762237,Retired,Mumbai
10967,59,2058183,Retired,Delhi
10968,34,459071,Retired,Kolkata
10969,48,1389188,Salaried,Kolkata
10970,62,466911,Student,Chennai
10971,50,477719,Retired,Kolkata
10972,45,484488,Retired,Hyderabad
10973,34,1701476,Student,Bengaluru
10974,47,1796744,Self-Employed,Delhi
10975,51,895305,Business,Bengaluru
10976,27,1378488,Retired,Bengaluru
10977,51,1199667,Retired,Chennai
10978,34,288449,Retired,Bengaluru
10979,30,821130,Business,Chennai
10980,67,1389812,Student,Bengaluru
10981,61,1612277,Retired,Chennai
10982,46,1760336,Self-Employed,Delhi
10983,33,1043464,Student,Hyderabad
10984,68,738130,Retired,Bengaluru
10985,42,1555801,Salaried,Mumbai
10986,55,549742,Business,Kolkata
10987,21,875942,Retired,Delhi
10988,58,1108754,Self-Employed,Kolkata
10989,61,2287211,Retired,Chennai
10990,60,984412,Business,Kolkata
10991,67,2054020,Student,Chennai
10992,23,735060,Retired,Kolkata
10993,30,1365297,Salaried,Mumbai
10994,36,1833920,Retired,Hyderabad
10995,29,2121711,Self-Employed,Kolkata
10996,58,2469262,Self-Employed,Kolkata
10997,48,830595,Salaried,Hyderabad
10998,56,1709620,Retired,Chennai
10999,49,977761,Self-Employed,Mumbai
11000,69,1733279,Self-Employed,Bengaluru
11001,37,401096,Business,Bengaluru
11002,58,1090978,Self-Employed,Mumbai
11003,41,1306604,Self-Employed,Bengaluru
11004,64,1159287,Self-Employed,Delhi
11005,26,1650916,Student,Chennai
11006,36,925193,Self-Employed,Hyderabad
11007,28,1316119,Self-Employed,Bengaluru
11008,41,1791253,Student,Bengaluru
11009,46,1256262,Student,Hyderabad
11010,50,1833296,Self-Employed,Delhi
11011,44,1406816,Student,Chennai
11012,60,1840022,Salaried,Chennai
11013,38,281507,Retired,Mumbai
11014,47,2081652,Salaried,Hyderabad
11015,30,468157,Business,Bengaluru
11016,53,1743129,Retired,Delhi
11017,39,350516,Student,Mumbai
11018,54,2126743,Self-Employed,Bengaluru
11019,37,923183,Business,Delhi
11020,35,2445971,Self-Employed,Hyderabad
11021,38,2052942,Self-Employed,Delhi
11022,52,1286312,Self-Employed,Delhi
11023,45,617901,Retired,Chennai
11024,47,1429472,Salaried,Delhi
11025,49,1379739,Salaried,Chennai
11026,47,1443316,Self-Employed,Mumbai
11027,67,1340035,Retired,Delhi
11028,21,1370315,Salaried,Bengaluru
11029,43,1578761,Salaried,Hyderabad
11030,49,1222847,Salaried,Bengaluru
11031,27,339409,Student,Chennai
11032,61,1687786,Salaried,Chennai
11033,65,1078147,Business,Hyderabad
11034,57,1223613,Business,Mumbai
11035,66,815088,Self-Employed,Mumbai
11036,66,669508,Salaried,Kolkata
11037,62,1191856,Salaried,Delhi
11038,48,1795119,Retired,Mumbai
11039,59,2442052,Retired,Chennai
11040,53,873489,Student,Delhi
11041,67,715184,Retired,Delhi
11042,25,2447056,Self-Employed,Mumbai
11043,21,1890915,Student,Delhi
11044,66,433122,Retired,Bengaluru
11045,53,1436058,Student,Hyderabad
11046,57,2284017,Business,Delhi
11047,29,1184203,Salaried,Delhi
11048,33,884923,Business,Mumbai
11049,38,1501959,Retired,Delhi
11050,23,1560740,Student,Bengaluru
11051,67,2338425,Business,Bengaluru
11052,48,2378308,Student,Kolkata
11053,63,1045946,Business,Delhi
11054,21,439866,Retired,Hyderabad
11055,61,1935792,Salaried,Kolkata
11056,24,848730,Self-Employed,Hyderabad
11057,23,1496805,Business,Delhi
11058,28,1012775,Student,Bengaluru
11059,31,1662253,Self-Employed,Kolkata
11060,44,321379,Business,Bengaluru
11061,21,2042142,Student,Delhi
11062,51,2491140,Business,Kolkata
11063,59,1527615,Student,Mumbai
11064,47,2287012,Self-Employed,Chennai
11065,56,357008,Self-Employed,Hyderabad
11066,64,1546539,Business,Delhi
11067,52,320431,Business,Mumbai
11068,66,539296,Student,Bengaluru
11069,69,1250254,Salaried,Delhi
11070,49,349387,Self-Employed,Bengaluru
11071,65,2453300,Self-Employed,Mumbai
11072,40,346420,Business,Mumbai
11073,30,403988,Self-Employed,Mumbai
11074,57,491406,Business,Delhi
11075,31,1809386,Salaried,Delhi
11076,21,665176,Salaried,Hyderabad
11077,56,835270,Student,Kolkata
11078,67,1414144,Student,Bengaluru
11079,42,2058351,Salaried,Delhi
11080,52,457491,Retired,Delhi
11081,54,887502,Business,Kolkata
11082,22,2496356,Retired,Delhi
11083,31,2447458,Business,Chennai
11084,62,1525307,Salaried,Bengaluru
11085,60,1860632,Business,Kolkata
11086,26,264947,Salaried,Hyderabad
11087,41,2475296,Salaried,Delhi
11088,61,2086027,Salaried,Hyderabad
11089,43,1062835,Student,Mumbai
11090,66,2317864,Business,Chennai
11091,41,1275094,Business,Kolkata
11092,63,1169422,Student,Bengaluru
11093,34,660111,Student,Bengaluru
11094,38,2449611,Self-Employed,Bengaluru
11095,39,942750,Salaried,Kolkata
11096,38,890394,Self-Employed,Chennai
11097,61,520605,Business,Bengaluru
11098,51,202420,Salaried,Delhi
11099,54,824219,Salaried,Delhi
11100,65,453630,Business,Delhi
11101,50,1702334,Student,Chennai
11102,55,717847,Salaried,Bengaluru
11103,62,969386,Student,Kolkata
11104,25,2191379,Student,Chennai
11105,62,775312,Retired,Mumbai
11106,45,268248,Self-Employed,Delhi
11107,25,1927101,Business,Hyderabad
11108,30,1926685,Retired,Kolkata
11109,56,538071,Student,Chennai
11110,49,2342064,Student,Hyderabad
11111,61,989659,Student,Bengaluru
11112,33,326867,Self-Employed,Hyderabad
11113,63,2053489,Retired,Chennai
11114,42,454825,Self-Employed,Hyderabad
11115,25,1928542,Retired,Kolkata
11116,51,948182,Student,Bengaluru
11117,35,612636,Retired,Hyderabad
11118,29,1075227,Business,Hyderabad
11119,59,1675797,Salaried,Mumbai
11120,62,1347510,Salaried,Mumbai
11121,52,964625,Retired,Bengaluru
11122,35,1281200,Student,Delhi
11123,53,1995637,Student,Bengaluru
11124,61,1463415,Self-Employed,Kolkata
11125,69,2117923,Student,Delhi
11126,27,1369605,Retired,Bengaluru
11127,62,1211774,Salaried,Kolkata
11128,55,1378823,Retired,Hyderabad
11129,61,1540454,Retired,Chennai
11130,59,2174265,Business,Chennai
11131,25,1310263,Student,Mumbai
11132,24,839313,Salaried,Delhi
11133,57,1788410,Business,Kolkata
11134,47,1087162,Retired,Chennai
11135,26,1359950,Student,Bengaluru
11136,64,657618,Self-Employed,Kolkata
11137,57,1988192,Retired,Mumbai
11138,45,2047267,Retired,Delhi
11139,29,2116901,Salaried,Hyderabad
11140,27,1138706,Business,Chennai
11141,52,906857,Retired,Bengaluru
11142,33,1126377,Student,Mumbai
11143,61,2101969,Salaried,Chennai
11144,28,1075494,Salaried,Bengaluru
11145,46,470587,Self-Employed,Delhi
11146,21,2116216,Self-Employed,Kolkata
11147,44,1184824,Self-Employed,Hyderabad
11148,36,2051299,Salaried,Delhi
11149,51,551286,Business,Delhi
11150,32,1257924,Salaried,Chennai
11151,54,831988,Self-Employed,Delhi
11152,56,1498339,Retired,Hyderabad
11153,24,2368375,Salaried,Delhi
11154,51,1699092,Salaried,Chennai
11155,38,2403924,Student,Bengaluru
11156,30,1512345,Retired,Kolkata
11157,46,1359788,Student,Mumbai
11158,53,2202218,Student,Mumbai
11159,62,1098851,Retired,Delhi
11160,27,1256576,Student,Kolkata
11161,25,1509054,Self-Employed,Mumbai
11162,23,448015,Student,Chennai
11163,37,1947611,Business,Kolkata
11164,49,841099,Retired,Hyderabad
11165,62,1696163,Student,Delhi
11166,28,379397,Salaried,Bengaluru
11167,28,2184460,Salaried,Bengaluru
11168,63,653838,Self-Employed,Delhi
11169,48,940373,Salaried,Bengaluru
11170,37,1341794,Retired,Hyderabad
11171,57,527539,Business,Bengaluru
11172,40,1019767,Student,Bengaluru
11173,42,1587735,Retired,Kolkata
11174,30,1500932,Business,Bengaluru
11175,22,990731,Self-Employed,Hyderabad
11176,65,2082727,Salaried,Kolkata
11177,51,1181055,Business,Chennai
11178,48,562771,Self-Employed,Bengaluru
11179,65,511823,Business,Kolkata
11180,51,1043542,Self-Employed,Hyderabad
11181,52,2323351,Salaried,Hyderabad
11182,33,1935319,Salaried,Delhi
11183,39,1763557,Retired,Bengaluru
11184,42,2121975,Self-Employed,Delhi
11185,23,686545,Salaried,Mumbai
11186,35,2276388,Business,Bengaluru
11187,68,2012228,Self-Employed,Delhi
11188,55,967019,Salaried,Delhi
11189,38,1759241,Student,Kolkata
11190,24,1272970,Retired,Mumbai
11191,34,514265,Salaried,Chennai
11192,66,323677,Student,Mumbai
11193,26,2474198,Student,Kolkata
11194,31,2366421,Business,Bengaluru
11195,31,2130673,Salaried,Hyderabad
11196,35,954937,Retired,Bengaluru
11197,36,751099,Business,Kolkata
11198,58,1483499,Retired,Hyderabad
11199,56,1993097,Self-Employed,Mumbai
11200,28,1434978,Retired,Delhi
11201,67,307822,Student,Bengaluru
11202,22,1301807,Self-Employed,Kolkata
11203,48,1237658,Student,Hyderabad
11204,31,499638,Salaried,Hyderabad
11205,49,2045018,Student,Chennai
11206,52,2270331,Self-Employed,Chennai
11207,25,950936,Self-Employed,Delhi
11208,25,762663,Retired,Bengaluru
11209,39,338429,Retired,Bengaluru
11210,66,845157,Student,Delhi
11211,49,1818331,Student,Bengaluru
11212,59,1783853,Self-Employed,Delhi
11213,30,2189247,Self-Employed,Kolkata
11214,66,876447,Salaried,Hyderabad
11215,35,1135997,Business,Kolkata
11216,33,1612296,Retired,Bengaluru
11217,43,2111246,Business,Mumbai
11218,42,2150670,Student,Hyderabad
11219,54,2248200,Retired,Hyderabad
11220,43,875165,Salaried,Kolkata
11221,63,206038,Self-Employed,Delhi
11222,33,1903576,Student,Mumbai
11223,64,224051,Salaried,Delhi
11224,66,988003,Business,Kolkata
11225,24,2029031,Retired,Bengaluru
11226,64,737245,Self-Employed,Bengaluru
11227,23,1756023,Student,Delhi
11228,56,832869,Self-Employed,Delhi
11229,28,1926204,Business,Mumbai
11230,60,2395278,Business,Mumbai
11231,50,495471,Business,Bengaluru
11232,50,367045,Business,Mumbai
11233,30,518858,Business,Hyderabad
11234,56,749673,Business,Hyderabad
11235,47,1678518,Salaried,Chennai
11236,68,882018,Salaried,Chennai
11237,56,1791487,Self-Employed,Mumbai
11238,27,2408873,Student,Mumbai
11239,39,1876849,Retired,Hyderabad
11240,29,1560223,Business,Bengaluru
11241,60,440164,Student,Kolkata
11242,59,1251713,Retired,Hyderabad
11243,28,1932879,Salaried,Mumbai
11244,21,210888,Business,Bengaluru
11245,38,1566003,Retired,Chennai
11246,25,2362363,Salaried,Chennai
11247,55,272549,Student,Delhi
11248,57,1847752,Salaried,Kolkata
11249,21,1299098,Business,Delhi
11250,32,1162203,Student,Hyderabad
11251,44,668858,Business,Hyderabad
11252,58,1693901,Salaried,Delhi
11253,26,1027345,Business,Hyderabad
11254,41,320656,Business,Bengaluru
11255,24,1759175,Retired,Bengaluru
11256,46,1232240,Business,Mumbai
11257,60,1133083,Self-Employed,Mumbai
11258,62,581742,Self-Employed,Delhi
11259,35,1133371,Business,Delhi
11260,40,1911936,Salaried,Kolkata
11261,67,1828772,Student,Mumbai
11262,48,819997,Student,Hyderabad
11263,54,490126,Business,Bengaluru
11264,49,537289,Student,Bengaluru
11265,23,867633,Business,Bengaluru
11266,45,1112515,Retired,Chennai
11267,36,1424190,Retired,Kolkata
11268,31,1663894,Self-Employed,Delhi
11269,26,2110002,Business,Mumbai
11270,68,1366952,Self-Employed,Kolkata
11271,31,2181402,Salaried,Bengaluru
11272,24,1170002,Retired,Hyderabad
11273,63,2394190,Retired,Kolkata
11274,66,2351478,Retired,Mumbai
11275,40,1086222,Retired,Kolkata
11276,36,1133860,Salaried,Mumbai
11277,23,2328403,Student,Bengaluru
11278,26,1862905,Student,Delhi
11279,36,2238786,Retired,Chennai
11280,38,2133215,Business,Hyderabad
11281,54,1436404,Business,Bengaluru
11282,65,298390,Salaried,Delhi
11283,36,561496,Self-Employed,Chennai
11284,52,209336,Self-Employed,Delhi
11285,30,1021458,Student,Mumbai
11286,57,1052146,Student,Bengaluru
11287,43,318874,Business,Chennai
11288,27,1320258,Self-Employed,Kolkata
11289,48,1320074,Salaried,Chennai
11290,57,2332962,Business,Delhi
11291,33,1086140,Business,Chennai
11292,23,882920,Self-Employed,Chennai
11293,40,1360706,Self-Employed,Mumbai
11294,56,1546836,Self-Employed,Mumbai
11295,51,1763932,Business,Chennai
11296,66,755199,Student,Mumbai
11297,64,1833980,Salaried,Bengaluru
11298,34,1375858,Student,Delhi
11299,65,1726199,Self-Employed,Mumbai
11300,57,2344511,Retired,Hyderabad
11301,56,1982666,Salaried,Hyderabad
11302,21,365652,Retired,Mumbai
11303,39,2265065,Business,Delhi
11304,56,2489062,Self-Employed,Kolkata
11305,49,1314278,Retired,Chennai
11306,61,951500,Business,Bengaluru
11307,43,1496527,Salaried,Chennai
11308,23,1445621,Retired,Hyderabad
11309,36,1979088,Retired,Mumbai
11310,49,2092665,Student,Bengaluru
11311,37,317106,Self-Employed,Kolkata
11312,29,835086,Student,Kolkata
11313,48,1320247,Student,Delhi
11314,54,875595,Salaried,Chennai
11315,68,2133031,Retired,Mumbai
11316,35,1946183,Student,Kolkata
11317,30,2163038,Salaried,Bengaluru
11318,43,1415284,Salaried,Chennai
11319,40,305263,Student,Chennai
11320,47,720218,Student,Chennai
11321,68,2303936,Business,Bengaluru
11322,33,407444,Student,Delhi
11323,31,1007336,Retired,Hyderabad
11324,58,436517,Self-Employed,Chennai
11325,50,1882018,Student,Delhi
11326,21,1134758,Student,Chennai
11327,39,2244302,Student,Hyderabad
11328,24,1532720,Business,Delhi
11329,38,1346150,Business,Bengaluru
11330,33,740516,Student,Mumbai
11331,55,1099615,Retired,Chennai
11332,39,257032,Self-Employed,Delhi
11333,27,527800,Student,Bengaluru
11334,49,1215022,Student,Chennai
11335,46,810216,Self-Employed,Chennai
11336,49,595934,Business,Hyderabad
11337,53,2419414,Retired,Kolkata
11338,35,1749736,Student,Chennai
11339,53,1844936,Business,Chennai
11340,62,1945020,Business,Chennai
11341,66,1800005,Business,Hyderabad
11342,37,1533344,Self-Employed,Delhi
11343,28,219207,Retired,Mumbai
11344,43,665380,Student,Bengaluru
11345,25,2472367,Student,Mumbai
11346,29,799332,Retired,Mumbai
11347,43,2342485,Student,Delhi
11348,30,2406862,Self-Employed,Mumbai
11349,59,2044487,Self-Employed,Kolkata
11350,58,762282,Student,Mumbai
11351,64,1668099,Student,Hyderabad
11352,35,1636827,Retired,Mumbai
11353,44,1569109,Business,Hyderabad
11354,29,2474677,Salaried,Chennai
11355,65,1067131,Business,Bengaluru
11356,51,429319,Salaried,Mumbai
11357,47,2191420,Retired,Bengaluru
11358,30,1022534,Student,Hyderabad
11359,65,568957,Student,Delhi
11360,50,2076932,Retired,Mumbai
11361,56,1156544,Student,Bengaluru
11362,54,2487086,Business,Chennai
11363,64,2206197,Salaried,Bengaluru
11364,49,1541332,Self-Employed,Kolkata
11365,36,1297839,Business,Delhi
11366,47,309110,Business,Delhi
11367,28,1381367,Retired,Hyderabad
11368,69,717060,Salaried,Delhi
11369,23,1036201,Student,Chennai
11370,28,1615258,Salaried,Mumbai
11371,61,2002161,Retired,Hyderabad
11372,28,1018554,Student,Chennai
11373,48,1205580,Self-Employed,Bengaluru
11374,62,2299424,Student,Kolkata
11375,65,1779886,Retired,Hyderabad
11376,22,1424954,Self-Employed,Delhi
11377,59,437416,Salaried,Chennai
11378,22,452698,Business,Chennai
11379,43,1414628,Retired,Delhi
11380,43,2006766,Self-Employed,Mumbai
11381,32,945615,Retired,Kolkata
11382,38,1885726,Salaried,Mumbai
11383,60,1418139,Business,Chennai
11384,27,1468493,Self-Employed,Mumbai
11385,48,299836,Self-Employed,Bengaluru
11386,46,2438401,Retired,Hyderabad
11387,45,2405762,Self-Employed,Bengaluru
11388,56,2457713,Self-Employed,Hyderabad
11389,38,1278360,Salaried,Mumbai
11390,36,994231,Student,Kolkata
11391,37,681451,Self-Employed,Chennai
11392,58,935310,Retired,Hyderabad
11393,51,2092661,Self-Employed,Hyderabad
11394,48,1672176,Self-Employed,Delhi
11395,22,336905,Student,Chennai
11396,56,382682,Salaried,Chennai
11397,36,477571,Student,Mumbai
11398,31,218404,Retired,Kolkata
11399,49,2350283,Business,Hyderabad
11400,44,2156726,Salaried,Bengaluru
11401,36,2450532,Retired,Mumbai
11402,34,1192068,Student,Chennai
11403,40,315707,Self-Employed,Chennai
11404,22,1044918,Student,Mumbai
11405,23,664585,Salaried,Delhi
11406,28,272251,Self-Employed,Bengaluru
11407,40,790430,Salaried,Mumbai
11408,31,2493314,Self-Employed,Hyderabad
11409,50,1962799,Retired,Mumbai
11410,30,2344520,Salaried,Delhi
11411,39,1167360,Student,Kolkata
11412,42,405496,Salaried,Delhi
11413,36,1766213,Business,Hyderabad
11414,49,2490199,Retired,Chennai
11415,57,1008274,Business,Hyderabad
11416,65,1364299,Self-Employed,Bengaluru
11417,36,2152753,Student,Chennai
11418,25,1493429,Retired,Delhi
11419,38,1547031,Self-Employed,Chennai
11420,31,2465590,Self-Employed,Hyderabad
11421,41,2101254,Salaried,Chennai
11422,41,2125110,Self-Employed,Bengaluru
11423,40,809587,Business,Mumbai
11424,48,1142724,Business,Chennai
11425,60,2270185,Salaried,Delhi
11426,65,484978,Self-Employed,Bengaluru
11427,59,1396622,Retired,Chennai
11428,67,625974,Retired,Kolkata
11429,57,1174371,Business,Kolkata
11430,24,527039,Retired,Delhi
11431,59,2059339,Salaried,Bengaluru
11432,55,2398707,Student,Mumbai
11433,32,1112447,Salaried,Bengaluru
11434,43,595708,Salaried,Bengaluru
11435,65,1845590,Student,Bengaluru
11436,23,2203803,Self-Employed,Bengaluru
11437,60,797543,Self-Employed,Bengaluru
11438,65,1550528,Student,Chennai
11439,61,1812355,Retired,Bengaluru
11440,47,684257,Student,Mumbai
11441,62,726729,Student,Bengaluru
11442,68,1228343,Student,Chennai
11443,49,1345851,Self-Employed,Mumbai
11444,41,2270579,Student,Hyderabad
11445,52,1486420,Salaried,Bengaluru
11446,23,2367585,Student,Chennai
11447,42,289427,Self-Employed,Hyderabad
11448,23,1505787,Business,Delhi
11449,61,2365451,Business,Hyderabad
11450,58,874090,Business,Mumbai
11451,44,2492508,Retired,Delhi
11452,56,345296,Salaried,Hyderabad
11453,25,1659547,Self-Employed,Mumbai
11454,34,2285139,Salaried,Delhi
11455,65,2388555,Business,Chennai
11456,23,2349390,Student,Kolkata
11457,52,887414,Student,Kolkata
11458,26,1913421,Self-Employed,Mumbai
11459,36,2006201,Salaried,Chennai
11460,22,2269277,Business,Kolkata
11461,61,2173887,Business,Bengaluru
11462,23,2040612,Salaried,Kolkata
11463,40,581669,Salaried,Hyderabad
11464,29,1073002,Student,Bengaluru
11465,53,1007597,Business,Chennai
11466,48,1077837,Business,Mumbai
11467,49,2138540,Retired,Delhi
11468,63,2472539,Salaried,Kolkata
11469,51,466610,Self-Employed,Hyderabad
11470,23,1363854,Salaried,Kolkata
11471,25,2470545,Student,Kolkata
11472,52,1497012,Student,Hyderabad
11473,52,778101,Business,Bengaluru
11474,49,1483807,Salaried,Delhi
11475,58,2308587,Salaried,Bengaluru
11476,44,1780709,Self-Employed,Hyderabad
11477,56,2234214,Student,Mumbai
11478,27,2467017,Retired,Chennai
11479,60,2159964,Student,Bengaluru
11480,41,2213804,Salaried,Delhi
11481,27,1654594,Student,Kolkata
11482,23,571673,Retired,Kolkata
11483,27,557355,Salaried,Bengaluru
11484,35,1038644,Student,Chennai
11485,38,2275815,Retired,Delhi
11486,68,1808502,Retired,Mumbai
11487,41,495172,Retired,Chennai
11488,31,785197,Self-Employed,Bengaluru
11489,48,845851,Student,Kolkata
11490,47,2152940,Salaried,Kolkata
11491,63,2088102,Salaried,Kolkata
11492,40,2466535,Salaried,Kolkata
11493,29,1374630,Student,Bengaluru
11494,50,2308669,Self-Employed,Mumbai
11495,63,1599942,Self-Employed,Mumbai
11496,31,2460585,Business,Hyderabad
11497,52,2324796,Self-Employed,Chennai
11498,42,1438329,Salaried,Kolkata
11499,61,2468372,Salaried,Hyderabad
11500,30,891824,Business,Chennai
11501,63,1275838,Salaried,Hyderabad
11502,39,770625,Student,Hyderabad
11503,44,390798,Salaried,Chennai
11504,23,1428428,Retired,Chennai
11505,32,1323677,Student,Chennai
11506,24,2012655,Self-Employed,Kolkata
11507,27,2300392,Retired,Mumbai
11508,35,658445,Retired,Kolkata
11509,38,1256594,Business,Hyderabad
11510,21,204951,Salaried,Hyderabad
11511,24,307299,Retired,Hyderabad
11512,28,997664,Student,Bengaluru
11513,22,719682,Salaried,Hyderabad
11514,68,1581813,Retired,Chennai
11515,31,647531,Student,Mumbai
11516,59,1968491,Self-Employed,Delhi
11517,37,1833128,Self-Employed,Delhi
11518,59,1393300,Student,Delhi
11519,33,2020121,Salaried,Chennai
11520,24,2032205,Retired,Mumbai
11521,49,547549,Retired,Chennai
11522,66,917686,Salaried,Mumbai
11523,40,2153633,Retired,Delhi
11524,58,1338695,Salaried,Delhi
11525,44,887102,Salaried,Hyderabad
11526,30,1792319,Business,Bengaluru
11527,22,770249,Salaried,Bengaluru
11528,34,1593629,Self-Employed,Kolkata
11529,49,2210364,Retired,Kolkata
11530,49,1591804,Student,Chennai
11531,67,2308487,Self-Employed,Bengaluru
11532,38,1805598,Self-Employed,Mumbai
11533,50,629476,Retired,Chennai
11534,27,202105,Salaried,Mumbai
11535,38,456140,Retired,Chennai
11536,51,1963426,Salaried,Hyderabad
11537,28,729234,Retired,Kolkata
11538,27,1820378,Business,Chennai
11539,69,1492162,Retired,Delhi
11540,37,363824,Retired,Hyderabad
11541,33,2177901,Business,Delhi
11542,65,412409,Self-Employed,Bengaluru
11543,59,250747,Salaried,Bengaluru
11544,66,683365,Student,Bengaluru
11545,54,1273313,Salaried,Delhi
11546,22,1340006,Retired,Hyderabad
11547,64,1614238,Business,Delhi
11548,47,1918073,Retired,Kolkata
11549,41,1007830,Salaried,Mumbai
11550,36,1131831,Salaried,Bengaluru
11551,62,1424605,Self-Employed,Chennai
11552,23,2139684,Self-Employed,Chennai
11553,38,2188340,Retired,Delhi
11554,48,510158,Retired,Bengaluru
11555,27,236348,Salaried,Bengaluru
11556,47,1121614,Self-Employed,Hyderabad
11557,26,2297370,Retired,Mumbai
11558,22,2219348,Salaried,Mumbai
11559,21,2066523,Student,Mumbai
11560,56,2488567,Student,Hyderabad
11561,41,748659,Student,Hyderabad
11562,42,368431,Self-Employed,Kolkata
11563,31,1390826,Business,Kolkata
11564,69,1400746,Retired,Bengaluru
11565,38,725199,Salaried,Chennai
11566,30,991001,Salaried,Hyderabad
11567,29,2412555,Salaried,Mumbai
11568,46,1566155,Self-Employed,Chennai
11569,52,2003791,Student,Bengaluru
11570,60,852338,Retired,Hyderabad
11571,38,581451,Business,Chennai
11572,37,731688,Business,Hyderabad
11573,65,799404,Business,Bengaluru
11574,28,1697459,Business,Mumbai
11575,43,312623,Self-Employed,Hyderabad
11576,54,2365195,Business,Kolkata
11577,23,649371,Student,Chennai
11578,64,729777,Business,Chennai
11579,60,2144568,Retired,Hyderabad
11580,54,965468,Retired,Hyderabad
11581,66,2449028,Salaried,Chennai
11582,60,2062497,Retired,Delhi
11583,68,1904713,Business,Kolkata
11584,45,1525440,Student,Chennai
11585,44,1925948,Retired,Chennai
11586,45,850213,Student,Kolkata
11587,36,1439901,Student,Delhi
11588,42,439305,Student,Chennai
11589,24,2050944,Salaried,Mumbai
11590,66,2492767,Salaried,Mumbai
11591,61,751834,Business,Delhi
11592,26,2383359,Student,Bengaluru
11593,24,843955,Salaried,Mumbai
11594,27,1105356,Retired,Bengaluru
11595,62,1392858,Retired,Bengaluru
11596,41,1719763,Salaried,Kolkata
11597,49,2329300,Retired,Hyderabad
11598,40,778755,Business,Hyderabad
11599,53,1258235,Retired,Bengaluru
11600,69,1896114,Salaried,Kolkata
11601,64,475505,Salaried,Delhi
11602,44,1994940,Self-Employed,Bengaluru
11603,67,949712,Salaried,Chennai
11604,54,497520,Business,Hyderabad
11605,59,448235,Student,Mumbai
11606,62,534193,Self-Employed,Delhi
11607,54,2310132,Retired,Kolkata
11608,22,1087482,Student,Bengaluru
11609,34,1057614,Business,Delhi
11610,44,1123637,Business,Kolkata
11611,24,582486,Business,Bengaluru
11612,53,424207,Student,Bengaluru
11613,45,1423731,Salaried,Bengaluru
11614,27,1039181,Student,Hyderabad
11615,39,844532,Self-Employed,Chennai
11616,49,902920,Self-Employed,Delhi
11617,68,1710115,Self-Employed,Kolkata
11618,67,376848,Self-Employed,Bengaluru
11619,48,940097,Retired,Kolkata
11620,48,865154,Business,Mumbai
11621,30,1968170,Self-Employed,Mumbai
11622,53,1428306,Salaried,Mumbai
11623,55,2304565,Self-Employed,Bengaluru
11624,45,1964934,Student,Mumbai
11625,32,336226,Salaried,Delhi
11626,27,1820759,Student,Delhi
11627,48,1474727,Business,Kolkata
11628,30,514627,Retired,Chennai
11629,23,733476,Business,Mumbai
11630,24,234611,Business,Bengaluru
11631,30,2274565,Retired,Kolkata
11632,64,1556967,Retired,Hyderabad
11633,52,2234530,Business,Kolkata
11634,34,1080384,Self-Employed,Delhi
11635,64,1653740,Salaried,Kolkata
11636,25,2176369,Self-Employed,Hyderabad
11637,29,376958,Salaried,Delhi
11638,25,320102,Student,Hyderabad
11639,64,313500,Retired,Hyderabad
11640,24,1520510,Retired,Kolkata
11641,39,2388934,Salaried,Hyderabad
11642,46,2398993,Salaried,Kolkata
11643,33,348010,Self-Employed,Bengaluru
11644,22,1923663,Student,Chennai
11645,49,1651965,Retired,Hyderabad
11646,40,563074,Student,Mumbai
11647,40,1991871,Business,Mumbai
11648,50,2176148,Student,Chennai
11649,25,2256531,Retired,Kolkata
11650,31,364998,Salaried,Chennai
11651,63,1674896,Self-Employed,Mumbai
11652,50,2108797,Student,Bengaluru
11653,42,1390080,Salaried,Chennai
11654,59,1028760,Retired,Bengaluru
11655,51,1294774,Salaried,Mumbai
11656,39,310545,Student,Delhi
11657,32,1585393,Self-Employed,Bengaluru
11658,44,249278,Retired,Chennai
11659,46,1990972,Self-Employed,Bengaluru
11660,33,827357,Salaried,Mumbai
11661,55,1761398,Student,Hyderabad
11662,55,534138,Retired,Delhi
11663,30,248893,Retired,Delhi
11664,48,2157717,Business,Chennai
11665,49,1927468,Self-Employed,Mumbai
11666,33,2125590,Self-Employed,Mumbai
11667,56,1447096,Retired,Hyderabad
11668,56,2379072,Retired,Delhi
11669,50,1072658,Business,Delhi
11670,28,1320413,Student,Hyderabad
11671,29,624264,Retired,Bengaluru
11672,44,890606,Salaried,Delhi
11673,60,1005179,Self-Employed,Mumbai
11674,46,1400629,Self-Employed,Mumbai
11675,65,1497515,Student,Mumbai
11676,47,1956828,Salaried,Bengaluru
11677,25,1550519,Retired,Delhi
11678,28,1662743,Salaried,Kolkata
11679,60,331591,Salaried,Delhi
11680,37,1876721,Salaried,Chennai
11681,44,1485867,Self-Employed,Chennai
11682,65,481876,Business,Hyderabad
11683,67,1938877,Business,Chennai
11684,33,1221287,Student,Kolkata
11685,45,1423309,Retired,Hyderabad
11686,39,1697233,Retired,Hyderabad
11687,45,1540894,Student,Hyderabad
11688,38,1579435,Student,Delhi
11689,69,2170782,Salaried,Hyderabad
11690,36,2248852,Student,Chennai
11691,21,1810757,Self-Employed,Hyderabad
11692,26,1731531,Student,Mumbai
11693,37,874829,Student,Bengaluru
11694,44,2003671,Self-Employed,Chennai
11695,26,1240244,Business,Kolkata
11696,22,1795162,Salaried,Hyderabad
11697,36,1109024,Salaried,Mumbai
11698,51,2145749,Self-Employed,Hyderabad
11699,22,869686,Student,Hyderabad
11700,35,221941,Student,Bengaluru
11701,54,2489634,Student,Chennai
11702,67,1186074,Business,Bengaluru
11703,30,1264422,Salaried,Bengaluru
11704,39,584385,Salaried,Bengaluru
11705,36,317660,Business,Chennai
11706,34,1064740,Self-Employed,Mumbai
11707,34,1843917,Self-Employed,Mumbai
11708,60,2118604,Salaried,Delhi
11709,44,739530,Student,Bengaluru
11710,31,453082,Retired,Hyderabad
11711,36,1832073,Salaried,Bengaluru
11712,68,1994088,Retired,Hyderabad
11713,33,2205358,Business,Chennai
11714,22,562856,Business,Delhi
11715,38,1337159,Student,Bengaluru
11716,34,942450,Self-Employed,Delhi
11717,57,2443236,Student,Hyderabad
11718,56,1448923,Retired,Kolkata
11719,32,1974580,Retired,Kolkata
11720,21,436606,Retired,Mumbai
11721,61,2412063,Retired,Hyderabad
11722,42,2099237,Salaried,Bengaluru
11723,44,1443881,Self-Employed,Kolkata
11724,66,383913,Retired,Chennai
11725,22,1750555,Business,Mumbai
11726,49,1672309,Retired,Mumbai
11727,66,663895,Self-Employed,Kolkata
11728,42,1509162,Salaried,Mumbai
11729,21,397725,Salaried,Bengaluru
11730,52,2145944,Retired,Bengaluru
11731,35,2031736,Salaried,Kolkata
11732,36,1872009,Student,Mumbai
11733,24,1263464,Self-Employed,Mumbai
11734,41,2392688,Retired,Delhi
11735,24,2132479,Salaried,Delhi
11736,44,2217767,Retired,Chennai
11737,31,1655783,Business,Bengaluru
11738,28,1184044,Retired,Hyderabad
11739,35,2484038,Retired,Chennai
11740,30,2070716,Salaried,Mumbai
11741,62,469872,Business,Kolkata
11742,68,1514189,Business,Kolkata
11743,31,2471176,Student,Mumbai
11744,22,1817109,Retired,Bengaluru
11745,53,915670,Retired,Kolkata
11746,30,727366,Business,Delhi
11747,58,436155,Self-Employed,Chennai
11748,57,1398884,Salaried,Bengaluru
11749,65,1362698,Student,Chennai
11750,37,2320422,Retired,Kolkata
11751,55,1765387,Student,Mumbai
11752,69,1248266,Retired,Kolkata
11753,25,362329,Self-Employed,Mumbai
11754,22,1892307,Retired,Chennai
11755,29,933940,Salaried,Hyderabad
11756,40,968143,Self-Employed,Hyderabad
11757,57,2166409,Student,Hyderabad
11758,23,2179403,Self-Employed,Mumbai
11759,68,1457004,Business,Kolkata
11760,48,2127824,Self-Employed,Hyderabad
11761,49,216273,Business,Mumbai
11762,26,1477572,Retired,Hyderabad
11763,57,2361256,Student,Hyderabad
11764,50,361777,Student,Delhi
11765,59,655894,Student,Delhi
11766,54,493524,Self-Employed,Chennai
11767,24,1556907,Self-Employed,Chennai
11768,40,1049314,Business,Hyderabad
11769,21,1323010,Retired,Mumbai
11770,41,1901995,Student,Kolkata
11771,57,435743,Business,Chennai
11772,59,236559,Retired,Delhi
11773,61,2487836,Self-Employed,Hyderabad
11774,28,1756327,Student,Delhi
11775,54,434450,Student,Mumbai
11776,68,1725168,Salaried,Bengaluru
11777,42,860271,Salaried,Kolkata
11778,48,2290354,Salaried,Mumbai
11779,64,551368,Business,Bengaluru
11780,65,1963038,Student,Bengaluru
11781,69,1306426,Business,Chennai
11782,68,1495951,Retired,Kolkata
11783,29,1840411,Business,Bengaluru
11784,49,608362,Business,Hyderabad
11785,63,1888047,Salaried,Bengaluru
11786,44,2273166,Student,Mumbai
11787,34,1252194,Salaried,Chennai
11788,24,491734,Self-Employed,Mumbai
11789,35,1339469,Student,Delhi
11790,28,2291308,Student,Chennai
11791,59,2131505,Retired,Delhi
11792,68,354470,Student,Mumbai
11793,55,1431764,Student,Kolkata
11794,24,1889516,Retired,Delhi
11795,28,428493,Salaried,Bengaluru
11796,43,341023,Student,Chennai
11797,67,345434,Salaried,Delhi
11798,57,666889,Retired,Mumbai
11799,21,1629889,Self-Employed,Hyderabad
11800,44,2258443,Business,Kolkata
11801,41,765694,Salaried,Chennai
11802,21,1600651,Retired,Bengaluru
11803,55,2494831,Student,Delhi
11804,52,1937066,Student,Mumbai
11805,21,1782998,Student,Mumbai
11806,27,2016057,Salaried,Mumbai
11807,47,635028,Salaried,Chennai
11808,44,389477,Self-Employed,Delhi
11809,52,1621976,Student,Delhi
11810,30,1417468,Retired,Hyderabad
11811,36,981317,Self-Employed,Mumbai
11812,39,1265240,Salaried,Chennai
11813,51,205726,Business,Hyderabad
11814,69,2475360,Salaried,Bengaluru
11815,26,1570755,Business,Delhi
11816,21,1241445,Business,Hyderabad
11817,62,1083608,Self-Employed,Kolkata
11818,28,319375,Salaried,Hyderabad
11819,33,351483,Self-Employed,Delhi
11820,24,1472923,Business,Chennai
11821,44,1487523,Self-Employed,Kolkata
11822,67,2375724,Salaried,Mumbai
11823,49,991795,Business,Hyderabad
11824,48,273886,Business,Hyderabad
11825,64,1906389,Retired,Kolkata
11826,48,443579,Retired,Kolkata
11827,32,1361132,Salaried,Chennai
11828,26,2413677,Retired,Mumbai
11829,58,1516056,Self-Employed,Delhi
11830,24,1056519,Self-Employed,Chennai
11831,45,1501034,Self-Employed,Chennai
11832,42,875799,Salaried,Chennai
11833,57,268250,Salaried,Bengaluru
11834,67,1175503,Salaried,Hyderabad
11835,33,623358,Self-Employed,Mumbai
11836,64,1284474,Business,Delhi
11837,61,634488,Salaried,Chennai
11838,26,510074,Salaried,Hyderabad
11839,23,793452,Salaried,Hyderabad
11840,31,2495573,Student,Delhi
11841,39,1686382,Retired,Hyderabad
11842,34,1289941,Salaried,Kolkata
11843,29,997144,Salaried,Bengaluru
11844,52,1727794,Retired,Delhi
11845,23,1087078,Salaried,Kolkata
11846,60,1897688,Business,Hyderabad
11847,68,1890057,Self-Employed,Delhi
11848,42,1492190,Student,Kolkata
11849,21,460077,Salaried,Chennai
11850,33,964421,Business,Hyderabad
11851,50,1603920,Business,Kolkata
11852,40,502314,Self-Employed,Mumbai
11853,46,1347197,Retired,Mumbai
11854,41,2114808,Student,Hyderabad
11855,46,2348763,Student,Kolkata
11856,24,2226767,Retired,Kolkata
11857,31,1299549,Salaried,Chennai
11858,21,2097543,Business,Mumbai
11859,47,1465647,Business,Kolkata
11860,36,1705175,Business,Bengaluru
11861,29,1070981,Student,Kolkata
11862,68,1388958,Self-Employed,Delhi
11863,69,799996,Retired,Delhi
11864,43,626592,Self-Employed,Hyderabad
11865,36,1788086,Business,Bengaluru
11866,28,241071,Retired,Hyderabad
11867,66,1330048,Self-Employed,Bengaluru
11868,21,947783,Self-Employed,Kolkata
11869,39,588305,Self-Employed,Kolkata
11870,58,2308678,Student,Mumbai
11871,53,1176566,Self-Employed,Chennai
11872,22,762240,Salaried,Bengaluru
11873,50,1127083,Retired,Mumbai
11874,48,305236,Business,Kolkata
11875,40,1483213,Retired,Delhi
11876,67,1589547,Retired,Hyderabad
11877,61,1474117,Business,Delhi
11878,68,1576545,Self-Employed,Kolkata
11879,61,224466,Business,Kolkata
11880,39,1324481,Student,Mumbai
11881,34,2345798,Retired,Mumbai
11882,30,569221,Retired,Bengaluru
11883,41,1713563,Self-Employed,Mumbai
11884,29,1328786,Salaried,Mumbai
11885,29,1457132,Business,Bengaluru
11886,53,1692073,Business,Delhi
11887,28,1207882,Self-Employed,Hyderabad
11888,35,1941699,Salaried,Bengaluru
11889,60,348002,Student,Mumbai
11890,25,872555,Business,Delhi
11891,69,1018227,Retired,Chennai
11892,54,958395,Retired,Bengaluru
11893,45,918061,Salaried,Hyderabad
11894,28,2081597,Business,Mumbai
11895,69,2162312,Retired,Hyderabad
11896,52,2316045,Student,Bengaluru
11897,21,1749844,Self-Employed,Kolkata
11898,52,2378805,Self-Employed,Bengaluru
11899,43,1023277,Student,Hyderabad
11900,36,1358663,Salaried,Mumbai
11901,35,675126,Salaried,Chennai
11902,65,2435605,Self-Employed,Bengaluru
11903,49,316918,Business,Bengaluru
11904,30,2438647,Student,Kolkata
11905,35,502898,Retired,Mumbai
11906,56,2403730,Student,Kolkata
11907,39,2124895,Retired,Chennai
11908,22,1975505,Salaried,Kolkata
11909,23,2218550,Retired,Chennai
11910,22,1795716,Salaried,Chennai
11911,35,1627351,Business,Bengaluru
11912,59,589304,Student,Chennai
11913,22,2068187,Retired,Delhi
11914,45,867792,Student,Bengaluru
11915,54,1413284,Student,Kolkata
11916,29,245393,Retired,Mumbai
11917,36,891038,Self-Employed,Bengaluru
11918,43,1913503,Business,Hyderabad
11919,27,1293228,Self-Employed,Delhi
11920,41,2216680,Business,Delhi
11921,60,383904,Retired,Bengaluru
11922,21,1298855,Business,Delhi
11923,50,2023397,Student,Delhi
11924,55,844656,Student,Kolkata
11925,34,2323412,Self-Employed,Chennai
11926,27,2168515,Student,Kolkata
11927,45,1144238,Business,Kolkata
11928,64,540517,Student,Hyderabad
11929,37,2312043,Salaried,Mumbai
11930,43,1596487,Self-Employed,Kolkata
11931,59,616674,Retired,Chennai
11932,50,1007455,Business,Chennai
11933,61,1224710,Salaried,Chennai
11934,25,1292933,Salaried,Hyderabad
11935,46,1796703,Student,Bengaluru
11936,22,1300114,Business,Kolkata
11937,44,264160,Student,Kolkata
11938,39,549766,Retired,Delhi
11939,69,2087040,Salaried,Chennai
11940,51,2359723,Student,Mumbai
11941,21,1586587,Salaried,Mumbai
11942,28,1919999,Student,Bengaluru
11943,38,1368943,Business,Mumbai
11944,36,2347029,Student,Mumbai
11945,53,2235189,Salaried,Bengaluru
11946,36,428554,Self-Employed,Hyderabad
11947,35,921080,Self-Employed,Chennai
11948,54,1457503,Business,Hyderabad
11949,29,2037239,Self-Employed,Kolkata
11950,35,684454,Student,Hyderabad
11951,27,2282066,Retired,Delhi
11952,34,1944420,Student,Kolkata
11953,21,1975453,Self-Employed,Hyderabad
11954,37,1415024,Retired,Kolkata
11955,43,1044457,Student,Chennai
11956,55,1588178,Student,Chennai
11957,34,1359472,Retired,Chennai
11958,51,1982217,Student,Kolkata
11959,54,1441618,Business,Chennai
11960,26,1198036,Salaried,Hyderabad
11961,59,933410,Business,Chennai
11962,66,489300,Salaried,Hyderabad
11963,42,993150,Self-Employed,Bengaluru
11964,37,1980849,Student,Mumbai
11965,37,1427324,Self-Employed,Bengaluru
11966,63,1669043,Student,Hyderabad
11967,57,405845,Student,Delhi
11968,51,1281731,Salaried,Delhi
11969,31,1400201,Salaried,Chennai
11970,39,1355621,Business,Delhi
11971,32,440954,Student,Bengaluru
11972,38,947144,Self-Employed,Hyderabad
11973,33,1917471,Business,Chennai
11974,48,2346830,Retired,Hyderabad
11975,45,291391,Salaried,Delhi
11976,67,471475,Retired,Hyderabad
11977,35,1081893,Retired,Bengaluru
11978,67,1391740,Salaried,Bengaluru
11979,42,401914,Business,Kolkata
11980,61,216673,Student,Kolkata
11981,50,391287,Student,Hyderabad
11982,45,799217,Salaried,Mumbai
11983,31,1836301,Salaried,Chennai
11984,53,952612,Salaried,Chennai
11985,39,302078,Retired,Kolkata
11986,34,1832313,Self-Employed,Chennai
11987,35,2344624,Business,Chennai
11988,24,991249,Retired,Kolkata
11989,56,2004102,Student,Hyderabad
11990,37,2007689,Retired,Hyderabad
11991,63,1930331,Retired,Bengaluru
11992,24,1633203,Self-Employed,Hyderabad
11993,22,1347555,Salaried,Chennai
11994,67,1891502,Business,Kolkata
11995,44,798792,Business,Chennai
11996,22,1303300,Salaried,Delhi
11997,49,1153467,Retired,Hyderabad
11998,27,1244781,Self-Employed,Bengaluru
11999,35,934387,Student,Delhi
12000,37,701423,Business,Bengaluru
12001,65,2050746,Student,Mumbai
12002,46,2479998,Self-Employed,Mumbai
12003,65,876697,Self-Employed,Bengaluru
12004,52,2353654,Retired,Kolkata
12005,29,2469650,Business,Chennai
12006,62,1431429,Retired,Bengaluru
12007,61,1067174,Self-Employed,Hyderabad
12008,60,1454689,Salaried,Chennai
12009,37,2262288,Retired,Delhi
12010,69,2134740,Salaried,Kolkata
12011,56,221552,Business,Hyderabad
12012,69,1859435,Self-Employed,Delhi
12013,54,697566,Salaried,Chennai
12014,60,1133258,Retired,Hyderabad
12015,43,697860,Student,Bengaluru
12016,44,202786,Self-Employed,Hyderabad
12017,50,1470446,Self-Employed,Mumbai
12018,33,829957,Student,Delhi
12019,50,1516525,Business,Hyderabad
12020,43,605218,Salaried,Hyderabad
12021,48,1298784,Retired,Hyderabad
12022,61,343336,Business,Mumbai
12023,46,2330711,Self-Employed,Chennai
12024,42,669671,Self-Employed,Bengaluru
12025,63,883390,Salaried,Kolkata
12026,29,771604,Business,Chennai
12027,46,726598,Student,Hyderabad
12028,36,2036706,Retired,Hyderabad
12029,35,420529,Self-Employed,Hyderabad
12030,47,2001116,Self-Employed,Mumbai
12031,25,1583235,Student,Kolkata
12032,27,515487,Salaried,Chennai
12033,67,1954911,Business,Chennai
12034,61,2336070,Business,Kolkata
12035,42,1519887,Salaried,Bengaluru
12036,53,1512406,Student,Kolkata
12037,59,307454,Salaried,Chennai
12038,37,772773,Retired,Hyderabad
12039,37,729050,Student,Hyderabad
12040,43,647118,Student,Mumbai
12041,46,440447,Salaried,Bengaluru
12042,21,1571933,Business,Mumbai
12043,68,592406,Business,Hyderabad
12044,30,2493905,Salaried,Mumbai
12045,50,483163,Self-Employed,Hyderabad
12046,26,1611188,Business,Chennai
12047,66,402456,Student,Chennai
12048,54,720614,Student,Bengaluru
12049,44,424502,Business,Delhi
12050,59,2314521,Business,Bengaluru
12051,42,1518831,Self-Employed,Hyderabad
12052,32,1863924,Business,Mumbai
12053,57,1552363,Salaried,Mumbai
12054,54,868652,Student,Kolkata
12055,33,2160662,Self-Employed,Bengaluru
12056,23,482828,Salaried,Bengaluru
12057,50,1042657,Student,Hyderabad
12058,58,727619,Salaried,Kolkata
12059,22,2058118,Business,Hyderabad
12060,65,365323,Self-Employed,Bengaluru
12061,60,628788,Business,Delhi
12062,39,1499945,Student,Kolkata
12063,22,718298,Self-Employed,Chennai
12064,29,551757,Salaried,Chennai
12065,23,1900787,Business,Chennai
12066,62,2025932,Self-Employed,Chennai
12067,21,2051047,Student,Delhi
12068,57,1131365,Self-Employed,Delhi
12069,56,1013060,Business,Mumbai
12070,59,1627498,Self-Employed,Hyderabad
12071,21,2317822,Self-Employed,Chennai
12072,54,2080408,Retired,Hyderabad
12073,64,675772,Business,Delhi
12074,21,1694114,Self-Employed,Chennai
12075,58,2162575,Salaried,Chennai
12076,55,951945,Retired,Hyderabad
12077,42,1251184,Student,Kolkata
12078,45,2327308,Retired,Mumbai
12079,22,2319509,Student,Bengaluru
12080,50,1497710,Retired,Kolkata
12081,59,578075,Retired,Kolkata
12082,56,1422037,Student,Bengaluru
12083,21,636219,Retired,Bengaluru
12084,24,1217283,Salaried,Chennai
12085,21,2137882,Self-Employed,Delhi
12086,63,2166700,Salaried,Delhi
12087,35,365666,Salaried,Mumbai
12088,56,2242502,Salaried,Delhi
12089,49,535137,Student,Kolkata
12090,62,1495815,Retired,Kolkata
12091,57,326000,Salaried,Mumbai
12092,65,541608,Self-Employed,Chennai
12093,62,546778,Student,Delhi
12094,59,2265008,Student,Kolkata
12095,54,611065,Student,Kolkata
12096,68,2242399,Retired,Hyderabad
12097,62,2192090,Student,Bengaluru
12098,35,1741566,Business,Hyderabad
12099,62,1975016,Retired,Bengaluru
12100,65,1184054,Business,Mumbai
12101,36,1861198,Student,Kolkata
12102,41,2312762,Salaried,Chennai
12103,38,1636842,Student,Mumbai
12104,50,611845,Business,Kolkata
12105,26,2300340,Business,Hyderabad
12106,60,2467507,Business,Kolkata
12107,53,379228,Business,Chennai
12108,47,317029,Salaried,Bengaluru
12109,62,500566,Retired,Delhi
12110,25,1743896,Student,Chennai
12111,39,891891,Retired,Hyderabad
12112,63,1827906,Retired,Delhi
12113,48,626962,Business,Delhi
12114,42,2203763,Salaried,Hyderabad
12115,67,1991065,Student,Delhi
12116,54,227553,Business,Hyderabad
12117,35,2489443,Retired,Chennai
12118,29,2187725,Self-Employed,Mumbai
12119,32,1915383,Business,Hyderabad
12120,61,1652768,Student,Delhi
12121,43,426483,Retired,Bengaluru
12122,22,2431041,Self-Employed,Delhi
12123,67,2254366,Student,Delhi
12124,58,1192021,Self-Employed,Bengaluru
12125,66,859972,Student,Delhi
12126,62,1186904,Salaried,Delhi
12127,32,1126282,Salaried,Delhi
12128,40,607137,Self-Employed,Delhi
12129,48,805066,Business,Chennai
12130,58,1413467,Self-Employed,Chennai
12131,40,979905,Salaried,Chennai
12132,21,352247,Self-Employed,Chennai
12133,42,903365,Salaried,Kolkata
12134,62,2429063,Salaried,Kolkata
12135,23,409887,Student,Bengaluru
12136,26,2266565,Self-Employed,Mumbai
12137,62,601373,Business,Kolkata
12138,43,1171789,Self-Employed,Mumbai
12139,28,2357991,Student,Chennai
12140,29,398914,Retired,Kolkata
12141,57,337845,Self-Employed,Hyderabad
12142,65,2348514,Student,Chennai
12143,48,485312,Business,Bengaluru
12144,21,1556318,Student,Chennai
12145,30,1325228,Student,Hyderabad
12146,35,940223,Retired,Kolkata
12147,65,1622968,Salaried,Chennai
12148,44,1022235,Self-Employed,Delhi
12149,43,1299446,Retired,Bengaluru
12150,28,855874,Self-Employed,Delhi
12151,65,522964,Self-Employed,Kolkata
12152,27,1921052,Student,Kolkata
12153,41,1161804,Salaried,Bengaluru
12154,27,369873,Salaried,Delhi
12155,46,1336538,Student,Chennai
12156,33,495628,Student,Mumbai
12157,68,789674,Salaried,Bengaluru
12158,66,1132474,Salaried,Delhi
12159,58,2186609,Salaried,Delhi
12160,51,264709,Salaried,Mumbai
12161,35,1306921,Retired,Hyderabad
12162,28,631193,Self-Employed,Chennai
12163,46,305275,Business,Hyderabad
12164,49,1372353,Student,Delhi
12165,39,1534920,Retired,Chennai
12166,51,1081374,Student,Chennai
12167,61,1154907,Salaried,Kolkata
12168,32,1608125,Salaried,Chennai
12169,30,2422229,Business,Hyderabad
12170,60,1242311,Retired,Hyderabad
12171,34,1930911,Student,Hyderabad
12172,40,2452640,Self-Employed,Delhi
12173,41,2035096,Business,Delhi
12174,46,1364946,Student,Kolkata
12175,31,2236533,Business,Mumbai
12176,40,2310690,Self-Employed,Delhi
12177,59,1676201,Student,Bengaluru
12178,64,1455452,Business,Mumbai
12179,64,452625,Retired,Mumbai
12180,29,1764149,Salaried,Bengaluru
12181,63,1859626,Retired,Mumbai
12182,53,1931421,Student,Delhi
12183,36,262689,Business,Mumbai
12184,38,1813462,Salaried,Delhi
12185,50,2007651,Business,Mumbai
12186,36,1949631,Student,Hyderabad
12187,21,1518977,Business,Hyderabad
12188,58,2086962,Retired,Chennai
12189,43,1063103,Self-Employed,Kolkata
12190,44,834053,Retired,Chennai
12191,29,775449,Salaried,Mumbai
12192,25,1262846,Self-Employed,Mumbai
12193,59,2239429,Business,Mumbai
12194,39,2290760,Business,Delhi
12195,24,1256139,Student,Mumbai
12196,64,314300,Salaried,Delhi
12197,47,2321690,Self-Employed,Hyderabad
12198,55,2024583,Retired,Chennai
12199,49,957782,Retired,Kolkata
12200,23,555114,Self-Employed,Kolkata
12201,23,776334,Self-Employed,Delhi
12202,40,2014447,Retired,Delhi
12203,33,1290701,Student,Chennai
12204,33,1063381,Student,Mumbai
12205,53,2450208,Self-Employed,Kolkata
12206,32,1473784,Self-Employed,Bengaluru
12207,64,1393071,Student,Mumbai
12208,24,2366540,Self-Employed,Mumbai
12209,64,2163831,Student,Kolkata
12210,28,1660567,Retired,Kolkata
12211,51,1540313,Business,Delhi
12212,37,2019813,Student,Chennai
12213,44,2210777,Retired,Chennai
12214,56,1244464,Self-Employed,Mumbai
12215,45,854830,Salaried,Mumbai
12216,26,1847484,Salaried,Chennai
12217,31,2011518,Business,Chennai
12218,66,1722472,Salaried,Chennai
12219,25,501070,Retired,Mumbai
12220,46,397865,Student,Delhi
12221,32,309752,Salaried,Chennai
12222,58,573868,Retired,Chennai
12223,44,1502907,Retired,Hyderabad
12224,37,1899797,Business,Delhi
12225,28,1467362,Business,Delhi
12226,58,1395852,Self-Employed,Hyderabad
12227,56,2330225,Business,Hyderabad
12228,65,497348,Business,Bengaluru
12229,42,518320,Retired,Delhi
12230,25,2280798,Salaried,Hyderabad
12231,32,227703,Business,Hyderabad
12232,39,326295,Student,Kolkata
12233,50,2125312,Student,Bengaluru
12234,54,370981,Self-Employed,Bengaluru
12235,65,1073926,Salaried,Delhi
12236,66,1392124,Retired,Chennai
12237,54,1773540,Student,Chennai
12238,44,821262,Business,Mumbai
12239,66,494562,Business,Chennai
12240,53,1372966,Retired,Bengaluru
12241,48,1407006,Retired,Delhi
12242,40,1039672,Retired,Delhi
12243,45,2277051,Retired,Kolkata
12244,50,797624,Business,Mumbai
12245,34,2138129,Business,Delhi
12246,48,1739637,Business,Chennai
12247,21,1917992,Business,Mumbai
12248,66,945480,Retired,Bengaluru
12249,28,227493,Student,Bengaluru
12250,51,1799171,Salaried,Bengaluru
12251,21,917109,Self-Employed,Kolkata
12252,29,1374993,Self-Employed,Chennai
12253,27,1449615,Business,Chennai
12254,45,1785950,Retired,Hyderabad
12255,68,1441344,Retired,Chennai
12256,67,2006441,Student,Hyderabad
12257,39,2220165,Business,Delhi
12258,55,818951,Student,Bengaluru
12259,37,1981747,Self-Employed,Delhi
12260,34,2141309,Retired,Hyderabad
12261,41,865545,Salaried,Kolkata
12262,60,2190021,Self-Employed,Hyderabad
12263,64,2049945,Salaried,Hyderabad
12264,54,356278,Student,Mumbai
12265,21,811027,Salaried,Hyderabad
12266,40,316899,Self-Employed,Kolkata
12267,27,2034378,Student,Bengaluru
12268,25,1198127,Retired,Chennai
12269,56,1380350,Student,Delhi
12270,22,810201,Self-Employed,Mumbai
12271,21,1547027,Self-Employed,Chennai
12272,69,560499,Business,Hyderabad
12273,36,1126945,Salaried,Delhi
12274,51,1334817,Business,Bengaluru
12275,27,1884321,Self-Employed,Chennai
12276,31,968001,Self-Employed,Hyderabad
12277,21,2338978,Business,Mumbai
12278,34,1157605,Self-Employed,Kolkata
12279,51,1178822,Retired,Bengaluru
12280,34,763729,Self-Employed,Hyderabad
12281,59,1319622,Salaried,Mumbai
12282,56,2058224,Retired,Chennai
12283,63,1348976,Retired,Mumbai
12284,36,2190056,Student,Mumbai
12285,39,1317187,Retired,Bengaluru
12286,58,620164,Self-Employed,Kolkata
12287,42,2411184,Student,Hyderabad
12288,65,637913,Retired,Kolkata
12289,48,1582182,Retired,Chennai
12290,47,1983548,Retired,Bengaluru
12291,28,2342933,Self-Employed,Delhi
12292,22,2019222,Business,Bengaluru
12293,50,2106421,Student,Bengaluru
12294,61,1747166,Business,Hyderabad
12295,47,1123142,Salaried,Delhi
12296,48,1312934,Business,Delhi
12297,23,989243,Student,Hyderabad
12298,28,499743,Self-Employed,Kolkata
12299,58,1691103,Retired,Bengaluru
12300,34,355436,Retired,Mumbai
12301,55,2281518,Retired,Bengaluru
12302,33,2223858,Business,Mumbai
12303,31,718209,Business,Hyderabad
12304,54,477328,Self-Employed,Delhi
12305,68,1262266,Business,Bengaluru
12306,51,1902992,Student,Mumbai
12307,41,1766088,Self-Employed,Kolkata
12308,65,477219,Retired,Kolkata
12309,52,2006248,Salaried,Hyderabad
12310,42,848706,Self-Employed,Kolkata
12311,63,1532042,Student,Kolkata
12312,31,2464085,Retired,Chennai
12313,61,607617,Student,Delhi
12314,29,2095569,Self-Employed,Hyderabad
12315,32,1565319,Self-Employed,Mumbai
12316,41,1943169,Retired,Delhi
12317,51,2163723,Salaried,Delhi
12318,47,1653282,Salaried,Delhi
12319,32,2166478,Student,Kolkata
12320,38,461954,Salaried,Delhi
12321,51,910337,Salaried,Hyderabad
12322,56,1549323,Business,Delhi
12323,30,1293188,Business,Bengaluru
12324,30,2021145,Self-Employed,Chennai
12325,61,410630,Salaried,Kolkata
12326,41,505255,Business,Kolkata
12327,45,1938581,Business,Bengaluru
12328,53,915046,Business,Bengaluru
12329,35,2421518,Salaried,Bengaluru
12330,21,2431923,Salaried,Kolkata
12331,63,746247,Salaried,Hyderabad
12332,67,579790,Business,Delhi
12333,59,659145,Self-Employed,Kolkata
12334,50,656072,Salaried,Bengaluru
12335,57,1501109,Retired,Kolkata
12336,28,1351356,Self-Employed,Bengaluru
12337,39,421243,Self-Employed,Kolkata
12338,24,1406849,Retired,Delhi
12339,47,284138,Self-Employed,Chennai
12340,35,333052,Salaried,Bengaluru
12341,22,292805,Self-Employed,Mumbai
12342,46,1157957,Business,Chennai
12343,41,2476828,Salaried,Mumbai
12344,68,2371744,Salaried,Hyderabad
12345,64,1063929,Student,Delhi
12346,66,962782,Salaried,Delhi
12347,49,1347448,Student,Kolkata
12348,22,785302,Retired,Delhi
12349,33,388593,Salaried,Delhi
12350,60,2051052,Retired,Bengaluru
12351,62,1177372,Salaried,Bengaluru
12352,52,573261,Student,Delhi
12353,50,602354,Retired,Mumbai
12354,68,372820,Retired,Hyderabad
12355,69,2034141,Business,Hyderabad
12356,27,1969645,Student,Bengaluru
12357,29,491390,Student,Chennai
12358,35,559859,Retired,Mumbai
12359,38,623142,Business,Delhi
12360,29,944517,Student,Bengaluru
12361,53,500121,Business,Delhi
12362,49,2417847,Business,Bengaluru
12363,27,379044,Business,Delhi
12364,23,1448546,Student,Chennai
12365,69,1802349,Retired,Chennai
12366,69,580576,Self-Employed,Kolkata
12367,27,2483606,Retired,Bengaluru
12368,24,309312,Self-Employed,Chennai
12369,21,2109433,Retired,Kolkata
12370,32,1508567,Salaried,Kolkata
12371,26,1707133,Student,Hyderabad
12372,33,909780,Retired,Hyderabad
12373,32,1647622,Student,Delhi
12374,55,586892,Business,Chennai
12375,28,1209955,Self-Employed,Mumbai
12376,42,2400921,Self-Employed,Delhi
12377,21,629094,Retired,Chennai
12378,37,906616,Retired,Chennai
12379,56,1274304,Salaried,Bengaluru
12380,31,605128,Student,Mumbai
12381,49,1313093,Self-Employed,Delhi
12382,26,1322402,Retired,Chennai
12383,68,2219832,Retired,Kolkata
12384,31,2288062,Student,Mumbai
12385,67,913459,Business,Kolkata
12386,30,1763565,Salaried,Hyderabad
12387,62,1133274,Business,Hyderabad
12388,50,605204,Retired,Hyderabad
12389,59,552433,Self-Employed,Kolkata
12390,52,1999681,Self-Employed,Bengaluru
12391,33,2467621,Retired,Hyderabad
12392,60,1939009,Self-Employed,Mumbai
12393,67,1826152,Student,Chennai
12394,26,2045354,Business,Mumbai
12395,66,2343339,Salaried,Hyderabad
12396,34,1841504,Retired,Kolkata
12397,30,2118054,Salaried,Chennai
12398,32,2453475,Self-Employed,Chennai
12399,66,1403769,Business,Chennai
12400,45,920716,Student,Hyderabad
12401,30,1913601,Salaried,Mumbai
12402,31,322129,Salaried,Mumbai
12403,67,870316,Business,Chennai
12404,31,1570472,Self-Employed,Delhi
12405,68,1930070,Salaried,Mumbai
12406,26,1044683,Self-Employed,Delhi
12407,47,1417735,Business,Bengaluru
12408,22,2293460,Salaried,Delhi
12409,24,1923282,Retired,Mumbai
12410,55,1415183,Business,Bengaluru
12411,67,288932,Business,Chennai
12412,54,1465356,Student,Mumbai
12413,51,2324646,Salaried,Delhi
12414,61,710942,Retired,Hyderabad
12415,60,1819911,Business,Chennai
12416,39,1747294,Self-Employed,Kolkata
12417,27,1873173,Business,Bengaluru
12418,62,1790711,Salaried,Kolkata
12419,41,2302613,Retired,Chennai
12420,48,395363,Retired,Kolkata
12421,52,2115707,Retired,Kolkata
12422,51,1027834,Student,Chennai
12423,45,2353516,Salaried,Hyderabad
12424,37,1009774,Business,Delhi
12425,25,1349573,Self-Employed,Hyderabad
12426,30,2064459,Self-Employed,Chennai
12427,51,325460,Self-Employed,Chennai
12428,65,234080,Self-Employed,Hyderabad
12429,56,936480,Student,Hyderabad
12430,59,2187929,Self-Employed,Hyderabad
12431,43,1466679,Retired,Chennai
12432,47,389332,Self-Employed,Delhi
12433,27,2140517,Salaried,Hyderabad
12434,37,1520009,Salaried,Chennai
12435,60,2431745,Business,Delhi
12436,55,1695438,Student,Mumbai
12437,36,1183105,Retired,Bengaluru
12438,59,1638690,Student,Bengaluru
12439,57,609023,Retired,Mumbai
12440,29,531210,Salaried,Bengaluru
12441,25,1346446,Salaried,Kolkata
12442,47,2018459,Self-Employed,Delhi
12443,27,2497348,Student,Hyderabad
12444,41,1159388,Retired,Delhi
12445,33,2359448,Salaried,Mumbai
12446,56,279195,Self-Employed,Hyderabad
12447,38,2288685,Student,Bengaluru
12448,49,1430848,Self-Employed,Kolkata
12449,46,2147411,Salaried,Chennai
12450,34,1200168,Salaried,Kolkata
12451,62,655763,Salaried,Bengaluru
12452,23,883467,Student,Mumbai
12453,31,1347418,Self-Employed,Chennai
12454,53,1893107,Salaried,Kolkata
12455,50,1236536,Business,Mumbai
12456,37,382667,Self-Employed,Delhi
12457,36,1500761,Retired,Kolkata
12458,45,2257812,Business,Kolkata
12459,47,2085456,Self-Employed,Kolkata
12460,35,1371231,Retired,Mumbai
12461,53,1140433,Retired,Chennai
12462,48,599505,Salaried,Kolkata
12463,40,643693,Student,Chennai
12464,35,1524970,Retired,Hyderabad
12465,58,678449,Retired,Chennai
12466,40,1462317,Retired,Hyderabad
12467,45,1397758,Business,Bengaluru
12468,22,979051,Salaried,Delhi
12469,31,1448776,Retired,Mumbai
12470,46,999896,Student,Chennai
12471,43,1628800,Student,Mumbai
12472,57,786277,Salaried,Bengaluru
12473,39,2058556,Retired,Delhi
12474,67,972862,Student,Delhi
12475,26,706111,Self-Employed,Hyderabad
12476,56,2142491,Business,Chennai
12477,51,1508101,Retired,Chennai
12478,51,1200714,Self-Employed,Chennai
12479,21,457720,Self-Employed,Bengaluru
12480,46,2046664,Business,Delhi
12481,52,2444682,Student,Chennai
12482,22,1611743,Student,Bengaluru
12483,40,1431776,Self-Employed,Chennai
12484,34,871487,Retired,Delhi
12485,67,2432072,Retired,Hyderabad
12486,30,1567514,Business,Hyderabad
12487,55,884675,Business,Mumbai
12488,36,537783,Retired,Bengaluru
12489,38,2446464,Self-Employed,Hyderabad
12490,53,955804,Self-Employed,Hyderabad
12491,34,2145410,Retired,Mumbai
12492,25,1973104,Self-Employed,Hyderabad
12493,49,1599656,Retired,Chennai
12494,32,2057304,Salaried,Chennai
12495,30,2436632,Retired,Delhi
12496,40,1029120,Salaried,Delhi
12497,48,618920,Business,Hyderabad
12498,65,549790,Self-Employed,Bengaluru
12499,57,1614336,Business,Bengaluru
12500,46,1769557,Retired,Mumbai
12501,28,1247857,Retired,Hyderabad
12502,54,1191185,Salaried,Delhi
12503,52,798902,Business,Hyderabad
12504,62,819594,Self-Employed,Delhi
12505,55,2076199,Self-Employed,Bengaluru
12506,59,362791,Retired,Mumbai
12507,35,1809890,Business,Bengaluru
12508,31,732359,Retired,Mumbai
12509,23,1990492,Business,Kolkata
12510,31,1599546,Retired,Kolkata
12511,62,2457030,Retired,Mumbai
12512,26,356123,Salaried,Chennai
12513,63,211345,Student,Kolkata
12514,65,480707,Business,Hyderabad
12515,28,865528,Self-Employed,Chennai
12516,56,2063948,Student,Bengaluru
12517,61,805158,Self-Employed,Hyderabad
12518,69,385154,Salaried,Chennai
12519,64,757766,Student,Mumbai
12520,32,1693138,Business,Mumbai
12521,33,303373,Self-Employed,Mumbai
12522,50,1430921,Salaried,Delhi
12523,37,1226779,Business,Delhi
12524,46,401535,Student,Bengaluru
12525,64,948775,Student,Bengaluru
12526,30,390866,Business,Delhi
12527,45,1029760,Business,Kolkata
12528,42,1716805,Salaried,Mumbai
12529,36,1519737,Retired,Delhi
12530,32,774980,Salaried,Mumbai
12531,31,660369,Student,Bengaluru
12532,30,836935,Business,Hyderabad
12533,23,1582083,Salaried,Mumbai
12534,64,778974,Business,Delhi
12535,33,1560860,Business,Mumbai
12536,47,364165,Self-Employed,Hyderabad
12537,67,1111312,Self-Employed,Chennai
12538,22,2363653,Business,Hyderabad
12539,55,689102,Business,Bengaluru
12540,67,832811,Business,Chennai
12541,55,522313,Self-Employed,Hyderabad
12542,24,862236,Salaried,Bengaluru
12543,25,1908166,Retired,Kolkata
12544,36,2424859,Self-Employed,Kolkata
12545,50,1422075,Student,Mumbai
12546,64,948877,Self-Employed,Hyderabad
12547,47,452285,Self-Employed,Chennai
12548,33,943222,Business,Kolkata
12549,37,2196026,Salaried,Bengaluru
12550,31,346521,Student,Chennai
12551,23,2069354,Self-Employed,Bengaluru
12552,68,1195139,Salaried,Delhi
12553,59,1035038,Salaried,Delhi
12554,34,524720,Business,Chennai
12555,66,1272497,Self-Employed,Kolkata
12556,25,1431055,Student,Mumbai
12557,41,1501624,Self-Employed,Delhi
12558,35,292163,Retired,Hyderabad
12559,62,2394449,Retired,Delhi
12560,52,590151,Self-Employed,Delhi
12561,55,673234,Student,Bengaluru
12562,49,750754,Self-Employed,Bengaluru
12563,32,1589702,Student,Hyderabad
12564,47,2232645,Salaried,Delhi
12565,66,1014200,Self-Employed,Delhi
12566,24,2436544,Self-Employed,Bengaluru
12567,42,1535667,Salaried,Kolkata
12568,32,2387379,Self-Employed,Chennai
12569,21,680103,Self-Employed,Bengaluru
12570,50,1320535,Salaried,Delhi
12571,47,1821226,Salaried,Hyderabad
12572,26,466162,Retired,Chennai
12573,26,2337001,Self-Employed,Chennai
12574,54,502167,Salaried,Hyderabad
12575,42,503571,Retired,Hyderabad
12576,40,248425,Self-Employed,Hyderabad
12577,69,1503387,Business,Delhi
12578,57,789272,Retired,Chennai
12579,57,1260340,Self-Employed,Bengaluru
12580,26,576756,Salaried,Mumbai
12581,30,508596,Self-Employed,Chennai
12582,67,790361,Self-Employed,Hyderabad
12583,23,949613,Business,Kolkata
12584,30,932247,Student,Delhi
12585,36,1081523,Salaried,Hyderabad
12586,36,2073810,Salaried,Mumbai
12587,55,2418500,Student,Chennai
12588,26,1215901,Business,Kolkata
12589,40,2058392,Business,Mumbai
12590,59,1824883,Business,Kolkata
12591,58,876864,Business,Chennai
12592,68,2069732,Student,Delhi
12593,40,201189,Business,Bengaluru
12594,54,300231,Business,Bengaluru
12595,68,1913370,Student,Bengaluru
12596,61,386127,Self-Employed,Kolkata
12597,67,1568655,Student,Hyderabad
12598,53,764099,Salaried,Kolkata
12599,31,1223544,Self-Employed,Chennai
12600,38,2078186,Business,Hyderabad
12601,59,979641,Self-Employed,Chennai
12602,61,2256647,Salaried,Chennai
12603,49,279439,Salaried,Hyderabad
12604,50,893544,Retired,Bengaluru
12605,40,2180508,Retired,Delhi
12606,40,1971904,Student,Mumbai
12607,46,2358412,Self-Employed,Bengaluru
12608,57,1853004,Student,Mumbai
12609,58,1664582,Student,Hyderabad
12610,47,855165,Business,Bengaluru
12611,36,1644083,Retired,Mumbai
12612,59,938286,Student,Hyderabad
12613,40,2493727,Business,Bengaluru
12614,59,1938110,Self-Employed,Bengaluru
12615,54,1744132,Self-Employed,Kolkata
12616,28,1781392,Retired,Bengaluru
12617,27,2049540,Retired,Hyderabad
12618,47,1037372,Student,Mumbai
12619,48,493667,Retired,Bengaluru
12620,47,258777,Student,Hyderabad
12621,55,601754,Retired,Delhi
12622,38,1323718,Salaried,Kolkata
12623,53,546809,Business,Bengaluru
12624,60,1010689,Salaried,Delhi
12625,45,1586749,Business,Hyderabad
12626,67,2485796,Self-Employed,Mumbai
12627,30,2105152,Salaried,Kolkata
12628,57,1719911,Self-Employed,Mumbai
12629,39,2191492,Student,Mumbai
12630,42,676439,Business,Mumbai
12631,56,1335428,Business,Hyderabad
12632,51,1667122,Salaried,Chennai
12633,51,2462179,Business,Mumbai
12634,32,796616,Self-Employed,Kolkata
12635,33,1930971,Self-Employed,Bengaluru
12636,45,1239843,Salaried,Delhi
12637,21,523345,Salaried,Hyderabad
12638,52,843789,Business,Hyderabad
12639,32,1684817,Retired,Chennai
12640,29,1043098,Self-Employed,Hyderabad
12641,66,1555088,Self-Employed,Hyderabad
12642,46,1145042,Retired,Kolkata
12643,40,1831649,Salaried,Delhi
12644,64,1112499,Salaried,Chennai
12645,36,643204,Salaried,Hyderabad
12646,37,1827956,Student,Mumbai
12647,63,467291,Business,Hyderabad
12648,41,2345052,Student,Hyderabad
12649,50,1074216,Business,Mumbai
12650,46,2378784,Salaried,Bengaluru
12651,23,1549974,Student,Hyderabad
12652,60,590447,Retired,Bengaluru
12653,39,817692,Self-Employed,Kolkata
12654,64,1052435,Retired,Hyderabad
12655,39,877362,Student,Kolkata
12656,46,1621202,Retired,Kolkata
12657,40,1896301,Retired,Mumbai
12658,36,1341335,Student,Kolkata
12659,31,582045,Retired,Kolkata
12660,63,1038449,Student,Bengaluru
12661,36,805174,Student,Bengaluru
12662,60,723928,Retired,Chennai
12663,28,562354,Business,Bengaluru
12664,44,1968502,Business,Hyderabad
12665,56,2304902,Self-Employed,Delhi
12666,59,736932,Salaried,Hyderabad
12667,41,411019,Student,Delhi
12668,50,1701543,Salaried,Chennai
12669,45,958990,Salaried,Chennai
12670,38,2082263,Business,Mumbai
12671,44,2332174,Salaried,Kolkata
12672,32,2467292,Salaried,Kolkata
12673,39,642716,Salaried,Mumbai
12674,34,1791418,Self-Employed,Mumbai
12675,66,980941,Student,Bengaluru
12676,56,459687,Business,Bengaluru
12677,22,978979,Student,Hyderabad
12678,44,1211585,Salaried,Mumbai
12679,52,1585737,Business,Mumbai
12680,65,1939734,Retired,Delhi
12681,25,332779,Business,Mumbai
12682,34,1327113,Retired,Chennai
12683,29,2459003,Salaried,Delhi
12684,49,2330373,Retired,Chennai
12685,44,442913,Student,Mumbai
12686,55,2182950,Student,Mumbai
12687,33,2292057,Student,Bengaluru
12688,34,1953722,Business,Bengaluru
12689,35,1930843,Self-Employed,Kolkata
12690,30,460958,Retired,Chennai
12691,52,723938,Salaried,Bengaluru
12692,47,1686408,Student,Delhi
12693,44,2127322,Salaried,Mumbai
12694,43,1353147,Salaried,Bengaluru
12695,26,2126153,Salaried,Kolkata
12696,42,1901254,Student,Kolkata
12697,53,790767,Retired,Bengaluru
12698,24,1662002,Salaried,Delhi
12699,49,1860944,Business,Bengaluru
12700,52,1117734,Student,Mumbai
12701,47,1040658,Business,Hyderabad
12702,35,1553389,Salaried,Bengaluru
12703,49,896138,Student,Delhi
12704,43,642638,Business,Delhi
12705,23,923044,Retired,Kolkata
12706,59,1682536,Student,Kolkata
12707,61,1332053,Salaried,Delhi
12708,62,2180581,Retired,Delhi
12709,50,890257,Salaried,Mumbai
12710,49,1304303,Student,Hyderabad
12711,68,2018478,Business,Mumbai
12712,26,2155244,Student,Delhi
12713,39,293971,Retired,Kolkata
12714,48,2433050,Business,Mumbai
12715,50,2269875,Retired,Mumbai
12716,54,1129815,Salaried,Bengaluru
12717,39,2123429,Student,Hyderabad
12718,54,296037,Self-Employed,Bengaluru
12719,55,2142384,Business,Kolkata
12720,26,978581,Business,Delhi
12721,36,1183689,Business,Mumbai
12722,41,1843993,Business,Bengaluru
12723,45,1566774,Retired,Mumbai
12724,69,1207632,Business,Kolkata
12725,24,2136831,Business,Kolkata
12726,33,2227482,Business,Mumbai
12727,57,518274,Student,Chennai
12728,60,1774165,Retired,Mumbai
12729,35,876056,Self-Employed,Hyderabad
12730,33,851807,Self-Employed,Kolkata
12731,34,1609419,Self-Employed,Mumbai
12732,24,2375808,Self-Employed,Bengaluru
12733,46,1508242,Salaried,Mumbai
12734,66,1434594,Retired,Delhi
12735,40,382567,Business,Chennai
12736,55,1202506,Student,Hyderabad
12737,42,1129743,Self-Employed,Kolkata
12738,61,1719430,Self-Employed,Hyderabad
12739,38,434255,Student,Mumbai
12740,41,2205936,Business,Delhi
12741,27,516367,Student,Chennai
12742,27,2403406,Student,Mumbai
12743,61,1575284,Student,Mumbai
12744,69,906635,Retired,Delhi
12745,69,2377104,Student,Kolkata
12746,52,1497569,Business,Delhi
12747,58,687478,Self-Employed,Kolkata
12748,39,1328752,Salaried,Bengaluru
12749,26,1835472,Retired,Kolkata
12750,28,1094686,Business,Kolkata
12751,36,662105,Retired,Hyderabad
12752,41,1438412,Retired,Mumbai
12753,24,2170489,Salaried,Kolkata
12754,68,1991078,Salaried,Chennai
12755,41,483903,Business,Mumbai
12756,38,1485466,Student,Kolkata
12757,69,1960945,Self-Employed,Mumbai
12758,54,1113682,Student,Chennai
12759,23,569045,Salaried,Delhi
12760,31,1784491,Self-Employed,Delhi
12761,64,712849,Retired,Delhi
12762,48,785929,Business,Delhi
12763,49,1369879,Salaried,Kolkata
12764,25,1353219,Student,Bengaluru
12765,36,1597495,Salaried,Bengaluru
12766,53,1516289,Retired,Hyderabad
12767,35,2496698,Business,Kolkata
12768,50,1365118,Retired,Kolkata
12769,62,395824,Self-Employed,Kolkata
12770,34,1462929,Retired,Delhi
12771,36,1878021,Retired,Kolkata
12772,21,964591,Retired,Bengaluru
12773,26,973593,Self-Employed,Delhi
12774,38,2469054,Student,Bengaluru
12775,58,1177209,Student,Chennai
12776,63,885999,Retired,Delhi
12777,33,426927,Salaried,Hyderabad
12778,52,730192,Salaried,Chennai
12779,32,2099440,Business,Kolkata
12780,57,2291240,Self-Employed,Kolkata
12781,27,1371964,Retired,Kolkata
12782,31,944597,Self-Employed,Mumbai
12783,64,1950007,Retired,Bengaluru
12784,28,418310,Student,Delhi
12785,35,1245009,Self-Employed,Mumbai
12786,55,543966,Salaried,Kolkata
12787,53,1244431,Business,Mumbai
12788,58,2464018,Self-Employed,Chennai
12789,41,1779473,Retired,Bengaluru
12790,42,1121478,Self-Employed,Mumbai
12791,38,703466,Self-Employed,Mumbai
12792,35,2475876,Student,Delhi
12793,54,387854,Self-Employed,Kolkata
12794,53,2223027,Self-Employed,Delhi
12795,61,431330,Salaried,Delhi
12796,49,233497,Business,Hyderabad
12797,62,680453,Retired,Delhi
12798,69,827011,Salaried,Chennai
12799,69,2264728,Student,Bengaluru
12800,59,2425640,Student,Chennai
12801,62,2397976,Self-Employed,Hyderabad
12802,55,2494668,Retired,Mumbai
12803,41,1083960,Self-Employed,Hyderabad
12804,57,650489,Salaried,Mumbai
12805,31,848613,Salaried,Mumbai
12806,25,2030249,Student,Delhi
12807,29,620649,Salaried,Delhi
12808,41,992158,Self-Employed,Kolkata
12809,36,2046160,Salaried,Chennai
12810,64,2357346,Self-Employed,Hyderabad
12811,55,265679,Self-Employed,Delhi
12812,34,1846304,Retired,Mumbai
12813,47,1245013,Student,Bengaluru
12814,24,710399,Business,Delhi
12815,50,394134,Retired,Kolkata
12816,22,1410423,Business,Kolkata
12817,31,2106457,Student,Bengaluru
12818,47,1626212,Business,Hyderabad
12819,34,501928,Business,Kolkata
12820,38,581383,Self-Employed,Delhi
12821,21,2034613,Self-Employed,Mumbai
12822,24,1863048,Salaried,Chennai
12823,45,495953,Business,Kolkata
12824,54,967285,Retired,Delhi
12825,60,1681690,Retired,Kolkata
12826,50,867191,Business,Bengaluru
12827,21,2406211,Student,Kolkata
12828,29,2284385,Salaried,Chennai
12829,44,1862747,Student,Kolkata
12830,67,2449505,Business,Kolkata
12831,45,207279,Business,Delhi
12832,67,1065902,Business,Kolkata
12833,38,2416919,Salaried,Delhi
12834,30,1513620,Self-Employed,Delhi
12835,28,1958538,Salaried,Delhi
12836,60,2189920,Business,Mumbai
12837,27,856697,Self-Employed,Delhi
12838,51,870227,Student,Kolkata
12839,33,417687,Self-Employed,Mumbai
12840,56,2144642,Retired,Kolkata
12841,45,1857067,Salaried,Chennai
12842,49,2233880,Salaried,Kolkata
12843,47,918814,Business,Bengaluru
12844,67,645076,Student,Hyderabad
12845,23,1644774,Student,Mumbai
12846,24,1090226,Self-Employed,Hyderabad
12847,47,1754075,Business,Kolkata
12848,57,2307282,Self-Employed,Kolkata
12849,23,638969,Self-Employed,Hyderabad
12850,62,2112488,Salaried,Hyderabad
12851,35,1553143,Retired,Delhi
12852,25,1928637,Retired,Mumbai
12853,53,915635,Retired,Bengaluru
12854,40,828544,Business,Chennai
12855,31,1708320,Retired,Mumbai
12856,25,469607,Self-Employed,Delhi
12857,66,509175,Student,Hyderabad
12858,23,228361,Salaried,Hyderabad
12859,67,1382980,Self-Employed,Delhi
12860,47,423169,Retired,Mumbai
12861,23,1785318,Business,Mumbai
12862,21,624543,Salaried,Kolkata
12863,46,953957,Self-Employed,Mumbai
12864,38,2251921,Student,Bengaluru
12865,57,736173,Student,Delhi
12866,29,1743783,Salaried,Chennai
12867,42,413851,Business,Mumbai
12868,48,1174004,Business,Mumbai
12869,65,509025,Student,Hyderabad
12870,68,1112263,Student,Delhi
12871,52,2102710,Self-Employed,Mumbai
12872,49,224869,Retired,Hyderabad
12873,61,871535,Business,Hyderabad
12874,49,791668,Student,Kolkata
12875,53,358049,Salaried,Kolkata
12876,39,1260464,Business,Delhi
12877,54,827539,Retired,Hyderabad
12878,40,1744890,Retired,Hyderabad
12879,69,649544,Business,Kolkata
12880,31,1811508,Student,Delhi
12881,48,1242317,Self-Employed,Kolkata
12882,57,1069551,Retired,Bengaluru
12883,37,2298020,Self-Employed,Mumbai
12884,50,1049435,Student,Bengaluru
12885,63,2432533,Student,Chennai
12886,35,2393985,Salaried,Kolkata
12887,45,2002288,Retired,Delhi
12888,46,695809,Retired,Bengaluru
12889,47,1448490,Salaried,Mumbai
12890,46,463591,Business,Delhi
12891,58,1191077,Retired,Chennai
12892,66,1892455,Retired,Kolkata
12893,48,1986121,Retired,Bengaluru
12894,23,670402,Self-Employed,Chennai
12895,34,1049005,Self-Employed,Kolkata
12896,60,209526,Student,Hyderabad
12897,24,1130520,Self-Employed,Bengaluru
12898,65,1191315,Retired,Delhi
12899,57,215398,Self-Employed,Mumbai
12900,63,1155491,Salaried,Kolkata
12901,61,1524814,Student,Kolkata
12902,26,1838305,Salaried,Bengaluru
12903,48,1499087,Student,Delhi
12904,39,1370892,Retired,Bengaluru
12905,47,2023188,Business,Chennai
12906,55,1560702,Self-Employed,Kolkata
12907,40,2265666,Retired,Delhi
12908,26,359465,Self-Employed,Mumbai
12909,24,1023945,Salaried,Mumbai
12910,61,1596773,Business,Kolkata
12911,47,989947,Salaried,Bengaluru
12912,36,1321069,Self-Employed,Mumbai
12913,28,654199,Business,Kolkata
12914,44,1620836,Retired,Chennai
12915,50,565104,Student,Bengaluru
12916,36,1455622,Retired,Kolkata
12917,29,1823746,Self-Employed,Chennai
12918,39,1647584,Student,Bengaluru
12919,25,681060,Business,Delhi
12920,28,2195110,Retired,Delhi
12921,67,1999683,Business,Chennai
12922,30,340257,Student,Bengaluru
12923,66,2339360,Self-Employed,Mumbai
12924,53,1393344,Self-Employed,Hyderabad
12925,56,1646143,Student,Chennai
12926,36,2033654,Salaried,Mumbai
12927,54,2317307,Salaried,Mumbai
12928,21,1865500,Business,Mumbai
12929,68,2465575,Business,Mumbai
12930,54,1522311,Student,Bengaluru
12931,56,617206,Salaried,Kolkata
12932,21,876524,Retired,Mumbai
12933,57,1163839,Student,Kolkata
12934,24,479554,Retired,Bengaluru
12935,31,2298571,Student,Chennai
12936,67,936056,Self-Employed,Hyderabad
12937,42,1722092,Retired,Hyderabad
12938,53,2303793,Self-Employed,Bengaluru
12939,48,1776729,Self-Employed,Delhi
12940,55,907057,Self-Employed,Kolkata
12941,37,534100,Retired,Delhi
12942,38,498591,Salaried,Mumbai
12943,23,1295674,Salaried,Chennai
12944,56,488814,Retired,Kolkata
12945,37,2445768,Salaried,Kolkata
12946,67,297173,Salaried,Delhi
12947,46,1457945,Self-Employed,Bengaluru
12948,55,655426,Salaried,Chennai
12949,40,587816,Salaried,Bengaluru
12950,46,1771317,Retired,Kolkata
12951,23,2350502,Self-Employed,Mumbai
12952,53,801762,Self-Employed,Bengaluru
12953,47,2277011,Salaried,Bengaluru
12954,40,1797416,Self-Employed,Bengaluru
12955,50,1759422,Retired,Bengaluru
12956,55,1704553,Salaried,Bengaluru
12957,40,1501766,Self-Employed,Mumbai
12958,35,2367347,Retired,Delhi
12959,44,2097995,Retired,Mumbai
12960,62,228979,Retired,Mumbai
12961,50,740895,Retired,Kolkata
12962,48,359333,Student,Mumbai
12963,31,2498583,Retired,Bengaluru
12964,24,468544,Student,Chennai
12965,36,1467315,Student,Bengaluru
12966,59,878507,Student,Delhi
12967,32,1184480,Self-Employed,Chennai
12968,45,1767862,Self-Employed,Kolkata
12969,43,2387554,Retired,Mumbai
12970,29,643323,Salaried,Chennai
12971,33,635335,Business,Kolkata
12972,31,977148,Salaried,Bengaluru
12973,29,1259942,Student,Hyderabad
12974,31,1873611,Retired,Delhi
12975,53,828707,Business,Kolkata
12976,29,1309706,Student,Delhi
12977,60,1772998,Retired,Kolkata
12978,33,1958737,Salaried,Hyderabad
12979,50,908807,Business,Bengaluru
12980,22,1734311,Self-Employed,Hyderabad
12981,54,831566,Retired,Kolkata
12982,53,813359,Retired,Hyderabad
12983,25,1235876,Self-Employed,Kolkata
12984,54,2385611,Business,Hyderabad
12985,41,1034833,Retired,Delhi
12986,47,266390,Business,Chennai
12987,61,2294908,Retired,Delhi
12988,60,202665,Business,Mumbai
12989,61,375485,Retired,Bengaluru
12990,41,943168,Student,Mumbai
12991,26,1962998,Retired,Chennai
12992,24,788127,Retired,Kolkata
12993,22,275147,Self-Employed,Kolkata
12994,29,1348079,Business,Bengaluru
12995,35,879014,Retired,Delhi
12996,41,1935067,Business,Chennai
12997,43,1969607,Student,Kolkata
12998,67,1309741,Self-Employed,Chennai
12999,21,553863,Student,Kolkata
13000,45,1289855,Retired,Mumbai
13001,38,330770,Self-Employed,Chennai
13002,49,1246324,Salaried,Mumbai
13003,37,2498137,Student,Bengaluru
13004,42,1613047,Self-Employed,Bengaluru
13005,55,1853697,Retired,Kolkata
13006,41,434325,Business,Kolkata
13007,52,858266,Student,Mumbai
13008,47,2040002,Retired,Delhi
13009,60,1363947,Salaried,Hyderabad
13010,56,832498,Salaried,Delhi
13011,32,1134382,Self-Employed,Chennai
13012,39,2207206,Self-Employed,Delhi
13013,34,521643,Student,Chennai
13014,40,1817950,Student,Bengaluru
13015,64,617057,Business,Delhi
13016,35,2354259,Salaried,Delhi
13017,29,759703,Salaried,Kolkata
13018,56,720304,Salaried,Mumbai
13019,56,624956,Salaried,Chennai
13020,58,1219334,Business,Delhi
13021,64,421975,Business,Delhi
13022,40,1994668,Self-Employed,Chennai
13023,68,2435010,Business,Bengaluru
13024,27,1652463,Retired,Kolkata
13025,29,1812356,Student,Chennai
13026,39,636929,Salaried,Bengaluru
13027,50,2293541,Business,Kolkata
13028,33,306440,Salaried,Chennai
13029,26,2459326,Retired,Hyderabad
13030,29,1256569,Retired,Bengaluru
13031,27,1981924,Student,Mumbai
13032,58,419576,Salaried,Mumbai
13033,47,1394558,Retired,Mumbai
13034,41,2459735,Business,Delhi
13035,57,972806,Business,Mumbai
13036,43,621164,Business,Bengaluru
13037,35,893460,Salaried,Delhi
13038,55,1453102,Business,Bengaluru
13039,63,1423051,Retired,Kolkata
13040,37,969260,Salaried,Hyderabad
13041,69,1190731,Self-Employed,Hyderabad
13042,24,1295391,Student,Hyderabad
13043,61,1521076,Salaried,Mumbai
13044,69,1015149,Student,Hyderabad
13045,45,1933770,Salaried,Bengaluru
13046,42,1019901,Student,Hyderabad
13047,42,1086993,Student,Chennai
13048,53,2453072,Self-Employed,Mumbai
13049,64,903744,Self-Employed,Chennai
13050,23,1341787,Business,Bengaluru
13051,34,1068202,Business,Kolkata
13052,21,1985664,Salaried,Delhi
13053,34,525368,Self-Employed,Delhi
13054,42,692381,Self-Employed,Bengaluru
13055,62,926132,Retired,Hyderabad
13056,21,1880993,Self-Employed,Chennai
13057,65,1389595,Self-Employed,Delhi
13058,41,438235,Self-Employed,Kolkata
13059,45,486530,Retired,Kolkata
13060,26,2470625,Salaried,Hyderabad
13061,46,1202495,Retired,Mumbai
13062,27,2200504,Business,Hyderabad
13063,57,316282,Self-Employed,Kolkata
13064,60,1460418,Salaried,Delhi
13065,47,927230,Student,Delhi
13066,38,824362,Student,Hyderabad
13067,37,2141436,Salaried,Bengaluru
13068,58,907229,Business,Mumbai
13069,56,461461,Student,Mumbai
13070,44,2492579,Retired,Bengaluru
13071,35,778682,Salaried,Bengaluru
13072,28,1065415,Self-Employed,Delhi
13073,47,1470076,Business,Mumbai
13074,28,1833390,Business,Bengaluru
13075,51,1131068,Business,Bengaluru
13076,66,1947641,Student,Hyderabad
13077,46,1545932,Retired,Hyderabad
13078,43,2435470,Retired,Bengaluru
13079,59,851006,Student,Hyderabad
13080,33,726922,Business,Chennai
13081,31,260778,Self-Employed,Mumbai
13082,33,1389102,Self-Employed,Bengaluru
13083,44,1918395,Student,Mumbai
13084,31,2255231,Student,Chennai
13085,32,330189,Self-Employed,Chennai
13086,69,1731957,Salaried,Hyderabad
13087,58,680824,Student,Chennai
13088,55,222918,Student,Hyderabad
13089,67,813024,Salaried,Mumbai
13090,35,1274105,Self-Employed,Chennai
13091,43,1896222,Student,Mumbai
13092,39,1075842,Retired,Bengaluru
13093,31,1776770,Self-Employed,Bengaluru
13094,28,740251,Retired,Chennai
13095,36,647017,Business,Kolkata
13096,56,743520,Student,Bengaluru
13097,68,1947265,Business,Bengaluru
13098,39,1787974,Self-Employed,Chennai
13099,67,252602,Business,Chennai
13100,51,2196363,Student,Chennai
13101,63,950499,Student,Kolkata
13102,49,267833,Business,Hyderabad
13103,30,1981939,Retired,Delhi
13104,49,2178384,Salaried,Mumbai
13105,44,1544139,Retired,Chennai
13106,62,1923796,Salaried,Chennai
13107,43,380933,Student,Bengaluru
13108,34,1143053,Self-Employed,Hyderabad
13109,62,2299651,Retired,Kolkata
13110,52,1096736,Retired,Kolkata
13111,58,1099105,Self-Employed,Mumbai
13112,22,1804153,Self-Employed,Delhi
13113,47,898738,Student,Delhi
13114,47,2247890,Retired,Bengaluru
13115,60,549323,Student,Hyderabad
13116,49,619706,Retired,Mumbai
13117,54,1466113,Business,Hyderabad
13118,56,1883755,Retired,Kolkata
13119,58,637740,Business,Chennai
13120,57,1353604,Student,Delhi
13121,46,895676,Self-Employed,Mumbai
13122,49,528325,Retired,Delhi
13123,53,2310283,Salaried,Delhi
13124,61,1471067,Salaried,Chennai
13125,69,1526812,Business,Delhi
13126,48,452308,Salaried,Hyderabad
13127,36,2256147,Self-Employed,Hyderabad
13128,53,328468,Business,Delhi
13129,41,2232462,Business,Bengaluru
13130,57,287261,Business,Delhi
13131,21,1506952,Self-Employed,Hyderabad
13132,44,263275,Retired,Delhi
13133,46,702231,Salaried,Delhi
13134,53,2221873,Salaried,Bengaluru
13135,66,1911884,Salaried,Kolkata
13136,26,452793,Business,Hyderabad
13137,63,1821512,Self-Employed,Kolkata
13138,32,1257852,Student,Kolkata
13139,44,1967090,Salaried,Mumbai
13140,32,1805298,Salaried,Hyderabad
13141,38,321676,Self-Employed,Delhi
13142,23,1164518,Student,Chennai
13143,40,2445647,Business,Hyderabad
13144,41,1345437,Salaried,Kolkata
13145,52,648360,Salaried,Hyderabad
13146,49,1954949,Retired,Hyderabad
13147,30,343830,Business,Chennai
13148,45,2241156,Retired,Kolkata
13149,51,882161,Salaried,Delhi
13150,68,1329661,Salaried,Mumbai
13151,34,2151890,Business,Chennai
13152,25,2444642,Self-Employed,Hyderabad
13153,26,1215587,Salaried,Chennai
13154,43,1600343,Business,Mumbai
13155,45,2281025,Retired,Bengaluru
13156,57,1889676,Business,Bengaluru
13157,32,297051,Salaried,Mumbai
13158,57,1959453,Business,Chennai
13159,40,274117,Self-Employed,Chennai
13160,66,1454110,Student,Hyderabad
13161,62,1750779,Student,Mumbai
13162,39,574470,Student,Mumbai
13163,55,1213255,Retired,Hyderabad
13164,62,1652651,Salaried,Hyderabad
13165,49,2161131,Business,Chennai
13166,21,1901260,Business,Chennai
13167,60,2433229,Self-Employed,Hyderabad
13168,55,1780283,Self-Employed,Bengaluru
13169,51,300350,Student,Mumbai
13170,69,1836256,Self-Employed,Bengaluru
13171,57,698360,Salaried,Hyderabad
13172,23,2327713,Retired,Hyderabad
13173,52,1188645,Retired,Kolkata
13174,52,513974,Retired,Kolkata
13175,55,804873,Salaried,Chennai
13176,35,932233,Business,Delhi
13177,48,607593,Student,Mumbai
13178,26,1072910,Retired,Delhi
13179,63,2192100,Student,Bengaluru
13180,44,2149965,Retired,Delhi
13181,48,839353,Student,Chennai
13182,28,805747,Self-Employed,Mumbai
13183,41,2025530,Business,Delhi
13184,57,2240361,Business,Chennai
13185,44,734868,Self-Employed,Hyderabad
13186,21,1743273,Salaried,Kolkata
13187,45,2490661,Self-Employed,Hyderabad
13188,60,2438804,Student,Bengaluru
13189,43,1999410,Self-Employed,Bengaluru
13190,57,701513,Salaried,Hyderabad
13191,68,272404,Business,Delhi
13192,42,809982,Business,Delhi
13193,63,863920,Salaried,Kolkata
13194,64,1615695,Student,Kolkata
13195,51,594752,Student,Delhi
13196,52,938900,Retired,Chennai
13197,50,1255175,Retired,Kolkata
13198,45,1154050,Retired,Bengaluru
13199,37,1457113,Business,Kolkata
13200,38,852141,Student,Bengaluru
13201,67,1223698,Student,Delhi
13202,25,988814,Salaried,Kolkata
13203,39,1466715,Retired,Kolkata
13204,26,851372,Retired,Kolkata
13205,41,909309,Business,Mumbai
13206,66,2008089,Salaried,Hyderabad
13207,61,321079,Retired,Bengaluru
13208,40,457716,Self-Employed,Delhi
13209,21,2276811,Business,Hyderabad
13210,66,2428082,Self-Employed,Delhi
13211,56,2256489,Business,Delhi
13212,53,2368840,Business,Hyderabad
13213,67,1311655,Self-Employed,Bengaluru
13214,46,1090761,Salaried,Delhi
13215,45,473226,Self-Employed,Kolkata
13216,53,2202721,Salaried,Bengaluru
13217,36,1711341,Salaried,Bengaluru
13218,45,768234,Business,Delhi
13219,54,1594867,Self-Employed,Bengaluru
13220,24,621774,Student,Kolkata
13221,51,956598,Student,Hyderabad
13222,47,1384169,Business,Hyderabad
13223,24,1943692,Student,Chennai
13224,27,1464194,Business,Delhi
13225,54,1596662,Retired,Mumbai
13226,43,1463164,Retired,Chennai
13227,48,302191,Salaried,Hyderabad
13228,47,2171399,Self-Employed,Chennai
13229,57,1373303,Retired,Kolkata
13230,65,2063027,Salaried,Hyderabad
13231,31,718241,Salaried,Bengaluru
13232,64,974324,Student,Delhi
13233,37,259049,Retired,Mumbai
13234,54,521747,Self-Employed,Hyderabad
13235,32,1857173,Student,Chennai
13236,40,269815,Student,Delhi
13237,24,1451731,Student,Chennai
13238,67,1736829,Student,Hyderabad
13239,54,1865749,Business,Kolkata
13240,49,2378120,Student,Delhi
13241,57,1804990,Self-Employed,Chennai
13242,29,1374120,Self-Employed,Hyderabad
13243,29,1060408,Business,Kolkata
13244,61,266094,Student,Mumbai
13245,60,399797,Salaried,Bengaluru
13246,46,2260225,Retired,Hyderabad
13247,58,1704074,Salaried,Mumbai
13248,52,462917,Business,Delhi
13249,32,1205977,Self-Employed,Mumbai
13250,42,2182569,Self-Employed,Mumbai
13251,61,1579375,Self-Employed,Kolkata
13252,21,1955142,Salaried,Mumbai
13253,34,298920,Self-Employed,Kolkata
13254,30,2247407,Retired,Chennai
13255,34,1251868,Student,Chennai
13256,26,1677640,Student,Mumbai
13257,59,760330,Retired,Kolkata
13258,33,1258828,Student,Hyderabad
13259,64,214775,Salaried,Kolkata
13260,50,531791,Salaried,Kolkata
13261,57,2070901,Self-Employed,Hyderabad
13262,31,1647856,Self-Employed,Mumbai
13263,25,1962061,Salaried,Chennai
13264,44,1898376,Retired,Mumbai
13265,56,1911188,Business,Chennai
13266,28,1974168,Retired,Delhi
13267,58,2179921,Salaried,Chennai
13268,26,2389263,Self-Employed,Bengaluru
13269,42,2249169,Salaried,Chennai
13270,65,543292,Salaried,Bengaluru
13271,49,2167683,Retired,Chennai
13272,36,2127853,Student,Hyderabad
13273,22,1680604,Business,Mumbai
13274,32,293232,Retired,Delhi
13275,54,1452605,Student,Kolkata
13276,28,1551558,Retired,Hyderabad
13277,52,1550783,Self-Employed,Kolkata
13278,32,567186,Retired,Kolkata
13279,68,2202657,Student,Mumbai
13280,63,496769,Business,Delhi
13281,63,378061,Student,Chennai
13282,24,1209689,Self-Employed,Chennai
13283,26,1585651,Self-Employed,Bengaluru
13284,34,1656329,Student,Kolkata
13285,24,362314,Salaried,Mumbai
13286,57,600830,Business,Chennai
13287,24,418302,Retired,Kolkata
13288,49,2349787,Business,Bengaluru
13289,65,322260,Business,Kolkata
13290,51,1028877,Salaried,Mumbai
13291,51,1311848,Student,Bengaluru
13292,60,884616,Retired,Hyderabad
13293,52,769202,Business,Bengaluru
13294,27,1789511,Student,Delhi
13295,26,1691451,Student,Bengaluru
13296,24,1276908,Business,Hyderabad
13297,24,821965,Self-Employed,Hyderabad
13298,60,1015636,Business,Mumbai
13299,67,2218741,Salaried,Bengaluru
13300,61,937333,Student,Mumbai
13301,45,2410406,Business,Mumbai
13302,62,1185416,Salaried,Chennai
13303,66,2021665,Student,Chennai
13304,38,328918,Business,Delhi
13305,40,2480241,Student,Mumbai
13306,54,1449552,Self-Employed,Chennai
13307,67,698031,Business,Chennai
13308,51,1469996,Retired,Bengaluru
13309,64,2191315,Self-Employed,Delhi
13310,49,1172528,Self-Employed,Kolkata
13311,56,656013,Student,Hyderabad
13312,62,683570,Salaried,Chennai
13313,25,2244183,Student,Delhi
13314,61,847482,Salaried,Hyderabad
13315,26,2070637,Retired,Bengaluru
13316,21,1738910,Salaried,Mumbai
13317,22,721028,Salaried,Chennai
13318,44,234688,Self-Employed,Hyderabad
13319,48,1729642,Retired,Delhi
13320,62,458142,Student,Mumbai
13321,61,2272700,Retired,Kolkata
13322,47,2466978,Student,Kolkata
13323,21,2090210,Self-Employed,Hyderabad
13324,31,1123556,Business,Bengaluru
13325,39,1870908,Business,Chennai
13326,26,1909419,Salaried,Hyderabad
13327,60,1447114,Student,Kolkata
13328,63,1937552,Salaried,Chennai
13329,35,1167121,Retired,Mumbai
13330,65,372898,Self-Employed,Chennai
13331,39,248041,Self-Employed,Delhi
13332,59,405150,Salaried,Chennai
13333,23,599390,Student,Mumbai
13334,43,700781,Student,Chennai
13335,56,1260027,Salaried,Chennai
13336,26,1620171,Student,Mumbai
13337,64,1017750,Student,Hyderabad
13338,22,2314858,Self-Employed,Kolkata
13339,39,1624907,Retired,Chennai
13340,23,885934,Retired,Kolkata
13341,25,1111568,Retired,Mumbai
13342,33,565661,Salaried,Bengaluru
13343,29,687043,Self-Employed,Kolkata
13344,28,1569732,Self-Employed,Bengaluru
13345,59,1436768,Business,Mumbai
13346,42,2096432,Salaried,Mumbai
13347,24,514100,Self-Employed,Mumbai
13348,35,2230904,Business,Bengaluru
13349,64,2045885,Student,Mumbai
13350,34,1286977,Retired,Bengaluru
13351,26,2059028,Retired,Delhi
13352,68,697453,Student,Kolkata
13353,22,370268,Self-Employed,Bengaluru
13354,37,2457736,Business,Delhi
13355,54,1330478,Self-Employed,Delhi
13356,37,1611221,Student,Kolkata
13357,67,609700,Salaried,Mumbai
13358,44,552133,Retired,Hyderabad
13359,30,1660506,Salaried,Delhi
13360,48,685603,Retired,Delhi
13361,38,2377550,Student,Delhi
13362,40,2256139,Business,Kolkata
13363,39,364791,Business,Hyderabad
13364,69,1383843,Student,Mumbai
13365,46,1973160,Self-Employed,Mumbai
13366,44,811948,Business,Bengaluru
13367,41,417598,Retired,Bengaluru
13368,39,1476989,Business,Chennai
13369,40,1289942,Student,Delhi
13370,35,254128,Student,Chennai
13371,27,259533,Salaried,Delhi
13372,31,1872821,Salaried,Bengaluru
13373,21,1141545,Business,Mumbai
13374,64,282026,Self-Employed,Delhi
13375,53,1738215,Retired,Chennai
13376,35,463534,Self-Employed,Chennai
13377,29,824085,Retired,Mumbai
13378,25,300484,Business,Bengaluru
13379,46,937520,Retired,Chennai
13380,40,1700736,Salaried,Kolkata
13381,23,2111133,Business,Mumbai
13382,45,1017799,Self-Employed,Kolkata
13383,58,780385,Student,Hyderabad
13384,48,993609,Business,Delhi
13385,58,481481,Self-Employed,Hyderabad
13386,65,1009572,Business,Chennai
13387,35,2154109,Student,Bengaluru
13388,68,2434473,Business,Kolkata
13389,52,798918,Retired,Delhi
13390,26,2388675,Business,Bengaluru
13391,43,630682,Salaried,Bengaluru
13392,48,2172537,Student,Hyderabad
13393,43,1046740,Student,Kolkata
13394,64,1677402,Business,Mumbai
13395,52,656036,Business,Mumbai
13396,47,712603,Salaried,Chennai
13397,51,1690691,Retired,Hyderabad
13398,42,329473,Salaried,Hyderabad
13399,69,2474984,Retired,Delhi
13400,48,228798,Retired,Mumbai
13401,51,1384383,Salaried,Hyderabad
13402,43,2261657,Retired,Kolkata
13403,69,2104749,Student,Delhi
13404,57,1911145,Self-Employed,Bengaluru
13405,27,1870224,Retired,Bengaluru
13406,63,2200046,Student,Mumbai
13407,55,1018927,Salaried,Delhi
13408,49,2317492,Salaried,Delhi
13409,38,1934744,Self-Employed,Chennai
13410,56,2048974,Retired,Delhi
13411,68,349103,Student,Delhi
13412,27,353139,Student,Hyderabad
13413,23,2046880,Self-Employed,Delhi
13414,43,2368448,Retired,Hyderabad
13415,63,2354957,Retired,Delhi
13416,29,334152,Business,Hyderabad
13417,47,848852,Self-Employed,Chennai
13418,29,2150126,Salaried,Kolkata
13419,30,1944224,Business,Mumbai
13420,62,1311517,Retired,Chennai
13421,46,1028242,Salaried,Chennai
13422,57,221489,Self-Employed,Bengaluru
13423,35,2000485,Salaried,Mumbai
13424,26,440811,Salaried,Bengaluru
13425,46,1074659,Self-Employed,Bengaluru
13426,37,2442543,Retired,Delhi
13427,54,749433,Salaried,Chennai
13428,36,278457,Student,Bengaluru
13429,43,2255634,Self-Employed,Hyderabad
13430,52,1279644,Self-Employed,Hyderabad
13431,68,1269554,Self-Employed,Chennai
13432,26,1448509,Salaried,Delhi
13433,37,959109,Salaried,Delhi
13434,31,238741,Student,Chennai
13435,66,1272526,Retired,Mumbai
13436,44,1818336,Self-Employed,Delhi
13437,35,470679,Business,Hyderabad
13438,54,2378104,Business,Delhi
13439,38,1243954,Retired,Mumbai
13440,60,1567221,Student,Chennai
13441,28,857946,Student,Mumbai
13442,29,1954117,Business,Bengaluru
13443,27,1599921,Self-Employed,Kolkata
13444,27,2160068,Student,Kolkata
13445,58,1499218,Retired,Chennai
13446,67,511171,Retired,Mumbai
13447,22,1723516,Business,Mumbai
13448,43,1774983,Student,Chennai
13449,43,496853,Student,Delhi
13450,37,1050287,Self-Employed,Bengaluru
13451,47,2256516,Business,Mumbai
13452,45,1734057,Business,Delhi
13453,35,1262352,Student,Mumbai
13454,67,1732923,Business,Mumbai
13455,66,2061592,Student,Bengaluru
13456,41,888390,Salaried,Kolkata
13457,23,1634059,Business,Kolkata
13458,57,277948,Salaried,Bengaluru
13459,34,1672816,Salaried,Bengaluru
13460,27,1753612,Salaried,Mumbai
13461,25,1393778,Self-Employed,Delhi
13462,69,1634865,Student,Bengaluru
13463,39,1166010,Student,Kolkata
13464,64,492444,Student,Kolkata
13465,63,1516586,Business,Mumbai
13466,32,1189709,Retired,Bengaluru
13467,48,472672,Salaried,Delhi
13468,24,1343541,Student,Chennai
13469,57,1548956,Student,Bengaluru
13470,29,2466481,Business,Bengaluru
13471,66,1070089,Student,Kolkata
13472,48,2084755,Retired,Delhi
13473,29,1146311,Business,Delhi
13474,67,880588,Business,Bengaluru
13475,60,2432992,Salaried,Delhi
13476,63,1166020,Student,Mumbai
13477,61,1675949,Student,Delhi
13478,32,996026,Student,Chennai
13479,63,2373894,Salaried,Hyderabad
13480,61,2378849,Salaried,Bengaluru
13481,28,2349984,Business,Kolkata
13482,50,2339476,Student,Delhi
13483,66,1104142,Salaried,Delhi
13484,36,2049904,Self-Employed,Mumbai
13485,57,2428401,Student,Kolkata
13486,22,969066,Business,Bengaluru
13487,62,1576397,Self-Employed,Chennai
13488,59,1642287,Business,Delhi
13489,43,1062940,Student,Mumbai
13490,51,1314156,Student,Chennai
13491,24,2432339,Retired,Chennai
13492,41,2167292,Self-Employed,Mumbai
13493,66,737385,Self-Employed,Mumbai
13494,54,1101939,Salaried,Delhi
13495,65,1146159,Retired,Delhi
13496,50,2415171,Retired,Chennai
13497,69,1319423,Business,Bengaluru
13498,64,405412,Salaried,Hyderabad
13499,40,560147,Business,Hyderabad
13500,29,1894996,Student,Hyderabad
13501,34,2461301,Business,Chennai
13502,32,1583238,Business,Kolkata
13503,24,2276845,Retired,Delhi
13504,24,2102616,Student,Mumbai
13505,22,1066057,Self-Employed,Hyderabad
13506,64,2154604,Business,Bengaluru
13507,53,1793639,Retired,Mumbai
13508,53,2407003,Business,Bengaluru
13509,31,2352666,Student,Bengaluru
13510,38,2030505,Salaried,Delhi
13511,50,503735,Retired,Kolkata
13512,43,776400,Student,Chennai
13513,44,1688095,Retired,Hyderabad
13514,68,659260,Salaried,Delhi
13515,48,2489993,Salaried,Mumbai
13516,40,2360949,Business,Kolkata
13517,35,555089,Self-Employed,Hyderabad
13518,68,2053967,Student,Kolkata
13519,48,1328758,Business,Chennai
13520,47,366436,Self-Employed,Hyderabad
13521,23,1016133,Retired,Mumbai
13522,31,1457008,Salaried,Chennai
13523,36,2034283,Business,Kolkata
13524,24,1533122,Salaried,Hyderabad
13525,39,2175348,Salaried,Chennai
13526,63,333538,Salaried,Mumbai
13527,63,590954,Salaried,Kolkata
13528,37,987923,Business,Delhi
13529,41,988091,Retired,Mumbai
13530,64,353402,Retired,Delhi
13531,63,2376818,Student,Mumbai
13532,44,1803553,Self-Employed,Bengaluru
13533,25,678924,Retired,Mumbai
13534,49,1727011,Retired,Delhi
13535,40,2068210,Retired,Delhi
13536,25,891862,Student,Chennai
13537,34,1601795,Student,Kolkata
13538,41,2253053,Business,Kolkata
13539,25,878138,Student,Bengaluru
13540,21,1950015,Retired,Chennai
13541,25,2345401,Business,Delhi
13542,51,521609,Salaried,Chennai
13543,61,2116948,Self-Employed,Bengaluru
13544,67,1980483,Retired,Bengaluru
13545,48,1737250,Student,Hyderabad
13546,35,1726338,Business,Delhi
13547,31,340994,Student,Kolkata
13548,22,1020828,Student,Delhi
13549,45,784950,Student,Delhi
13550,38,1966163,Salaried,Mumbai
13551,42,2044734,Salaried,Delhi
13552,64,284309,Student,Hyderabad
13553,52,780188,Retired,Chennai
13554,26,2149147,Student,Mumbai
13555,66,426665,Business,Chennai
13556,48,836727,Self-Employed,Kolkata
13557,40,2101816,Retired,Hyderabad
13558,38,1829991,Student,Mumbai
13559,39,603446,Business,Hyderabad
13560,58,791305,Salaried,Delhi
13561,27,1582559,Salaried,Hyderabad
13562,26,753753,Salaried,Mumbai
13563,52,1604350,Self-Employed,Hyderabad
13564,25,568636,Self-Employed,Bengaluru
13565,44,1676712,Self-Employed,Mumbai
13566,36,749351,Business,Hyderabad
13567,62,2382938,Retired,Kolkata
13568,42,843270,Student,Delhi
13569,66,1156598,Student,Kolkata
13570,45,603158,Salaried,Mumbai
13571,54,1227294,Self-Employed,Kolkata
13572,68,530350,Student,Mumbai
13573,57,1395104,Retired,Bengaluru
13574,50,1382330,Retired,Chennai
13575,61,502931,Salaried,Kolkata
13576,46,549643,Salaried,Mumbai
13577,68,2169188,Business,Chennai
13578,37,1578201,Business,Chennai
13579,27,1801865,Student,Bengaluru
13580,35,721027,Self-Employed,Delhi
13581,38,439139,Retired,Mumbai
13582,69,1477814,Business,Bengaluru
13583,65,360599,Salaried,Kolkata
13584,34,262456,Business,Hyderabad
13585,65,1379282,Salaried,Mumbai
13586,25,1492738,Student,Chennai
13587,38,395725,Business,Kolkata
13588,57,283046,Student,Delhi
13589,32,1470017,Self-Employed,Chennai
13590,25,2320501,Retired,Delhi
13591,64,2126645,Student,Delhi
13592,33,354977,Student,Bengaluru
13593,52,551341,Retired,Chennai
13594,32,2215686,Student,Mumbai
13595,66,1619823,Retired,Bengaluru
13596,33,426442,Business,Delhi
13597,47,1868354,Salaried,Chennai
13598,31,2373701,Self-Employed,Bengaluru
13599,29,582169,Business,Kolkata
13600,58,1765607,Retired,Mumbai
13601,36,2152405,Retired,Mumbai
13602,28,755217,Business,Delhi
13603,26,580496,Self-Employed,Hyderabad
13604,41,1206349,Business,Kolkata
13605,32,1923201,Salaried,Kolkata
13606,44,2307143,Retired,Kolkata
13607,22,1443216,Salaried,Kolkata
13608,54,1572419,Retired,Bengaluru
13609,28,1036370,Self-Employed,Delhi
13610,30,1240682,Self-Employed,Hyderabad
13611,68,763758,Retired,Hyderabad
13612,49,1582671,Self-Employed,Mumbai
13613,21,2037178,Salaried,Mumbai
13614,38,1936911,Student,Chennai
13615,51,315401,Salaried,Delhi
13616,32,521874,Salaried,Kolkata
13617,43,2188231,Salaried,Bengaluru
13618,23,2103666,Student,Mumbai
13619,38,1851894,Business,Mumbai
13620,68,845016,Retired,Bengaluru
13621,54,461327,Salaried,Mumbai
13622,34,1770567,Retired,Mumbai
13623,39,2258336,Salaried,Kolkata
13624,40,2350993,Business,Bengaluru
13625,41,791161,Student,Bengaluru
13626,22,265600,Student,Delhi
13627,26,1975984,Student,Mumbai
13628,56,509625,Student,Mumbai
13629,30,1035999,Salaried,Delhi
13630,41,2097275,Retired,Delhi
13631,69,931414,Salaried,Bengaluru
13632,60,740778,Student,Delhi
13633,23,1669084,Student,Delhi
13634,45,601896,Salaried,Hyderabad
13635,44,1089260,Retired,Hyderabad
13636,23,1607432,Self-Employed,Delhi
13637,59,1388139,Student,Hyderabad
13638,64,1927524,Salaried,Hyderabad
13639,55,432104,Retired,Hyderabad
13640,49,1270648,Business,Delhi
13641,61,780591,Salaried,Delhi
13642,31,1518149,Retired,Bengaluru
13643,36,1774639,Student,Kolkata
13644,51,1516899,Self-Employed,Mumbai
13645,45,1190964,Business,Hyderabad
13646,29,988985,Retired,Chennai
13647,67,2188816,Student,Bengaluru
13648,61,552552,Self-Employed,Chennai
13649,61,1515128,Salaried,Bengaluru
13650,56,1654650,Student,Mumbai
13651,64,1844163,Retired,Delhi
13652,40,532746,Student,Mumbai
13653,61,1100512,Student,Mumbai
13654,56,1013146,Business,Chennai
13655,52,2246198,Student,Delhi
13656,52,1774130,Business,Delhi
13657,41,1998650,Self-Employed,Hyderabad
13658,33,2035095,Salaried,Mumbai
13659,35,759344,Student,Bengaluru
13660,36,2283269,Salaried,Hyderabad
13661,58,673691,Business,Chennai
13662,53,2417591,Student,Mumbai
13663,30,475075,Self-Employed,Hyderabad
13664,59,305486,Student,Bengaluru
13665,21,1960650,Student,Hyderabad
13666,56,1980910,Retired,Kolkata
13667,49,2077468,Self-Employed,Delhi
13668,44,1359575,Self-Employed,Bengaluru
13669,65,2429638,Self-Employed,Mumbai
13670,66,684527,Business,Delhi
13671,21,1021683,Self-Employed,Bengaluru
13672,59,2080215,Student,Delhi
13673,44,2380538,Business,Delhi
13674,21,1511466,Student,Chennai
13675,49,2306229,Business,Bengaluru
13676,50,230689,Salaried,Chennai
13677,24,1905263,Business,Delhi
13678,66,884197,Student,Delhi
13679,56,888314,Salaried,Delhi
13680,41,833716,Salaried,Mumbai
13681,21,1657573,Retired,Bengaluru
13682,40,1429729,Student,Hyderabad
13683,48,1608916,Self-Employed,Mumbai
13684,24,221177,Self-Employed,Delhi
13685,50,2448010,Self-Employed,Bengaluru
13686,24,1759670,Student,Mumbai
13687,42,741479,Salaried,Hyderabad
13688,32,319716,Retired,Kolkata
13689,57,351609,Business,Chennai
13690,65,223173,Student,Hyderabad
13691,29,1937493,Student,Bengaluru
13692,44,1123443,Student,Hyderabad
13693,36,2425260,Student,Delhi
13694,46,706512,Salaried,Chennai
13695,33,2116199,Salaried,Chennai
13696,62,1615111,Student,Chennai
13697,34,1625102,Self-Employed,Kolkata
13698,26,1602419,Self-Employed,Delhi
13699,27,1662494,Self-Employed,Bengaluru
13700,54,1960965,Retired,Kolkata
13701,66,331627,Salaried,Mumbai
13702,53,2340722,Salaried,Mumbai
13703,69,644694,Business,Kolkata
13704,47,2325130,Retired,Bengaluru
13705,22,2389990,Salaried,Delhi
13706,48,2068876,Student,Bengaluru
13707,24,2194316,Self-Employed,Bengaluru
13708,39,745095,Salaried,Hyderabad
13709,25,1684332,Salaried,Kolkata
13710,47,750508,Business,Bengaluru
13711,54,818572,Business,Delhi
13712,61,1562563,Business,Chennai
13713,33,1541728,Retired,Bengaluru
13714,43,527984,Student,Chennai
13715,54,290907,Self-Employed,Bengaluru
13716,52,2213225,Salaried,Kolkata
13717,42,1036656,Business,Kolkata
13718,60,224159,Business,Delhi
13719,47,1223901,Business,Mumbai
13720,60,398600,Self-Employed,Chennai
13721,42,1640958,Self-Employed,Bengaluru
13722,29,1440787,Self-Employed,Mumbai
13723,51,2421243,Student,Hyderabad
13724,21,499327,Self-Employed,Mumbai
13725,49,1053029,Student,Kolkata
13726,26,822441,Salaried,Hyderabad
13727,68,1436220,Salaried,Delhi
13728,34,1913940,Salaried,Bengaluru
13729,21,1005791,Salaried,Hyderabad
13730,21,1922523,Student,Delhi
13731,59,2372357,Retired,Chennai
13732,48,1886375,Business,Bengaluru
13733,44,1041059,Student,Delhi
13734,23,2112518,Business,Chennai
13735,36,1470686,Self-Employed,Delhi
13736,53,2471690,Business,Chennai
13737,49,738585,Retired,Delhi
13738,65,869949,Salaried,Hyderabad
13739,68,817306,Salaried,Kolkata
13740,68,1291686,Salaried,Delhi
13741,30,2304299,Retired,Bengaluru
13742,42,402994,Business,Chennai
13743,45,1130155,Salaried,Hyderabad
13744,61,874663,Retired,Hyderabad
13745,33,644533,Self-Employed,Delhi
13746,51,1260787,Self-Employed,Chennai
13747,36,1591677,Retired,Kolkata
13748,62,1808782,Business,Bengaluru
13749,36,1166914,Self-Employed,Kolkata
13750,30,1152283,Self-Employed,Hyderabad
13751,25,1928636,Retired,Bengaluru
13752,54,1827480,Business,Bengaluru
13753,49,2466218,Retired,Chennai
13754,22,496107,Retired,Bengaluru
13755,42,2176698,Business,Hyderabad
13756,65,2116011,Student,Bengaluru
13757,37,1565474,Salaried,Mumbai
13758,21,989681,Business,Hyderabad
13759,30,1917303,Business,Delhi
13760,63,617444,Self-Employed,Mumbai
13761,47,1250509,Self-Employed,Kolkata
13762,35,1520550,Self-Employed,Hyderabad
13763,41,1841306,Business,Kolkata
13764,45,2453036,Retired,Hyderabad
13765,44,366909,Self-Employed,Chennai
13766,51,1001304,Retired,Hyderabad
13767,28,1065403,Self-Employed,Bengaluru
13768,40,650795,Student,Hyderabad
13769,28,1439207,Business,Kolkata
13770,53,2293457,Retired,Delhi
13771,33,1504052,Business,Hyderabad
13772,41,1995842,Business,Hyderabad
13773,59,1865235,Self-Employed,Hyderabad
13774,66,2304054,Retired,Hyderabad
13775,26,639069,Retired,Hyderabad
13776,63,1604721,Self-Employed,Kolkata
13777,26,1095677,Business,Delhi
13778,48,902448,Student,Chennai
13779,53,1706361,Retired,Bengaluru
13780,27,1817670,Retired,Hyderabad
13781,40,1894435,Student,Chennai
13782,53,1313452,Retired,Delhi
13783,63,2115609,Retired,Bengaluru
13784,58,858420,Retired,Hyderabad
13785,22,1296787,Business,Delhi
13786,49,889775,Salaried,Kolkata
13787,57,1578533,Business,Bengaluru
13788,51,934408,Self-Employed,Mumbai
13789,21,1311236,Business,Delhi
13790,21,947408,Business,Chennai
13791,30,2275983,Retired,Delhi
13792,24,1066377,Business,Delhi
13793,43,720784,Self-Employed,Delhi
13794,46,1368144,Retired,Mumbai
13795,54,491613,Business,Hyderabad
13796,33,1452601,Self-Employed,Mumbai
13797,66,2388850,Self-Employed,Mumbai
13798,24,352971,Retired,Hyderabad
13799,22,589629,Self-Employed,Chennai
13800,36,2056808,Salaried,Bengaluru
13801,45,926185,Business,Hyderabad
13802,35,1166182,Business,Chennai
13803,67,1889285,Self-Employed,Mumbai
13804,39,1833524,Salaried,Mumbai
13805,58,1669343,Business,Chennai
13806,61,2011118,Business,Chennai
13807,66,2217880,Retired,Hyderabad
13808,23,527666,Self-Employed,Chennai
13809,66,1124381,Self-Employed,Chennai
13810,24,1602682,Salaried,Chennai
13811,60,1252141,Business,Delhi
13812,28,682344,Business,Kolkata
13813,48,2491521,Business,Delhi
13814,27,1219841,Retired,Mumbai
13815,33,2106481,Business,Kolkata
13816,61,524494,Retired,Mumbai
13817,55,1990904,Retired,Kolkata
13818,29,1672723,Salaried,Bengaluru
13819,43,834121,Student,Delhi
13820,38,2362761,Retired,Delhi
13821,41,350685,Self-Employed,Hyderabad
13822,44,1417321,Retired,Kolkata
13823,69,468353,Student,Delhi
13824,60,424156,Salaried,Kolkata
13825,36,1052430,Business,Hyderabad
13826,50,792353,Retired,Hyderabad
13827,27,2152637,Retired,Chennai
13828,41,2100308,Salaried,Mumbai
13829,59,2477846,Student,Mumbai
13830,41,797005,Student,Chennai
13831,66,421367,Salaried,Delhi
13832,26,670706,Student,Hyderabad
13833,61,2314684,Salaried,Chennai
13834,42,1813290,Self-Employed,Hyderabad
13835,34,548861,Student,Delhi
13836,57,2415727,Business,Hyderabad
13837,67,1332865,Self-Employed,Bengaluru
13838,52,1828421,Business,Chennai
13839,55,751241,Salaried,Mumbai
13840,32,1214446,Business,Bengaluru
13841,46,1332188,Self-Employed,Mumbai
13842,27,484956,Student,Kolkata
13843,46,999774,Salaried,Bengaluru
13844,69,1227248,Business,Kolkata
13845,60,673305,Salaried,Kolkata
13846,56,1497760,Salaried,Delhi
13847,58,1208218,Self-Employed,Chennai
13848,34,1884578,Student,Chennai
13849,31,1648969,Retired,Hyderabad
13850,49,1828370,Retired,Mumbai
13851,62,1953629,Student,Kolkata
13852,56,2073888,Business,Kolkata
13853,54,222305,Self-Employed,Chennai
13854,48,1299983,Self-Employed,Bengaluru
13855,62,2126744,Self-Employed,Mumbai
13856,23,1784870,Student,Mumbai
13857,28,688103,Self-Employed,Kolkata
13858,58,1844865,Retired,Chennai
13859,30,2412672,Student,Kolkata
13860,24,691835,Self-Employed,Chennai
13861,29,559759,Student,Chennai
13862,21,721724,Business,Mumbai
13863,62,2127563,Self-Employed,Delhi
13864,36,1725047,Retired,Mumbai
13865,22,523853,Self-Employed,Hyderabad
13866,24,2499357,Student,Mumbai
13867,54,1418394,Retired,Bengaluru
13868,29,1113995,Business,Mumbai
13869,21,2410575,Student,Bengaluru
13870,27,363167,Business,Hyderabad
13871,66,620348,Retired,Hyderabad
13872,24,961829,Business,Delhi
13873,64,204659,Student,Delhi
13874,35,892252,Self-Employed,Chennai
13875,49,2132151,Student,Delhi
13876,25,2165709,Retired,Delhi
13877,35,1288824,Salaried,Hyderabad
13878,44,727076,Salaried,Chennai
13879,21,621101,Student,Bengaluru
13880,60,511756,Business,Delhi
13881,29,739076,Student,Mumbai
13882,51,2347845,Salaried,Bengaluru
13883,41,254549,Salaried,Delhi
13884,45,1624995,Self-Employed,Delhi
13885,60,663616,Business,Mumbai
13886,69,2118621,Self-Employed,Mumbai
13887,22,704083,Business,Delhi
13888,44,260828,Salaried,Delhi
13889,33,1069267,Student,Mumbai
13890,67,1679686,Self-Employed,Hyderabad
13891,66,1746305,Retired,Hyderabad
13892,43,2454723,Business,Delhi
13893,65,930458,Salaried,Bengaluru
13894,39,2479629,Business,Delhi
13895,35,914311,Business,Mumbai
13896,29,1103469,Business,Chennai
13897,28,1443810,Retired,Hyderabad
13898,36,1194906,Business,Delhi
13899,38,2174231,Salaried,Bengaluru
13900,28,1943609,Business,Bengaluru
13901,36,412786,Student,Chennai
13902,59,1936582,Self-Employed,Hyderabad
13903,57,2224831,Business,Delhi
13904,43,441744,Retired,Delhi
13905,65,829911,Retired,Kolkata
13906,29,1522877,Student,Mumbai
13907,22,1223468,Business,Chennai
13908,51,1332980,Self-Employed,Kolkata
13909,63,1887855,Self-Employed,Mumbai
13910,67,1386098,Retired,Chennai
13911,65,1375235,Retired,Bengaluru
13912,51,330179,Salaried,Mumbai
13913,41,626082,Salaried,Kolkata
13914,38,1841885,Retired,Bengaluru
13915,39,726603,Retired,Chennai
13916,46,1328680,Self-Employed,Delhi
13917,57,616107,Retired,Delhi
13918,54,2160088,Salaried,Delhi
13919,22,2132105,Business,Bengaluru
13920,22,765583,Business,Delhi
13921,59,1129781,Student,Kolkata
13922,40,1316068,Retired,Bengaluru
13923,61,213943,Student,Chennai
13924,34,1648600,Retired,Hyderabad
13925,41,953607,Business,Chennai
13926,35,492718,Student,Kolkata
13927,26,1023064,Business,Delhi
13928,52,980529,Retired,Hyderabad
13929,34,782996,Self-Employed,Mumbai
13930,40,1708982,Student,Hyderabad
13931,32,1770173,Student,Chennai
13932,49,2384573,Student,Kolkata
13933,46,202747,Self-Employed,Bengaluru
13934,33,2438350,Self-Employed,Chennai
13935,23,605898,Business,Kolkata
13936,23,1580205,Retired,Delhi
13937,31,1195268,Salaried,Bengaluru
13938,66,2448000,Student,Kolkata
13939,59,1257822,Student,Bengaluru
13940,46,352005,Self-Employed,Delhi
13941,40,586312,Salaried,Chennai
13942,58,987115,Student,Mumbai
13943,60,2074996,Student,Hyderabad
13944,40,1875688,Business,Bengaluru
13945,67,1356356,Retired,Mumbai
13946,68,651028,Business,Kolkata
13947,58,1274727,Self-Employed,Chennai
13948,65,2090544,Self-Employed,Chennai
13949,24,2117543,Salaried,Mumbai
13950,56,1789418,Salaried,Hyderabad
13951,55,1764512,Self-Employed,Hyderabad
13952,54,1453670,Salaried,Bengaluru
13953,32,463549,Student,Kolkata
13954,25,1412908,Student,Chennai
13955,60,1568050,Self-Employed,Delhi
13956,64,2427285,Self-Employed,Hyderabad
13957,49,382716,Retired,Chennai
13958,45,840479,Salaried,Kolkata
13959,47,1050040,Salaried,Bengaluru
13960,60,2236078,Retired,Mumbai
13961,67,674788,Student,Hyderabad
13962,21,403864,Self-Employed,Mumbai
13963,56,1540394,Salaried,Kolkata
13964,65,260781,Business,Bengaluru
13965,46,320317,Student,Kolkata
13966,30,386595,Salaried,Kolkata
13967,45,2393562,Salaried,Delhi
13968,40,1606402,Student,Hyderabad
13969,67,1540605,Business,Hyderabad
13970,30,1721657,Self-Employed,Bengaluru
13971,25,1074590,Salaried,Delhi
13972,24,563868,Business,Kolkata
13973,45,1771590,Student,Chennai
13974,63,1360025,Self-Employed,Kolkata
13975,50,466519,Business,Delhi
13976,25,924376,Self-Employed,Hyderabad
13977,69,607280,Retired,Delhi
13978,57,1978076,Business,Delhi
13979,29,1719606,Salaried,Delhi
13980,34,445455,Salaried,Kolkata
13981,53,288066,Self-Employed,Delhi
13982,50,1124623,Self-Employed,Chennai
13983,56,1317481,Self-Employed,Bengaluru
13984,62,2241717,Retired,Bengaluru
13985,40,514163,Student,Chennai
13986,50,2348264,Self-Employed,Delhi
13987,56,1928049,Business,Kolkata
13988,60,2066446,Salaried,Kolkata
13989,39,2180445,Business,Chennai
13990,52,1325163,Retired,Mumbai
13991,34,884186,Self-Employed,Kolkata
13992,69,564214,Business,Mumbai
13993,25,1056559,Salaried,Hyderabad
13994,56,1581212,Self-Employed,Bengaluru
13995,66,2334638,Salaried,Delhi
13996,42,1353029,Self-Employed,Mumbai
13997,49,2209560,Retired,Delhi
13998,61,1923971,Business,Bengaluru
13999,52,1405772,Student,Kolkata
14000,53,1700248,Salaried,Mumbai
14001,58,1482775,Student,Kolkata
14002,53,1345009,Self-Employed,Delhi
14003,26,949434,Student,Kolkata
14004,59,1903362,Student,Bengaluru
14005,38,1857134,Salaried,Kolkata
14006,48,844541,Retired,Delhi
14007,23,2107036,Student,Chennai
14008,34,2120901,Business,Kolkata
14009,67,834046,Student,Delhi
14010,63,2416644,Student,Chennai
14011,25,2202355,Self-Employed,Kolkata
14012,46,888822,Business,Mumbai
14013,29,640532,Salaried,Hyderabad
14014,46,1974167,Student,Mumbai
14015,48,1512901,Salaried,Delhi
14016,22,1478009,Self-Employed,Kolkata
14017,60,2209567,Self-Employed,Bengaluru
14018,63,748489,Business,Delhi
14019,61,649540,Business,Bengaluru
14020,62,2487901,Self-Employed,Kolkata
14021,35,2104681,Business,Chennai
14022,39,722518,Self-Employed,Chennai
14023,27,2168928,Business,Delhi
14024,68,881117,Self-Employed,Kolkata
14025,63,1795611,Self-Employed,Delhi
14026,62,404865,Retired,Kolkata
14027,32,1988638,Salaried,Hyderabad
14028,52,719436,Salaried,Hyderabad
14029,68,447076,Retired,Bengaluru
14030,23,2248056,Student,Mumbai
14031,34,1435602,Retired,Chennai
14032,36,2132039,Salaried,Kolkata
14033,40,551813,Salaried,Hyderabad
14034,38,2108687,Retired,Hyderabad
14035,31,2348579,Business,Bengaluru
14036,39,1459315,Student,Hyderabad
14037,47,726753,Self-Employed,Chennai
14038,43,1314612,Self-Employed,Chennai
14039,61,735411,Business,Hyderabad
14040,59,2289330,Student,Delhi
14041,44,1003417,Business,Mumbai
14042,58,1089768,Student,Hyderabad
14043,48,2261279,Student,Hyderabad
14044,68,1349760,Business,Kolkata
14045,50,1244978,Student,Mumbai
14046,63,2321464,Salaried,Bengaluru
14047,34,964833,Retired,Chennai
14048,31,2290767,Retired,Mumbai
14049,57,554482,Business,Delhi
14050,63,2291046,Self-Employed,Chennai
14051,59,2153945,Salaried,Delhi
14052,50,2294477,Student,Chennai
14053,31,2031998,Student,Chennai
14054,41,686598,Student,Chennai
14055,44,471749,Self-Employed,Hyderabad
14056,63,728141,Retired,Chennai
14057,56,1430862,Student,Bengaluru
14058,27,2037189,Salaried,Chennai
14059,22,611573,Salaried,Bengaluru
14060,48,1775747,Student,Mumbai
14061,39,2277841,Student,Kolkata
14062,49,2120859,Salaried,Hyderabad
14063,67,2427176,Salaried,Mumbai
14064,67,2015653,Student,Kolkata
14065,64,936132,Retired,Hyderabad
14066,21,714493,Self-Employed,Mumbai
14067,57,716384,Salaried,Hyderabad
14068,39,2356786,Retired,Mumbai
14069,46,308337,Retired,Mumbai
14070,57,749729,Retired,Hyderabad
14071,56,1484658,Retired,Kolkata
14072,60,275155,Student,Mumbai
14073,69,476191,Student,Hyderabad
14074,54,1816860,Student,Delhi
14075,31,2039661,Business,Hyderabad
14076,48,864860,Salaried,Bengaluru
14077,46,460317,Business,Kolkata
14078,52,1011526,Business,Bengaluru
14079,53,2074330,Business,Bengaluru
14080,36,354453,Self-Employed,Hyderabad
14081,54,1359991,Salaried,Chennai
14082,59,2151163,Salaried,Delhi
14083,25,478458,Student,Hyderabad
14084,37,613841,Salaried,Delhi
14085,21,774780,Business,Mumbai
14086,38,1692149,Business,Bengaluru
14087,50,1440445,Business,Delhi
14088,34,1205383,Self-Employed,Delhi
14089,27,1359075,Salaried,Mumbai
14090,35,1463836,Retired,Delhi
14091,43,726692,Business,Bengaluru
14092,51,1303275,Self-Employed,Hyderabad
14093,43,365093,Self-Employed,Hyderabad
14094,50,1877290,Salaried,Mumbai
14095,60,1301216,Business,Mumbai
14096,47,1881947,Salaried,Chennai
14097,63,2062704,Student,Chennai
14098,46,1388476,Salaried,Hyderabad
14099,21,2455378,Business,Bengaluru
14100,51,565579,Retired,Kolkata
14101,26,1443028,Salaried,Delhi
14102,40,579695,Retired,Delhi
14103,52,1034623,Salaried,Mumbai
14104,49,2038246,Business,Mumbai
14105,35,2298860,Retired,Bengaluru
14106,61,1895369,Business,Bengaluru
14107,68,657336,Business,Chennai
14108,32,1139827,Business,Chennai
14109,36,1118409,Retired,Chennai
14110,59,358599,Student,Bengaluru
14111,25,1123021,Business,Delhi
14112,58,1541748,Salaried,Delhi
14113,31,737855,Retired,Hyderabad
14114,49,1739459,Business,Bengaluru
14115,32,383998,Salaried,Kolkata
14116,48,1670489,Salaried,Delhi
14117,29,1359556,Retired,Kolkata
14118,32,2281782,Business,Delhi
14119,41,1150322,Retired,Chennai
14120,53,2009263,Business,Kolkata
14121,34,623826,Student,Hyderabad
14122,66,2031802,Salaried,Delhi
14123,46,1832035,Student,Hyderabad
14124,67,2327466,Salaried,Hyderabad
14125,52,1368894,Salaried,Chennai
14126,67,1581271,Salaried,Chennai
14127,21,2099489,Self-Employed,Kolkata
14128,41,1364266,Student,Mumbai
14129,49,1751125,Business,Bengaluru
14130,42,784582,Retired,Hyderabad
14131,22,1206234,Salaried,Hyderabad
14132,25,1864984,Student,Mumbai
14133,54,941361,Self-Employed,Mumbai
14134,52,1499730,Student,Hyderabad
14135,21,1563222,Business,Mumbai
14136,56,2034915,Salaried,Delhi
14137,48,1825218,Business,Hyderabad
14138,32,926649,Business,Delhi
14139,33,810078,Retired,Delhi
14140,38,671218,Retired,Hyderabad
14141,26,1471645,Self-Employed,Delhi
14142,64,1580303,Retired,Delhi
14143,48,1543534,Self-Employed,Kolkata
14144,40,221052,Student,Kolkata
14145,45,422881,Salaried,Chennai
14146,39,1227059,Retired,Chennai
14147,63,2450191,Student,Hyderabad
14148,41,940826,Student,Mumbai
14149,33,1023986,Salaried,Bengaluru
14150,51,2332350,Self-Employed,Hyderabad
14151,53,1884594,Business,Bengaluru
14152,68,2050432,Student,Kolkata
14153,52,1429701,Student,Mumbai
14154,62,1823885,Salaried,Bengaluru
14155,64,2003265,Business,Kolkata
14156,36,312302,Student,Kolkata
14157,40,796703,Salaried,Bengaluru
14158,28,388636,Student,Delhi
14159,44,1987304,Student,Bengaluru
14160,55,2357524,Student,Bengaluru
14161,64,1729079,Student,Chennai
14162,26,916137,Retired,Kolkata
14163,41,219503,Retired,Delhi
14164,48,2016113,Salaried,Delhi
14165,59,1516206,Self-Employed,Delhi
14166,62,509805,Self-Employed,Chennai
14167,64,916096,Self-Employed,Hyderabad
14168,67,2389567,Retired,Mumbai
14169,56,2283132,Student,Kolkata
14170,50,1858265,Retired,Hyderabad
14171,66,347251,Student,Chennai
14172,35,1323158,Retired,Hyderabad
14173,39,2090746,Retired,Chennai
14174,45,436851,Student,Bengaluru
14175,22,2144305,Business,Hyderabad
14176,54,718119,Retired,Hyderabad
14177,41,332287,Salaried,Hyderabad
14178,38,1268011,Self-Employed,Chennai
14179,58,304277,Student,Hyderabad
14180,62,525920,Retired,Bengaluru
14181,30,957164,Self-Employed,Bengaluru
14182,29,311095,Self-Employed,Mumbai
14183,39,947001,Business,Chennai
14184,56,1610459,Student,Hyderabad
14185,29,266852,Student,Mumbai
14186,54,365869,Retired,Kolkata
14187,66,1163481,Student,Delhi
14188,63,1198636,Student,Kolkata
14189,43,1822601,Student,Mumbai
14190,64,896941,Business,Delhi
14191,61,2155412,Student,Chennai
14192,36,704193,Retired,Mumbai
14193,21,299832,Business,Chennai
14194,34,728451,Retired,Mumbai
14195,41,2450490,Self-Employed,Delhi
14196,24,1024198,Business,Bengaluru
14197,45,2032577,Self-Employed,Bengaluru
14198,35,980781,Self-Employed,Mumbai
14199,31,1065601,Business,Mumbai
14200,43,569780,Retired,Mumbai
14201,62,2288569,Self-Employed,Chennai
14202,36,1452040,Retired,Hyderabad
14203,27,771079,Business,Bengaluru
14204,22,1565554,Retired,Hyderabad
14205,43,386894,Business,Hyderabad
14206,37,1293367,Self-Employed,Kolkata
14207,39,1600631,Self-Employed,Kolkata
14208,65,2289646,Student,Chennai
14209,55,268703,Student,Mumbai
14210,40,1297092,Student,Delhi
14211,45,822624,Salaried,Chennai
14212,55,1029539,Student,Chennai
14213,61,2229152,Retired,Delhi
14214,39,1227969,Student,Chennai
14215,22,2339572,Salaried,Delhi
14216,30,492642,Self-Employed,Kolkata
14217,28,830613,Retired,Bengaluru
14218,60,2186764,Business,Delhi
14219,42,1721981,Business,Kolkata
14220,44,2181502,Salaried,Chennai
14221,24,2016529,Salaried,Bengaluru
14222,21,1765320,Student,Kolkata
14223,63,361582,Self-Employed,Chennai
14224,42,1146369,Self-Employed,Delhi
14225,53,1151601,Self-Employed,Hyderabad
14226,32,449394,Retired,Kolkata
14227,52,1608378,Business,Bengaluru
14228,62,610636,Retired,Chennai
14229,29,1041465,Student,Hyderabad
14230,40,1520344,Business,Chennai
14231,26,2268831,Retired,Delhi
14232,50,926455,Business,Bengaluru
14233,24,793003,Business,Bengaluru
14234,38,2494594,Student,Bengaluru
14235,63,2104232,Business,Kolkata
14236,37,1493182,Salaried,Mumbai
14237,60,707885,Student,Delhi
14238,63,1959578,Student,Hyderabad
14239,53,1123188,Retired,Hyderabad
14240,59,1443050,Business,Mumbai
14241,62,354295,Business,Mumbai
14242,65,1991363,Student,Delhi
14243,43,411929,Student,Kolkata
14244,35,613500,Self-Employed,Hyderabad
14245,62,2023192,Retired,Kolkata
14246,66,2308617,Student,Hyderabad
14247,62,1851790,Student,Delhi
14248,39,688010,Business,Kolkata
14249,25,277068,Self-Employed,Delhi
14250,38,674694,Self-Employed,Hyderabad
14251,31,1733050,Retired,Kolkata
14252,66,1498863,Self-Employed,Bengaluru
14253,32,2350754,Salaried,Bengaluru
14254,52,312014,Business,Chennai
14255,63,1686012,Self-Employed,Mumbai
14256,26,1206784,Retired,Delhi
14257,46,309308,Salaried,Bengaluru
14258,39,2032648,Salaried,Bengaluru
14259,62,1304171,Self-Employed,Bengaluru
14260,38,2362694,Salaried,Kolkata
14261,29,2362253,Business,Chennai
14262,34,1966311,Student,Hyderabad
14263,23,825265,Business,Kolkata
14264,56,1254297,Student,Mumbai
14265,27,868345,Salaried,Bengaluru
14266,21,1506267,Student,Kolkata
14267,61,773495,Self-Employed,Hyderabad
14268,38,1796230,Retired,Chennai
14269,59,777449,Retired,Mumbai
14270,41,775562,Student,Delhi
14271,60,884551,Self-Employed,Mumbai
14272,39,1171586,Salaried,Kolkata
14273,41,1336395,Salaried,Kolkata
14274,39,1387849,Retired,Hyderabad
14275,54,285420,Retired,Mumbai
14276,54,989710,Self-Employed,Bengaluru
14277,38,913584,Self-Employed,Delhi
14278,36,779881,Business,Hyderabad
14279,51,1432084,Student,Mumbai
14280,52,2094573,Self-Employed,Hyderabad
14281,51,1797524,Self-Employed,Bengaluru
14282,59,1970398,Student,Hyderabad
14283,57,2183222,Business,Delhi
14284,35,754455,Self-Employed,Delhi
14285,66,576420,Salaried,Mumbai
14286,47,461543,Business,Hyderabad
14287,57,364183,Self-Employed,Chennai
14288,21,2370335,Student,Delhi
14289,63,675485,Self-Employed,Chennai
14290,34,2134413,Retired,Bengaluru
14291,27,696207,Student,Kolkata
14292,40,2096882,Retired,Mumbai
14293,54,2214012,Business,Bengaluru
14294,51,348594,Retired,Chennai
14295,21,1294153,Salaried,Bengaluru
14296,60,1740363,Salaried,Kolkata
14297,38,1495363,Business,Hyderabad
14298,27,1231587,Salaried,Mumbai
14299,53,297454,Retired,Hyderabad
14300,33,2002785,Salaried,Hyderabad
14301,58,953679,Student,Chennai
14302,40,1547761,Retired,Kolkata
14303,43,2033248,Student,Bengaluru
14304,65,458515,Retired,Kolkata
14305,39,1448504,Student,Bengaluru
14306,39,843409,Retired,Chennai
14307,22,1323250,Student,Mumbai
14308,52,1537386,Salaried,Bengaluru
14309,54,1871769,Student,Hyderabad
14310,41,2125926,Salaried,Chennai
14311,36,1642984,Retired,Mumbai
14312,66,432250,Retired,Delhi
14313,34,1777666,Student,Kolkata
14314,35,1177109,Self-Employed,Hyderabad
14315,62,2262962,Retired,Delhi
14316,29,1639396,Student,Kolkata
14317,64,1847004,Business,Chennai
14318,57,537853,Retired,Chennai
14319,41,686005,Retired,Bengaluru
14320,43,516882,Student,Chennai
14321,56,1839323,Self-Employed,Mumbai
14322,40,1577700,Retired,Mumbai
14323,48,923468,Self-Employed,Chennai
14324,46,2352558,Retired,Chennai
14325,48,2292927,Business,Delhi
14326,36,2107195,Self-Employed,Kolkata
14327,22,1440150,Business,Hyderabad
14328,50,995031,Business,Bengaluru
14329,64,916559,Self-Employed,Hyderabad
14330,52,356062,Student,Bengaluru
14331,23,449583,Student,Delhi
14332,24,2290435,Retired,Kolkata
14333,30,1216527,Self-Employed,Bengaluru
14334,69,649855,Retired,Chennai
14335,51,543323,Salaried,Bengaluru
14336,41,348402,Student,Delhi
14337,49,1678845,Business,Kolkata
14338,26,447225,Salaried,Delhi
14339,25,2412699,Business,Delhi
14340,30,1493479,Self-Employed,Chennai
14341,31,1828928,Student,Chennai
14342,67,544355,Student,Kolkata
14343,37,1037129,Salaried,Chennai
14344,53,2401274,Self-Employed,Delhi
14345,48,1881875,Retired,Mumbai
14346,55,1578611,Retired,Bengaluru
14347,29,626743,Business,Hyderabad
14348,65,2386838,Retired,Mumbai
14349,29,2059041,Business,Delhi
14350,60,2403154,Student,Chennai
14351,38,1114696,Business,Kolkata
14352,56,1795578,Student,Chennai
14353,69,910471,Student,Hyderabad
14354,52,1448247,Student,Hyderabad
14355,53,200938,Salaried,Hyderabad
14356,66,2482082,Self-Employed,Mumbai
14357,45,2001315,Business,Hyderabad
14358,35,1583953,Salaried,Delhi
14359,50,343344,Salaried,Hyderabad
14360,65,1733873,Retired,Bengaluru
14361,57,2122211,Business,Delhi
14362,50,1117724,Salaried,Delhi
14363,28,2249051,Salaried,Bengaluru
14364,55,889242,Student,Delhi
14365,56,1035158,Salaried,Bengaluru
14366,68,295932,Self-Employed,Bengaluru
14367,44,2131715,Self-Employed,Mumbai
14368,25,2119621,Salaried,Bengaluru
14369,43,1996435,Self-Employed,Mumbai
14370,36,1332202,Self-Employed,Kolkata
14371,57,693196,Self-Employed,Chennai
14372,56,736037,Retired,Hyderabad
14373,51,839939,Salaried,Hyderabad
14374,27,918208,Retired,Bengaluru
14375,27,1380374,Self-Employed,Chennai
14376,30,1578386,Retired,Mumbai
14377,29,1285872,Retired,Mumbai
14378,45,1559954,Self-Employed,Delhi
14379,26,2191057,Self-Employed,Kolkata
14380,30,900082,Self-Employed,Bengaluru
14381,40,960089,Business,Kolkata
14382,42,1135044,Retired,Delhi
14383,47,1683955,Retired,Chennai
14384,21,519893,Student,Hyderabad
14385,30,1714336,Business,Hyderabad
14386,22,1901724,Student,Chennai
14387,57,463575,Self-Employed,Mumbai
14388,34,878697,Business,Bengaluru
14389,58,1457287,Business,Hyderabad
14390,60,1331553,Salaried,Mumbai
14391,45,2396194,Business,Hyderabad
14392,51,924196,Self-Employed,Chennai
14393,51,969199,Student,Hyderabad
14394,22,1768037,Self-Employed,Delhi
14395,27,804925,Retired,Delhi
14396,26,1162718,Business,Mumbai
14397,33,1133259,Self-Employed,Kolkata
14398,21,1578630,Salaried,Chennai
14399,48,2251670,Retired,Mumbai
14400,27,813140,Retired,Mumbai
14401,57,1006770,Salaried,Mumbai
14402,38,1914376,Student,Hyderabad
14403,31,2406352,Student,Mumbai
14404,40,630934,Retired,Kolkata
14405,62,1231713,Business,Hyderabad
14406,30,2283198,Retired,Mumbai
14407,51,1143639,Retired,Hyderabad
14408,64,1835539,Salaried,Delhi
14409,46,1639743,Business,Chennai
14410,43,863635,Salaried,Mumbai
14411,69,1307874,Salaried,Hyderabad
14412,43,1461111,Salaried,Chennai
14413,46,278767,Salaried,Hyderabad
14414,24,1143609,Student,Hyderabad
14415,35,1101771,Student,Hyderabad
14416,61,370843,Retired,Delhi
14417,59,1016992,Business,Kolkata
14418,66,2483762,Business,Bengaluru
14419,66,2424979,Student,Kolkata
14420,29,2234716,Business,Hyderabad
14421,60,1259859,Salaried,Chennai
14422,38,578393,Self-Employed,Chennai
14423,60,970486,Retired,Kolkata
14424,38,1952511,Self-Employed,Bengaluru
14425,50,1023659,Retired,Mumbai
14426,23,1334782,Retired,Bengaluru
14427,23,306097,Salaried,Mumbai
14428,32,2311882,Retired,Mumbai
14429,63,1510595,Salaried,Kolkata
14430,29,542966,Business,Bengaluru
14431,45,987839,Business,Delhi
14432,24,1830987,Salaried,Delhi
14433,47,1423020,Self-Employed,Delhi
14434,47,497434,Business,Mumbai
14435,69,1298814,Self-Employed,Mumbai
14436,53,2433082,Self-Employed,Hyderabad
14437,26,1377628,Business,Mumbai
14438,60,478725,Self-Employed,Kolkata
14439,33,1028300,Retired,Bengaluru
14440,49,1744237,Retired,Delhi
14441,42,786945,Business,Delhi
14442,23,1259216,Business,Hyderabad
14443,52,1171414,Business,Hyderabad
14444,60,2149820,Retired,Mumbai
14445,27,2401878,Business,Delhi
14446,41,881000,Retired,Mumbai
14447,45,219872,Self-Employed,Kolkata
14448,55,2314341,Student,Mumbai
14449,52,1452283,Student,Kolkata
14450,26,2101195,Retired,Bengaluru
14451,26,1138339,Self-Employed,Kolkata
14452,42,2435989,Salaried,Chennai
14453,48,936733,Self-Employed,Chennai
14454,61,1153910,Salaried,Delhi
14455,60,1172915,Business,Mumbai
14456,51,618997,Salaried,Mumbai
14457,56,742900,Business,Bengaluru
14458,46,739359,Business,Chennai
14459,26,699374,Salaried,Delhi
14460,43,2365476,Student,Delhi
14461,66,1041050,Student,Mumbai
14462,49,546857,Student,Chennai
14463,35,1082262,Self-Employed,Hyderabad
14464,59,717685,Student,Delhi
14465,62,1975821,Self-Employed,Mumbai
14466,66,2368198,Student,Hyderabad
14467,41,1575364,Business,Bengaluru
14468,31,2375979,Student,Bengaluru
14469,21,412323,Retired,Mumbai
14470,21,1231020,Business,Bengaluru
14471,44,1820348,Retired,Hyderabad
14472,31,1152528,Salaried,Kolkata
14473,60,1603308,Student,Delhi
14474,51,1430211,Salaried,Delhi
14475,67,1475919,Business,Delhi
14476,44,2086578,Salaried,Chennai
14477,34,661910,Retired,Mumbai
14478,50,1008906,Self-Employed,Chennai
14479,62,248213,Retired,Delhi
14480,34,2427533,Student,Bengaluru
14481,47,1396578,Business,Kolkata
14482,59,1525757,Student,Hyderabad
14483,66,2467935,Business,Kolkata
14484,58,1592519,Retired,Kolkata
14485,53,1418437,Self-Employed,Bengaluru
14486,35,2102744,Retired,Mumbai
14487,53,1241718,Retired,Bengaluru
14488,30,1971705,Retired,Mumbai
14489,53,519852,Business,Delhi
14490,55,2228762,Salaried,Delhi
14491,49,742629,Salaried,Mumbai
14492,68,203956,Retired,Chennai
14493,44,402427,Self-Employed,Mumbai
14494,36,1720577,Retired,Delhi
14495,26,1945287,Retired,Delhi
14496,64,2013765,Self-Employed,Bengaluru
14497,54,2336282,Self-Employed,Kolkata
14498,46,1403013,Self-Employed,Bengaluru
14499,35,1801096,Salaried,Kolkata
14500,62,2269503,Student,Hyderabad
14501,48,1143362,Student,Mumbai
14502,22,1561591,Retired,Delhi
14503,25,816489,Salaried,Mumbai
14504,21,239157,Salaried,Kolkata
14505,50,662042,Salaried,Hyderabad
14506,24,2442472,Business,Kolkata
14507,27,2144893,Self-Employed,Chennai
14508,28,1053695,Salaried,Bengaluru
14509,42,424105,Student,Hyderabad
14510,41,320271,Business,Bengaluru
14511,39,1650347,Retired,Bengaluru
14512,65,1197982,Self-Employed,Mumbai
14513,67,480756,Salaried,Chennai
14514,23,596694,Salaried,Kolkata
14515,36,768788,Salaried,Bengaluru
14516,69,2194318,Student,Chennai
14517,26,577573,Salaried,Bengaluru
14518,58,2060523,Salaried,Delhi
14519,46,2261125,Retired,Chennai
14520,66,1225369,Retired,Mumbai
14521,50,452399,Student,Bengaluru
14522,45,219852,Self-Employed,Delhi
14523,27,2184959,Student,Kolkata
14524,23,2469537,Self-Employed,Chennai
14525,36,538036,Retired,Kolkata
14526,37,346358,Retired,Delhi
14527,53,1722392,Business,Bengaluru
14528,63,2181220,Retired,Chennai
14529,34,1237653,Retired,Hyderabad
14530,25,2136508,Self-Employed,Kolkata
14531,54,1755638,Business,Hyderabad
14532,50,1639066,Business,Kolkata
14533,62,1878343,Self-Employed,Mumbai
14534,69,1368359,Business,Chennai
14535,37,2277987,Student,Hyderabad
14536,42,1502117,Retired,Hyderabad
14537,66,2356998,Business,Delhi
14538,21,903080,Salaried,Delhi
14539,64,1279315,Business,Delhi
14540,63,2355164,Retired,Mumbai
14541,57,2214588,Business,Mumbai
14542,50,914873,Salaried,Hyderabad
14543,22,2186513,Salaried,Chennai
14544,23,797927,Retired,Delhi
14545,63,648405,Retired,Hyderabad
14546,28,537386,Business,Kolkata
14547,31,1231931,Self-Employed,Chennai
14548,40,2156449,Salaried,Bengaluru
14549,38,567749,Business,Chennai
14550,61,1473693,Student,Bengaluru
14551,57,2416586,Retired,Bengaluru
14552,26,1529099,Business,Mumbai
14553,45,344510,Self-Employed,Chennai
14554,68,1541316,Salaried,Hyderabad
14555,66,2154362,Business,Hyderabad
14556,51,491158,Retired,Mumbai
14557,30,221206,Retired,Delhi
14558,25,558117,Business,Bengaluru
14559,29,2341253,Business,Kolkata
14560,51,1059665,Student,Kolkata
14561,54,2447789,Self-Employed,Bengaluru
14562,64,619267,Self-Employed,Kolkata
14563,55,1513528,Retired,Kolkata
14564,53,2437835,Salaried,Hyderabad
14565,67,588466,Salaried,Kolkata
14566,58,1522820,Salaried,Kolkata
14567,40,208860,Salaried,Delhi
14568,56,1798879,Student,Delhi
14569,52,1228280,Student,Bengaluru
14570,40,1883621,Retired,Bengaluru
14571,65,2226657,Retired,Mumbai
14572,37,2056696,Business,Hyderabad
14573,56,1837242,Self-Employed,Mumbai
14574,51,877068,Salaried,Bengaluru
14575,27,1256765,Self-Employed,Mumbai
14576,25,1890459,Student,Bengaluru
14577,48,2397737,Student,Bengaluru
14578,27,1262791,Student,Kolkata
14579,67,1238263,Self-Employed,Kolkata
14580,66,1264020,Self-Employed,Bengaluru
14581,39,401780,Student,Bengaluru
14582,61,2263808,Student,Chennai
14583,50,601232,Self-Employed,Bengaluru
14584,24,528250,Business,Mumbai
14585,38,739980,Salaried,Mumbai
14586,30,977268,Self-Employed,Mumbai
14587,39,678393,Self-Employed,Hyderabad
14588,25,1561564,Self-Employed,Delhi
14589,36,1644751,Retired,Chennai
14590,29,1792134,Student,Chennai
14591,51,692403,Salaried,Mumbai
14592,33,2355579,Student,Hyderabad
14593,31,1418468,Business,Kolkata
14594,30,1639385,Student,Delhi
14595,49,1462693,Student,Mumbai
14596,65,605738,Business,Mumbai
14597,26,1362318,Self-Employed,Chennai
14598,23,694913,Retired,Bengaluru
14599,40,1857232,Business,Hyderabad
14600,34,2478682,Self-Employed,Chennai
14601,68,408297,Student,Delhi
14602,51,443752,Salaried,Bengaluru
14603,63,2032551,Salaried,Kolkata
14604,36,1496722,Retired,Delhi
14605,49,2147447,Salaried,Chennai
14606,31,850557,Retired,Mumbai
14607,63,677719,Student,Kolkata
14608,36,1643115,Student,Chennai
14609,21,2313336,Self-Employed,Hyderabad
14610,50,1582624,Salaried,Delhi
14611,61,1930398,Retired,Chennai
14612,53,2277393,Retired,Chennai
14613,31,1197731,Retired,Delhi
14614,53,647820,Salaried,Kolkata
14615,28,2103018,Business,Mumbai
14616,58,1687321,Self-Employed,Mumbai
14617,36,1269060,Retired,Mumbai
14618,35,1267186,Retired,Chennai
14619,29,494138,Retired,Bengaluru
14620,47,2299843,Salaried,Chennai
14621,33,1964663,Retired,Hyderabad
14622,54,2377019,Business,Hyderabad
14623,68,479971,Retired,Bengaluru
14624,66,1550610,Salaried,Bengaluru
14625,25,1251039,Business,Hyderabad
14626,24,1128431,Retired,Delhi
14627,41,649298,Business,Mumbai
14628,44,1724152,Self-Employed,Hyderabad
14629,35,282324,Self-Employed,Bengaluru
14630,49,2148751,Business,Chennai
14631,52,766972,Salaried,Chennai
14632,44,1137265,Business,Mumbai
14633,48,1090640,Student,Delhi
14634,31,2031944,Student,Bengaluru
14635,62,2011672,Salaried,Chennai
14636,63,2379029,Retired,Mumbai
14637,30,1606120,Self-Employed,Bengaluru
14638,69,1945620,Student,Bengaluru
14639,40,2252593,Retired,Mumbai
14640,23,462880,Salaried,Chennai
14641,48,651731,Self-Employed,Mumbai
14642,35,855875,Self-Employed,Kolkata
14643,25,752270,Business,Hyderabad
14644,54,1315594,Self-Employed,Mumbai
14645,28,858249,Business,Mumbai
14646,29,604679,Retired,Chennai
14647,42,463996,Salaried,Kolkata
14648,30,2030162,Student,Chennai
14649,56,1181878,Retired,Mumbai
14650,35,1107446,Salaried,Bengaluru
14651,67,955163,Business,Hyderabad
14652,27,1870280,Business,Kolkata
14653,55,1216626,Salaried,Mumbai
14654,34,728067,Business,Chennai
14655,46,1058735,Student,Chennai
14656,26,1752501,Retired,Kolkata
14657,27,1874999,Salaried,Delhi
14658,63,2493580,Salaried,Bengaluru
14659,63,1046545,Self-Employed,Chennai
14660,50,721392,Student,Delhi
14661,50,335240,Business,Kolkata
14662,50,431850,Business,Chennai
14663,39,358529,Business,Hyderabad
14664,47,2406417,Student,Kolkata
14665,29,1411093,Self-Employed,Delhi
14666,46,946880,Student,Delhi
14667,56,2386632,Salaried,Chennai
14668,62,723383,Business,Kolkata
14669,36,1070359,Self-Employed,Kolkata
14670,56,877859,Salaried,Mumbai
14671,67,239893,Salaried,Delhi
14672,30,2327240,Salaried,Chennai
14673,38,1212973,Student,Hyderabad
14674,65,1913407,Retired,Hyderabad
14675,27,2471319,Business,Hyderabad
14676,43,973930,Salaried,Chennai
14677,54,2357922,Salaried,Mumbai
14678,69,353763,Business,Delhi
14679,44,2315578,Self-Employed,Bengaluru
14680,64,330021,Business,Hyderabad
14681,46,1803751,Retired,Delhi
14682,28,386839,Business,Delhi
14683,33,1996635,Student,Hyderabad
14684,57,641055,Retired,Chennai
14685,57,750592,Self-Employed,Mumbai
14686,31,1616791,Salaried,Mumbai
14687,25,693764,Self-Employed,Delhi
14688,26,969911,Retired,Mumbai
14689,29,349673,Self-Employed,Delhi
14690,42,719060,Retired,Kolkata
14691,42,2436877,Business,Chennai
14692,50,1835770,Retired,Chennai
14693,25,1322133,Self-Employed,Hyderabad
14694,47,1081381,Business,Kolkata
14695,41,252510,Retired,Hyderabad
14696,57,1185728,Self-Employed,Mumbai
14697,56,721322,Business,Delhi
14698,27,843387,Retired,Chennai
14699,34,1613043,Self-Employed,Hyderabad
14700,37,2135780,Salaried,Mumbai
14701,59,1365917,Business,Delhi
14702,55,1317069,Salaried,Mumbai
14703,43,1679150,Salaried,Hyderabad
14704,28,265863,Retired,Kolkata
14705,37,1360988,Student,Kolkata
14706,64,1504116,Business,Kolkata
14707,64,1525872,Student,Kolkata
14708,32,1695134,Student,Hyderabad
14709,26,782451,Student,Kolkata
14710,55,2422742,Salaried,Bengaluru
14711,41,1621853,Student,Chennai
14712,68,2235507,Business,Hyderabad
14713,58,866891,Self-Employed,Chennai
14714,36,2357425,Retired,Hyderabad
14715,48,2401607,Student,Hyderabad
14716,38,542310,Self-Employed,Kolkata
14717,45,1629006,Business,Delhi
14718,47,1008783,Student,Kolkata
14719,31,1797634,Self-Employed,Kolkata
14720,57,746732,Salaried,Kolkata
14721,56,2111169,Business,Kolkata
14722,45,1741585,Salaried,Bengaluru
14723,34,1676549,Salaried,Kolkata
14724,39,702579,Self-Employed,Delhi
14725,35,280437,Business,Hyderabad
14726,27,2066442,Self-Employed,Delhi
14727,24,2316315,Salaried,Hyderabad
14728,51,2290053,Salaried,Hyderabad
14729,57,998523,Student,Mumbai
14730,50,299903,Self-Employed,Hyderabad
14731,59,2266382,Salaried,Bengaluru
14732,62,1876259,Retired,Delhi
14733,53,1100155,Student,Chennai
14734,61,1814889,Student,Hyderabad
14735,48,1789904,Self-Employed,Delhi
14736,32,800017,Student,Chennai
14737,35,1399782,Retired,Bengaluru
14738,53,2277163,Self-Employed,Bengaluru
14739,37,1678598,Student,Delhi
14740,25,513913,Self-Employed,Kolkata
14741,60,1053500,Salaried,Hyderabad
14742,63,2112431,Salaried,Mumbai
14743,41,489830,Retired,Mumbai
14744,37,290514,Retired,Mumbai
14745,54,2301330,Business,Chennai
14746,22,964610,Salaried,Chennai
14747,28,2342272,Salaried,Hyderabad
14748,33,2060923,Student,Delhi
14749,60,239134,Business,Chennai
14750,56,2256506,Retired,Hyderabad
14751,37,374811,Salaried,Hyderabad
14752,41,381272,Self-Employed,Kolkata
14753,66,471538,Self-Employed,Mumbai
14754,28,1045701,Self-Employed,Chennai
14755,57,1563404,Salaried,Bengaluru
14756,68,1134978,Student,Kolkata
14757,21,1960531,Retired,Kolkata
14758,68,637975,Student,Hyderabad
14759,27,1633252,Business,Chennai
14760,30,449525,Self-Employed,Delhi
14761,59,1749416,Self-Employed,Hyderabad
14762,68,318865,Salaried,Kolkata
14763,51,1937641,Business,Bengaluru
14764,35,1173303,Business,Chennai
14765,29,2393851,Student,Hyderabad
14766,55,1430037,Student,Bengaluru
14767,44,451189,Retired,Bengaluru
14768,69,938402,Business,Kolkata
14769,22,2403433,Retired,Hyderabad
14770,60,1055302,Student,Kolkata
14771,26,1536266,Self-Employed,Hyderabad
14772,29,2211153,Business,Chennai
14773,39,686978,Self-Employed,Hyderabad
14774,68,2451064,Business,Kolkata
14775,28,492690,Retired,Kolkata
14776,57,2290020,Self-Employed,Hyderabad
14777,65,990224,Salaried,Hyderabad
14778,27,2101418,Self-Employed,Kolkata
14779,30,220509,Salaried,Hyderabad
14780,23,1045358,Self-Employed,Mumbai
14781,56,1161084,Student,Delhi
14782,67,560765,Self-Employed,Mumbai
14783,60,903245,Self-Employed,Hyderabad
14784,59,1180819,Business,Chennai
14785,46,2410111,Retired,Chennai
14786,40,1555249,Business,Hyderabad
14787,65,1343594,Salaried,Mumbai
14788,26,875364,Retired,Kolkata
14789,58,404606,Business,Bengaluru
14790,47,255915,Retired,Hyderabad
14791,64,486870,Retired,Mumbai
14792,46,889487,Self-Employed,Delhi
14793,51,274696,Business,Kolkata
14794,49,1044233,Business,Mumbai
14795,34,1062819,Salaried,Delhi
14796,33,2356168,Business,Bengaluru
14797,26,1437108,Business,Delhi
14798,48,763936,Student,Bengaluru
14799,65,2386072,Business,Kolkata
14800,51,1810451,Retired,Delhi
14801,61,2444662,Retired,Delhi
14802,34,2065579,Student,Mumbai
14803,22,726952,Student,Bengaluru
14804,48,2031177,Business,Delhi
14805,66,616490,Student,Delhi
14806,46,2418146,Salaried,Delhi
14807,30,319295,Self-Employed,Hyderabad
14808,63,534312,Retired,Kolkata
14809,65,1683022,Salaried,Mumbai
14810,28,1348901,Business,Chennai
14811,26,2318293,Business,Chennai
14812,62,674669,Salaried,Delhi
14813,36,798665,Salaried,Hyderabad
14814,24,1979045,Retired,Chennai
14815,48,1912606,Retired,Delhi
14816,32,1812698,Business,Mumbai
14817,60,2353484,Retired,Kolkata
14818,34,448697,Salaried,Chennai
14819,39,745663,Salaried,Hyderabad
14820,55,560368,Salaried,Kolkata
14821,44,1324741,Retired,Delhi
14822,40,861652,Salaried,Hyderabad
14823,48,1090954,Business,Delhi
14824,24,1223013,Self-Employed,Bengaluru
14825,47,434400,Salaried,Chennai
14826,42,2241340,Retired,Mumbai
14827,34,209732,Salaried,Chennai
14828,56,1013521,Retired,Hyderabad
14829,51,262690,Salaried,Chennai
14830,22,1087896,Student,Kolkata
14831,47,1140941,Self-Employed,Mumbai
14832,53,1126581,Student,Bengaluru
14833,23,2058929,Student,Bengaluru
14834,59,1704340,Business,Kolkata
14835,34,1484571,Self-Employed,Kolkata
14836,66,1877419,Self-Employed,Delhi
14837,50,1805209,Business,Kolkata
14838,53,883690,Self-Employed,Kolkata
14839,53,1910330,Retired,Kolkata
14840,41,1652023,Student,Delhi
14841,26,600163,Retired,Mumbai
14842,25,2496787,Business,Chennai
14843,54,460231,Salaried,Chennai
14844,23,1353489,Student,Chennai
14845,68,2055255,Student,Hyderabad
14846,40,1016572,Self-Employed,Delhi
14847,39,2024753,Student,Mumbai
14848,46,1647578,Salaried,Hyderabad
14849,41,1983057,Salaried,Mumbai
14850,33,362459,Self-Employed,Kolkata
14851,37,1823187,Business,Delhi
14852,42,2184539,Student,Delhi
14853,65,1114649,Salaried,Hyderabad
14854,38,582238,Self-Employed,Chennai
14855,42,323333,Self-Employed,Kolkata
14856,66,253273,Student,Mumbai
14857,36,2089108,Self-Employed,Mumbai
14858,47,1537364,Salaried,Hyderabad
14859,55,1016380,Student,Bengaluru
14860,50,2303089,Student,Kolkata
14861,21,1698653,Retired,Chennai
14862,32,205114,Retired,Delhi
14863,24,1226331,Self-Employed,Chennai
14864,58,1573622,Salaried,Kolkata
14865,21,712551,Retired,Delhi
14866,23,1689317,Self-Employed,Delhi
14867,33,2022724,Business,Mumbai
14868,30,491414,Salaried,Delhi
14869,50,1011088,Self-Employed,Mumbai
14870,66,709366,Student,Delhi
14871,35,1541584,Self-Employed,Chennai
14872,62,2334483,Salaried,Chennai
14873,53,1886001,Retired,Bengaluru
14874,56,535938,Student,Bengaluru
14875,66,1384230,Student,Mumbai
14876,63,1854628,Retired,Bengaluru
14877,42,1808179,Business,Bengaluru
14878,32,1120904,Salaried,Kolkata
14879,38,2033217,Business,Mumbai
14880,61,2308447,Salaried,Hyderabad
14881,23,266075,Self-Employed,Kolkata
14882,43,1950105,Retired,Bengaluru
14883,34,1676728,Business,Mumbai
14884,57,1117883,Business,Hyderabad
14885,46,1597049,Student,Bengaluru
14886,63,2283948,Self-Employed,Bengaluru
14887,53,246060,Self-Employed,Chennai
14888,25,680518,Retired,Mumbai
14889,67,984122,Retired,Hyderabad
14890,47,1609281,Student,Bengaluru
14891,36,1283853,Retired,Hyderabad
14892,60,2434506,Self-Employed,Bengaluru
14893,33,1167319,Salaried,Hyderabad
14894,48,883044,Student,Delhi
14895,56,314202,Retired,Mumbai
14896,60,1631108,Business,Delhi
14897,42,2421356,Self-Employed,Delhi
14898,51,1504820,Self-Employed,Kolkata
14899,48,855949,Retired,Delhi
14900,57,1258195,Business,Bengaluru
14901,26,2230320,Self-Employed,Bengaluru
14902,44,1699622,Retired,Hyderabad
14903,21,297973,Student,Mumbai
14904,58,2069751,Salaried,Delhi
14905,40,1114796,Self-Employed,Bengaluru
14906,53,1997142,Salaried,Mumbai
14907,49,860174,Self-Employed,Kolkata
14908,45,2042447,Student,Chennai
14909,21,853190,Retired,Delhi
14910,48,907774,Salaried,Chennai
14911,54,657832,Student,Mumbai
14912,22,317910,Salaried,Chennai
14913,25,1583749,Business,Bengaluru
14914,59,2158303,Salaried,Bengaluru
14915,31,640812,Retired,Delhi
14916,34,1630032,Salaried,Bengaluru
14917,35,331192,Retired,Hyderabad
14918,30,1451216,Self-Employed,Delhi
14919,31,1062757,Retired,Hyderabad
14920,53,1437763,Self-Employed,Mumbai
14921,27,1712743,Salaried,Mumbai
14922,27,2069930,Student,Chennai
14923,42,720004,Salaried,Mumbai
14924,55,611093,Self-Employed,Chennai
14925,30,1103417,Retired,Hyderabad
14926,44,1219594,Business,Delhi
14927,28,246356,Salaried,Bengaluru
14928,48,1419592,Salaried,Bengaluru
14929,38,566242,Business,Kolkata
14930,52,1676712,Self-Employed,Chennai
14931,66,1941651,Business,Chennai
14932,48,801680,Student,Kolkata
14933,25,565952,Retired,Mumbai
14934,51,616749,Student,Kolkata
14935,39,1697266,Retired,Delhi
14936,29,742529,Student,Bengaluru
14937,36,1958509,Student,Chennai
14938,62,1200062,Retired,Mumbai
14939,49,2228397,Self-Employed,Delhi
14940,42,1616198,Business,Kolkata
14941,48,416582,Business,Chennai
14942,61,484756,Business,Delhi
14943,39,1497903,Retired,Delhi
14944,45,818876,Student,Mumbai
14945,42,832123,Salaried,Chennai
14946,63,571727,Salaried,Kolkata
14947,28,1544666,Salaried,Delhi
14948,65,1424090,Self-Employed,Mumbai
14949,41,229308,Self-Employed,Kolkata
14950,62,949500,Self-Employed,Mumbai
14951,55,2047445,Business,Mumbai
14952,63,1697085,Retired,Bengaluru
14953,55,693582,Salaried,Delhi
14954,51,312515,Self-Employed,Bengaluru
14955,48,1166295,Student,Hyderabad
14956,30,387630,Salaried,Bengaluru
14957,35,287948,Business,Kolkata
14958,44,1165503,Retired,Bengaluru
14959,24,687537,Retired,Bengaluru
14960,59,1088908,Student,Mumbai
14961,42,2248713,Retired,Kolkata
14962,54,1661448,Student,Chennai
14963,63,903597,Retired,Hyderabad
14964,34,1533435,Retired,Hyderabad
14965,56,637307,Retired,Mumbai
14966,69,1673367,Business,Kolkata
14967,69,2487252,Salaried,Mumbai
14968,63,1043490,Student,Hyderabad
14969,34,396265,Business,Hyderabad
14970,51,1182255,Student,Chennai
14971,21,1933695,Retired,Kolkata
14972,35,2336624,Self-Employed,Delhi
14973,52,257414,Business,Mumbai
14974,46,1008137,Business,Bengaluru
14975,27,1514677,Business,Delhi
14976,39,539124,Student,Chennai
14977,48,993630,Business,Delhi
14978,62,1141032,Retired,Hyderabad
14979,23,1440829,Retired,Hyderabad
14980,45,2451593,Student,Bengaluru
14981,61,1513752,Retired,Hyderabad
14982,67,878728,Salaried,Bengaluru
14983,59,635672,Retired,Kolkata
14984,26,248734,Retired,Delhi
14985,54,1575261,Retired,Kolkata
14986,69,738845,Salaried,Mumbai
14987,55,808905,Retired,Hyderabad
14988,67,1542376,Retired,Mumbai
14989,53,1043472,Self-Employed,Chennai
14990,65,1178229,Business,Bengaluru
14991,69,836848,Self-Employed,Chennai
14992,39,1044836,Self-Employed,Delhi
14993,46,503520,Salaried,Delhi
14994,48,2207367,Self-Employed,Kolkata
14995,27,906398,Business,Delhi
14996,27,1174155,Business,Bengaluru
14997,43,2276109,Self-Employed,Kolkata
14998,56,1231003,Salaried,Mumbai
14999,23,1658994,Self-Employed,Delhi
15000,45,345478,Self-Employed,Bengaluru
15001,41,1235804,Salaried,Hyderabad
15002,47,2395997,Student,Hyderabad
15003,42,749301,Salaried,Mumbai
15004,38,1518964,Business,Kolkata
15005,30,1635417,Salaried,Kolkata
15006,55,1342456,Retired,Mumbai
15007,45,905270,Salaried,Bengaluru
15008,64,612769,Student,Delhi
15009,67,2397717,Business,Hyderabad
15010,26,1647396,Business,Hyderabad
15011,57,1377722,Business,Chennai
15012,31,200037,Student,Bengaluru
15013,27,1075583,Salaried,Hyderabad
15014,50,1758076,Student,Chennai
15015,29,775352,Salaried,Bengaluru
15016,34,352261,Student,Hyderabad
15017,49,2442987,Self-Employed,Mumbai
15018,48,2434420,Salaried,Bengaluru
15019,26,2075461,Salaried,Hyderabad
15020,34,1342502,Salaried,Chennai
15021,30,1005085,Business,Chennai
15022,35,1907080,Retired,Bengaluru
15023,41,1679936,Salaried,Bengaluru
15024,44,1307364,Self-Employed,Hyderabad
15025,35,391734,Business,Bengaluru
15026,44,225851,Student,Delhi
15027,53,2009299,Business,Delhi
15028,48,1084393,Self-Employed,Chennai
15029,41,1274090,Business,Mumbai
15030,34,1019337,Retired,Mumbai
15031,56,1192246,Self-Employed,Chennai
15032,53,524051,Retired,Delhi
15033,32,1652089,Self-Employed,Chennai
15034,58,1941719,Student,Kolkata
15035,62,1634590,Retired,Kolkata
15036,48,1353520,Student,Hyderabad
15037,22,827741,Self-Employed,Hyderabad
15038,34,1890236,Retired,Mumbai
15039,58,2189497,Salaried,Chennai
15040,57,566933,Salaried,Kolkata
15041,40,1738135,Self-Employed,Hyderabad
15042,42,1750949,Salaried,Delhi
15043,26,754729,Student,Hyderabad
15044,48,2221494,Business,Bengaluru
15045,60,682729,Salaried,Kolkata
15046,43,319129,Business,Delhi
15047,51,1861667,Student,Chennai
15048,27,515123,Salaried,Delhi
15049,56,2402546,Student,Chennai
15050,34,2201497,Retired,Kolkata
15051,23,767861,Retired,Kolkata
15052,32,1700666,Self-Employed,Chennai
15053,48,609865,Student,Mumbai
15054,48,668393,Retired,Delhi
15055,37,2117084,Salaried,Mumbai
15056,40,2078568,Retired,Delhi
15057,44,667036,Self-Employed,Chennai
15058,57,453913,Student,Delhi
15059,65,559053,Business,Kolkata
15060,34,1722312,Student,Hyderabad
15061,47,471087,Self-Employed,Hyderabad
15062,36,2406950,Self-Employed,Mumbai
15063,25,2022843,Retired,Delhi
15064,64,319235,Self-Employed,Mumbai
15065,21,601533,Retired,Hyderabad
15066,42,1942919,Self-Employed,Chennai
15067,27,234884,Salaried,Mumbai
15068,42,1391994,Student,Bengaluru
15069,49,366258,Retired,Bengaluru
15070,38,695091,Self-Employed,Chennai
15071,64,1686402,Retired,Kolkata
15072,38,1909434,Retired,Chennai
15073,43,989912,Business,Hyderabad
15074,67,863409,Retired,Bengaluru
15075,45,1149559,Self-Employed,Kolkata
15076,31,1483485,Student,Kolkata
15077,62,1752465,Retired,Hyderabad
15078,67,228690,Student,Kolkata
15079,58,1350873,Retired,Delhi
15080,29,2443361,Self-Employed,Bengaluru
15081,25,2382297,Retired,Delhi
15082,46,948944,Retired,Mumbai
15083,47,740733,Self-Employed,Hyderabad
15084,32,2033610,Business,Bengaluru
15085,53,2355274,Retired,Bengaluru
15086,27,1884336,Student,Hyderabad
15087,57,999494,Student,Hyderabad
15088,29,1059624,Self-Employed,Hyderabad
15089,46,1294324,Business,Hyderabad
15090,50,2363192,Student,Bengaluru
15091,50,2204795,Self-Employed,Chennai
15092,26,2400407,Retired,Hyderabad
15093,65,2019021,Business,Bengaluru
15094,41,622431,Student,Bengaluru
15095,53,1375488,Retired,Kolkata
15096,32,1604992,Salaried,Mumbai
15097,55,1830623,Self-Employed,Delhi
15098,44,2216594,Retired,Hyderabad
15099,49,754994,Student,Chennai
15100,25,1633833,Retired,Chennai
15101,43,1364842,Retired,Chennai
15102,28,1012301,Self-Employed,Bengaluru
15103,50,1224603,Salaried,Kolkata
15104,25,1995151,Retired,Mumbai
15105,55,1462102,Retired,Chennai
15106,68,1749702,Retired,Hyderabad
15107,49,1118759,Retired,Delhi
15108,26,1787342,Self-Employed,Mumbai
15109,49,810847,Student,Chennai
15110,43,1147751,Self-Employed,Hyderabad
15111,49,604510,Self-Employed,Delhi
15112,49,1838647,Retired,Bengaluru
15113,37,2109055,Business,Kolkata
15114,34,2182618,Retired,Chennai
15115,25,892012,Self-Employed,Delhi
15116,66,2044086,Retired,Hyderabad
15117,69,1547295,Student,Kolkata
15118,21,2145115,Retired,Hyderabad
15119,39,1233320,Student,Bengaluru
15120,50,2181462,Self-Employed,Delhi
15121,68,1501402,Retired,Hyderabad
15122,67,1434827,Salaried,Bengaluru
15123,57,2136808,Student,Delhi
15124,62,490656,Business,Hyderabad
15125,53,1542942,Business,Kolkata
15126,48,1749544,Salaried,Mumbai
15127,68,644006,Retired,Delhi
15128,53,1647744,Retired,Hyderabad
15129,29,2305701,Salaried,Chennai
15130,60,2002754,Student,Chennai
15131,26,1007164,Self-Employed,Hyderabad
15132,27,2331453,Self-Employed,Mumbai
15133,39,2171008,Salaried,Kolkata
15134,43,565205,Business,Kolkata
15135,52,1491837,Business,Delhi
15136,44,2289445,Retired,Chennai
15137,36,2062804,Student,Kolkata
15138,39,1461044,Salaried,Delhi
15139,32,1029502,Self-Employed,Bengaluru
15140,29,2409442,Student,Hyderabad
15141,66,1924408,Retired,Bengaluru
15142,55,489441,Business,Delhi
15143,61,387929,Salaried,Kolkata
15144,63,434959,Business,Delhi
15145,33,395542,Student,Chennai
15146,51,2329285,Student,Bengaluru
15147,51,972504,Business,Kolkata
15148,53,1403461,Salaried,Bengaluru
15149,57,1979330,Retired,Delhi
15150,48,1655116,Business,Kolkata
15151,49,1424777,Salaried,Chennai
15152,35,2111762,Retired,Delhi
15153,55,2011091,Salaried,Bengaluru
15154,54,2355907,Retired,Delhi
15155,45,998048,Salaried,Delhi
15156,45,1102353,Salaried,Chennai
15157,23,1209849,Salaried,Kolkata
15158,43,2276838,Self-Employed,Mumbai
15159,31,2061953,Business,Mumbai
15160,67,2485873,Self-Employed,Mumbai
15161,49,2440415,Student,Hyderabad
15162,24,1195898,Student,Hyderabad
15163,35,1223497,Business,Hyderabad
15164,49,1164871,Retired,Mumbai
15165,40,1316157,Salaried,Hyderabad
15166,61,1654143,Business,Hyderabad
15167,64,402521,Business,Delhi
15168,29,1808451,Salaried,Kolkata
15169,46,830998,Business,Mumbai
15170,37,1767359,Retired,Mumbai
15171,23,2372323,Salaried,Delhi
15172,32,1593198,Business,Bengaluru
15173,62,829797,Self-Employed,Kolkata
15174,62,2137510,Business,Hyderabad
15175,60,2195964,Salaried,Hyderabad
15176,55,1537241,Salaried,Mumbai
15177,24,1073053,Student,Hyderabad
15178,41,418732,Self-Employed,Delhi
15179,43,746616,Student,Chennai
15180,64,2026743,Retired,Mumbai
15181,47,1964348,Retired,Delhi
15182,40,238928,Self-Employed,Kolkata
15183,31,587454,Self-Employed,Chennai
15184,57,1119214,Self-Employed,Delhi
15185,25,1136091,Student,Delhi
15186,29,2301531,Retired,Hyderabad
15187,52,2486133,Student,Hyderabad
15188,43,2082712,Self-Employed,Mumbai
15189,69,639972,Business,Kolkata
15190,41,1396703,Student,Hyderabad
15191,25,2159616,Retired,Mumbai
15192,52,2449900,Self-Employed,Kolkata
15193,58,1864539,Business,Kolkata
15194,69,2498974,Salaried,Hyderabad
15195,25,2443120,Student,Chennai
15196,51,1131664,Retired,Hyderabad
15197,21,450139,Student,Chennai
15198,41,2422792,Salaried,Delhi
15199,61,1864782,Salaried,Delhi
15200,22,1119568,Student,Bengaluru
15201,69,1569992,Self-Employed,Hyderabad
15202,44,2069442,Retired,Delhi
15203,53,554285,Self-Employed,Mumbai
15204,41,1552134,Business,Hyderabad
15205,26,1793599,Salaried,Chennai
15206,67,301710,Self-Employed,Kolkata
15207,43,1159191,Self-Employed,Kolkata
15208,41,1572753,Self-Employed,Bengaluru
15209,45,1574066,Student,Delhi
15210,41,1962875,Student,Chennai
15211,57,766093,Business,Delhi
15212,51,1501481,Student,Bengaluru
15213,51,923740,Business,Chennai
15214,65,2048922,Business,Bengaluru
15215,21,1604954,Business,Hyderabad
15216,27,885238,Business,Bengaluru
15217,35,2243031,Salaried,Chennai
15218,22,456785,Student,Delhi
15219,62,2262288,Salaried,Kolkata
15220,54,2412879,Retired,Bengaluru
15221,57,936635,Retired,Mumbai
15222,48,1895791,Business,Mumbai
15223,35,2136537,Business,Chennai
15224,49,1972574,Business,Delhi
15225,41,886955,Business,Chennai
15226,54,735090,Business,Kolkata
15227,27,1245145,Salaried,Delhi
15228,63,2416738,Business,Bengaluru
15229,28,1467701,Student,Bengaluru
15230,27,522755,Salaried,Chennai
15231,61,741535,Salaried,Mumbai
15232,51,2227518,Salaried,Delhi
15233,61,409914,Business,Hyderabad
15234,57,1885718,Student,Hyderabad
15235,30,202450,Self-Employed,Hyderabad
15236,59,2321849,Business,Mumbai
15237,25,711935,Salaried,Bengaluru
15238,29,2271929,Retired,Mumbai
15239,66,1145744,Salaried,Kolkata
15240,43,931204,Retired,Chennai
15241,55,792176,Salaried,Hyderabad
15242,34,2323645,Self-Employed,Kolkata
15243,69,1733028,Retired,Hyderabad
15244,50,1303678,Business,Chennai
15245,65,1547471,Business,Mumbai
15246,55,1809072,Business,Kolkata
15247,38,2039977,Retired,Delhi
15248,50,419730,Self-Employed,Hyderabad
15249,38,1479054,Salaried,Hyderabad
15250,50,2449675,Retired,Hyderabad
15251,66,2187070,Retired,Delhi
15252,63,1085568,Self-Employed,Chennai
15253,41,716195,Business,Chennai
15254,56,1443291,Business,Hyderabad
15255,23,468863,Retired,Bengaluru
15256,51,561357,Self-Employed,Kolkata
15257,49,2242416,Student,Chennai
15258,29,1026104,Self-Employed,Chennai
15259,66,1187977,Self-Employed,Delhi
15260,26,1791487,Retired,Mumbai
15261,66,1009940,Retired,Bengaluru
15262,33,1965717,Retired,Delhi
15263,60,2268506,Salaried,Kolkata
15264,34,1204984,Retired,Chennai
15265,31,491607,Business,Chennai
15266,41,1119008,Business,Hyderabad
15267,61,1183471,Student,Mumbai
15268,42,2259923,Retired,Chennai
15269,56,209522,Student,Delhi
15270,38,1256525,Student,Mumbai
15271,46,834905,Retired,Hyderabad
15272,33,435588,Retired,Delhi
15273,25,1369186,Self-Employed,Kolkata
15274,52,1640705,Business,Kolkata
15275,26,1922992,Business,Hyderabad
15276,26,1029804,Student,Mumbai
15277,22,383649,Business,Hyderabad
15278,23,797952,Student,Mumbai
15279,60,2458460,Business,Chennai
15280,41,1519793,Self-Employed,Hyderabad
15281,63,1529144,Self-Employed,Bengaluru
15282,36,1080059,Salaried,Bengaluru
15283,64,1381835,Business,Mumbai
15284,53,245582,Business,Kolkata
15285,48,1318780,Salaried,Mumbai
15286,32,1359558,Salaried,Chennai
15287,29,1386521,Student,Bengaluru
15288,62,1194253,Student,Mumbai
15289,66,1790117,Student,Kolkata
15290,35,1412942,Salaried,Mumbai
15291,48,720637,Self-Employed,Kolkata
15292,49,2199984,Student,Bengaluru
15293,27,2076672,Business,Kolkata
15294,58,1680212,Retired,Bengaluru
15295,69,1089946,Student,Hyderabad
15296,69,620421,Business,Hyderabad
15297,68,1231405,Student,Delhi
15298,40,1651370,Retired,Bengaluru
15299,32,1043182,Business,Bengaluru
15300,40,1690310,Business,Chennai
15301,50,2245831,Business,Delhi
15302,40,1988632,Business,Bengaluru
15303,33,2484602,Student,Delhi
15304,34,825530,Self-Employed,Hyderabad
15305,32,588580,Self-Employed,Chennai
15306,22,438020,Salaried,Delhi
15307,45,908535,Business,Mumbai
15308,57,716135,Student,Chennai
15309,26,205912,Retired,Delhi
15310,55,2168186,Student,Hyderabad
15311,60,1590085,Self-Employed,Delhi
15312,25,2260338,Student,Delhi
15313,69,1757632,Self-Employed,Hyderabad
15314,58,1219950,Self-Employed,Kolkata
15315,22,1705724,Student,Chennai
15316,51,2378423,Student,Chennai
15317,69,1100906,Retired,Kolkata
15318,67,281874,Student,Hyderabad
15319,58,549494,Business,Bengaluru
15320,24,1217463,Student,Bengaluru
15321,68,691689,Business,Chennai
15322,67,1116271,Student,Chennai
15323,47,946104,Retired,Chennai
15324,49,1653640,Retired,Bengaluru
15325,51,971511,Student,Delhi
15326,58,2494009,Salaried,Hyderabad
15327,38,1785002,Self-Employed,Kolkata
15328,55,1565255,Retired,Bengaluru
15329,40,1985947,Self-Employed,Bengaluru
15330,28,2282568,Salaried,Hyderabad
15331,55,984094,Self-Employed,Bengaluru
15332,41,1511658,Retired,Mumbai
15333,53,1035485,Retired,Bengaluru
15334,49,930037,Retired,Mumbai
15335,42,1337163,Retired,Delhi
15336,54,228240,Salaried,Mumbai
15337,47,1842156,Self-Employed,Kolkata
15338,50,2373087,Retired,Kolkata
15339,36,1211566,Retired,Hyderabad
15340,46,1247648,Business,Delhi
15341,24,419327,Business,Mumbai
15342,39,1154832,Student,Kolkata
15343,66,1487331,Business,Kolkata
15344,52,1295303,Student,Chennai
15345,42,857804,Self-Employed,Bengaluru
15346,31,1288252,Self-Employed,Bengaluru
15347,47,850160,Salaried,Hyderabad
15348,53,636602,Retired,Kolkata
15349,66,2450585,Student,Chennai
15350,34,1330133,Self-Employed,Mumbai
15351,65,397296,Retired,Delhi
15352,23,1159991,Student,Kolkata
15353,31,2280781,Student,Chennai
15354,35,465781,Salaried,Delhi
15355,69,1295351,Retired,Mumbai
15356,51,1972002,Self-Employed,Mumbai
15357,39,337605,Business,Mumbai
15358,63,2399439,Business,Chennai
15359,51,2119839,Salaried,Chennai
15360,41,1818059,Retired,Chennai
15361,42,261524,Student,Delhi
15362,66,574170,Salaried,Bengaluru
15363,60,2241136,Salaried,Chennai
15364,43,2302632,Self-Employed,Mumbai
15365,56,1096963,Business,Delhi
15366,61,634631,Retired,Delhi
15367,28,1884167,Self-Employed,Bengaluru
15368,59,960404,Retired,Kolkata
15369,47,1012482,Business,Mumbai
15370,64,1550720,Student,Delhi
15371,33,1948911,Salaried,Kolkata
15372,44,1593303,Business,Bengaluru
15373,64,2311513,Business,Mumbai
15374,39,1532344,Business,Chennai
15375,58,1685667,Business,Kolkata
15376,30,2086283,Business,Chennai
15377,29,458172,Retired,Kolkata
15378,45,795482,Student,Chennai
15379,61,2387054,Salaried,Chennai
15380,41,1125290,Retired,Chennai
15381,28,1087170,Salaried,Bengaluru
15382,52,1668543,Self-Employed,Chennai
15383,49,2375930,Retired,Mumbai
15384,26,2099089,Student,Chennai
15385,36,1809994,Retired,Hyderabad
15386,53,1393403,Student,Delhi
15387,33,1698299,Student,Delhi
15388,26,1997909,Self-Employed,Mumbai
15389,47,1407395,Business,Kolkata
15390,65,775238,Business,Delhi
15391,23,1745325,Retired,Delhi
15392,60,1537966,Self-Employed,Mumbai
15393,66,830056,Salaried,Kolkata
15394,28,1155228,Business,Bengaluru
15395,67,947390,Self-Employed,Hyderabad
15396,41,680384,Self-Employed,Chennai
15397,42,1080985,Business,Delhi
15398,25,903788,Self-Employed,Mumbai
15399,29,1051448,Retired,Chennai
15400,56,231504,Salaried,Mumbai
15401,43,683598,Self-Employed,Mumbai
15402,39,489664,Salaried,Delhi
15403,31,463780,Student,Mumbai
15404,64,2095347,Salaried,Kolkata
15405,45,571275,Self-Employed,Delhi
15406,35,2477313,Business,Delhi
15407,41,1787519,Student,Mumbai
15408,22,2385273,Student,Chennai
15409,69,1084102,Retired,Bengaluru
15410,62,812697,Self-Employed,Mumbai
15411,34,1631735,Self-Employed,Delhi
15412,55,934751,Student,Chennai
15413,45,639318,Retired,Mumbai
15414,27,1384745,Self-Employed,Bengaluru
15415,47,805612,Retired,Chennai
15416,52,1325487,Retired,Mumbai
15417,26,1621268,Student,Hyderabad
15418,41,279153,Business,Delhi
15419,61,1627221,Salaried,Hyderabad
15420,59,2070840,Salaried,Hyderabad
15421,66,1315789,Self-Employed,Chennai
15422,29,1654481,Student,Bengaluru
15423,67,665860,Retired,Chennai
15424,31,1618361,Retired,Hyderabad
15425,59,721194,Salaried,Hyderabad
15426,60,798881,Student,Mumbai
15427,69,2081808,Business,Delhi
15428,46,1436892,Business,Mumbai
15429,56,2037338,Salaried,Hyderabad
15430,35,1110950,Retired,Bengaluru
15431,63,2385026,Student,Delhi
15432,45,460016,Retired,Bengaluru
15433,31,1221596,Self-Employed,Bengaluru
15434,27,313121,Salaried,Mumbai
15435,62,2472448,Salaried,Hyderabad
15436,48,446134,Salaried,Kolkata
15437,40,2193001,Salaried,Delhi
15438,68,313867,Business,Hyderabad
15439,58,1373049,Self-Employed,Bengaluru
15440,40,1380642,Salaried,Bengaluru
15441,28,690977,Salaried,Mumbai
15442,38,299116,Self-Employed,Mumbai
15443,68,771529,Salaried,Delhi
15444,53,509761,Salaried,Chennai
15445,59,264438,Business,Chennai
15446,48,1997402,Retired,Hyderabad
15447,58,426727,Retired,Hyderabad
15448,58,552719,Self-Employed,Hyderabad
15449,64,830175,Self-Employed,Delhi
15450,58,447747,Retired,Bengaluru
15451,26,2071791,Student,Kolkata
15452,42,958324,Salaried,Bengaluru
15453,69,2367803,Student,Delhi
15454,48,465289,Business,Delhi
15455,42,2111684,Salaried,Chennai
15456,67,1489090,Retired,Kolkata
15457,52,1685870,Retired,Kolkata
15458,37,1844018,Student,Kolkata
15459,39,2016769,Retired,Bengaluru
15460,36,1441649,Retired,Hyderabad
15461,40,735572,Student,Bengaluru
15462,56,1353258,Retired,Hyderabad
15463,69,1746410,Self-Employed,Delhi
15464,32,1886010,Self-Employed,Kolkata
15465,52,1053981,Self-Employed,Bengaluru
15466,26,1212842,Student,Kolkata
15467,44,2385583,Student,Delhi
15468,28,1598050,Student,Hyderabad
15469,29,2316188,Retired,Delhi
15470,51,1290249,Student,Mumbai
15471,46,688135,Self-Employed,Bengaluru
15472,50,1304909,Business,Mumbai
15473,41,1346086,Self-Employed,Mumbai
15474,26,1712692,Retired,Delhi
15475,39,306636,Student,Hyderabad
15476,65,453342,Self-Employed,Mumbai
15477,56,1950083,Student,Delhi
15478,60,1895734,Student,Kolkata
15479,54,966785,Salaried,Delhi
15480,49,1532149,Self-Employed,Chennai
15481,57,2083070,Retired,Delhi
15482,56,873011,Salaried,Hyderabad
15483,33,1570280,Retired,Mumbai
15484,53,1435016,Self-Employed,Hyderabad
15485,45,975358,Student,Delhi
15486,27,989033,Business,Chennai
15487,45,2332151,Student,Kolkata
15488,68,1920629,Salaried,Kolkata
15489,28,249137,Retired,Kolkata
15490,68,2237635,Self-Employed,Mumbai
15491,25,472140,Student,Bengaluru
15492,55,2435133,Self-Employed,Mumbai
15493,38,769308,Student,Bengaluru
15494,57,1525442,Self-Employed,Hyderabad
15495,46,677231,Retired,Chennai
15496,67,701534,Retired,Kolkata
15497,53,841393,Retired,Mumbai
15498,61,2311339,Self-Employed,Hyderabad
15499,30,1025898,Retired,Mumbai
15500,22,2072682,Self-Employed,Delhi
15501,31,603527,Business,Bengaluru
15502,42,2298721,Salaried,Kolkata
15503,66,1321274,Retired,Bengaluru
15504,56,2280213,Business,Delhi
15505,63,920091,Salaried,Bengaluru
15506,25,297452,Business,Chennai
15507,38,392970,Student,Kolkata
15508,68,1514809,Retired,Bengaluru
15509,41,2294631,Student,Hyderabad
15510,46,1504221,Self-Employed,Bengaluru
15511,24,895442,Student,Hyderabad
15512,28,2091534,Retired,Delhi
15513,39,818460,Student,Hyderabad
15514,63,1901129,Business,Mumbai
15515,58,1222112,Self-Employed,Bengaluru
15516,46,2423673,Self-Employed,Hyderabad
15517,46,1150783,Business,Bengaluru
15518,54,2287224,Retired,Bengaluru
15519,67,881385,Salaried,Chennai
15520,34,1542378,Business,Bengaluru
15521,54,1909006,Self-Employed,Hyderabad
15522,45,1363468,Business,Delhi
15523,55,2473197,Student,Bengaluru
15524,58,2459770,Self-Employed,Mumbai
15525,62,291327,Student,Bengaluru
15526,65,995759,Self-Employed,Delhi
15527,32,2182807,Student,Bengaluru
15528,21,2290466,Student,Chennai
15529,38,1723034,Self-Employed,Chennai
15530,48,1554519,Student,Mumbai
15531,69,285415,Salaried,Bengaluru
15532,48,604810,Salaried,Hyderabad
15533,30,1797086,Student,Bengaluru
15534,57,1051960,Self-Employed,Hyderabad
15535,43,2121717,Business,Hyderabad
15536,38,540960,Retired,Delhi
15537,59,971656,Business,Mumbai
15538,23,1086470,Self-Employed,Bengaluru
15539,22,1401526,Salaried,Hyderabad
15540,37,313225,Business,Chennai
15541,57,1252164,Salaried,Hyderabad
15542,44,2410208,Student,Hyderabad
15543,26,1758449,Student,Chennai
15544,27,263887,Student,Mumbai
15545,23,1660958,Business,Hyderabad
15546,63,1553751,Student,Kolkata
15547,56,2274232,Business,Kolkata
15548,57,2147104,Self-Employed,Delhi
15549,39,1500138,Business,Bengaluru
15550,57,1088520,Self-Employed,Mumbai
15551,61,1190241,Student,Hyderabad
15552,27,2479623,Self-Employed,Bengaluru
15553,24,692593,Retired,Kolkata
15554,34,1541373,Retired,Chennai
15555,49,1371590,Student,Kolkata
15556,46,781814,Retired,Kolkata
15557,43,1891786,Student,Hyderabad
15558,48,1445261,Self-Employed,Bengaluru
15559,46,2439668,Business,Kolkata
15560,64,787255,Student,Mumbai
15561,44,624691,Business,Kolkata
15562,32,892660,Salaried,Mumbai
15563,47,413985,Student,Mumbai
15564,67,1456000,Salaried,Hyderabad
15565,41,1679872,Business,Mumbai
15566,42,1097925,Retired,Mumbai
15567,25,215048,Retired,Delhi
15568,42,953721,Salaried,Mumbai
15569,24,2491736,Retired,Chennai
15570,34,204265,Self-Employed,Hyderabad
15571,51,281273,Student,Mumbai
15572,69,639659,Salaried,Bengaluru
15573,43,1074553,Business,Kolkata
15574,63,1439676,Self-Employed,Hyderabad
15575,64,1941583,Salaried,Hyderabad
15576,37,1311204,Business,Kolkata
15577,22,669885,Retired,Kolkata
15578,44,760938,Salaried,Chennai
15579,56,2173781,Self-Employed,Hyderabad
15580,31,316660,Self-Employed,Chennai
15581,55,1034890,Salaried,Chennai
15582,59,2381536,Business,Mumbai
15583,47,2469969,Student,Kolkata
15584,54,444619,Self-Employed,Hyderabad
15585,45,1261733,Student,Chennai
15586,22,2020384,Salaried,Chennai
15587,69,2017206,Retired,Hyderabad
15588,21,2032442,Student,Kolkata
15589,56,2083824,Self-Employed,Mumbai
15590,51,930117,Retired,Kolkata
15591,54,349518,Salaried,Kolkata
15592,21,1458858,Salaried,Delhi
15593,68,1607281,Retired,Delhi
15594,21,1173842,Student,Kolkata
15595,36,1869242,Salaried,Hyderabad
15596,37,765502,Retired,Delhi
15597,61,801769,Student,Mumbai
15598,62,1209412,Salaried,Delhi
15599,41,2036330,Student,Delhi
15600,49,2438049,Salaried,Hyderabad
15601,46,961746,Business,Bengaluru
15602,44,833053,Student,Bengaluru
15603,67,2393685,Business,Chennai
15604,30,2367091,Student,Bengaluru
15605,57,316412,Student,Kolkata
15606,29,361887,Retired,Hyderabad
15607,54,1451445,Retired,Kolkata
15608,69,2414133,Retired,Chennai
15609,27,1492354,Self-Employed,Kolkata
15610,24,1438566,Student,Hyderabad
15611,33,2346276,Retired,Kolkata
15612,41,707993,Salaried,Mumbai
15613,25,1763498,Salaried,Bengaluru
15614,49,621443,Business,Chennai
15615,51,1136588,Salaried,Delhi
15616,47,1258205,Business,Bengaluru
15617,28,867310,Student,Kolkata
15618,67,423382,Business,Hyderabad
15619,29,679440,Self-Employed,Kolkata
15620,40,2156396,Self-Employed,Kolkata
15621,68,754469,Self-Employed,Chennai
15622,30,919911,Salaried,Mumbai
15623,56,686652,Salaried,Delhi
15624,21,524020,Retired,Bengaluru
15625,60,1620573,Retired,Bengaluru
15626,64,1452609,Student,Delhi
15627,66,2096422,Retired,Bengaluru
15628,69,253197,Student,Hyderabad
15629,52,661561,Retired,Hyderabad
15630,23,301467,Retired,Bengaluru
15631,43,1420689,Retired,Mumbai
15632,61,945126,Self-Employed,Delhi
15633,45,1919244,Retired,Hyderabad
15634,47,2088541,Self-Employed,Hyderabad
15635,68,1996696,Business,Delhi
15636,31,502645,Salaried,Hyderabad
15637,23,1856774,Self-Employed,Hyderabad
15638,64,701424,Student,Delhi
15639,53,956245,Retired,Kolkata
15640,58,932774,Business,Mumbai
15641,25,295690,Business,Hyderabad
15642,28,2189502,Student,Chennai
15643,23,2255932,Retired,Mumbai
15644,42,281146,Student,Kolkata
15645,33,2108008,Business,Delhi
15646,24,813398,Business,Mumbai
15647,66,1222937,Business,Delhi
15648,56,1592894,Salaried,Chennai
15649,49,2373418,Salaried,Mumbai
15650,24,1141692,Business,Chennai
15651,63,2227155,Self-Employed,Chennai
15652,36,2178873,Retired,Chennai
15653,34,1673889,Student,Chennai
15654,60,1453744,Retired,Hyderabad
15655,33,931467,Retired,Mumbai
15656,24,333774,Self-Employed,Delhi
15657,55,2467903,Business,Kolkata
15658,34,295881,Student,Bengaluru
15659,52,1626010,Salaried,Mumbai
15660,42,1696467,Self-Employed,Delhi
15661,50,1414294,Self-Employed,Bengaluru
15662,38,577215,Student,Chennai
15663,30,551450,Salaried,Kolkata
15664,52,1186225,Business,Bengaluru
15665,49,1267247,Student,Kolkata
15666,48,1582360,Salaried,Hyderabad
15667,43,1395698,Self-Employed,Kolkata
15668,47,2428796,Self-Employed,Hyderabad
15669,58,2150556,Retired,Delhi
15670,61,2205620,Student,Kolkata
15671,32,823761,Retired,Hyderabad
15672,33,772177,Self-Employed,Chennai
15673,28,320135,Self-Employed,Bengaluru
15674,26,1687428,Retired,Kolkata
15675,40,592932,Business,Chennai
15676,46,2227961,Retired,Hyderabad
15677,37,856935,Salaried,Hyderabad
15678,43,1924463,Self-Employed,Chennai
15679,68,2137443,Self-Employed,Bengaluru
15680,32,2445411,Student,Bengaluru
15681,40,1715604,Self-Employed,Hyderabad
15682,54,1536849,Self-Employed,Hyderabad
15683,39,2135348,Retired,Delhi
15684,37,2404010,Self-Employed,Bengaluru
15685,59,1027353,Retired,Mumbai
15686,25,1820705,Business,Kolkata
15687,62,274618,Self-Employed,Bengaluru
15688,24,1370524,Student,Delhi
15689,21,940916,Retired,Hyderabad
15690,32,1972604,Business,Chennai
15691,29,1863560,Student,Hyderabad
15692,39,2282990,Student,Bengaluru
15693,51,2328563,Business,Mumbai
15694,66,1361909,Self-Employed,Delhi
15695,39,1442697,Business,Delhi
15696,21,403478,Business,Mumbai
15697,37,918691,Self-Employed,Delhi
15698,58,1754080,Self-Employed,Kolkata
15699,44,393002,Business,Delhi
15700,47,1973694,Self-Employed,Bengaluru
15701,31,1482386,Salaried,Chennai
15702,27,1065213,Self-Employed,Delhi
15703,56,1049315,Business,Chennai
15704,51,1868473,Self-Employed,Bengaluru
15705,24,2451697,Retired,Mumbai
15706,28,311638,Business,Mumbai
15707,25,1255446,Student,Bengaluru
15708,47,2393728,Salaried,Kolkata
15709,66,1211611,Salaried,Kolkata
15710,46,2427692,Student,Mumbai
15711,59,506500,Retired,Kolkata
15712,51,769720,Student,Bengaluru
15713,40,213184,Self-Employed,Delhi
15714,29,1431255,Retired,Hyderabad
15715,29,1697622,Salaried,Mumbai
15716,36,1603372,Salaried,Kolkata
15717,52,485572,Self-Employed,Delhi
15718,32,2153158,Retired,Chennai
15719,54,1062577,Student,Chennai
15720,25,893597,Salaried,Kolkata
15721,65,1943328,Student,Delhi
15722,49,1860720,Self-Employed,Mumbai
15723,43,1281074,Retired,Mumbai
15724,69,769618,Student,Delhi
15725,69,390965,Retired,Bengaluru
15726,28,1704613,Self-Employed,Chennai
15727,25,478805,Business,Mumbai
15728,58,2071954,Self-Employed,Mumbai
15729,41,1994605,Retired,Chennai
15730,25,226664,Student,Mumbai
15731,69,332541,Self-Employed,Kolkata
15732,46,285085,Salaried,Chennai
15733,59,407088,Self-Employed,Kolkata
15734,68,1607102,Self-Employed,Kolkata
15735,51,839961,Student,Chennai
15736,28,971508,Retired,Hyderabad
15737,66,783057,Student,Bengaluru
15738,46,1198044,Self-Employed,Mumbai
15739,46,2235195,Retired,Bengaluru
15740,35,1226987,Self-Employed,Chennai
15741,46,1760238,Student,Kolkata
15742,45,1122730,Self-Employed,Hyderabad
15743,31,407680,Student,Chennai
15744,59,482107,Business,Bengaluru
15745,66,529857,Student,Bengaluru
15746,68,226856,Student,Chennai
15747,40,284767,Self-Employed,Mumbai
15748,47,1336067,Self-Employed,Mumbai
15749,65,2066242,Salaried,Mumbai
15750,21,2185397,Student,Delhi
15751,65,2401061,Student,Kolkata
15752,58,1413830,Self-Employed,Bengaluru
15753,35,1414918,Retired,Hyderabad
15754,39,647154,Business,Chennai
15755,63,2132781,Self-Employed,Mumbai
15756,56,2178132,Business,Hyderabad
15757,67,1563021,Business,Bengaluru
15758,32,1963597,Retired,Bengaluru
15759,32,2491551,Salaried,Chennai
15760,41,1400007,Business,Kolkata
15761,31,947576,Business,Kolkata
15762,27,2388559,Business,Mumbai
15763,57,2040849,Salaried,Kolkata
15764,59,1259493,Retired,Kolkata
15765,36,1820284,Business,Chennai
15766,27,2134226,Student,Mumbai
15767,60,1082336,Retired,Delhi
15768,27,1397818,Business,Bengaluru
15769,49,706323,Student,Mumbai
15770,56,1381520,Student,Hyderabad
15771,62,1396163,Business,Chennai
15772,68,1844225,Self-Employed,Kolkata
15773,59,2340188,Self-Employed,Mumbai
15774,24,1789220,Self-Employed,Delhi
15775,50,1611082,Self-Employed,Delhi
15776,23,594065,Self-Employed,Chennai
15777,69,2199858,Retired,Mumbai
15778,49,2378324,Salaried,Mumbai
15779,66,1817401,Salaried,Hyderabad
15780,22,449579,Business,Kolkata
15781,25,676784,Retired,Mumbai
15782,39,1557837,Self-Employed,Mumbai
15783,24,1376705,Business,Bengaluru
15784,43,1789254,Retired,Bengaluru
15785,33,1744774,Business,Mumbai
15786,49,1351325,Retired,Chennai
15787,48,2041672,Student,Mumbai
15788,50,574666,Self-Employed,Mumbai
15789,50,229556,Salaried,Chennai
15790,64,799343,Salaried,Hyderabad
15791,65,944381,Business,Kolkata
15792,27,957461,Self-Employed,Chennai
15793,46,1731612,Retired,Hyderabad
15794,41,1250044,Business,Bengaluru
15795,53,1329536,Business,Delhi
15796,52,1040822,Self-Employed,Chennai
15797,50,568890,Student,Chennai
15798,22,306070,Business,Bengaluru
15799,32,549276,Business,Kolkata
15800,63,1116160,Salaried,Bengaluru
15801,57,447408,Self-Employed,Delhi
15802,35,487969,Retired,Delhi
15803,53,513570,Self-Employed,Chennai
15804,29,1052683,Self-Employed,Chennai
15805,68,908365,Self-Employed,Chennai
15806,61,1758232,Self-Employed,Hyderabad
15807,23,485732,Salaried,Kolkata
15808,36,1692115,Student,Kolkata
15809,47,1939433,Student,Mumbai
15810,40,822149,Self-Employed,Bengaluru
15811,51,1013551,Business,Delhi
15812,57,421660,Salaried,Mumbai
15813,36,1666921,Self-Employed,Mumbai
15814,63,294955,Self-Employed,Chennai
15815,65,613188,Business,Kolkata
15816,43,2198899,Retired,Bengaluru
15817,22,1054173,Self-Employed,Hyderabad
15818,22,471034,Business,Mumbai
15819,47,1280348,Salaried,Delhi
15820,67,1126291,Business,Mumbai
15821,36,1228772,Business,Hyderabad
15822,28,1700117,Student,Chennai
15823,69,2104899,Retired,Kolkata
15824,63,312901,Self-Employed,Bengaluru
15825,25,735002,Salaried,Delhi
15826,47,1295540,Retired,Mumbai
15827,21,1298314,Retired,Kolkata
15828,22,244994,Self-Employed,Chennai
15829,55,2288804,Business,Mumbai
15830,46,1711727,Salaried,Chennai
15831,46,375791,Student,Bengaluru
15832,41,2298100,Retired,Mumbai
15833,33,1812249,Student,Mumbai
15834,52,2402742,Retired,Hyderabad
15835,47,1487347,Student,Chennai
15836,53,313540,Salaried,Hyderabad
15837,37,2218576,Salaried,Bengaluru
15838,63,2268550,Retired,Bengaluru
15839,66,1186971,Business,Bengaluru
15840,47,1578337,Retired,Delhi
15841,56,1192393,Business,Bengaluru
15842,29,1956082,Self-Employed,Delhi
15843,44,1128152,Salaried,Kolkata
15844,66,2126514,Student,Chennai
15845,32,604496,Retired,Chennai
15846,37,854585,Salaried,Bengaluru
15847,32,2113543,Salaried,Hyderabad
15848,40,2085903,Business,Delhi
15849,58,1846119,Retired,Mumbai
15850,58,882463,Salaried,Bengaluru
15851,50,1321161,Self-Employed,Mumbai
15852,63,913096,Salaried,Kolkata
15853,36,1622308,Business,Kolkata
15854,53,498489,Salaried,Chennai
15855,43,224692,Salaried,Kolkata
15856,22,828374,Student,Chennai
15857,52,1967689,Salaried,Bengaluru
15858,64,1584387,Business,Hyderabad
15859,33,758568,Student,Hyderabad
15860,47,2108314,Student,Hyderabad
15861,57,2258378,Business,Kolkata
15862,66,544659,Student,Bengaluru
15863,65,318628,Retired,Chennai
15864,25,2279502,Retired,Chennai
15865,25,2370619,Salaried,Hyderabad
15866,61,683778,Salaried,Hyderabad
15867,65,715159,Student,Delhi
15868,52,1219330,Self-Employed,Delhi
15869,53,1257401,Salaried,Bengaluru
15870,53,435121,Self-Employed,Hyderabad
15871,47,375172,Salaried,Mumbai
15872,27,1482107,Retired,Chennai
15873,63,1843487,Retired,Mumbai
15874,39,1345948,Student,Chennai
15875,50,1717273,Self-Employed,Hyderabad
15876,45,1732163,Retired,Mumbai
15877,48,1451067,Retired,Kolkata
15878,36,986029,Student,Mumbai
15879,61,1287741,Retired,Hyderabad
15880,22,1670830,Student,Bengaluru
15881,35,477750,Retired,Mumbai
15882,59,2484043,Salaried,Hyderabad
15883,46,1046441,Salaried,Kolkata
15884,40,623294,Salaried,Delhi
15885,23,1451965,Salaried,Chennai
15886,61,1804603,Business,Bengaluru
15887,30,1059551,Student,Bengaluru
15888,46,1352832,Business,Bengaluru
15889,32,1149287,Business,Mumbai
15890,43,2042863,Retired,Hyderabad
15891,48,289976,Self-Employed,Kolkata
15892,46,289729,Salaried,Mumbai
15893,29,1292757,Retired,Mumbai
15894,69,2466794,Student,Kolkata
15895,26,2456606,Business,Kolkata
15896,32,463364,Retired,Mumbai
15897,36,1980841,Student,Hyderabad
15898,23,2416050,Student,Bengaluru
15899,38,633046,Business,Mumbai
15900,58,1074619,Student,Mumbai
15901,58,968703,Retired,Hyderabad
15902,36,1332391,Salaried,Delhi
15903,33,2428445,Self-Employed,Delhi
15904,43,1610488,Retired,Hyderabad
15905,21,888226,Business,Bengaluru
15906,42,1396327,Salaried,Chennai
15907,68,1523320,Student,Mumbai
15908,63,1146502,Self-Employed,Hyderabad
15909,57,2484555,Student,Chennai
15910,31,2364862,Business,Kolkata
15911,64,531627,Salaried,Chennai
15912,25,1172729,Self-Employed,Chennai
15913,38,2188603,Student,Bengaluru
15914,24,855218,Retired,Kolkata
15915,29,1594578,Self-Employed,Kolkata
15916,31,2351507,Self-Employed,Hyderabad
15917,31,2271983,Retired,Hyderabad
15918,21,2358047,Student,Bengaluru
15919,24,2107756,Retired,Bengaluru
15920,52,1836648,Self-Employed,Bengaluru
15921,62,771684,Student,Hyderabad
15922,33,932174,Business,Delhi
15923,22,1633353,Self-Employed,Hyderabad
15924,53,1299073,Self-Employed,Mumbai
15925,65,975654,Retired,Chennai
15926,50,1575133,Business,Hyderabad
15927,69,383636,Salaried,Delhi
15928,30,270807,Retired,Hyderabad
15929,63,1195620,Self-Employed,Hyderabad
15930,60,1087068,Self-Employed,Mumbai
15931,42,626717,Student,Hyderabad
15932,42,766580,Salaried,Chennai
15933,21,2446681,Student,Kolkata
15934,48,1229934,Salaried,Hyderabad
15935,37,999745,Salaried,Kolkata
15936,33,303180,Business,Hyderabad
15937,53,1270517,Salaried,Kolkata
15938,55,1880935,Business,Kolkata
15939,55,1872864,Business,Mumbai
15940,26,2195590,Salaried,Delhi
15941,29,1379403,Self-Employed,Chennai
15942,46,1176847,Student,Hyderabad
15943,56,1329785,Student,Bengaluru
15944,37,2213293,Self-Employed,Chennai
15945,50,476878,Business,Chennai
15946,61,1034798,Student,Mumbai
15947,40,1350347,Salaried,Chennai
15948,32,2371316,Retired,Chennai
15949,54,2353113,Retired,Hyderabad
15950,41,580281,Business,Bengaluru
15951,38,292043,Salaried,Delhi
15952,50,1322235,Salaried,Kolkata
15953,25,542206,Business,Delhi
15954,56,1792876,Retired,Hyderabad
15955,38,1998938,Retired,Bengaluru
15956,35,1955546,Business,Chennai
15957,33,594688,Salaried,Kolkata
15958,69,1626037,Business,Kolkata
15959,40,1110732,Business,Chennai
15960,51,2297485,Retired,Mumbai
15961,41,685863,Salaried,Kolkata
15962,47,1390594,Salaried,Kolkata
15963,49,1376741,Self-Employed,Bengaluru
15964,39,722076,Salaried,Mumbai
15965,23,482009,Salaried,Delhi
15966,54,808826,Retired,Hyderabad
15967,46,2427421,Salaried,Chennai
15968,29,1083912,Student,Kolkata
15969,62,1613148,Salaried,Hyderabad
15970,39,800370,Student,Hyderabad
15971,57,962669,Student,Kolkata
15972,34,1662571,Salaried,Delhi
15973,41,2106877,Retired,Bengaluru
15974,56,1447832,Self-Employed,Delhi
15975,67,2215236,Business,Bengaluru
15976,32,1621234,Retired,Delhi
15977,59,1634837,Salaried,Kolkata
15978,36,1153591,Salaried,Kolkata
15979,60,1878624,Salaried,Hyderabad
15980,39,513224,Salaried,Hyderabad
15981,52,2274051,Business,Mumbai
15982,23,2293559,Self-Employed,Mumbai
15983,54,1809181,Student,Delhi
15984,40,2077929,Self-Employed,Delhi
15985,38,1594990,Business,Mumbai
15986,26,1137241,Student,Hyderabad
15987,65,2062852,Salaried,Mumbai
15988,39,685310,Retired,Mumbai
15989,66,950999,Retired,Bengaluru
15990,55,1974410,Salaried,Bengaluru
15991,47,483901,Salaried,Bengaluru
15992,34,1304410,Business,Mumbai
15993,24,329203,Retired,Delhi
15994,42,1453583,Self-Employed,Delhi
15995,39,2264194,Student,Hyderabad
15996,36,1584067,Self-Employed,Chennai
15997,26,1347808,Self-Employed,Hyderabad
15998,51,773345,Self-Employed,Chennai
15999,62,1164935,Retired,Delhi
16000,63,2262874,Self-Employed,Mumbai
16001,63,2271670,Retired,Bengaluru
16002,40,582289,Self-Employed,Bengaluru
16003,23,2029632,Salaried,Chennai
16004,46,1442243,Salaried,Mumbai
16005,57,2101662,Student,Chennai
16006,64,2272002,Self-Employed,Kolkata
16007,53,1586539,Student,Chennai
16008,54,2409091,Business,Delhi
16009,65,2035753,Self-Employed,Chennai
16010,43,1008581,Student,Bengaluru
16011,28,344880,Student,Delhi
16012,50,1225478,Salaried,Chennai
16013,62,1464957,Salaried,Mumbai
16014,44,1026422,Self-Employed,Chennai
16015,38,1714183,Student,Kolkata
16016,44,1100820,Self-Employed,Mumbai
16017,55,1306169,Self-Employed,Mumbai
16018,37,2035025,Student,Chennai
16019,31,1154164,Business,Chennai
16020,29,1224843,Business,Chennai
16021,41,2432343,Salaried,Kolkata
16022,37,662910,Business,Delhi
16023,52,329321,Self-Employed,Mumbai
16024,60,2257172,Self-Employed,Kolkata
16025,24,613210,Student,Bengaluru
16026,29,862029,Student,Kolkata
16027,29,2326439,Business,Chennai
16028,69,1299973,Student,Mumbai
16029,29,464951,Self-Employed,Delhi
16030,58,420148,Student,Bengaluru
16031,57,371034,Self-Employed,Mumbai
16032,33,2464213,Student,Kolkata
16033,60,2471223,Self-Employed,Chennai
16034,37,2305604,Business,Mumbai
16035,33,1867092,Salaried,Mumbai
16036,24,1329582,Self-Employed,Kolkata
16037,34,2032123,Retired,Mumbai
16038,65,494255,Retired,Kolkata
16039,52,1017492,Self-Employed,Hyderabad
16040,64,2182908,Business,Hyderabad
16041,33,1454862,Self-Employed,Hyderabad
16042,40,1736168,Retired,Delhi
16043,31,847710,Salaried,Bengaluru
16044,50,566717,Retired,Kolkata
16045,44,378130,Retired,Mumbai
16046,59,1144637,Salaried,Hyderabad
16047,66,412691,Salaried,Delhi
16048,33,645864,Retired,Mumbai
16049,33,2173315,Student,Bengaluru
16050,25,2125807,Student,Bengaluru
16051,34,727585,Student,Bengaluru
16052,33,2024005,Business,Mumbai
16053,43,401028,Salaried,Chennai
16054,53,286453,Salaried,Delhi
16055,57,1129982,Salaried,Mumbai
16056,50,1963319,Retired,Bengaluru
16057,50,1333149,Retired,Kolkata
16058,28,2097402,Retired,Delhi
16059,21,1027395,Student,Chennai
16060,45,988383,Student,Hyderabad
16061,45,1626251,Retired,Kolkata
16062,33,435432,Self-Employed,Bengaluru
16063,66,1599169,Salaried,Chennai
16064,61,1542051,Business,Hyderabad
16065,26,2247466,Retired,Bengaluru
16066,25,1703120,Retired,Delhi
16067,57,2290576,Student,Chennai
16068,39,922094,Salaried,Bengaluru
16069,62,1231919,Retired,Chennai
16070,66,1570657,Student,Hyderabad
16071,35,1071775,Retired,Kolkata
16072,53,2327573,Retired,Chennai
16073,63,675066,Business,Kolkata
16074,66,253039,Student,Kolkata
16075,25,690421,Self-Employed,Kolkata
16076,56,213066,Retired,Hyderabad
16077,21,2006862,Business,Mumbai
16078,68,541204,Self-Employed,Mumbai
16079,27,1489233,Retired,Mumbai
16080,23,348998,Business,Kolkata
16081,56,753608,Student,Mumbai
16082,43,610559,Business,Kolkata
16083,57,1081761,Business,Delhi
16084,31,1559218,Student,Kolkata
16085,68,1473753,Salaried,Bengaluru
16086,59,317773,Salaried,Kolkata
16087,38,2102772,Retired,Hyderabad
16088,40,467528,Student,Delhi
16089,62,400541,Business,Mumbai
16090,45,1295950,Retired,Bengaluru
16091,64,624865,Salaried,Bengaluru
16092,63,1727265,Self-Employed,Delhi
16093,57,866702,Business,Hyderabad
16094,22,208056,Business,Kolkata
16095,61,2436920,Self-Employed,Hyderabad
16096,69,206631,Self-Employed,Hyderabad
16097,27,603926,Salaried,Mumbai
16098,51,1460424,Retired,Hyderabad
16099,65,2414848,Self-Employed,Mumbai
16100,25,608654,Retired,Bengaluru
16101,51,2479005,Retired,Delhi
16102,26,1607260,Student,Kolkata
16103,65,521116,Salaried,Kolkata
16104,24,525366,Student,Bengaluru
16105,38,1226809,Business,Hyderabad
16106,40,2452419,Student,Hyderabad
16107,63,539987,Student,Mumbai
16108,35,1116730,Student,Mumbai
16109,24,1248269,Retired,Kolkata
16110,36,674887,Self-Employed,Mumbai
16111,50,599384,Student,Mumbai
16112,26,266848,Retired,Delhi
16113,67,1131774,Student,Kolkata
16114,65,1033364,Student,Hyderabad
16115,25,2324089,Retired,Kolkata
16116,63,1076191,Self-Employed,Hyderabad
16117,22,969314,Business,Delhi
16118,32,1627453,Retired,Bengaluru
16119,32,1272310,Self-Employed,Chennai
16120,65,1578147,Business,Chennai
16121,33,1869792,Self-Employed,Mumbai
16122,37,424717,Business,Mumbai
16123,47,734190,Business,Delhi
16124,29,831098,Salaried,Delhi
16125,33,2227825,Student,Chennai
16126,28,662352,Student,Chennai
16127,29,2293353,Retired,Hyderabad
16128,21,658803,Salaried,Kolkata
16129,46,2084074,Self-Employed,Bengaluru
16130,53,568291,Business,Mumbai
16131,54,2142467,Self-Employed,Mumbai
16132,42,783824,Retired,Mumbai
16133,56,2176395,Business,Mumbai
16134,54,1650016,Self-Employed,Hyderabad
16135,62,2076120,Salaried,Chennai
16136,22,1763247,Student,Kolkata
16137,63,1330963,Business,Bengaluru
16138,56,2331033,Salaried,Bengaluru
16139,43,1431700,Business,Bengaluru
16140,56,1883179,Salaried,Mumbai
16141,35,770837,Student,Bengaluru
16142,34,1399205,Salaried,Delhi
16143,33,2160196,Student,Chennai
16144,37,877024,Retired,Chennai
16145,34,309013,Salaried,Mumbai
16146,58,679904,Self-Employed,Delhi
16147,62,579993,Self-Employed,Mumbai
16148,40,2396115,Student,Delhi
16149,62,968437,Salaried,Hyderabad
16150,39,1134233,Self-Employed,Hyderabad
16151,35,2345314,Self-Employed,Bengaluru
16152,27,1420499,Salaried,Kolkata
16153,33,918305,Business,Bengaluru
16154,32,1286522,Business,Kolkata
16155,67,1009352,Retired,Mumbai
16156,37,240431,Student,Hyderabad
16157,59,496409,Business,Kolkata
16158,27,469589,Student,Delhi
16159,48,2274344,Salaried,Kolkata
16160,67,670059,Student,Chennai
16161,63,1867778,Business,Chennai
16162,65,1318667,Student,Delhi
16163,29,327947,Retired,Mumbai
16164,58,2407244,Retired,Bengaluru
16165,44,369338,Business,Mumbai
16166,40,1361544,Retired,Kolkata
16167,27,1219996,Student,Mumbai
16168,53,2309036,Retired,Hyderabad
16169,37,1026392,Retired,Delhi
16170,66,410365,Self-Employed,Mumbai
16171,46,813477,Retired,Chennai
16172,27,387501,Self-Employed,Mumbai
16173,69,285034,Student,Delhi
16174,49,365140,Business,Hyderabad
16175,36,2395653,Business,Kolkata
16176,28,883682,Retired,Hyderabad
16177,55,1984552,Retired,Mumbai
16178,58,2345849,Business,Delhi
16179,51,1209194,Student,Mumbai
16180,47,742002,Self-Employed,Delhi
16181,49,1613501,Business,Hyderabad
16182,24,811783,Salaried,Kolkata
16183,35,470725,Student,Hyderabad
16184,56,1056325,Self-Employed,Hyderabad
16185,44,2442729,Business,Hyderabad
16186,36,783929,Business,Delhi
16187,33,1642471,Business,Delhi
16188,51,2021478,Student,Delhi
16189,68,2392538,Salaried,Kolkata
16190,61,640056,Student,Kolkata
16191,47,1191296,Self-Employed,Chennai
16192,35,2350209,Self-Employed,Mumbai
16193,26,1597269,Salaried,Kolkata
16194,63,1295603,Student,Hyderabad
16195,24,372480,Business,Bengaluru
16196,35,549657,Retired,Delhi
16197,42,1260263,Retired,Kolkata
16198,49,1865458,Self-Employed,Chennai
16199,38,456828,Salaried,Chennai
16200,36,740851,Salaried,Bengaluru
16201,57,765620,Salaried,Mumbai
16202,56,1675656,Salaried,Mumbai
16203,46,2387582,Self-Employed,Bengaluru
16204,68,1639532,Business,Mumbai
16205,57,672058,Student,Kolkata
16206,66,368118,Self-Employed,Kolkata
16207,31,2214045,Student,Delhi
16208,37,2393555,Self-Employed,Mumbai
16209,32,497808,Salaried,Bengaluru
16210,22,1448190,Self-Employed,Chennai
16211,66,1009615,Business,Delhi
16212,67,621552,Student,Chennai
16213,46,412258,Retired,Hyderabad
16214,47,2425971,Business,Chennai
16215,67,2301668,Student,Bengaluru
16216,26,2016952,Salaried,Chennai
16217,44,1781670,Salaried,Hyderabad
16218,62,1958528,Salaried,Kolkata
16219,34,2159207,Student,Bengaluru
16220,56,1395928,Retired,Chennai
16221,51,2081263,Student,Delhi
16222,21,1025132,Self-Employed,Delhi
16223,22,1309613,Student,Bengaluru
16224,47,1510331,Student,Mumbai
16225,69,2214047,Student,Hyderabad
16226,25,1108676,Self-Employed,Chennai
16227,68,1223085,Business,Kolkata
16228,58,2114646,Business,Kolkata
16229,42,1027976,Business,Bengaluru
16230,36,375648,Retired,Hyderabad
16231,53,2289325,Business,Kolkata
16232,62,1919360,Business,Bengaluru
16233,26,1719918,Business,Kolkata
16234,46,647514,Salaried,Delhi
16235,65,1605932,Business,Bengaluru
16236,61,2195761,Self-Employed,Hyderabad
16237,60,975438,Self-Employed,Mumbai
16238,56,297937,Business,Mumbai
16239,34,400845,Self-Employed,Hyderabad
16240,52,1253449,Business,Chennai
16241,45,1637029,Self-Employed,Delhi
16242,61,1701826,Business,Hyderabad
16243,27,473427,Self-Employed,Hyderabad
16244,33,619513,Student,Mumbai
16245,33,1436188,Salaried,Mumbai
16246,35,414016,Business,Delhi
16247,37,1291404,Self-Employed,Delhi
16248,23,1278169,Retired,Delhi
16249,69,1011112,Business,Bengaluru
16250,55,1564878,Salaried,Kolkata
16251,49,902962,Salaried,Hyderabad
16252,39,1877349,Retired,Mumbai
16253,30,1801869,Self-Employed,Chennai
16254,52,2035510,Business,Delhi
16255,47,2321461,Salaried,Mumbai
16256,51,811855,Salaried,Delhi
16257,33,256095,Self-Employed,Kolkata
16258,28,2436298,Business,Hyderabad
16259,51,2154453,Salaried,Mumbai
16260,41,2216874,Student,Chennai
16261,57,717217,Retired,Chennai
16262,32,1627659,Self-Employed,Kolkata
16263,32,1748767,Student,Hyderabad
16264,32,1314933,Business,Delhi
16265,55,1733484,Self-Employed,Kolkata
16266,59,536510,Salaried,Delhi
16267,68,817119,Retired,Hyderabad
16268,63,2359486,Student,Chennai
16269,45,901578,Self-Employed,Mumbai
16270,48,2331620,Retired,Mumbai
16271,40,1045257,Business,Chennai
16272,37,959053,Self-Employed,Mumbai
16273,44,2246734,Retired,Bengaluru
16274,27,1495212,Salaried,Chennai
16275,29,430173,Student,Chennai
16276,52,1951634,Retired,Mumbai
16277,57,205670,Self-Employed,Delhi
16278,57,1386767,Student,Bengaluru
16279,30,2167700,Student,Bengaluru
16280,38,2412498,Student,Bengaluru
16281,66,2169930,Salaried,Mumbai
16282,45,1383383,Business,Hyderabad
16283,31,901408,Business,Hyderabad
16284,29,2416826,Self-Employed,Bengaluru
16285,29,1594815,Salaried,Kolkata
16286,52,2227826,Business,Mumbai
16287,28,246692,Retired,Kolkata
16288,27,388524,Business,Chennai
16289,57,1780665,Salaried,Bengaluru
16290,54,1014273,Salaried,Bengaluru
16291,45,1732059,Business,Chennai
16292,51,2421708,Self-Employed,Hyderabad
16293,40,436690,Salaried,Mumbai
16294,62,2353053,Salaried,Kolkata
16295,21,518477,Student,Hyderabad
16296,57,1833977,Self-Employed,Bengaluru
16297,43,851174,Retired,Delhi
16298,69,2161858,Business,Hyderabad
16299,67,904650,Business,Kolkata
16300,42,1380109,Business,Delhi
16301,29,1229608,Student,Hyderabad
16302,54,2065572,Student,Bengaluru
16303,24,1696521,Salaried,Hyderabad
16304,26,2201809,Retired,Hyderabad
16305,68,1709361,Business,Kolkata
16306,57,1989451,Student,Hyderabad
16307,35,924368,Retired,Chennai
16308,69,2306295,Student,Bengaluru
16309,69,1032757,Salaried,Chennai
16310,68,597522,Retired,Kolkata
16311,69,1555474,Self-Employed,Delhi
16312,67,1233449,Salaried,Kolkata
16313,26,1219415,Salaried,Kolkata
16314,49,1716200,Retired,Kolkata
16315,48,2484068,Self-Employed,Chennai
16316,59,558734,Retired,Mumbai
16317,21,551543,Retired,Delhi
16318,35,1584191,Business,Kolkata
16319,69,2210386,Business,Bengaluru
16320,48,1312041,Business,Chennai
16321,41,310582,Student,Hyderabad
16322,43,1153859,Student,Chennai
16323,46,683114,Business,Hyderabad
16324,52,217033,Retired,Chennai
16325,26,1861851,Salaried,Bengaluru
16326,64,1434966,Student,Chennai
16327,68,422927,Business,Hyderabad
16328,57,761408,Self-Employed,Kolkata
16329,48,1280562,Business,Kolkata
16330,53,1831068,Self-Employed,Bengaluru
16331,29,2334562,Self-Employed,Hyderabad
16332,30,2402222,Salaried,Delhi
16333,54,1391019,Retired,Bengaluru
16334,47,688731,Business,Hyderabad
16335,36,967969,Business,Hyderabad
16336,23,357900,Student,Chennai
16337,68,1044609,Business,Bengaluru
16338,53,2422164,Student,Mumbai
16339,45,620215,Retired,Chennai
16340,33,642584,Business,Delhi
16341,68,2303648,Self-Employed,Kolkata
16342,53,982516,Self-Employed,Delhi
16343,24,710513,Retired,Chennai
16344,50,2394833,Salaried,Delhi
16345,32,1653089,Self-Employed,Mumbai
16346,59,1701390,Retired,Hyderabad
16347,43,2080572,Business,Bengaluru
16348,41,2350007,Business,Hyderabad
16349,32,1207836,Retired,Kolkata
16350,33,2142853,Business,Chennai
16351,43,1385518,Salaried,Bengaluru
16352,64,1002154,Retired,Delhi
16353,53,253051,Retired,Mumbai
16354,50,2194382,Salaried,Delhi
16355,64,1497452,Business,Kolkata
16356,53,1602664,Retired,Chennai
16357,54,424352,Student,Kolkata
16358,25,1784815,Retired,Mumbai
16359,22,698766,Self-Employed,Bengaluru
16360,53,338914,Business,Delhi
16361,36,1097845,Business,Kolkata
16362,26,978103,Student,Chennai
16363,55,1248291,Self-Employed,Mumbai
16364,65,1792364,Salaried,Hyderabad
16365,60,1909883,Student,Delhi
16366,59,1873824,Salaried,Delhi
16367,44,2274465,Salaried,Mumbai
16368,46,1470069,Business,Mumbai
16369,37,1399626,Student,Kolkata
16370,46,1169618,Self-Employed,Chennai
16371,51,2172340,Student,Mumbai
16372,66,846665,Student,Chennai
16373,50,505879,Self-Employed,Mumbai
16374,42,1979786,Student,Hyderabad
16375,52,1564557,Retired,Bengaluru
16376,38,510671,Business,Delhi
16377,43,1425242,Business,Chennai
16378,42,693313,Salaried,Mumbai
16379,56,1135110,Retired,Mumbai
16380,33,1002154,Business,Mumbai
16381,64,939816,Self-Employed,Mumbai
16382,59,513731,Salaried,Bengaluru
16383,51,2193718,Salaried,Mumbai
16384,27,1099155,Self-Employed,Chennai
16385,42,663344,Retired,Hyderabad
16386,64,934607,Retired,Hyderabad
16387,32,2284679,Salaried,Bengaluru
16388,44,370133,Self-Employed,Kolkata
16389,59,1435309,Retired,Delhi
16390,53,1983477,Student,Delhi
16391,28,334960,Business,Mumbai
16392,29,673164,Self-Employed,Hyderabad
16393,44,308271,Salaried,Delhi
16394,62,2046625,Salaried,Delhi
16395,67,2093686,Salaried,Bengaluru
16396,64,552130,Retired,Kolkata
16397,55,769194,Business,Bengaluru
16398,38,2270626,Self-Employed,Chennai
16399,23,988469,Student,Chennai
16400,45,1666071,Self-Employed,Bengaluru
16401,50,1838882,Business,Mumbai
16402,45,719262,Student,Delhi
16403,30,806783,Retired,Kolkata
16404,44,2478120,Salaried,Delhi
16405,23,1441456,Salaried,Mumbai
16406,66,376679,Self-Employed,Mumbai
16407,58,2089070,Salaried,Delhi
16408,61,2126919,Salaried,Chennai
16409,66,673348,Retired,Hyderabad
16410,68,1246927,Retired,Hyderabad
16411,41,806126,Business,Hyderabad
16412,61,826586,Self-Employed,Chennai
16413,68,1907534,Student,Chennai
16414,42,1211226,Business,Hyderabad
16415,45,2103313,Retired,Delhi
16416,36,1188062,Salaried,Kolkata
16417,48,1111895,Salaried,Hyderabad
16418,54,1198005,Self-Employed,Mumbai
16419,64,219698,Self-Employed,Chennai
16420,56,995643,Business,Chennai
16421,60,2157757,Salaried,Hyderabad
16422,35,2418568,Business,Hyderabad
16423,53,1646009,Business,Chennai
16424,43,2024066,Business,Hyderabad
16425,31,1333957,Salaried,Kolkata
16426,28,2013361,Salaried,Hyderabad
16427,59,2196278,Self-Employed,Kolkata
16428,63,1841476,Retired,Bengaluru
16429,25,2123731,Retired,Bengaluru
16430,42,1395974,Business,Mumbai
16431,31,2469482,Retired,Bengaluru
16432,60,1111306,Salaried,Delhi
16433,68,217105,Business,Bengaluru
16434,66,636361,Salaried,Delhi
16435,63,2298911,Salaried,Mumbai
16436,21,1432639,Retired,Chennai
16437,48,1786237,Salaried,Delhi
16438,53,1879542,Salaried,Delhi
16439,22,466702,Salaried,Hyderabad
16440,31,506729,Salaried,Hyderabad
16441,31,1529674,Retired,Hyderabad
16442,45,1958044,Business,Delhi
16443,49,693064,Retired,Kolkata
16444,42,2141889,Salaried,Delhi
16445,36,1767201,Self-Employed,Delhi
16446,61,1042783,Student,Kolkata
16447,59,777660,Self-Employed,Chennai
16448,38,1151881,Business,Kolkata
16449,42,2131595,Student,Mumbai
16450,56,481822,Salaried,Hyderabad
16451,68,2496696,Business,Chennai
16452,68,1019226,Student,Kolkata
16453,28,410172,Business,Hyderabad
16454,55,428443,Salaried,Kolkata
16455,43,1875289,Salaried,Hyderabad
16456,48,2420198,Business,Delhi
16457,53,546147,Business,Delhi
16458,69,1650057,Retired,Kolkata
16459,37,420630,Self-Employed,Kolkata
16460,28,1015022,Self-Employed,Hyderabad
16461,64,1383217,Student,Mumbai
16462,32,695418,Business,Chennai
16463,47,304862,Retired,Chennai
16464,37,1916814,Self-Employed,Hyderabad
16465,29,299855,Student,Kolkata
16466,28,2137336,Self-Employed,Mumbai
16467,46,501979,Student,Kolkata
16468,27,727118,Salaried,Hyderabad
16469,39,1588227,Retired,Kolkata
16470,33,236883,Student,Chennai
16471,23,231507,Student,Chennai
16472,32,2437582,Self-Employed,Delhi
16473,41,2381113,Business,Mumbai
16474,28,1165581,Salaried,Chennai
16475,31,695979,Business,Hyderabad
16476,24,2281958,Business,Mumbai
16477,45,326461,Business,Chennai
16478,53,1512615,Student,Mumbai
16479,59,1996611,Retired,Hyderabad
16480,56,1303428,Retired,Kolkata
16481,61,1426653,Salaried,Delhi
16482,49,1374441,Self-Employed,Hyderabad
16483,69,419296,Self-Employed,Bengaluru
16484,64,1665250,Business,Mumbai
16485,38,1181686,Business,Hyderabad
16486,42,1164502,Self-Employed,Chennai
16487,24,2325138,Salaried,Chennai
16488,26,1005930,Self-Employed,Bengaluru
16489,66,671399,Student,Hyderabad
16490,34,2490545,Retired,Bengaluru
16491,34,729227,Salaried,Chennai
16492,27,2150660,Retired,Hyderabad
16493,43,2356098,Salaried,Mumbai
16494,27,1583131,Business,Chennai
16495,39,919606,Business,Bengaluru
16496,58,2223445,Self-Employed,Mumbai
16497,65,1029670,Self-Employed,Hyderabad
16498,27,852045,Salaried,Chennai
16499,29,1163715,Student,Mumbai
16500,37,1279725,Business,Bengaluru
16501,23,1920455,Salaried,Kolkata
16502,28,1403583,Retired,Hyderabad
16503,43,1788477,Retired,Bengaluru
16504,54,356437,Business,Hyderabad
16505,66,1602020,Student,Mumbai
16506,29,203497,Business,Delhi
16507,45,1035027,Self-Employed,Mumbai
16508,59,1976587,Student,Mumbai
16509,44,673098,Salaried,Delhi
16510,47,207723,Business,Chennai
16511,29,2220714,Salaried,Bengaluru
16512,61,1284473,Retired,Bengaluru
16513,55,374864,Retired,Delhi
16514,62,1455781,Retired,Bengaluru
16515,47,1102306,Salaried,Hyderabad
16516,22,1984703,Student,Bengaluru
16517,57,215724,Salaried,Delhi
16518,44,1051498,Self-Employed,Mumbai
16519,30,564271,Business,Bengaluru
16520,60,904554,Business,Bengaluru
16521,51,2129549,Student,Kolkata
16522,52,1213057,Business,Chennai
16523,46,1504260,Business,Hyderabad
16524,62,528069,Retired,Bengaluru
16525,58,1633907,Salaried,Hyderabad
16526,60,945176,Self-Employed,Mumbai
16527,32,1546356,Self-Employed,Delhi
16528,24,2213410,Student,Bengaluru
16529,35,1477180,Self-Employed,Delhi
16530,45,2275855,Salaried,Delhi
16531,36,1155819,Salaried,Hyderabad
16532,22,2313464,Business,Bengaluru
16533,51,1980428,Salaried,Delhi
16534,64,285328,Business,Chennai
16535,21,1550996,Retired,Chennai
16536,40,1920822,Retired,Chennai
16537,45,2279768,Self-Employed,Mumbai
16538,40,1270310,Student,Bengaluru
16539,51,667223,Retired,Mumbai
16540,32,480993,Retired,Chennai
16541,58,1237845,Business,Delhi
16542,68,1709866,Student,Kolkata
16543,51,1128946,Salaried,Mumbai
16544,35,1917564,Salaried,Delhi
16545,49,1452959,Student,Bengaluru
16546,69,1558097,Retired,Delhi
16547,25,2347770,Business,Hyderabad
16548,25,1165564,Self-Employed,Kolkata
16549,55,262604,Business,Bengaluru
16550,29,2188371,Retired,Hyderabad
16551,48,2279676,Business,Mumbai
16552,21,2379504,Retired,Bengaluru
16553,64,905658,Retired,Bengaluru
16554,25,1766995,Business,Chennai
16555,47,379993,Salaried,Mumbai
16556,42,265485,Salaried,Hyderabad
16557,59,2261356,Self-Employed,Chennai
16558,21,2143868,Student,Hyderabad
16559,50,2193866,Student,Bengaluru
16560,28,413230,Retired,Mumbai
16561,52,378180,Salaried,Bengaluru
16562,34,1235965,Salaried,Delhi
16563,28,2472175,Business,Mumbai
16564,65,2236003,Business,Hyderabad
16565,60,242138,Self-Employed,Hyderabad
16566,66,977384,Salaried,Chennai
16567,66,1647931,Student,Hyderabad
16568,40,474311,Salaried,Delhi
16569,61,581490,Retired,Delhi
16570,37,1847934,Student,Kolkata
16571,44,2078337,Self-Employed,Chennai
16572,40,1688601,Business,Hyderabad
16573,55,1232650,Student,Bengaluru
16574,23,2376200,Self-Employed,Chennai
16575,45,1630453,Self-Employed,Kolkata
16576,24,1376425,Salaried,Kolkata
16577,26,2014584,Student,Hyderabad
16578,40,2376227,Salaried,Kolkata
16579,24,1923407,Business,Bengaluru
16580,42,480800,Student,Bengaluru
16581,47,1969052,Retired,Mumbai
16582,34,2367162,Business,Hyderabad
16583,49,837398,Retired,Kolkata
16584,50,1550315,Business,Delhi
16585,57,795920,Self-Employed,Delhi
16586,28,530867,Student,Delhi
16587,30,700831,Retired,Mumbai
16588,37,909112,Student,Delhi
16589,49,2324698,Salaried,Kolkata
16590,33,1157458,Student,Chennai
16591,63,1371373,Retired,Kolkata
16592,57,2194409,Self-Employed,Bengaluru
16593,65,839940,Business,Delhi
16594,58,1317423,Self-Employed,Hyderabad
16595,23,1349677,Retired,Kolkata
16596,48,2451923,Self-Employed,Delhi
16597,31,772822,Self-Employed,Hyderabad
16598,47,1794461,Student,Delhi
16599,23,2380964,Student,Chennai
16600,34,1653448,Business,Bengaluru
16601,21,696209,Student,Chennai
16602,55,1559256,Retired,Kolkata
16603,56,763547,Student,Bengaluru
16604,55,559290,Retired,Hyderabad
16605,29,1516715,Retired,Bengaluru
16606,43,1001454,Retired,Bengaluru
16607,42,277372,Self-Employed,Mumbai
16608,29,1833618,Salaried,Bengaluru
16609,65,1557148,Retired,Hyderabad
16610,37,2348078,Business,Chennai
16611,52,2363462,Retired,Hyderabad
16612,69,1401099,Student,Chennai
16613,35,278483,Retired,Hyderabad
16614,45,1697318,Salaried,Delhi
16615,61,1467331,Salaried,Chennai
16616,63,545540,Student,Chennai
16617,21,2244534,Salaried,Chennai
16618,44,1499343,Retired,Hyderabad
16619,48,1422391,Student,Bengaluru
16620,61,2121943,Self-Employed,Mumbai
16621,64,2174975,Business,Chennai
16622,32,1496722,Business,Bengaluru
16623,66,694036,Business,Delhi
16624,46,251598,Retired,Delhi
16625,42,276530,Student,Delhi
16626,51,496567,Student,Bengaluru
16627,22,1252748,Self-Employed,Chennai
16628,42,1094342,Salaried,Delhi
16629,32,2390591,Business,Mumbai
16630,35,1957825,Salaried,Hyderabad
16631,47,814315,Self-Employed,Mumbai
16632,62,1158922,Business,Hyderabad
16633,22,2180305,Business,Bengaluru
16634,39,1393535,Salaried,Hyderabad
16635,24,2426345,Self-Employed,Bengaluru
16636,27,2301900,Salaried,Chennai
16637,55,1293862,Salaried,Chennai
16638,48,2114464,Student,Kolkata
16639,34,2197103,Student,Kolkata
16640,64,944358,Student,Bengaluru
16641,37,545742,Student,Chennai
16642,67,965128,Self-Employed,Bengaluru
16643,59,1550075,Student,Chennai
16644,48,525981,Self-Employed,Bengaluru
16645,46,1065479,Self-Employed,Bengaluru
16646,21,1876532,Business,Bengaluru
16647,38,233040,Business,Chennai
16648,33,1851853,Student,Chennai
16649,39,540412,Self-Employed,Hyderabad
16650,26,1046005,Retired,Kolkata
16651,49,1296419,Business,Mumbai
16652,46,485482,Salaried,Delhi
16653,48,2393058,Self-Employed,Chennai
16654,60,1538372,Self-Employed,Kolkata
16655,34,1039457,Business,Bengaluru
16656,45,972130,Retired,Kolkata
16657,47,854678,Self-Employed,Mumbai
16658,39,399741,Salaried,Chennai
16659,41,1420160,Student,Mumbai
16660,60,2320437,Business,Delhi
16661,29,1442915,Student,Delhi
16662,37,2184683,Self-Employed,Hyderabad
16663,53,2358599,Student,Chennai
16664,51,2387379,Salaried,Chennai
16665,49,714452,Student,Kolkata
16666,65,2280572,Retired,Hyderabad
16667,22,215985,Business,Mumbai
16668,63,983954,Retired,Chennai
16669,42,1911988,Self-Employed,Mumbai
16670,37,1470671,Business,Mumbai
16671,31,1703972,Business,Chennai
16672,34,1018809,Business,Kolkata
16673,24,1201542,Salaried,Mumbai
16674,47,1642104,Salaried,Mumbai
16675,36,1669587,Business,Kolkata
16676,50,1204263,Salaried,Mumbai
16677,56,331756,Salaried,Kolkata
16678,42,631688,Salaried,Chennai
16679,44,2004963,Business,Bengaluru
16680,24,1773835,Business,Mumbai
16681,46,1656799,Salaried,Delhi
16682,52,1343958,Business,Hyderabad
16683,56,1860500,Student,Chennai
16684,26,1944224,Self-Employed,Delhi
16685,36,572561,Retired,Chennai
16686,54,1994340,Business,Mumbai
16687,34,1553566,Business,Delhi
16688,41,1596576,Self-Employed,Chennai
16689,55,2120164,Retired,Mumbai
16690,36,450403,Retired,Delhi
16691,40,524425,Business,Bengaluru
16692,43,1177273,Student,Chennai
16693,45,1342680,Business,Bengaluru
16694,64,637937,Salaried,Kolkata
16695,34,1743621,Student,Chennai
16696,23,1071840,Salaried,Chennai
16697,23,1254080,Salaried,Chennai
16698,32,1043323,Retired,Kolkata
16699,52,542622,Self-Employed,Bengaluru
16700,64,959022,Retired,Kolkata
16701,68,1740074,Business,Delhi
16702,64,662635,Retired,Hyderabad
16703,55,2456646,Retired,Hyderabad
16704,32,1415307,Student,Mumbai
16705,45,341905,Self-Employed,Mumbai
16706,69,2487904,Student,Hyderabad
16707,68,572147,Retired,Hyderabad
16708,30,1915098,Retired,Kolkata
16709,49,2122780,Student,Kolkata
16710,54,1383558,Retired,Kolkata
16711,41,2292648,Self-Employed,Kolkata
16712,38,1255658,Salaried,Chennai
16713,56,297782,Retired,Delhi
16714,53,1996765,Salaried,Chennai
16715,36,530490,Business,Delhi
16716,60,2020358,Business,Bengaluru
16717,47,1644174,Self-Employed,Kolkata
16718,64,447760,Student,Chennai
16719,48,866192,Student,Bengaluru
16720,22,562660,Self-Employed,Bengaluru
16721,50,1227793,Salaried,Hyderabad
16722,50,1336683,Self-Employed,Hyderabad
16723,35,896570,Retired,Mumbai
16724,59,510478,Student,Delhi
16725,54,2153285,Self-Employed,Delhi
16726,55,215045,Self-Employed,Delhi
16727,60,2483043,Business,Hyderabad
16728,52,1339198,Retired,Delhi
16729,49,1424536,Self-Employed,Delhi
16730,23,810230,Salaried,Hyderabad
16731,25,545346,Salaried,Mumbai
16732,22,441346,Self-Employed,Bengaluru
16733,56,213681,Self-Employed,Chennai
16734,33,717329,Self-Employed,Delhi
16735,54,1233183,Salaried,Mumbai
16736,68,506615,Salaried,Chennai
16737,44,954274,Salaried,Kolkata
16738,47,1694141,Student,Delhi
16739,54,480188,Retired,Chennai
16740,50,1944847,Salaried,Hyderabad
16741,27,1528310,Retired,Bengaluru
16742,51,812381,Self-Employed,Kolkata
16743,32,302506,Salaried,Hyderabad
16744,38,1051621,Retired,Mumbai
16745,65,242437,Self-Employed,Hyderabad
16746,62,1669988,Retired,Bengaluru
16747,55,479032,Student,Delhi
16748,54,489726,Salaried,Chennai
16749,55,1224673,Self-Employed,Delhi
16750,58,928806,Salaried,Chennai
16751,28,377755,Self-Employed,Hyderabad
16752,24,1710318,Self-Employed,Hyderabad
16753,69,296696,Student,Kolkata
16754,66,639477,Retired,Delhi
16755,67,1924879,Student,Delhi
16756,36,865889,Salaried,Kolkata
16757,56,1442082,Salaried,Hyderabad
16758,24,959355,Retired,Bengaluru
16759,28,230422,Retired,Bengaluru
16760,67,2489280,Self-Employed,Kolkata
16761,31,795040,Student,Bengaluru
16762,28,2323038,Salaried,Delhi
16763,52,2376696,Business,Hyderabad
16764,44,1647349,Salaried,Mumbai
16765,24,821310,Self-Employed,Chennai
16766,32,793461,Student,Kolkata
16767,29,1500093,Student,Hyderabad
16768,65,1910611,Salaried,Chennai
16769,29,1972088,Retired,Delhi
16770,21,1956365,Business,Kolkata
16771,37,2223441,Salaried,Chennai
16772,35,1032113,Business,Mumbai
16773,56,1922588,Student,Chennai
16774,25,1512277,Salaried,Mumbai
16775,28,2124369,Student,Kolkata
16776,66,1104140,Retired,Hyderabad
16777,26,1438037,Retired,Bengaluru
16778,59,743765,Retired,Chennai
16779,64,1373251,Business,Hyderabad
16780,59,835951,Self-Employed,Delhi
16781,36,383747,Business,Bengaluru
16782,34,1574370,Student,Bengaluru
16783,60,1750913,Retired,Kolkata
16784,67,1061526,Student,Bengaluru
16785,56,2301292,Retired,Delhi
16786,30,652569,Retired,Chennai
16787,25,899185,Student,Bengaluru
16788,41,2064555,Salaried,Chennai
16789,30,1909113,Business,Kolkata
16790,55,1447322,Student,Mumbai
16791,39,1423294,Retired,Chennai
16792,29,1470134,Business,Kolkata
16793,22,1366633,Salaried,Kolkata
16794,55,2123698,Salaried,Delhi
16795,63,2159764,Salaried,Bengaluru
16796,68,2344992,Salaried,Delhi
16797,61,1282098,Student,Kolkata
16798,32,1629553,Business,Bengaluru
16799,43,2393526,Business,Delhi
16800,64,750425,Retired,Delhi
16801,68,1770134,Business,Hyderabad
16802,40,1351430,Business,Delhi
16803,52,923248,Self-Employed,Chennai
16804,59,296059,Retired,Hyderabad
16805,48,1387250,Self-Employed,Chennai
16806,36,1428034,Salaried,Bengaluru
16807,64,530166,Self-Employed,Delhi
16808,27,2372857,Salaried,Kolkata
16809,48,1068248,Retired,Mumbai
16810,47,768973,Student,Delhi
16811,43,1130490,Business,Kolkata
16812,40,322709,Salaried,Hyderabad
16813,59,2418425,Retired,Delhi
16814,41,648596,Self-Employed,Bengaluru
16815,54,1151845,Retired,Mumbai
16816,67,960928,Retired,Hyderabad
16817,45,1759745,Business,Bengaluru
16818,36,1099198,Self-Employed,Kolkata
16819,26,2372728,Salaried,Mumbai
16820,26,1668702,Student,Chennai
16821,67,457709,Business,Chennai
16822,56,1133320,Business,Chennai
16823,63,2160143,Student,Hyderabad
16824,48,755761,Self-Employed,Kolkata
16825,39,1115949,Student,Chennai
16826,61,2183229,Self-Employed,Kolkata
16827,66,967851,Retired,Mumbai
16828,24,389950,Salaried,Chennai
16829,37,1495694,Salaried,Bengaluru
16830,30,2096275,Business,Mumbai
16831,25,1942580,Retired,Hyderabad
16832,40,2452977,Salaried,Bengaluru
16833,35,1892807,Student,Mumbai
16834,22,436345,Student,Kolkata
16835,59,1409430,Self-Employed,Hyderabad
16836,45,2298757,Retired,Kolkata
16837,29,995665,Self-Employed,Bengaluru
16838,60,894603,Salaried,Bengaluru
16839,22,2313525,Business,Kolkata
16840,54,1199472,Self-Employed,Delhi
16841,58,286009,Retired,Mumbai
16842,26,357315,Student,Chennai
16843,32,722082,Retired,Kolkata
16844,35,1322607,Retired,Delhi
16845,27,249282,Student,Hyderabad
16846,33,2138719,Salaried,Kolkata
16847,54,565732,Student,Chennai
16848,34,501648,Self-Employed,Kolkata
16849,62,569003,Business,Hyderabad
16850,41,956559,Business,Hyderabad
16851,42,425851,Retired,Mumbai
16852,41,413835,Retired,Chennai
16853,41,773204,Self-Employed,Delhi
16854,36,503641,Student,Hyderabad
16855,63,1096613,Salaried,Bengaluru
16856,40,1326474,Student,Bengaluru
16857,65,1159416,Student,Delhi
16858,40,1119316,Business,Hyderabad
16859,61,512239,Business,Kolkata
16860,31,931799,Student,Hyderabad
16861,57,1109899,Salaried,Kolkata
16862,27,635640,Retired,Chennai
16863,45,2483592,Student,Chennai
16864,42,210188,Retired,Hyderabad
16865,30,796774,Self-Employed,Chennai
16866,36,1350081,Salaried,Bengaluru
16867,32,2471547,Retired,Hyderabad
16868,25,1630333,Self-Employed,Delhi
16869,21,2398291,Business,Kolkata
16870,29,593395,Retired,Hyderabad
16871,65,2005190,Business,Chennai
16872,43,801652,Retired,Chennai
16873,65,856890,Retired,Hyderabad
16874,29,1356220,Retired,Kolkata
16875,45,513898,Student,Chennai
16876,54,405427,Student,Bengaluru
16877,56,2281663,Student,Delhi
16878,55,1721623,Student,Hyderabad
16879,25,527236,Retired,Bengaluru
16880,66,1063242,Retired,Hyderabad
16881,32,1918610,Self-Employed,Chennai
16882,25,2423664,Salaried,Hyderabad
16883,22,1878750,Retired,Mumbai
16884,40,2010493,Business,Hyderabad
16885,42,2292356,Student,Bengaluru
16886,36,237782,Retired,Bengaluru
16887,62,319457,Salaried,Kolkata
16888,31,2323703,Retired,Bengaluru
16889,28,284512,Business,Kolkata
16890,51,976838,Business,Bengaluru
16891,48,1225722,Student,Chennai
16892,49,743160,Business,Bengaluru
16893,29,211279,Business,Chennai
16894,28,466586,Retired,Delhi
16895,53,2436612,Student,Kolkata
16896,56,1069867,Salaried,Delhi
16897,24,724437,Salaried,Chennai
16898,43,654682,Student,Mumbai
16899,40,2477131,Student,Hyderabad
16900,49,840795,Salaried,Chennai
16901,32,1131788,Retired,Bengaluru
16902,28,1489126,Self-Employed,Delhi
16903,39,1092532,Student,Delhi
16904,53,1942692,Student,Chennai
16905,32,217372,Student,Mumbai
16906,55,2483379,Retired,Delhi
16907,69,1124851,Business,Kolkata
16908,53,2186989,Self-Employed,Mumbai
16909,59,1669722,Self-Employed,Mumbai
16910,35,879082,Student,Hyderabad
16911,38,1537181,Student,Chennai
16912,57,342301,Student,Delhi
16913,56,2217366,Retired,Kolkata
16914,65,2355324,Salaried,Bengaluru
16915,54,548460,Self-Employed,Bengaluru
16916,41,2410027,Self-Employed,Mumbai
16917,64,1915508,Retired,Chennai
16918,43,1059368,Salaried,Delhi
16919,38,346563,Student,Mumbai
16920,44,1751120,Retired,Mumbai
16921,26,1827498,Retired,Delhi
16922,57,1603857,Self-Employed,Bengaluru
16923,52,1405928,Student,Mumbai
16924,30,1664765,Business,Bengaluru
16925,50,2372943,Retired,Chennai
16926,64,471307,Self-Employed,Mumbai
16927,52,1888871,Retired,Chennai
16928,27,1683798,Self-Employed,Delhi
16929,31,514545,Student,Chennai
16930,56,2477855,Salaried,Delhi
16931,66,1767878,Self-Employed,Hyderabad
16932,55,2265915,Retired,Bengaluru
16933,37,1543452,Salaried,Delhi
16934,37,977540,Self-Employed,Bengaluru
16935,47,1349663,Business,Mumbai
16936,67,1895965,Self-Employed,Mumbai
16937,40,2193544,Self-Employed,Mumbai
16938,60,1861826,Student,Hyderabad
16939,26,1350704,Business,Delhi
16940,66,1730951,Salaried,Bengaluru
16941,33,1243355,Salaried,Delhi
16942,65,1603143,Retired,Mumbai
16943,34,2380484,Retired,Kolkata
16944,37,1638705,Retired,Hyderabad
16945,45,1209515,Retired,Bengaluru
16946,41,1446042,Student,Hyderabad
16947,56,747094,Self-Employed,Mumbai
16948,21,1351320,Retired,Hyderabad
16949,47,1273652,Retired,Delhi
16950,30,1120120,Retired,Delhi
16951,69,737056,Student,Bengaluru
16952,52,1317385,Self-Employed,Mumbai
16953,23,1383677,Salaried,Kolkata
16954,66,1612842,Self-Employed,Bengaluru
16955,37,1871394,Retired,Kolkata
16956,55,2295018,Salaried,Chennai
16957,62,1701315,Student,Hyderabad
16958,52,1387589,Self-Employed,Kolkata
16959,55,1390047,Business,Mumbai
16960,48,1226033,Retired,Mumbai
16961,31,1291097,Salaried,Delhi
16962,22,647553,Business,Mumbai
16963,60,833544,Salaried,Kolkata
16964,36,1965880,Student,Delhi
16965,49,1086887,Student,Mumbai
16966,29,1391785,Business,Hyderabad
16967,41,843659,Business,Mumbai
16968,37,1723869,Retired,Bengaluru
16969,65,268247,Retired,Bengaluru
16970,47,951129,Salaried,Bengaluru
16971,26,1555404,Salaried,Bengaluru
16972,53,351999,Self-Employed,Mumbai
16973,37,1236431,Self-Employed,Kolkata
16974,48,747159,Self-Employed,Hyderabad
16975,66,2075865,Salaried,Kolkata
16976,32,1553488,Salaried,Chennai
16977,60,1363002,Salaried,Delhi
16978,38,2248990,Salaried,Chennai
16979,53,1171114,Business,Kolkata
16980,46,239939,Business,Hyderabad
16981,40,923624,Student,Kolkata
16982,44,1830256,Retired,Delhi
16983,26,2088250,Student,Hyderabad
16984,48,2442063,Retired,Kolkata
16985,39,2020832,Retired,Kolkata
16986,56,525457,Student,Delhi
16987,64,970886,Salaried,Chennai
16988,67,626668,Salaried,Kolkata
16989,44,929866,Retired,Chennai
16990,55,1131085,Retired,Bengaluru
16991,32,2456249,Business,Mumbai
16992,39,385353,Retired,Delhi
16993,31,2254258,Student,Mumbai
16994,47,1823176,Business,Bengaluru
16995,62,1698584,Self-Employed,Bengaluru
16996,59,2163705,Business,Delhi
16997,62,1455011,Self-Employed,Bengaluru
16998,48,380041,Retired,Chennai
16999,53,703346,Self-Employed,Kolkata
17000,39,435587,Student,Delhi
17001,39,1913670,Student,Bengaluru
17002,22,1824388,Self-Employed,Kolkata
17003,56,731464,Retired,Delhi
17004,41,2491644,Retired,Hyderabad
17005,37,2478958,Salaried,Chennai
17006,41,1997902,Salaried,Delhi
17007,42,1988991,Retired,Hyderabad
17008,66,2048743,Self-Employed,Delhi
17009,56,1527068,Business,Hyderabad
17010,55,1639374,Salaried,Mumbai
17011,26,1148916,Business,Delhi
17012,54,584540,Student,Bengaluru
17013,25,1510608,Retired,Bengaluru
17014,66,1674021,Retired,Kolkata
17015,39,1168304,Salaried,Kolkata
17016,69,616881,Salaried,Chennai
17017,61,813252,Student,Mumbai
17018,63,1569396,Salaried,Mumbai
17019,68,434218,Business,Bengaluru
17020,30,1340997,Retired,Hyderabad
17021,54,2155271,Salaried,Chennai
17022,23,1757126,Retired,Bengaluru
17023,45,269391,Business,Bengaluru
17024,29,887430,Self-Employed,Hyderabad
17025,59,427301,Self-Employed,Bengaluru
17026,24,1762001,Salaried,Bengaluru
17027,55,2468743,Self-Employed,Bengaluru
17028,65,916756,Business,Bengaluru
17029,24,597725,Business,Kolkata
17030,46,711340,Business,Hyderabad
17031,47,1727663,Retired,Mumbai
17032,67,559227,Retired,Chennai
17033,65,1021377,Salaried,Kolkata
17034,53,1126400,Student,Mumbai
17035,24,1765254,Self-Employed,Delhi
17036,38,1700473,Retired,Chennai
17037,56,918646,Retired,Chennai
17038,38,1010804,Self-Employed,Chennai
17039,62,1714622,Retired,Bengaluru
17040,25,1838514,Salaried,Bengaluru
17041,34,2104749,Salaried,Chennai
17042,33,919664,Business,Mumbai
17043,69,610535,Retired,Hyderabad
17044,37,381679,Self-Employed,Mumbai
17045,38,1786802,Self-Employed,Delhi
17046,46,1092657,Student,Kolkata
17047,37,2243212,Retired,Kolkata
17048,56,479403,Salaried,Chennai
17049,40,2080517,Business,Kolkata
17050,46,1698676,Self-Employed,Mumbai
17051,69,2082403,Salaried,Bengaluru
17052,37,1008780,Retired,Delhi
17053,60,2068144,Business,Delhi
17054,29,1282074,Self-Employed,Hyderabad
17055,23,2444223,Retired,Delhi
17056,56,2179801,Retired,Kolkata
17057,68,1737691,Self-Employed,Hyderabad
17058,57,1963011,Retired,Chennai
17059,26,360836,Student,Delhi
17060,25,930114,Student,Kolkata
17061,33,1642572,Business,Mumbai
17062,68,578676,Retired,Kolkata
17063,25,1437251,Salaried,Kolkata
17064,29,1617187,Retired,Chennai
17065,33,1518823,Business,Hyderabad
17066,31,2198280,Business,Chennai
17067,51,1785037,Retired,Bengaluru
17068,39,1576061,Business,Kolkata
17069,48,1795085,Student,Delhi
17070,64,271523,Salaried,Mumbai
17071,25,494878,Business,Delhi
17072,38,1986443,Student,Bengaluru
17073,30,2394730,Self-Employed,Hyderabad
17074,29,1412198,Business,Mumbai
17075,26,281969,Salaried,Kolkata
17076,67,2197199,Salaried,Bengaluru
17077,39,1483557,Student,Bengaluru
17078,34,1705450,Salaried,Kolkata
17079,36,1335233,Salaried,Chennai
17080,38,549999,Self-Employed,Kolkata
17081,31,1562721,Retired,Chennai
17082,25,2085152,Retired,Hyderabad
17083,49,277093,Business,Chennai
17084,64,2244814,Retired,Mumbai
17085,57,1028620,Salaried,Chennai
17086,21,2148808,Retired,Bengaluru
17087,52,1322603,Self-Employed,Kolkata
17088,53,366466,Business,Bengaluru
17089,44,2199309,Salaried,Hyderabad
17090,58,2083389,Student,Bengaluru
17091,58,2323652,Salaried,Bengaluru
17092,46,271235,Self-Employed,Kolkata
17093,54,1585728,Retired,Chennai
17094,49,570784,Student,Hyderabad
17095,45,366271,Self-Employed,Kolkata
17096,28,232637,Student,Chennai
17097,46,1782515,Self-Employed,Delhi
17098,60,2274339,Self-Employed,Mumbai
17099,67,940600,Self-Employed,Bengaluru
17100,35,408589,Salaried,Hyderabad
17101,21,208549,Business,Delhi
17102,28,1511781,Retired,Hyderabad
17103,39,342446,Salaried,Delhi
17104,22,1464846,Business,Bengaluru
17105,33,1518968,Self-Employed,Delhi
17106,59,1879166,Salaried,Mumbai
17107,23,2361871,Student,Chennai
17108,28,797425,Self-Employed,Hyderabad
17109,65,1117813,Retired,Mumbai
17110,57,409655,Business,Kolkata
17111,23,766316,Retired,Hyderabad
17112,28,2417897,Salaried,Hyderabad
17113,52,1534551,Salaried,Delhi
17114,60,2308434,Retired,Hyderabad
17115,50,461814,Student,Hyderabad
17116,37,432000,Student,Chennai
17117,23,1843416,Retired,Chennai
17118,49,1137727,Self-Employed,Chennai
17119,65,2382994,Self-Employed,Hyderabad
17120,48,2475031,Salaried,Hyderabad
17121,33,1131942,Salaried,Mumbai
17122,49,673942,Student,Kolkata
17123,50,1989692,Retired,Delhi
17124,38,1480223,Business,Bengaluru
17125,59,1537588,Salaried,Delhi
17126,48,2186690,Salaried,Chennai
17127,65,1283195,Self-Employed,Mumbai
17128,28,2496964,Student,Mumbai
17129,49,777263,Student,Kolkata
17130,22,407977,Student,Delhi
17131,58,1101385,Student,Mumbai
17132,49,1892547,Student,Kolkata
17133,34,893010,Self-Employed,Mumbai
17134,45,379466,Self-Employed,Chennai
17135,54,764291,Salaried,Kolkata
17136,51,2220103,Salaried,Hyderabad
17137,52,766283,Business,Delhi
17138,69,223688,Retired,Chennai
17139,35,2210524,Self-Employed,Kolkata
17140,48,503105,Student,Chennai
17141,26,565636,Salaried,Hyderabad
17142,58,1707865,Student,Chennai
17143,33,253961,Business,Hyderabad
17144,33,795727,Salaried,Hyderabad
17145,36,1551310,Retired,Mumbai
17146,31,2035483,Self-Employed,Delhi
17147,62,326672,Retired,Mumbai
17148,24,858617,Student,Delhi
17149,33,2189635,Retired,Delhi
17150,42,349197,Retired,Hyderabad
17151,52,1775092,Student,Delhi
17152,64,1914058,Student,Chennai
17153,23,1674608,Student,Chennai
17154,23,1367932,Student,Hyderabad
17155,58,1781473,Retired,Kolkata
17156,54,464756,Student,Kolkata
17157,54,1744763,Business,Hyderabad
17158,31,2213643,Retired,Mumbai
17159,64,2391741,Business,Delhi
17160,46,1180364,Salaried,Hyderabad
17161,67,1813123,Student,Hyderabad
17162,35,2164159,Student,Mumbai
17163,43,844389,Salaried,Mumbai
17164,59,719943,Student,Hyderabad
17165,39,2325385,Business,Mumbai
17166,26,2292465,Self-Employed,Hyderabad
17167,21,1832787,Self-Employed,Bengaluru
17168,38,615204,Self-Employed,Bengaluru
17169,58,2198613,Student,Mumbai
17170,60,239115,Business,Hyderabad
17171,43,1476250,Salaried,Bengaluru
17172,23,1393045,Business,Bengaluru
17173,59,1482980,Salaried,Chennai
17174,52,779807,Salaried,Bengaluru
17175,51,2398834,Self-Employed,Bengaluru
17176,54,2077738,Self-Employed,Hyderabad
17177,27,2084187,Retired,Delhi
17178,27,2387452,Student,Mumbai
17179,44,1346720,Retired,Bengaluru
17180,65,1428713,Self-Employed,Mumbai
17181,23,1358914,Retired,Delhi
17182,52,1596706,Student,Hyderabad
17183,33,2087637,Business,Hyderabad
17184,59,2405980,Self-Employed,Mumbai
17185,39,1518663,Salaried,Kolkata
17186,31,300789,Retired,Kolkata
17187,59,2043186,Retired,Hyderabad
17188,33,929766,Retired,Kolkata
17189,51,359749,Retired,Hyderabad
17190,36,479892,Student,Bengaluru
17191,49,618574,Salaried,Kolkata
17192,43,1952918,Self-Employed,Mumbai
17193,65,720283,Student,Bengaluru
17194,39,852019,Self-Employed,Bengaluru
17195,30,371741,Salaried,Chennai
17196,29,1681119,Salaried,Bengaluru
17197,36,1214200,Student,Kolkata
17198,48,2425527,Business,Hyderabad
17199,69,1211343,Student,Delhi
17200,50,647091,Student,Hyderabad
17201,27,2374576,Retired,Chennai
17202,22,639243,Self-Employed,Delhi
17203,55,959294,Salaried,Hyderabad
17204,53,876669,Self-Employed,Bengaluru
17205,29,1779392,Self-Employed,Mumbai
17206,66,2142213,Self-Employed,Chennai
17207,61,693026,Retired,Chennai
17208,30,1646850,Student,Kolkata
17209,60,1038756,Student,Delhi
17210,35,1680857,Retired,Hyderabad
17211,27,930738,Business,Delhi
17212,62,273330,Student,Mumbai
17213,37,1131520,Self-Employed,Hyderabad
17214,39,1455124,Student,Bengaluru
17215,47,2350943,Business,Delhi
17216,28,1484555,Salaried,Delhi
17217,36,2166015,Retired,Bengaluru
17218,55,1599813,Salaried,Hyderabad
17219,60,2058252,Business,Delhi
17220,47,1172940,Salaried,Chennai
17221,54,1954895,Retired,Chennai
17222,56,301548,Student,Delhi
17223,60,557807,Retired,Chennai
17224,58,470523,Student,Hyderabad
17225,27,535125,Retired,Chennai
17226,65,1872964,Business,Kolkata
17227,57,408435,Self-Employed,Kolkata
17228,44,344881,Business,Mumbai
17229,69,1277701,Business,Bengaluru
17230,69,1183793,Self-Employed,Mumbai
17231,45,1200389,Self-Employed,Kolkata
17232,23,2122546,Salaried,Bengaluru
17233,55,481822,Self-Employed,Hyderabad
17234,40,1915382,Student,Hyderabad
17235,31,1079166,Self-Employed,Mumbai
17236,69,2479998,Student,Delhi
17237,58,2315959,Self-Employed,Chennai
17238,66,973031,Self-Employed,Mumbai
17239,47,1964970,Retired,Hyderabad
17240,21,703203,Business,Mumbai
17241,67,1611470,Student,Chennai
17242,44,560834,Self-Employed,Bengaluru
17243,32,1383423,Retired,Hyderabad
17244,63,1615260,Retired,Delhi
17245,38,806543,Salaried,Mumbai
17246,49,534524,Retired,Chennai
17247,60,1939828,Student,Hyderabad
17248,39,2386629,Self-Employed,Kolkata
17249,21,772326,Business,Bengaluru
17250,68,1650984,Salaried,Kolkata
17251,49,841402,Self-Employed,Chennai
17252,32,1198633,Student,Kolkata
17253,42,461035,Student,Chennai
17254,60,1757889,Retired,Hyderabad
17255,29,303756,Self-Employed,Mumbai
17256,55,2105309,Business,Delhi
17257,46,1063970,Retired,Bengaluru
17258,31,1526512,Salaried,Hyderabad
17259,46,1278640,Business,Bengaluru
17260,57,928110,Business,Delhi
17261,55,1377474,Student,Kolkata
17262,62,923148,Salaried,Hyderabad
17263,26,849134,Retired,Hyderabad
17264,48,267366,Self-Employed,Bengaluru
17265,22,260134,Student,Bengaluru
17266,36,1745245,Salaried,Hyderabad
17267,63,2405203,Student,Bengaluru
17268,47,515866,Salaried,Delhi
17269,31,1625420,Business,Chennai
17270,43,1318577,Business,Bengaluru
17271,52,335821,Student,Mumbai
17272,41,1115321,Student,Bengaluru
17273,21,2111337,Retired,Chennai
17274,25,725832,Student,Bengaluru
17275,60,949188,Student,Chennai
17276,43,940400,Student,Chennai
17277,59,719050,Business,Mumbai
17278,46,533147,Business,Mumbai
17279,52,704627,Self-Employed,Hyderabad
17280,46,1198586,Student,Kolkata
17281,67,2224293,Student,Bengaluru
17282,33,441760,Salaried,Hyderabad
17283,61,1000364,Self-Employed,Chennai
17284,23,2409623,Business,Bengaluru
17285,33,2211608,Retired,Bengaluru
17286,25,989435,Student,Bengaluru
17287,38,2045169,Business,Hyderabad
17288,41,1938245,Business,Delhi
17289,62,842764,Student,Chennai
17290,42,861554,Business,Mumbai
17291,67,2290915,Student,Chennai
17292,31,1828608,Self-Employed,Kolkata
17293,30,1786878,Salaried,Bengaluru
17294,59,1543348,Student,Delhi
17295,46,320531,Salaried,Bengaluru
17296,48,617300,Salaried,Delhi
17297,26,1471709,Student,Chennai
17298,32,1300872,Salaried,Chennai
17299,42,548390,Self-Employed,Bengaluru
17300,50,1846002,Student,Mumbai
17301,53,828225,Salaried,Delhi
17302,25,677682,Retired,Mumbai
17303,44,344432,Student,Hyderabad
17304,24,533203,Retired,Kolkata
17305,55,2448154,Student,Chennai
17306,54,1235474,Student,Kolkata
17307,50,219776,Self-Employed,Delhi
17308,33,529008,Retired,Bengaluru
17309,25,308197,Retired,Chennai
17310,25,1611477,Student,Kolkata
17311,60,1686814,Salaried,Kolkata
17312,60,1902625,Business,Delhi
17313,65,463619,Salaried,Kolkata
17314,34,1223398,Student,Chennai
17315,25,804258,Business,Delhi
17316,52,1353376,Salaried,Hyderabad
17317,26,1011996,Business,Mumbai
17318,22,1292321,Self-Employed,Chennai
17319,45,2458277,Salaried,Chennai
17320,29,2479449,Self-Employed,Delhi
17321,55,1695592,Self-Employed,Delhi
17322,30,933696,Salaried,Bengaluru
17323,69,1640369,Student,Mumbai
17324,24,388577,Salaried,Mumbai
17325,30,462138,Business,Delhi
17326,59,2291656,Business,Bengaluru
17327,27,1364683,Business,Bengaluru
17328,58,730671,Student,Kolkata
17329,56,1060225,Salaried,Mumbai
17330,30,1821129,Self-Employed,Kolkata
17331,51,1297422,Retired,Kolkata
17332,55,1862578,Student,Delhi
17333,35,1919006,Business,Bengaluru
17334,40,2425921,Business,Hyderabad
17335,34,2491473,Retired,Kolkata
17336,51,1045359,Retired,Chennai
17337,33,1128357,Business,Kolkata
17338,64,1756260,Salaried,Bengaluru
17339,58,745040,Self-Employed,Bengaluru
17340,60,1648682,Retired,Kolkata
17341,48,881723,Salaried,Mumbai
17342,55,2367905,Retired,Kolkata
17343,62,412725,Student,Mumbai
17344,51,1659679,Salaried,Hyderabad
17345,44,2143741,Retired,Chennai
17346,45,883639,Retired,Kolkata
17347,68,2245569,Business,Delhi
17348,68,1541433,Self-Employed,Kolkata
17349,61,425337,Student,Kolkata
17350,66,1661201,Business,Kolkata
17351,43,686885,Retired,Mumbai
17352,50,547683,Business,Mumbai
17353,58,443860,Business,Delhi
17354,43,2393536,Salaried,Kolkata
17355,34,2287899,Self-Employed,Chennai
17356,41,2335651,Student,Kolkata
17357,40,860578,Retired,Hyderabad
17358,32,774222,Retired,Kolkata
17359,35,379067,Self-Employed,Delhi
17360,38,1208319,Student,Mumbai
17361,21,2426089,Salaried,Kolkata
17362,28,627971,Student,Chennai
17363,63,782326,Business,Kolkata
17364,52,1139575,Retired,Hyderabad
17365,27,2421711,Student,Chennai
17366,55,721041,Self-Employed,Kolkata
17367,57,474183,Student,Delhi
17368,29,2427450,Student,Mumbai
17369,64,1645231,Business,Chennai
17370,55,2303461,Salaried,Chennai
17371,56,2164148,Business,Kolkata
17372,61,1964759,Retired,Mumbai
17373,27,1108460,Business,Bengaluru
17374,22,233162,Business,Hyderabad
17375,45,2119509,Student,Chennai
17376,49,647447,Salaried,Bengaluru
17377,40,613070,Retired,Mumbai
17378,35,2204031,Retired,Bengaluru
17379,41,1459260,Self-Employed,Hyderabad
17380,45,1315704,Salaried,Mumbai
17381,37,1799755,Business,Kolkata
17382,36,1364069,Business,Delhi
17383,59,1512878,Salaried,Kolkata
17384,30,1586577,Retired,Delhi
17385,48,1896724,Student,Bengaluru
17386,68,1410835,Self-Employed,Delhi
17387,22,1620762,Business,Hyderabad
17388,21,2204369,Retired,Chennai
17389,64,1092938,Student,Kolkata
17390,50,241911,Self-Employed,Delhi
17391,50,1655246,Salaried,Mumbai
17392,26,667267,Retired,Chennai
17393,67,406349,Business,Kolkata
17394,65,1112796,Business,Delhi
17395,35,1018935,Self-Employed,Bengaluru
17396,40,2116593,Business,Hyderabad
17397,24,1585092,Business,Chennai
17398,30,1310665,Salaried,Bengaluru
17399,34,1343280,Student,Chennai
17400,48,2279498,Self-Employed,Delhi
17401,48,1131279,Salaried,Hyderabad
17402,41,1049729,Salaried,Chennai
17403,56,1640853,Self-Employed,Kolkata
17404,33,1650320,Salaried,Delhi
17405,47,619455,Self-Employed,Chennai
17406,27,1799299,Business,Kolkata
17407,52,1953312,Student,Mumbai
17408,33,1864753,Student,Delhi
17409,22,255415,Self-Employed,Bengaluru
17410,56,1301119,Self-Employed,Mumbai
17411,50,482958,Business,Mumbai
17412,69,2487991,Student,Hyderabad
17413,29,667147,Student,Hyderabad
17414,21,1607998,Student,Kolkata
17415,31,1246612,Self-Employed,Bengaluru
17416,22,1537266,Salaried,Bengaluru
17417,65,2246745,Student,Hyderabad
17418,64,1811099,Self-Employed,Kolkata
17419,26,2060110,Business,Delhi
17420,58,2069985,Business,Delhi
17421,58,1615580,Business,Bengaluru
17422,48,710201,Self-Employed,Chennai
17423,65,611023,Retired,Bengaluru
17424,52,1667661,Business,Mumbai
17425,29,1389013,Self-Employed,Delhi
17426,23,895395,Student,Chennai
17427,64,1317555,Retired,Hyderabad
17428,31,2394911,Self-Employed,Hyderabad
17429,63,715212,Student,Bengaluru
17430,45,1168545,Retired,Chennai
17431,53,1451496,Self-Employed,Mumbai
17432,40,1196784,Business,Mumbai
17433,33,1750601,Student,Mumbai
17434,49,1919298,Salaried,Kolkata
17435,55,1620397,Student,Mumbai
17436,63,444578,Self-Employed,Mumbai
17437,22,840529,Self-Employed,Kolkata
17438,64,2103623,Self-Employed,Mumbai
17439,38,1020236,Student,Mumbai
17440,57,2191251,Self-Employed,Chennai
17441,46,342442,Retired,Kolkata
17442,60,348179,Retired,Bengaluru
17443,50,972750,Business,Chennai
17444,51,1503675,Retired,Bengaluru
17445,27,2320446,Salaried,Kolkata
17446,47,1512689,Student,Bengaluru
17447,56,1591958,Retired,Bengaluru
17448,30,207289,Student,Mumbai
17449,36,809955,Student,Mumbai
17450,35,238092,Student,Hyderabad
17451,40,2396707,Business,Hyderabad
17452,42,1287736,Business,Mumbai
17453,40,2217916,Business,Bengaluru
17454,23,610578,Retired,Hyderabad
17455,68,2140838,Student,Mumbai
17456,44,2007300,Salaried,Kolkata
17457,64,1737273,Business,Chennai
17458,39,930368,Salaried,Kolkata
17459,29,2362800,Self-Employed,Mumbai
17460,51,1146171,Salaried,Delhi
17461,57,2040692,Salaried,Hyderabad
17462,57,2303926,Salaried,Hyderabad
17463,28,654290,Self-Employed,Kolkata
17464,32,690508,Student,Mumbai
17465,62,1173993,Salaried,Kolkata
17466,57,418629,Student,Hyderabad
17467,65,2301291,Business,Hyderabad
17468,67,2013397,Self-Employed,Delhi
17469,45,2107596,Retired,Kolkata
17470,69,297831,Student,Delhi
17471,48,971607,Business,Kolkata
17472,29,1342008,Student,Chennai
17473,37,2105886,Business,Hyderabad
17474,69,1409722,Salaried,Delhi
17475,38,435761,Student,Mumbai
17476,27,2227839,Business,Delhi
17477,66,2392612,Student,Delhi
17478,61,1999303,Self-Employed,Delhi
17479,68,918589,Retired,Hyderabad
17480,26,1825871,Salaried,Hyderabad
17481,35,379762,Salaried,Mumbai
17482,52,1497199,Salaried,Hyderabad
17483,22,2196810,Self-Employed,Bengaluru
17484,51,2417829,Retired,Delhi
17485,68,411515,Self-Employed,Delhi
17486,37,1041518,Self-Employed,Kolkata
17487,42,809333,Retired,Bengaluru
17488,68,1089279,Self-Employed,Hyderabad
17489,51,899651,Business,Hyderabad
17490,37,264962,Salaried,Kolkata
17491,48,2381631,Retired,Bengaluru
17492,39,454562,Retired,Chennai
17493,54,2036019,Salaried,Hyderabad
17494,23,546996,Student,Hyderabad
17495,68,366711,Self-Employed,Chennai
17496,34,1426705,Retired,Hyderabad
17497,48,348132,Business,Kolkata
17498,33,820824,Business,Kolkata
17499,69,2303563,Salaried,Bengaluru
17500,24,823150,Student,Chennai
17501,48,436711,Salaried,Hyderabad
17502,59,1748594,Self-Employed,Kolkata
17503,26,2307705,Retired,Bengaluru
17504,28,1013522,Salaried,Hyderabad
17505,34,972316,Student,Mumbai
17506,33,888973,Retired,Delhi
17507,22,2419686,Self-Employed,Delhi
17508,67,1783768,Self-Employed,Chennai
17509,54,1295422,Business,Delhi
17510,44,1875266,Retired,Mumbai
17511,39,1131083,Student,Mumbai
17512,67,549071,Salaried,Chennai
17513,50,546378,Retired,Bengaluru
17514,24,600569,Retired,Mumbai
17515,28,253089,Business,Chennai
17516,42,724813,Salaried,Delhi
17517,47,2329711,Retired,Delhi
17518,43,1445605,Retired,Mumbai
17519,22,2211032,Student,Bengaluru
17520,28,2287076,Salaried,Kolkata
17521,25,2418043,Retired,Delhi
17522,25,2138142,Business,Mumbai
17523,61,1089313,Salaried,Mumbai
17524,67,1313955,Salaried,Delhi
17525,46,2410059,Business,Hyderabad
17526,62,572985,Salaried,Hyderabad
17527,49,1594558,Salaried,Kolkata
17528,31,799257,Business,Hyderabad
17529,44,1795817,Salaried,Bengaluru
17530,41,576630,Student,Hyderabad
17531,46,2164445,Business,Bengaluru
17532,44,1171174,Business,Hyderabad
17533,26,1877388,Business,Kolkata
17534,46,247177,Salaried,Bengaluru
17535,27,1153904,Business,Delhi
17536,56,2185697,Retired,Mumbai
17537,39,1879965,Retired,Delhi
17538,62,2492536,Retired,Delhi
17539,66,1704795,Student,Chennai
17540,61,1831478,Salaried,Hyderabad
17541,30,1817569,Student,Mumbai
17542,47,2009486,Student,Delhi
17543,57,1710528,Student,Delhi
17544,66,463322,Self-Employed,Bengaluru
17545,25,1808993,Self-Employed,Bengaluru
17546,35,2191108,Student,Mumbai
17547,27,1054666,Student,Hyderabad
17548,33,1020065,Salaried,Chennai
17549,21,1651261,Student,Bengaluru
17550,54,579604,Business,Delhi
17551,25,1829934,Student,Chennai
17552,49,1226220,Business,Mumbai
17553,66,2200124,Business,Delhi
17554,27,471291,Self-Employed,Mumbai
17555,27,1528833,Retired,Bengaluru
17556,61,554683,Business,Mumbai
17557,34,1611630,Business,Bengaluru
17558,33,2347224,Self-Employed,Delhi
17559,64,321501,Salaried,Hyderabad
17560,30,1171003,Retired,Chennai
17561,29,2177820,Self-Employed,Delhi
17562,52,2093274,Salaried,Chennai
17563,49,2373021,Business,Hyderabad
17564,69,1479716,Self-Employed,Bengaluru
17565,28,696720,Retired,Bengaluru
17566,27,276541,Retired,Kolkata
17567,43,2160308,Business,Mumbai
17568,50,204544,Retired,Hyderabad
17569,47,860439,Self-Employed,Hyderabad
17570,30,1336581,Retired,Chennai
17571,50,1751692,Retired,Kolkata
17572,67,1704161,Self-Employed,Kolkata
17573,61,2062786,Self-Employed,Chennai
17574,34,1012949,Salaried,Hyderabad
17575,42,1567212,Student,Chennai
17576,52,1722628,Student,Hyderabad
17577,68,1393204,Student,Hyderabad
17578,23,325773,Self-Employed,Hyderabad
17579,32,2276929,Salaried,Kolkata
17580,36,402520,Retired,Mumbai
17581,33,2020372,Salaried,Mumbai
17582,57,1167006,Business,Chennai
17583,37,413862,Self-Employed,Delhi
17584,29,1624522,Business,Mumbai
17585,39,2280648,Student,Chennai
17586,41,1772463,Self-Employed,Chennai
17587,58,1144871,Self-Employed,Mumbai
17588,30,387316,Self-Employed,Chennai
17589,52,205875,Student,Kolkata
17590,43,1876602,Retired,Hyderabad
17591,55,748148,Student,Hyderabad
17592,65,2160943,Self-Employed,Kolkata
17593,31,821925,Student,Kolkata
17594,66,1956358,Student,Hyderabad
17595,25,1107623,Retired,Hyderabad
17596,61,1609636,Student,Mumbai
17597,60,1471080,Student,Hyderabad
17598,31,2221492,Self-Employed,Delhi
17599,34,1212337,Salaried,Delhi
17600,56,759574,Salaried,Delhi
17601,31,1897902,Salaried,Mumbai
17602,24,2227366,Self-Employed,Kolkata
17603,48,294296,Student,Chennai
17604,55,830633,Business,Kolkata
17605,49,773057,Self-Employed,Kolkata
17606,32,638545,Salaried,Chennai
17607,46,720258,Self-Employed,Bengaluru
17608,61,749902,Student,Delhi
17609,66,2031569,Student,Mumbai
17610,57,1069816,Business,Chennai
17611,66,2292735,Business,Kolkata
17612,59,2225265,Student,Mumbai
17613,24,273529,Student,Kolkata
17614,23,499812,Student,Kolkata
17615,50,2156890,Student,Chennai
17616,35,760261,Salaried,Kolkata
17617,65,867677,Self-Employed,Bengaluru
17618,69,1300260,Student,Kolkata
17619,47,2031205,Student,Chennai
17620,61,1892508,Student,Delhi
17621,29,1725335,Student,Chennai
17622,69,1909093,Business,Hyderabad
17623,28,1720649,Retired,Mumbai
17624,32,1154887,Self-Employed,Delhi
17625,62,2407044,Salaried,Chennai
17626,54,2020877,Business,Kolkata
17627,57,1345876,Student,Bengaluru
17628,35,948393,Retired,Hyderabad
17629,62,1640829,Business,Delhi
17630,63,712034,Retired,Hyderabad
17631,34,2362192,Business,Delhi
17632,49,2280018,Salaried,Mumbai
17633,49,1812676,Student,Hyderabad
17634,60,2263433,Business,Chennai
17635,51,1355761,Salaried,Mumbai
17636,40,917921,Retired,Chennai
17637,56,1810525,Business,Hyderabad
17638,39,1328199,Salaried,Bengaluru
17639,47,1367100,Retired,Chennai
17640,64,1280179,Self-Employed,Mumbai
17641,36,2393359,Self-Employed,Hyderabad
17642,64,903536,Self-Employed,Chennai
17643,67,573911,Salaried,Kolkata
17644,41,1142857,Business,Kolkata
17645,49,1193881,Retired,Hyderabad
17646,66,2458926,Self-Employed,Delhi
17647,65,2499782,Salaried,Chennai
17648,32,2409231,Self-Employed,Chennai
17649,58,1711116,Self-Employed,Bengaluru
17650,21,597288,Student,Hyderabad
17651,37,1793540,Self-Employed,Hyderabad
17652,67,310185,Salaried,Delhi
17653,64,1188226,Self-Employed,Chennai
17654,65,597801,Retired,Mumbai
17655,56,958888,Self-Employed,Mumbai
17656,42,302891,Student,Kolkata
17657,39,2396664,Retired,Kolkata
17658,68,1048580,Salaried,Hyderabad
17659,56,802871,Retired,Delhi
17660,22,1338735,Business,Chennai
17661,43,1292893,Self-Employed,Kolkata
17662,53,1310083,Business,Bengaluru
17663,21,2306826,Student,Delhi
17664,21,582845,Student,Kolkata
17665,29,2057383,Salaried,Bengaluru
17666,69,296160,Salaried,Mumbai
17667,48,1625950,Retired,Bengaluru
17668,37,1397001,Business,Chennai
17669,52,1079333,Salaried,Hyderabad
17670,66,823581,Retired,Bengaluru
17671,55,1719191,Retired,Bengaluru
17672,31,714675,Self-Employed,Chennai
17673,46,885715,Salaried,Chennai
17674,40,1773297,Student,Mumbai
17675,63,1031613,Self-Employed,Delhi
17676,22,925337,Business,Delhi
17677,24,209994,Student,Delhi
17678,30,2013761,Salaried,Mumbai
17679,29,1921787,Business,Hyderabad
17680,33,2275599,Student,Chennai
17681,69,444048,Self-Employed,Chennai
17682,36,698457,Business,Kolkata
17683,55,1659696,Student,Chennai
17684,55,1619616,Student,Bengaluru
17685,55,281865,Salaried,Mumbai
17686,45,555350,Student,Bengaluru
17687,22,1647505,Self-Employed,Hyderabad
17688,59,2321166,Salaried,Delhi
17689,37,1254361,Student,Mumbai
17690,48,1892919,Student,Chennai
17691,24,1278735,Retired,Kolkata
17692,24,555494,Student,Kolkata
17693,44,2463901,Self-Employed,Delhi
17694,27,1181406,Business,Bengaluru
17695,46,1446999,Student,Hyderabad
17696,49,1479943,Business,Kolkata
17697,39,2114051,Retired,Bengaluru
17698,37,1456047,Student,Bengaluru
17699,42,349276,Salaried,Kolkata
17700,53,356126,Business,Hyderabad
17701,49,1668456,Self-Employed,Chennai
17702,35,1155739,Student,Chennai
17703,47,1554320,Salaried,Kolkata
17704,48,1787040,Self-Employed,Mumbai
17705,37,1195601,Business,Chennai
17706,56,410513,Salaried,Chennai
17707,64,408011,Business,Hyderabad
17708,54,983855,Salaried,Bengaluru
17709,43,2445422,Salaried,Kolkata
17710,35,1161117,Business,Chennai
17711,44,1415677,Salaried,Hyderabad
17712,48,1666818,Business,Hyderabad
17713,68,1882294,Retired,Bengaluru
17714,59,1926477,Business,Kolkata
17715,46,1780024,Self-Employed,Mumbai
17716,37,760989,Student,Delhi
17717,55,253549,Student,Mumbai
17718,46,1530534,Self-Employed,Bengaluru
17719,36,584243,Student,Kolkata
17720,58,2400135,Student,Delhi
17721,49,2083530,Self-Employed,Hyderabad
17722,36,1086938,Retired,Hyderabad
17723,21,1551821,Self-Employed,Bengaluru
17724,27,1452017,Salaried,Kolkata
17725,35,541328,Salaried,Hyderabad
17726,24,1132396,Self-Employed,Delhi
17727,42,713096,Student,Bengaluru
17728,53,1814465,Self-Employed,Delhi
17729,61,1002100,Student,Kolkata
17730,58,493910,Salaried,Bengaluru
17731,49,861684,Business,Mumbai
17732,28,810016,Retired,Delhi
17733,30,1331242,Student,Hyderabad
17734,33,1783977,Self-Employed,Bengaluru
17735,50,715299,Salaried,Delhi
17736,63,496261,Student,Hyderabad
17737,50,1699899,Salaried,Hyderabad
17738,43,1446166,Salaried,Bengaluru
17739,51,1860672,Self-Employed,Chennai
17740,68,1341485,Self-Employed,Kolkata
17741,29,347884,Retired,Bengaluru
17742,53,941587,Retired,Mumbai
17743,41,1768744,Self-Employed,Bengaluru
17744,21,2160855,Self-Employed,Kolkata
17745,52,1512957,Retired,Hyderabad
17746,46,1891443,Business,Delhi
17747,30,693820,Student,Bengaluru
17748,27,1155815,Self-Employed,Bengaluru
17749,29,940016,Salaried,Delhi
17750,46,305519,Salaried,Kolkata
17751,35,2165648,Self-Employed,Delhi
17752,66,2170325,Self-Employed,Mumbai
17753,36,620359,Business,Mumbai
17754,66,2126778,Retired,Bengaluru
17755,67,218198,Student,Bengaluru
17756,41,351822,Salaried,Mumbai
17757,56,1774519,Business,Kolkata
17758,49,2382851,Student,Hyderabad
17759,43,774251,Salaried,Delhi
17760,26,2326934,Student,Delhi
17761,52,2108716,Student,Bengaluru
17762,30,1336179,Student,Delhi
17763,29,341105,Retired,Hyderabad
17764,29,978679,Business,Chennai
17765,42,1259739,Self-Employed,Bengaluru
17766,38,924967,Salaried,Delhi
17767,52,806456,Salaried,Bengaluru
17768,65,252825,Salaried,Chennai
17769,37,1070926,Student,Mumbai
17770,26,1650135,Business,Delhi
17771,26,208934,Salaried,Delhi
17772,50,1289845,Retired,Kolkata
17773,27,1679920,Business,Hyderabad
17774,23,290720,Salaried,Delhi
17775,41,2412095,Retired,Chennai
17776,25,830109,Salaried,Bengaluru
17777,37,730207,Business,Bengaluru
17778,49,630042,Student,Bengaluru
17779,50,746190,Business,Mumbai
17780,66,2461385,Self-Employed,Hyderabad
17781,55,469020,Retired,Kolkata
17782,31,699340,Salaried,Chennai
17783,46,2057965,Self-Employed,Chennai
17784,34,1200243,Retired,Bengaluru
17785,61,540146,Student,Delhi
17786,35,1273224,Salaried,Mumbai
17787,45,1216038,Salaried,Kolkata
17788,45,678499,Student,Delhi
17789,60,809144,Salaried,Delhi
17790,64,986290,Self-Employed,Hyderabad
17791,59,2357132,Retired,Bengaluru
17792,62,384967,Salaried,Kolkata
17793,55,612787,Business,Kolkata
17794,64,1176304,Student,Chennai
17795,39,913006,Business,Hyderabad
17796,65,2422929,Self-Employed,Kolkata
17797,55,1526819,Retired,Hyderabad
17798,59,2413765,Student,Delhi
17799,60,1628371,Salaried,Kolkata
17800,37,1165093,Student,Bengaluru
17801,58,894963,Retired,Hyderabad
17802,49,2054545,Retired,Hyderabad
17803,36,1133994,Self-Employed,Hyderabad
17804,31,2206827,Business,Bengaluru
17805,29,1621446,Self-Employed,Hyderabad
17806,62,801187,Student,Delhi
17807,58,1731891,Self-Employed,Hyderabad
17808,29,2120496,Business,Delhi
17809,63,735329,Salaried,Chennai
17810,38,1905393,Retired,Delhi
17811,25,1270391,Self-Employed,Mumbai
17812,23,257439,Self-Employed,Chennai
17813,56,980549,Self-Employed,Kolkata
17814,48,1023256,Self-Employed,Chennai
17815,62,1048669,Business,Bengaluru
17816,42,1239347,Retired,Chennai
17817,29,2291802,Student,Bengaluru
17818,58,2419595,Student,Bengaluru
17819,24,717290,Self-Employed,Bengaluru
17820,27,1584352,Self-Employed,Mumbai
17821,61,2002358,Student,Mumbai
17822,43,2267210,Self-Employed,Hyderabad
17823,23,1449115,Business,Delhi
17824,41,1167448,Retired,Chennai
17825,32,552474,Business,Chennai
17826,47,2286615,Retired,Hyderabad
17827,44,2227627,Business,Kolkata
17828,56,452466,Student,Chennai
17829,22,1496339,Self-Employed,Kolkata
17830,51,2324669,Retired,Chennai
17831,69,1578272,Retired,Bengaluru
17832,38,277420,Business,Mumbai
17833,25,1778657,Student,Delhi
17834,67,2374096,Student,Bengaluru
17835,64,508399,Student,Hyderabad
17836,51,1031658,Student,Delhi
17837,34,604233,Business,Delhi
17838,49,542739,Retired,Delhi
17839,43,319713,Self-Employed,Hyderabad
17840,50,280220,Retired,Chennai
17841,48,1207383,Self-Employed,Bengaluru
17842,54,2264883,Salaried,Mumbai
17843,42,2252834,Business,Bengaluru
17844,64,1777502,Self-Employed,Delhi
17845,65,1777038,Self-Employed,Kolkata
17846,32,1958350,Student,Delhi
17847,55,1868520,Salaried,Hyderabad
17848,35,381904,Student,Kolkata
17849,59,727950,Salaried,Bengaluru
17850,43,354675,Self-Employed,Hyderabad
17851,32,364408,Self-Employed,Kolkata
17852,51,1308421,Student,Delhi
17853,49,1299383,Business,Delhi
17854,52,240031,Self-Employed,Mumbai
17855,31,332571,Self-Employed,Delhi
17856,63,740206,Student,Delhi
17857,38,664694,Business,Kolkata
17858,24,1929189,Student,Hyderabad
17859,27,1018055,Business,Bengaluru
17860,64,1534709,Self-Employed,Delhi
17861,60,1852144,Salaried,Hyderabad
17862,55,1106339,Retired,Delhi
17863,50,1116347,Salaried,Hyderabad
17864,21,384383,Self-Employed,Mumbai
17865,49,2224610,Retired,Delhi
17866,36,353420,Self-Employed,Chennai
17867,53,1288637,Student,Delhi
17868,55,1570571,Self-Employed,Mumbai
17869,65,2270359,Student,Delhi
17870,49,1627456,Self-Employed,Kolkata
17871,63,2319478,Business,Mumbai
17872,43,1145653,Business,Chennai
17873,61,1207676,Student,Mumbai
17874,67,267946,Retired,Delhi
17875,64,1991848,Salaried,Hyderabad
17876,30,1959697,Salaried,Hyderabad
17877,21,1268691,Retired,Bengaluru
17878,58,1732221,Retired,Chennai
17879,66,1158595,Self-Employed,Chennai
17880,65,1454539,Self-Employed,Bengaluru
17881,55,1866835,Business,Kolkata
17882,50,2456834,Self-Employed,Bengaluru
17883,52,327782,Self-Employed,Chennai
17884,43,2398707,Self-Employed,Kolkata
17885,39,581296,Salaried,Delhi
17886,50,744651,Salaried,Kolkata
17887,60,268937,Retired,Kolkata
17888,26,1907812,Self-Employed,Chennai
17889,58,2009443,Salaried,Mumbai
17890,57,678913,Self-Employed,Hyderabad
17891,41,1962985,Salaried,Mumbai
17892,69,1303285,Student,Mumbai
17893,30,410156,Business,Mumbai
17894,47,2402431,Student,Chennai
17895,23,2454276,Student,Delhi
17896,25,2300914,Student,Kolkata
17897,60,287884,Retired,Bengaluru
17898,30,2204504,Self-Employed,Hyderabad
17899,59,1199247,Self-Employed,Chennai
17900,33,2415740,Business,Mumbai
17901,45,566153,Self-Employed,Hyderabad
17902,25,2273843,Student,Chennai
17903,59,1981836,Retired,Kolkata
17904,62,906139,Salaried,Kolkata
17905,26,687713,Self-Employed,Chennai
17906,27,1593273,Self-Employed,Hyderabad
17907,43,1743617,Salaried,Hyderabad
17908,41,1533065,Business,Delhi
17909,56,1093064,Retired,Kolkata
17910,65,669661,Business,Bengaluru
17911,63,1632372,Self-Employed,Mumbai
17912,38,1682904,Student,Bengaluru
17913,47,1515913,Self-Employed,Bengaluru
17914,59,1732201,Business,Chennai
17915,26,1618202,Student,Bengaluru
17916,62,1133081,Business,Delhi
17917,67,2475489,Self-Employed,Hyderabad
17918,67,2198969,Salaried,Chennai
17919,67,501136,Student,Kolkata
17920,50,1387066,Retired,Mumbai
17921,43,754415,Business,Kolkata
17922,54,202929,Retired,Hyderabad
17923,23,348888,Student,Delhi
17924,52,357987,Salaried,Kolkata
17925,32,1184579,Salaried,Chennai
17926,49,1916848,Salaried,Bengaluru
17927,58,824309,Salaried,Mumbai
17928,67,596846,Self-Employed,Chennai
17929,41,1714392,Student,Chennai
17930,64,1905923,Student,Bengaluru
17931,36,381893,Salaried,Mumbai
17932,30,2064254,Student,Delhi
17933,65,230301,Salaried,Kolkata
17934,52,822004,Retired,Chennai
17935,43,656040,Self-Employed,Chennai
17936,38,1825789,Student,Chennai
17937,62,1499162,Self-Employed,Chennai
17938,39,1804728,Self-Employed,Mumbai
17939,48,1346123,Student,Hyderabad
17940,37,1591023,Salaried,Delhi
17941,26,492276,Business,Kolkata
17942,45,984565,Student,Bengaluru
17943,58,1206062,Salaried,Kolkata
17944,53,1228737,Salaried,Hyderabad
17945,24,1043689,Business,Bengaluru
17946,60,1620677,Student,Bengaluru
17947,24,1571532,Retired,Mumbai
17948,44,1490636,Student,Bengaluru
17949,57,1114930,Salaried,Delhi
17950,33,1931398,Business,Delhi
17951,35,2312380,Self-Employed,Hyderabad
17952,57,896913,Student,Bengaluru
17953,36,2115505,Self-Employed,Kolkata
17954,67,1774240,Self-Employed,Kolkata
17955,62,1926257,Salaried,Bengaluru
17956,26,992369,Self-Employed,Kolkata
17957,40,1657316,Salaried,Bengaluru
17958,66,418502,Self-Employed,Kolkata
17959,55,352001,Self-Employed,Delhi
17960,35,1138496,Self-Employed,Delhi
17961,53,1492025,Business,Mumbai
17962,53,625212,Student,Mumbai
17963,48,2032381,Business,Delhi
17964,23,982113,Self-Employed,Hyderabad
17965,22,1187722,Business,Delhi
17966,41,1603018,Business,Hyderabad
17967,35,1593840,Retired,Hyderabad
17968,25,549032,Retired,Mumbai
17969,40,2015623,Student,Kolkata
17970,36,1848657,Student,Hyderabad
17971,69,1726557,Retired,Delhi
17972,34,758909,Self-Employed,Kolkata
17973,56,1017199,Salaried,Kolkata
17974,22,781245,Student,Hyderabad
17975,42,1941206,Business,Hyderabad
17976,34,388551,Self-Employed,Mumbai
17977,35,737171,Salaried,Kolkata
17978,38,2491717,Salaried,Hyderabad
17979,67,2432820,Business,Delhi
17980,67,221255,Self-Employed,Mumbai
17981,25,1090118,Salaried,Bengaluru
17982,25,1270924,Student,Bengaluru
17983,41,2075694,Student,Hyderabad
17984,65,506813,Retired,Delhi
17985,57,1658142,Business,Chennai
17986,36,722540,Self-Employed,Hyderabad
17987,43,2421339,Retired,Chennai
17988,53,777368,Retired,Bengaluru
17989,68,1643841,Business,Hyderabad
17990,50,400113,Self-Employed,Delhi
17991,32,1775492,Self-Employed,Kolkata
17992,67,347619,Self-Employed,Mumbai
17993,50,1559845,Salaried,Hyderabad
17994,68,1854470,Business,Delhi
17995,42,1750089,Self-Employed,Mumbai
17996,25,2420553,Retired,Hyderabad
17997,41,1975854,Business,Kolkata
17998,53,1248292,Retired,Hyderabad
17999,21,1597924,Self-Employed,Kolkata
18000,45,462093,Salaried,Hyderabad
18001,58,366037,Salaried,Chennai
18002,24,1397936,Business,Hyderabad
18003,40,444729,Business,Hyderabad
18004,53,226265,Salaried,Delhi
18005,21,1055986,Student,Hyderabad
18006,55,1928242,Self-Employed,Kolkata
18007,63,1566201,Business,Bengaluru
18008,52,2467999,Salaried,Mumbai
18009,68,206076,Retired,Kolkata
18010,28,2192772,Salaried,Kolkata
18011,59,1504325,Business,Hyderabad
18012,55,986553,Business,Mumbai
18013,26,240900,Business,Chennai
18014,58,341318,Student,Kolkata
18015,32,411675,Business,Kolkata
18016,30,1020174,Retired,Mumbai
18017,64,655094,Student,Chennai
18018,27,466503,Student,Bengaluru
18019,21,1137089,Retired,Bengaluru
18020,64,387157,Retired,Mumbai
18021,62,727631,Business,Delhi
18022,25,1970935,Self-Employed,Delhi
18023,36,1647578,Business,Delhi
18024,49,1024289,Retired,Delhi
18025,64,1169224,Student,Hyderabad
18026,40,509991,Retired,Hyderabad
18027,63,668854,Business,Hyderabad
18028,28,2431108,Self-Employed,Chennai
18029,32,1893008,Self-Employed,Kolkata
18030,28,2024892,Student,Delhi
18031,49,887007,Student,Hyderabad
18032,58,1455951,Self-Employed,Mumbai
18033,42,639666,Salaried,Hyderabad
18034,41,2352795,Business,Delhi
18035,49,1515822,Self-Employed,Chennai
18036,29,2357062,Self-Employed,Bengaluru
18037,49,1421684,Self-Employed,Kolkata
18038,24,918363,Business,Chennai
18039,26,2147029,Business,Kolkata
18040,49,1678580,Retired,Hyderabad
18041,30,637293,Student,Mumbai
18042,69,268323,Salaried,Kolkata
18043,30,1210274,Retired,Bengaluru
18044,45,2069947,Business,Hyderabad
18045,22,1085706,Salaried,Chennai
18046,47,773850,Self-Employed,Kolkata
18047,22,1648637,Retired,Chennai
18048,29,1798415,Retired,Chennai
18049,40,806155,Self-Employed,Delhi
18050,34,347794,Self-Employed,Hyderabad
18051,67,1282595,Business,Hyderabad
18052,62,1794974,Self-Employed,Hyderabad
18053,26,1723949,Student,Bengaluru
18054,35,1013253,Student,Chennai
18055,24,201931,Student,Chennai
18056,26,1491906,Salaried,Kolkata
18057,62,1170856,Business,Chennai
18058,31,870258,Business,Delhi
18059,21,2123498,Business,Mumbai
18060,35,1402749,Business,Kolkata
18061,67,1974243,Student,Bengaluru
18062,35,2068421,Self-Employed,Kolkata
18063,25,1928007,Salaried,Kolkata
18064,34,431502,Self-Employed,Mumbai
18065,59,2343631,Salaried,Chennai
18066,57,674691,Business,Kolkata
18067,50,787705,Salaried,Delhi
18068,48,700488,Salaried,Delhi
18069,56,1033369,Salaried,Delhi
18070,54,2403615,Business,Hyderabad
18071,45,1393069,Self-Employed,Mumbai
18072,30,1061203,Retired,Chennai
18073,68,2141633,Salaried,Kolkata
18074,41,1489152,Student,Mumbai
18075,39,515732,Self-Employed,Bengaluru
18076,59,798493,Salaried,Chennai
18077,52,1619398,Business,Kolkata
18078,27,2257779,Retired,Kolkata
18079,44,629583,Business,Chennai
18080,49,1949468,Student,Delhi
18081,67,1325765,Business,Delhi
18082,57,1131691,Retired,Bengaluru
18083,63,453506,Self-Employed,Hyderabad
18084,30,2133474,Self-Employed,Mumbai
18085,61,1039181,Self-Employed,Mumbai
18086,52,1189128,Business,Mumbai
18087,49,1177375,Retired,Kolkata
18088,69,756117,Business,Delhi
18089,29,2159491,Salaried,Hyderabad
18090,65,1202385,Business,Bengaluru
18091,31,930441,Business,Kolkata
18092,67,1822837,Retired,Chennai
18093,31,2045883,Retired,Kolkata
18094,60,2194471,Student,Mumbai
18095,64,967957,Self-Employed,Hyderabad
18096,53,2020835,Self-Employed,Hyderabad
18097,31,1735012,Retired,Chennai
18098,22,2029051,Business,Kolkata
18099,67,1378966,Business,Mumbai
18100,49,737349,Student,Delhi
18101,57,1639114,Business,Hyderabad
18102,53,2326226,Retired,Bengaluru
18103,46,1157523,Retired,Bengaluru
18104,69,1200104,Business,Mumbai
18105,54,1102966,Business,Hyderabad
18106,53,459710,Self-Employed,Hyderabad
18107,45,439480,Business,Mumbai
18108,28,709638,Student,Mumbai
18109,28,830947,Self-Employed,Bengaluru
18110,48,218919,Self-Employed,Hyderabad
18111,51,1842316,Student,Mumbai
18112,45,478764,Self-Employed,Chennai
18113,52,698332,Business,Mumbai
18114,47,2466738,Business,Bengaluru
18115,37,2426583,Self-Employed,Mumbai
18116,58,975354,Student,Delhi
18117,55,2220345,Student,Kolkata
18118,50,1095989,Business,Hyderabad
18119,44,347069,Salaried,Hyderabad
18120,56,1934388,Retired,Delhi
18121,61,2075300,Retired,Kolkata
18122,65,1163683,Self-Employed,Chennai
18123,55,1935328,Student,Hyderabad
18124,69,2317413,Student,Kolkata
18125,36,786121,Self-Employed,Chennai
18126,26,2037139,Self-Employed,Mumbai
18127,29,1513909,Business,Kolkata
18128,37,2022944,Salaried,Delhi
18129,26,791783,Self-Employed,Delhi
18130,69,2023335,Business,Hyderabad
18131,55,1888979,Business,Chennai
18132,41,1253329,Retired,Kolkata
18133,36,2224446,Salaried,Delhi
18134,51,300431,Salaried,Bengaluru
18135,23,458938,Salaried,Hyderabad
18136,48,1868012,Retired,Chennai
18137,29,2409526,Salaried,Chennai
18138,30,2210664,Salaried,Hyderabad
18139,56,2036601,Business,Chennai
18140,43,531779,Salaried,Kolkata
18141,40,2387156,Self-Employed,Chennai
18142,61,1750028,Business,Bengaluru
18143,33,1738005,Student,Delhi
18144,67,1629019,Salaried,Bengaluru
18145,24,940908,Retired,Kolkata
18146,38,702616,Retired,Hyderabad
18147,37,2383858,Self-Employed,Chennai
18148,33,1020491,Retired,Kolkata
18149,26,2044447,Salaried,Bengaluru
18150,35,1179497,Retired,Mumbai
18151,24,222024,Business,Delhi
18152,57,2314296,Retired,Chennai
18153,32,1121431,Student,Mumbai
18154,60,931968,Student,Bengaluru
18155,31,1081895,Salaried,Mumbai
18156,24,762501,Retired,Hyderabad
18157,39,240093,Business,Delhi
18158,43,1098638,Student,Mumbai
18159,55,302249,Self-Employed,Kolkata
18160,65,1554641,Self-Employed,Mumbai
18161,63,2375983,Salaried,Chennai
18162,23,1268580,Student,Chennai
18163,33,2235063,Self-Employed,Delhi
18164,38,796441,Salaried,Hyderabad
18165,45,1247073,Retired,Delhi
18166,44,1628771,Business,Mumbai
18167,30,1408035,Business,Hyderabad
18168,37,2041524,Self-Employed,Chennai
18169,33,1343882,Business,Bengaluru
18170,52,1274631,Retired,Delhi
18171,22,2378782,Self-Employed,Chennai
18172,59,677884,Retired,Hyderabad
18173,25,2244723,Retired,Kolkata
18174,47,305202,Salaried,Kolkata
18175,28,1816845,Student,Kolkata
18176,33,335743,Self-Employed,Delhi
18177,69,1121488,Self-Employed,Chennai
18178,62,623772,Business,Bengaluru
18179,27,2021509,Student,Delhi
18180,47,942554,Self-Employed,Mumbai
18181,42,861793,Salaried,Delhi
18182,31,1867917,Student,Delhi
18183,46,1693357,Self-Employed,Kolkata
18184,49,1254838,Business,Mumbai
18185,24,1538818,Self-Employed,Hyderabad
18186,23,1478439,Business,Delhi
18187,25,786057,Student,Chennai
18188,50,1182418,Business,Mumbai
18189,33,1330968,Salaried,Mumbai
18190,51,2464815,Self-Employed,Bengaluru
18191,49,504771,Salaried,Chennai
18192,31,237831,Salaried,Kolkata
18193,62,2287450,Self-Employed,Delhi
18194,65,1006391,Student,Kolkata
18195,43,2377102,Business,Kolkata
18196,36,2004632,Self-Employed,Mumbai
18197,66,1266363,Student,Mumbai
18198,58,904556,Salaried,Hyderabad
18199,38,2480833,Student,Hyderabad
18200,62,1637099,Salaried,Hyderabad
18201,30,1355608,Business,Kolkata
18202,36,2235364,Retired,Hyderabad
18203,65,1063597,Retired,Kolkata
18204,40,1726064,Retired,Mumbai
18205,22,2175174,Student,Hyderabad
18206,25,2413629,Salaried,Kolkata
18207,65,1230530,Self-Employed,Delhi
18208,27,349920,Self-Employed,Kolkata
18209,58,1914964,Business,Bengaluru
18210,46,294530,Salaried,Hyderabad
18211,55,778824,Salaried,Bengaluru
18212,29,2340130,Salaried,Mumbai
18213,52,824785,Business,Bengaluru
18214,63,1563974,Retired,Chennai
18215,39,972836,Self-Employed,Chennai
18216,34,1540540,Retired,Bengaluru
18217,53,841662,Business,Hyderabad
18218,69,2314809,Student,Hyderabad
18219,58,1649661,Student,Hyderabad
18220,22,1632270,Business,Bengaluru
18221,64,2190560,Student,Kolkata
18222,48,1449051,Student,Kolkata
18223,46,761736,Retired,Kolkata
18224,53,1035391,Self-Employed,Hyderabad
18225,52,1731584,Retired,Delhi
18226,33,2280067,Salaried,Hyderabad
18227,36,2146313,Retired,Hyderabad
18228,69,891018,Student,Hyderabad
18229,60,568070,Self-Employed,Chennai
18230,31,1591163,Salaried,Kolkata
18231,52,920174,Retired,Kolkata
18232,51,2268416,Salaried,Hyderabad
18233,31,2057616,Student,Chennai
18234,39,1273612,Student,Mumbai
18235,57,1720288,Salaried,Bengaluru
18236,61,1705889,Salaried,Delhi
18237,33,2225019,Self-Employed,Hyderabad
18238,44,410508,Student,Hyderabad
18239,65,1932102,Self-Employed,Hyderabad
18240,54,362500,Salaried,Chennai
18241,60,1413194,Student,Chennai
18242,58,1372652,Retired,Kolkata
18243,33,2293075,Self-Employed,Chennai
18244,68,1365165,Salaried,Kolkata
18245,35,882124,Salaried,Delhi
18246,29,2132739,Retired,Kolkata
18247,26,1556654,Retired,Hyderabad
18248,43,1790265,Retired,Mumbai
18249,43,221461,Student,Chennai
18250,68,1677843,Student,Delhi
18251,25,673286,Business,Mumbai
18252,68,1229675,Student,Delhi
18253,52,2481828,Salaried,Chennai
18254,34,212250,Student,Mumbai
18255,38,1624443,Self-Employed,Kolkata
18256,32,1096940,Self-Employed,Mumbai
18257,43,913767,Business,Chennai
18258,43,1640634,Retired,Bengaluru
18259,34,2376726,Business,Chennai
18260,37,255137,Student,Delhi
18261,62,664842,Business,Hyderabad
18262,68,555442,Salaried,Hyderabad
18263,32,1251598,Student,Delhi
18264,37,1104162,Business,Hyderabad
18265,30,2417842,Student,Mumbai
18266,68,2200504,Business,Kolkata
18267,43,1583668,Self-Employed,Bengaluru
18268,43,1668338,Self-Employed,Mumbai
18269,63,759848,Business,Chennai
18270,32,216350,Business,Kolkata
18271,69,639398,Salaried,Hyderabad
18272,48,2201872,Salaried,Hyderabad
18273,49,1699994,Salaried,Chennai
18274,32,1655782,Business,Mumbai
18275,58,1403509,Self-Employed,Bengaluru
18276,69,1048898,Self-Employed,Kolkata
18277,39,2364188,Retired,Hyderabad
18278,64,2344472,Self-Employed,Chennai
18279,47,1151857,Business,Kolkata
18280,30,441545,Salaried,Bengaluru
18281,62,2242178,Student,Chennai
18282,44,1417364,Salaried,Mumbai
18283,48,2232193,Self-Employed,Bengaluru
18284,52,2075274,Salaried,Chennai
18285,55,933932,Student,Delhi
18286,36,571888,Salaried,Bengaluru
18287,66,631906,Business,Mumbai
18288,28,2306287,Business,Hyderabad
18289,62,2407630,Salaried,Kolkata
18290,54,716092,Student,Kolkata
18291,49,620070,Salaried,Kolkata
18292,24,1695156,Retired,Mumbai
18293,59,233104,Self-Employed,Hyderabad
18294,26,2127929,Self-Employed,Chennai
18295,36,1407825,Self-Employed,Mumbai
18296,65,2246067,Retired,Mumbai
18297,46,1243153,Self-Employed,Chennai
18298,48,395898,Self-Employed,Chennai
18299,49,2025375,Business,Mumbai
18300,41,2353547,Business,Kolkata
18301,21,1409161,Business,Chennai
18302,69,569052,Retired,Delhi
18303,69,617509,Self-Employed,Mumbai
18304,57,1570315,Salaried,Bengaluru
18305,48,768679,Retired,Mumbai
18306,59,2308727,Retired,Delhi
18307,49,1600744,Student,Chennai
18308,27,405727,Salaried,Chennai
18309,28,2289530,Student,Mumbai
18310,23,1607259,Student,Mumbai
18311,69,2204243,Salaried,Mumbai
18312,45,1885512,Student,Hyderabad
18313,48,1773348,Retired,Bengaluru
18314,48,633584,Retired,Chennai
18315,58,753468,Salaried,Chennai
18316,63,483078,Self-Employed,Delhi
18317,50,1861930,Student,Bengaluru
18318,41,1734898,Business,Hyderabad
18319,54,2393128,Student,Kolkata
18320,34,2131380,Salaried,Delhi
18321,55,2100554,Self-Employed,Hyderabad
18322,29,593539,Business,Mumbai
18323,51,729479,Retired,Kolkata
18324,21,628704,Salaried,Bengaluru
18325,54,1869490,Student,Delhi
18326,62,1727685,Retired,Hyderabad
18327,37,1381581,Business,Hyderabad
18328,32,1547216,Retired,Bengaluru
18329,58,275448,Retired,Chennai
18330,42,2359265,Retired,Kolkata
18331,62,1624956,Self-Employed,Delhi
18332,34,1580093,Business,Chennai
18333,54,1616175,Self-Employed,Hyderabad
18334,44,675281,Student,Hyderabad
18335,61,354614,Student,Mumbai
18336,31,1565847,Retired,Mumbai
18337,27,1804770,Student,Delhi
18338,24,1647512,Retired,Mumbai
18339,45,2365086,Self-Employed,Mumbai
18340,47,216739,Retired,Hyderabad
18341,22,2396765,Salaried,Bengaluru
18342,64,919673,Student,Chennai
18343,58,267306,Retired,Hyderabad
18344,43,888947,Self-Employed,Kolkata
18345,54,1123215,Retired,Hyderabad
18346,54,1429345,Salaried,Kolkata
18347,63,703124,Student,Kolkata
18348,59,1352013,Retired,Bengaluru
18349,24,758735,Student,Chennai
18350,61,1364494,Business,Hyderabad
18351,35,1431251,Salaried,Chennai
18352,41,745857,Salaried,Mumbai
18353,39,2426285,Retired,Kolkata
18354,62,431967,Retired,Hyderabad
18355,64,1041727,Business,Delhi
18356,40,1011093,Student,Mumbai
18357,32,1284933,Student,Delhi
18358,29,629782,Self-Employed,Mumbai
18359,57,1352169,Salaried,Hyderabad
18360,46,799150,Business,Kolkata
18361,42,2492304,Retired,Chennai
18362,54,543024,Business,Delhi
18363,23,1334332,Self-Employed,Delhi
18364,39,2017078,Self-Employed,Bengaluru
18365,36,1369070,Self-Employed,Kolkata
18366,35,742029,Student,Chennai
18367,62,2097273,Student,Mumbai
18368,30,481280,Self-Employed,Mumbai
18369,58,286188,Business,Delhi
18370,30,1007505,Salaried,Kolkata
18371,61,2085777,Self-Employed,Delhi
18372,62,1447719,Salaried,Delhi
18373,54,924264,Self-Employed,Hyderabad
18374,29,685410,Business,Delhi
18375,63,1415977,Student,Delhi
18376,55,525345,Student,Mumbai
18377,48,2257455,Salaried,Bengaluru
18378,62,1185556,Student,Chennai
18379,64,818610,Retired,Kolkata
18380,29,2260350,Business,Delhi
18381,55,1479802,Salaried,Bengaluru
18382,37,861568,Business,Kolkata
18383,47,2105815,Retired,Hyderabad
18384,62,1196771,Salaried,Kolkata
18385,31,1994907,Student,Hyderabad
18386,67,1437554,Retired,Kolkata
18387,52,1638296,Student,Mumbai
18388,51,503011,Retired,Bengaluru
18389,47,2276908,Business,Bengaluru
18390,64,569785,Self-Employed,Mumbai
18391,54,2111863,Self-Employed,Hyderabad
18392,47,2349770,Retired,Chennai
18393,40,870142,Self-Employed,Kolkata
18394,60,2200091,Business,Chennai
18395,65,787662,Business,Mumbai
18396,54,487613,Salaried,Kolkata
18397,36,391355,Self-Employed,Kolkata
18398,64,1696487,Student,Delhi
18399,25,2094161,Salaried,Bengaluru
18400,49,329401,Retired,Kolkata
18401,24,1217468,Retired,Hyderabad
18402,50,1603823,Self-Employed,Chennai
18403,45,1523290,Student,Kolkata
18404,44,567749,Business,Hyderabad
18405,69,2090534,Self-Employed,Hyderabad
18406,23,726359,Self-Employed,Bengaluru
18407,40,2424825,Salaried,Bengaluru
18408,40,1450100,Self-Employed,Kolkata
18409,50,545308,Business,Chennai
18410,24,328772,Student,Mumbai
18411,64,557417,Retired,Chennai
18412,53,765273,Retired,Bengaluru
18413,24,1754270,Business,Mumbai
18414,38,695363,Retired,Chennai
18415,38,787381,Salaried,Chennai
18416,57,2408385,Salaried,Kolkata
18417,33,1721432,Salaried,Hyderabad
18418,24,907884,Salaried,Chennai
18419,27,857364,Retired,Mumbai
18420,27,2062724,Retired,Mumbai
18421,62,1795724,Retired,Bengaluru
18422,30,1858496,Business,Mumbai
18423,63,1733159,Retired,Delhi
18424,41,259402,Retired,Mumbai
18425,49,201044,Business,Delhi
18426,33,1331540,Student,Hyderabad
18427,29,1673056,Student,Hyderabad
18428,50,2018171,Salaried,Chennai
18429,31,1539862,Student,Bengaluru
18430,23,1123873,Self-Employed,Bengaluru
18431,37,1098253,Salaried,Chennai
18432,47,513131,Retired,Bengaluru
18433,69,2028081,Business,Chennai
18434,51,987373,Self-Employed,Mumbai
18435,55,2302887,Student,Bengaluru
18436,66,205504,Student,Kolkata
18437,66,349253,Student,Bengaluru
18438,67,929383,Self-Employed,Delhi
18439,54,2367101,Self-Employed,Bengaluru
18440,28,1579793,Business,Mumbai
18441,28,1029979,Business,Chennai
18442,64,1428525,Self-Employed,Mumbai
18443,52,907442,Student,Chennai
18444,65,2126035,Salaried,Delhi
18445,61,1923389,Student,Hyderabad
18446,27,633872,Retired,Hyderabad
18447,29,517663,Retired,Chennai
18448,31,245930,Salaried,Bengaluru
18449,40,2451291,Salaried,Chennai
18450,55,918996,Self-Employed,Mumbai
18451,24,1936685,Student,Delhi
18452,52,232236,Retired,Delhi
18453,38,908979,Salaried,Chennai
18454,51,565493,Retired,Chennai
18455,57,1079368,Business,Bengaluru
18456,38,374877,Business,Mumbai
18457,36,2403935,Self-Employed,Mumbai
18458,38,1014503,Retired,Hyderabad
18459,41,1637472,Business,Hyderabad
18460,27,226671,Student,Bengaluru
18461,34,955831,Retired,Kolkata
18462,36,1436313,Self-Employed,Hyderabad
18463,59,2062901,Salaried,Hyderabad
18464,26,837481,Retired,Hyderabad
18465,63,464250,Retired,Chennai
18466,52,1773998,Retired,Mumbai
18467,67,1993438,Self-Employed,Mumbai
18468,41,2045311,Self-Employed,Kolkata
18469,52,905179,Self-Employed,Bengaluru
18470,21,867003,Self-Employed,Mumbai
18471,39,2334873,Student,Chennai
18472,37,1514255,Salaried,Kolkata
18473,36,1788689,Retired,Chennai
18474,64,2415746,Retired,Kolkata
18475,30,1519471,Student,Hyderabad
18476,52,314778,Business,Mumbai
18477,49,2121921,Retired,Delhi
18478,32,539888,Business,Kolkata
18479,25,1829287,Business,Chennai
18480,65,2258901,Business,Chennai
18481,21,2234311,Self-Employed,Hyderabad
18482,49,679988,Self-Employed,Mumbai
18483,66,1102605,Retired,Delhi
18484,36,736145,Retired,Kolkata
18485,22,1658121,Retired,Kolkata
18486,24,1170628,Salaried,Mumbai
18487,53,424524,Retired,Hyderabad
18488,60,2032958,Salaried,Hyderabad
18489,33,2381043,Salaried,Delhi
18490,21,1307321,Retired,Kolkata
18491,43,2065219,Salaried,Chennai
18492,56,909053,Retired,Bengaluru
18493,62,1428713,Student,Bengaluru
18494,60,840311,Student,Hyderabad
18495,33,2240064,Salaried,Bengaluru
18496,53,1468836,Business,Kolkata
18497,33,470500,Student,Hyderabad
18498,50,2287393,Self-Employed,Kolkata
18499,35,1550481,Student,Bengaluru
18500,58,326338,Business,Delhi
18501,57,1148227,Business,Mumbai
18502,62,791308,Retired,Hyderabad
18503,65,753746,Self-Employed,Chennai
18504,56,1572970,Business,Chennai
18505,38,1150044,Business,Kolkata
18506,27,1539971,Business,Chennai
18507,31,1315926,Retired,Delhi
18508,69,252177,Self-Employed,Mumbai
18509,44,1837634,Student,Bengaluru
18510,39,905182,Self-Employed,Kolkata
18511,24,1387003,Student,Mumbai
18512,22,1668438,Salaried,Kolkata
18513,55,607733,Student,Chennai
18514,55,1394236,Retired,Mumbai
18515,65,1163047,Student,Chennai
18516,50,1420499,Student,Bengaluru
18517,50,588480,Business,Hyderabad
18518,38,1513037,Business,Mumbai
18519,57,914003,Salaried,Hyderabad
18520,25,344653,Salaried,Bengaluru
18521,66,2395143,Self-Employed,Hyderabad
18522,47,1934659,Retired,Bengaluru
18523,61,1266541,Retired,Hyderabad
18524,31,2447733,Self-Employed,Mumbai
18525,21,505984,Business,Chennai
18526,53,308973,Salaried,Chennai
18527,63,866439,Business,Delhi
18528,67,1790508,Retired,Hyderabad
18529,46,443399,Salaried,Bengaluru
18530,67,1536468,Retired,Hyderabad
18531,27,2487917,Student,Delhi
18532,25,1894594,Business,Chennai
18533,30,645039,Student,Hyderabad
18534,68,808956,Student,Kolkata
18535,32,710710,Business,Delhi
18536,58,2287838,Retired,Bengaluru
18537,40,1847878,Student,Hyderabad
18538,29,1913286,Retired,Kolkata
18539,63,951264,Business,Chennai
18540,31,1357467,Self-Employed,Kolkata
18541,59,1840459,Salaried,Kolkata
18542,33,1050231,Salaried,Delhi
18543,28,699502,Salaried,Mumbai
18544,62,748938,Salaried,Kolkata
18545,55,1018046,Retired,Bengaluru
18546,40,996111,Student,Hyderabad
18547,22,2288061,Business,Hyderabad
18548,37,1336220,Retired,Kolkata
18549,28,2037754,Business,Chennai
18550,41,2208454,Self-Employed,Mumbai
18551,37,613654,Student,Kolkata
18552,33,664993,Salaried,Mumbai
18553,46,1961674,Business,Bengaluru
18554,22,1913366,Business,Hyderabad
18555,36,1500918,Business,Bengaluru
18556,45,1696487,Self-Employed,Delhi
18557,57,2110195,Student,Bengaluru
18558,69,298549,Self-Employed,Bengaluru
18559,31,2165426,Retired,Delhi
18560,69,1381778,Business,Hyderabad
18561,22,559163,Business,Chennai
18562,58,1777594,Salaried,Kolkata
18563,55,396679,Business,Hyderabad
18564,52,1166823,Student,Chennai
18565,34,1567134,Business,Delhi
18566,53,2301047,Business,Mumbai
18567,37,592240,Student,Hyderabad
18568,65,1285942,Student,Hyderabad
18569,44,2042164,Business,Kolkata
18570,59,988825,Student,Mumbai
18571,48,2246030,Retired,Hyderabad
18572,29,2440493,Business,Hyderabad
18573,50,2375009,Retired,Chennai
18574,63,1504360,Salaried,Mumbai
18575,24,2253811,Retired,Bengaluru
18576,66,383587,Retired,Bengaluru
18577,66,508310,Self-Employed,Delhi
18578,39,945643,Retired,Mumbai
18579,66,703426,Student,Mumbai
18580,29,2168109,Student,Chennai
18581,49,928505,Student,Delhi
18582,52,2367581,Self-Employed,Chennai
18583,58,1368549,Retired,Kolkata
18584,43,1290403,Salaried,Kolkata
18585,30,2320640,Salaried,Bengaluru
18586,25,211322,Student,Hyderabad
18587,69,1321427,Student,Chennai
18588,58,1642596,Student,Bengaluru
18589,39,1039941,Student,Hyderabad
18590,35,1949534,Retired,Bengaluru
18591,57,1066166,Student,Chennai
18592,66,1309773,Salaried,Bengaluru
18593,26,949609,Business,Mumbai
18594,43,359945,Business,Hyderabad
18595,55,2487489,Self-Employed,Kolkata
18596,24,1288149,Retired,Bengaluru
18597,25,2295340,Self-Employed,Hyderabad
18598,30,1070890,Retired,Chennai
18599,37,2243730,Student,Mumbai
18600,69,1922482,Retired,Bengaluru
18601,58,321124,Self-Employed,Kolkata
18602,35,2178134,Self-Employed,Chennai
18603,62,1406794,Student,Chennai
18604,30,1929111,Business,Mumbai
18605,69,1094375,Student,Mumbai
18606,57,1882998,Salaried,Hyderabad
18607,66,971120,Self-Employed,Mumbai
18608,63,1536935,Retired,Kolkata
18609,36,432146,Retired,Hyderabad
18610,26,867845,Salaried,Delhi
18611,48,505581,Retired,Bengaluru
18612,48,2448430,Self-Employed,Chennai
18613,47,1524673,Student,Hyderabad
18614,45,855007,Business,Mumbai
18615,43,2137001,Salaried,Mumbai
18616,33,1014625,Salaried,Delhi
18617,44,918822,Retired,Kolkata
18618,44,1015398,Student,Kolkata
18619,27,703688,Student,Delhi
18620,34,988746,Self-Employed,Delhi
18621,59,607468,Business,Delhi
18622,67,1931304,Business,Delhi
18623,38,1331802,Retired,Hyderabad
18624,59,637819,Self-Employed,Delhi
18625,42,668793,Self-Employed,Hyderabad
18626,51,1213868,Business,Delhi
18627,23,1321742,Retired,Delhi
18628,37,823729,Salaried,Bengaluru
18629,36,1126306,Retired,Mumbai
18630,26,260994,Salaried,Hyderabad
18631,23,1635480,Retired,Hyderabad
18632,52,2424444,Student,Mumbai
18633,59,976417,Retired,Mumbai
18634,23,1073779,Business,Mumbai
18635,37,785368,Self-Employed,Delhi
18636,34,2373309,Student,Chennai
18637,54,814628,Self-Employed,Delhi
18638,55,1490008,Student,Bengaluru
18639,62,1137881,Retired,Bengaluru
18640,63,1825321,Business,Bengaluru
18641,39,1489345,Self-Employed,Chennai
18642,66,1407568,Self-Employed,Kolkata
18643,39,1315768,Student,Bengaluru
18644,48,1168141,Student,Chennai
18645,33,2492470,Business,Delhi
18646,63,1886848,Business,Chennai
18647,43,2064719,Self-Employed,Hyderabad
18648,56,2149772,Student,Chennai
18649,25,883114,Business,Delhi
18650,48,413308,Salaried,Chennai
18651,65,2028366,Self-Employed,Bengaluru
18652,33,596099,Student,Mumbai
18653,22,993663,Student,Bengaluru
18654,34,1260882,Retired,Kolkata
18655,27,2317549,Student,Kolkata
18656,44,209719,Business,Mumbai
18657,42,1117284,Retired,Mumbai
18658,25,1493604,Business,Delhi
18659,48,906669,Retired,Mumbai
18660,26,602674,Student,Bengaluru
18661,48,1819546,Student,Mumbai
18662,49,2387998,Student,Delhi
18663,31,710566,Business,Delhi
18664,66,705126,Self-Employed,Delhi
18665,48,2184394,Self-Employed,Bengaluru
18666,62,208615,Student,Hyderabad
18667,54,1366668,Retired,Mumbai
18668,66,1203404,Self-Employed,Kolkata
18669,29,1018924,Student,Chennai
18670,49,1694814,Business,Kolkata
18671,26,2143925,Student,Mumbai
18672,27,2230757,Self-Employed,Chennai
18673,53,1943537,Retired,Kolkata
18674,62,1105655,Salaried,Mumbai
18675,35,1847112,Retired,Delhi
18676,26,2042269,Salaried,Delhi
18677,32,503992,Salaried,Mumbai
18678,57,1630180,Student,Bengaluru
18679,61,1149589,Retired,Delhi
18680,66,659836,Self-Employed,Hyderabad
18681,37,1416924,Student,Mumbai
18682,25,963617,Student,Delhi
18683,39,429143,Self-Employed,Chennai
18684,27,1103989,Business,Chennai
18685,47,1540819,Business,Mumbai
18686,50,206627,Self-Employed,Kolkata
18687,46,1656597,Student,Chennai
18688,40,1772356,Business,Kolkata
18689,58,718450,Salaried,Bengaluru
18690,29,2264128,Self-Employed,Kolkata
18691,53,2326053,Retired,Hyderabad
18692,26,1346254,Business,Mumbai
18693,21,1132724,Salaried,Delhi
18694,67,558113,Salaried,Bengaluru
18695,45,1271215,Student,Bengaluru
18696,62,1417693,Student,Bengaluru
18697,61,872507,Self-Employed,Delhi
18698,36,1520317,Business,Mumbai
18699,21,1813517,Student,Bengaluru
18700,44,423470,Business,Hyderabad
18701,68,634057,Self-Employed,Chennai
18702,41,1514324,Self-Employed,Chennai
18703,59,2362172,Salaried,Bengaluru
18704,67,1591135,Student,Kolkata
18705,59,1967183,Salaried,Bengaluru
18706,33,2180598,Self-Employed,Hyderabad
18707,39,306949,Student,Hyderabad
18708,44,318448,Business,Kolkata
18709,31,1912760,Business,Mumbai
18710,67,982519,Business,Kolkata
18711,59,1743325,Retired,Chennai
18712,50,1747293,Business,Bengaluru
18713,45,1371235,Self-Employed,Bengaluru
18714,21,1385817,Self-Employed,Kolkata
18715,29,561566,Salaried,Hyderabad
18716,62,2458526,Student,Chennai
18717,48,566426,Self-Employed,Delhi
18718,58,2012496,Business,Bengaluru
18719,66,1382930,Self-Employed,Kolkata
18720,63,1063101,Business,Hyderabad
18721,66,1821036,Business,Delhi
18722,27,331047,Retired,Kolkata
18723,35,1189941,Student,Bengaluru
18724,68,2010675,Student,Mumbai
18725,51,1725906,Student,Kolkata
18726,55,1178297,Retired,Hyderabad
18727,32,2192410,Retired,Delhi
18728,41,556367,Business,Bengaluru
18729,50,2032411,Self-Employed,Chennai
18730,65,1978600,Business,Chennai
18731,47,2097624,Business,Chennai
18732,33,1551153,Business,Delhi
18733,38,1726372,Student,Mumbai
18734,49,850382,Self-Employed,Chennai
18735,33,2218668,Salaried,Delhi
18736,55,1785908,Business,Hyderabad
18737,55,2352555,Student,Delhi
18738,41,376618,Student,Hyderabad
18739,53,2383432,Retired,Bengaluru
18740,37,1330939,Self-Employed,Mumbai
18741,22,751354,Student,Delhi
18742,68,455062,Business,Mumbai
18743,29,2264224,Business,Kolkata
18744,27,2111175,Business,Hyderabad
18745,41,1281712,Student,Hyderabad
18746,58,1376416,Retired,Kolkata
18747,38,2362636,Self-Employed,Hyderabad
18748,22,1284957,Salaried,Bengaluru
18749,42,2248109,Business,Mumbai
18750,40,1776974,Self-Employed,Delhi
18751,58,933020,Retired,Chennai
18752,51,1040660,Salaried,Bengaluru
18753,31,1566164,Student,Bengaluru
18754,38,272807,Student,Delhi
18755,59,607174,Salaried,Mumbai
18756,42,1373228,Business,Chennai
18757,69,1970149,Retired,Hyderabad
18758,63,561954,Business,Hyderabad
18759,25,1981682,Business,Hyderabad
18760,53,2151831,Self-Employed,Hyderabad
18761,34,1816989,Self-Employed,Bengaluru
18762,25,1681044,Retired,Mumbai
18763,50,2332112,Business,Delhi
18764,29,2334244,Salaried,Mumbai
18765,35,390026,Self-Employed,Bengaluru
18766,41,1539900,Self-Employed,Delhi
18767,50,628475,Salaried,Chennai
18768,29,855286,Student,Kolkata
18769,55,504342,Student,Mumbai
18770,69,1767589,Retired,Bengaluru
18771,44,1593642,Self-Employed,Delhi
18772,34,2255561,Self-Employed,Chennai
18773,36,2154125,Salaried,Chennai
18774,44,899927,Self-Employed,Chennai
18775,69,207473,Business,Delhi
18776,59,1998246,Salaried,Kolkata
18777,21,684674,Retired,Bengaluru
18778,55,1523334,Student,Hyderabad
18779,36,934908,Business,Mumbai
18780,49,1339247,Student,Mumbai
18781,34,1141268,Business,Mumbai
18782,44,715459,Salaried,Mumbai
18783,40,659138,Business,Kolkata
18784,30,1558787,Business,Hyderabad
18785,45,539473,Student,Hyderabad
18786,30,1650504,Retired,Mumbai
18787,22,1697836,Self-Employed,Bengaluru
18788,52,2286474,Student,Chennai
18789,53,1557606,Retired,Mumbai
18790,56,2076861,Business,Hyderabad
18791,40,1679805,Business,Kolkata
18792,37,1734787,Business,Kolkata
18793,22,1081196,Business,Bengaluru
18794,30,719117,Salaried,Chennai
18795,46,442454,Retired,Delhi
18796,22,291473,Self-Employed,Hyderabad
18797,34,1822152,Business,Delhi
18798,62,1316074,Business,Kolkata
18799,64,2492664,Salaried,Hyderabad
18800,30,2251290,Business,Hyderabad
18801,48,2075706,Retired,Kolkata
18802,22,2115389,Business,Bengaluru
18803,67,224950,Salaried,Chennai
18804,46,1775259,Salaried,Delhi
18805,48,2189187,Salaried,Bengaluru
18806,25,1203463,Retired,Bengaluru
18807,45,485725,Self-Employed,Chennai
18808,44,2094907,Self-Employed,Delhi
18809,64,1889192,Retired,Bengaluru
18810,51,1651173,Business,Bengaluru
18811,42,1065723,Business,Bengaluru
18812,33,2045933,Student,Delhi
18813,25,1878166,Student,Hyderabad
18814,55,547470,Salaried,Bengaluru
18815,56,1169451,Business,Bengaluru
18816,53,991559,Business,Hyderabad
18817,66,1783899,Student,Chennai
18818,34,2466794,Salaried,Kolkata
18819,45,1343451,Student,Chennai
18820,53,1265848,Business,Kolkata
18821,22,595054,Salaried,Kolkata
18822,27,1640313,Self-Employed,Mumbai
18823,35,2232727,Self-Employed,Kolkata
18824,38,2219252,Salaried,Kolkata
18825,22,2048852,Salaried,Chennai
18826,48,1831964,Business,Delhi
18827,40,1523346,Salaried,Hyderabad
18828,57,402989,Self-Employed,Chennai
18829,43,1497228,Business,Kolkata
18830,35,818106,Student,Chennai
18831,23,2244170,Business,Mumbai
18832,42,501884,Student,Delhi
18833,24,1934530,Self-Employed,Hyderabad
18834,62,1078766,Self-Employed,Kolkata
18835,26,534126,Retired,Hyderabad
18836,30,1108214,Self-Employed,Chennai
18837,39,2134280,Retired,Kolkata
18838,51,955024,Business,Mumbai
18839,57,2028571,Student,Chennai
18840,26,1926917,Salaried,Hyderabad
18841,54,406550,Student,Mumbai
18842,43,1062370,Salaried,Chennai
18843,41,1576401,Business,Mumbai
18844,38,760557,Self-Employed,Hyderabad
18845,59,600447,Retired,Bengaluru
18846,69,2304546,Student,Kolkata
18847,33,1863549,Salaried,Hyderabad
18848,47,1857538,Business,Bengaluru
18849,58,1907168,Student,Bengaluru
18850,59,1133650,Business,Bengaluru
18851,44,496089,Business,Kolkata
18852,26,442594,Business,Mumbai
18853,65,1393672,Student,Delhi
18854,47,2185453,Self-Employed,Mumbai
18855,50,2209519,Self-Employed,Kolkata
18856,25,1834675,Salaried,Mumbai
18857,26,429943,Business,Hyderabad
18858,61,495172,Student,Delhi
18859,56,487326,Student,Delhi
18860,27,1941105,Business,Mumbai
18861,68,1974718,Salaried,Delhi
18862,44,826683,Retired,Mumbai
18863,62,1304372,Salaried,Delhi
18864,58,1304071,Business,Delhi
18865,31,1034652,Self-Employed,Mumbai
18866,43,1466630,Salaried,Kolkata
18867,53,1879755,Salaried,Kolkata
18868,36,728381,Business,Bengaluru
18869,29,1939634,Retired,Bengaluru
18870,57,2397573,Salaried,Chennai
18871,68,1696598,Salaried,Hyderabad
18872,44,2378356,Salaried,Delhi
18873,56,393273,Student,Bengaluru
18874,46,404624,Retired,Chennai
18875,47,258335,Salaried,Hyderabad
18876,61,227610,Salaried,Hyderabad
18877,48,627773,Business,Mumbai
18878,27,2007788,Self-Employed,Hyderabad
18879,32,1970694,Student,Delhi
18880,26,1239572,Student,Kolkata
18881,21,1214749,Salaried,Kolkata
18882,69,1733840,Self-Employed,Hyderabad
18883,35,751076,Salaried,Bengaluru
18884,69,744254,Retired,Mumbai
18885,44,2038556,Retired,Bengaluru
18886,63,1672784,Business,Delhi
18887,38,1416740,Student,Hyderabad
18888,50,520714,Business,Chennai
18889,31,1573222,Business,Kolkata
18890,24,1344482,Salaried,Chennai
18891,28,2400651,Retired,Delhi
18892,29,1008886,Retired,Chennai
18893,50,1466587,Student,Hyderabad
18894,43,583586,Salaried,Mumbai
18895,23,1124065,Self-Employed,Mumbai
18896,50,1468441,Salaried,Hyderabad
18897,39,810382,Retired,Mumbai
18898,38,460798,Business,Bengaluru
18899,63,2234827,Student,Delhi
18900,66,1462403,Business,Bengaluru
18901,34,962709,Business,Chennai
18902,59,1800049,Self-Employed,Delhi
18903,28,964377,Salaried,Chennai
18904,30,1592832,Retired,Delhi
18905,67,709834,Student,Delhi
18906,52,862864,Retired,Mumbai
18907,34,2467200,Student,Kolkata
18908,31,1855104,Self-Employed,Bengaluru
18909,54,1730587,Retired,Chennai
18910,37,1704916,Self-Employed,Chennai
18911,45,216495,Salaried,Kolkata
18912,29,846078,Retired,Chennai
18913,46,695866,Self-Employed,Chennai
18914,33,1934136,Business,Kolkata
18915,51,2407971,Student,Chennai
18916,41,1531582,Student,Hyderabad
18917,63,2233178,Business,Kolkata
18918,53,1548910,Salaried,Mumbai
18919,66,582947,Retired,Delhi
18920,63,1625358,Business,Kolkata
18921,23,1004930,Business,Delhi
18922,29,1831831,Retired,Hyderabad
18923,34,447812,Salaried,Hyderabad
18924,48,638505,Self-Employed,Chennai
18925,39,274997,Business,Bengaluru
18926,62,822851,Student,Chennai
18927,42,1038356,Business,Delhi
18928,63,1553685,Business,Delhi
18929,46,2468698,Student,Chennai
18930,53,295750,Retired,Hyderabad
18931,44,266559,Retired,Kolkata
18932,65,971783,Self-Employed,Hyderabad
18933,23,2492708,Self-Employed,Chennai
18934,33,660133,Retired,Kolkata
18935,42,1636672,Self-Employed,Kolkata
18936,59,1339750,Student,Hyderabad
18937,54,223447,Student,Kolkata
18938,41,416007,Self-Employed,Mumbai
18939,38,1221712,Retired,Hyderabad
18940,67,1418675,Business,Chennai
18941,38,1697699,Retired,Mumbai
18942,41,2422721,Retired,Kolkata
18943,42,1676220,Business,Hyderabad
18944,66,1798815,Self-Employed,Delhi
18945,66,2239129,Retired,Hyderabad
18946,34,833696,Self-Employed,Hyderabad
18947,43,1443609,Salaried,Kolkata
18948,58,847232,Salaried,Kolkata
18949,26,423568,Salaried,Mumbai
18950,61,1939820,Student,Chennai
18951,66,1878582,Salaried,Chennai
18952,58,2293601,Student,Mumbai
18953,65,833485,Self-Employed,Bengaluru
18954,58,1759210,Business,Chennai
18955,43,1003787,Retired,Delhi
18956,28,417058,Self-Employed,Chennai
18957,43,1082873,Self-Employed,Delhi
18958,60,2018284,Retired,Delhi
18959,35,1798277,Self-Employed,Mumbai
18960,25,1364390,Student,Bengaluru
18961,22,2213832,Retired,Delhi
18962,37,1734276,Student,Delhi
18963,42,1360580,Salaried,Mumbai
18964,31,779837,Self-Employed,Hyderabad
18965,33,997324,Student,Bengaluru
18966,52,431188,Student,Delhi
18967,39,1122024,Self-Employed,Mumbai
18968,53,576690,Self-Employed,Kolkata
18969,67,982931,Salaried,Chennai
18970,69,1990625,Retired,Mumbai
18971,58,1549009,Self-Employed,Mumbai
18972,48,1737648,Student,Hyderabad
18973,68,919487,Salaried,Mumbai
18974,38,2188814,Self-Employed,Chennai
18975,50,1102183,Self-Employed,Kolkata
18976,33,476904,Salaried,Delhi
18977,51,1682166,Salaried,Mumbai
18978,55,958690,Salaried,Hyderabad
18979,32,2369224,Business,Mumbai
18980,50,1347799,Retired,Bengaluru
18981,26,620919,Retired,Bengaluru
18982,49,1455962,Business,Hyderabad
18983,47,633791,Retired,Kolkata
18984,24,656498,Business,Bengaluru
18985,50,1730530,Business,Delhi
18986,65,1348543,Business,Mumbai
18987,27,956594,Self-Employed,Hyderabad
18988,22,1963407,Business,Bengaluru
18989,31,2417919,Business,Bengaluru
18990,37,1278468,Self-Employed,Delhi
18991,33,1423717,Salaried,Delhi
18992,49,1508800,Salaried,Chennai
18993,38,505396,Salaried,Delhi
18994,50,302348,Student,Chennai
18995,23,1386341,Student,Mumbai
18996,52,1719164,Retired,Delhi
18997,54,371183,Business,Bengaluru
18998,22,2405332,Student,Bengaluru
18999,21,381753,Retired,Mumbai
19000,25,249685,Business,Delhi
19001,69,1189899,Self-Employed,Delhi
19002,29,754777,Retired,Chennai
19003,31,1137766,Salaried,Chennai
19004,54,1462129,Retired,Kolkata
19005,49,1288951,Business,Hyderabad
19006,37,574791,Student,Mumbai
19007,64,2477406,Salaried,Bengaluru
19008,55,1122287,Salaried,Chennai
19009,21,352137,Salaried,Mumbai
19010,62,1252009,Self-Employed,Chennai
19011,26,2477059,Self-Employed,Mumbai
19012,63,1702951,Student,Bengaluru
19013,68,1236848,Business,Hyderabad
19014,46,1667389,Student,Bengaluru
19015,37,322381,Salaried,Hyderabad
19016,22,577256,Business,Kolkata
19017,57,1247129,Salaried,Kolkata
19018,68,1022371,Retired,Bengaluru
19019,58,1471325,Salaried,Chennai
19020,37,1875127,Salaried,Mumbai
19021,26,696086,Student,Hyderabad
19022,38,1824963,Business,Mumbai
19023,68,1505839,Student,Mumbai
19024,64,2434620,Retired,Delhi
19025,26,681860,Retired,Chennai
19026,23,407450,Self-Employed,Hyderabad
19027,38,1521205,Self-Employed,Delhi
19028,43,2120959,Student,Kolkata
19029,24,1750900,Salaried,Bengaluru
19030,23,556673,Retired,Bengaluru
19031,65,1648513,Retired,Kolkata
19032,23,2308726,Business,Hyderabad
19033,56,891378,Business,Kolkata
19034,45,2319689,Retired,Bengaluru
19035,64,2226830,Business,Chennai
19036,40,1940953,Student,Hyderabad
19037,61,610069,Student,Chennai
19038,34,1784256,Retired,Delhi
19039,42,677921,Retired,Chennai
19040,49,294861,Salaried,Hyderabad
19041,67,407029,Business,Delhi
19042,57,1317209,Retired,Bengaluru
19043,36,956875,Business,Hyderabad
19044,30,657660,Student,Kolkata
19045,49,1778415,Business,Delhi
19046,65,1176555,Salaried,Bengaluru
19047,35,1685817,Retired,Hyderabad
19048,64,638722,Student,Delhi
19049,29,2159772,Retired,Delhi
19050,63,537412,Salaried,Hyderabad
19051,48,502024,Retired,Delhi
19052,46,1016859,Self-Employed,Mumbai
19053,25,532007,Salaried,Mumbai
19054,55,2104446,Business,Bengaluru
19055,22,1016754,Business,Kolkata
19056,49,1394352,Business,Kolkata
19057,28,1083440,Business,Bengaluru
19058,53,1699262,Retired,Chennai
19059,48,2100739,Business,Bengaluru
19060,42,1735166,Self-Employed,Bengaluru
19061,23,1311604,Salaried,Delhi
19062,32,2391529,Student,Kolkata
19063,50,2414944,Salaried,Chennai
19064,35,1194055,Salaried,Kolkata
19065,28,2408113,Student,Bengaluru
19066,44,451326,Business,Chennai
19067,68,1424732,Student,Chennai
19068,40,1240200,Salaried,Bengaluru
19069,57,1499393,Business,Bengaluru
19070,31,578614,Business,Bengaluru
19071,31,1440132,Salaried,Bengaluru
19072,45,2026701,Retired,Chennai
19073,62,925764,Self-Employed,Chennai
19074,55,587059,Self-Employed,Mumbai
19075,57,1701993,Salaried,Chennai
19076,42,1880806,Salaried,Delhi
19077,45,1315300,Student,Kolkata
19078,64,1237385,Retired,Chennai
19079,36,567160,Student,Bengaluru
19080,33,857428,Student,Kolkata
19081,56,298618,Student,Hyderabad
19082,69,2486289,Salaried,Mumbai
19083,51,1601568,Student,Mumbai
19084,40,2289616,Student,Hyderabad
19085,38,2225576,Business,Hyderabad
19086,54,2037296,Salaried,Delhi
19087,55,2284892,Self-Employed,Hyderabad
19088,49,357798,Student,Hyderabad
19089,69,1771469,Salaried,Hyderabad
19090,58,804800,Self-Employed,Mumbai
19091,58,1160230,Business,Mumbai
19092,40,1610715,Salaried,Bengaluru
19093,38,2083517,Retired,Delhi
19094,61,1093402,Student,Chennai
19095,45,1954906,Business,Kolkata
19096,29,752951,Business,Delhi
19097,38,1154020,Business,Delhi
19098,35,626119,Business,Hyderabad
19099,26,824140,Self-Employed,Hyderabad
19100,21,234870,Student,Chennai
19101,25,2376369,Salaried,Hyderabad
19102,61,2269893,Business,Hyderabad
19103,30,309701,Business,Chennai
19104,60,851165,Retired,Delhi
19105,48,383334,Student,Kolkata
19106,60,884999,Self-Employed,Hyderabad
19107,37,743001,Student,Kolkata
19108,53,1461473,Salaried,Kolkata
19109,55,1630746,Self-Employed,Chennai
19110,58,744647,Salaried,Hyderabad
19111,69,1221081,Business,Chennai
19112,55,965760,Business,Bengaluru
19113,56,613616,Retired,Chennai
19114,26,2443754,Salaried,Hyderabad
19115,57,1785277,Retired,Bengaluru
19116,37,1945111,Student,Kolkata
19117,62,1062988,Student,Delhi
19118,64,832769,Self-Employed,Chennai
19119,56,1835479,Salaried,Mumbai
19120,66,388431,Business,Chennai
19121,51,2346995,Retired,Chennai
19122,30,1893983,Self-Employed,Mumbai
19123,64,1135416,Salaried,Kolkata
19124,62,1557094,Business,Chennai
19125,35,1631264,Student,Hyderabad
19126,28,1878516,Student,Mumbai
19127,60,403749,Self-Employed,Chennai
19128,57,2191422,Business,Mumbai
19129,26,643706,Business,Mumbai
19130,40,2075640,Salaried,Hyderabad
19131,41,1762575,Salaried,Chennai
19132,52,2379462,Business,Kolkata
19133,68,2325059,Salaried,Kolkata
19134,27,1878523,Business,Hyderabad
19135,49,2423983,Retired,Chennai
19136,43,842773,Student,Mumbai
19137,41,1438012,Self-Employed,Kolkata
19138,37,1891187,Student,Bengaluru
19139,39,1922574,Student,Bengaluru
19140,35,1159299,Self-Employed,Hyderabad
19141,57,2294398,Salaried,Hyderabad
19142,30,600124,Retired,Mumbai
19143,46,2201355,Retired,Chennai
19144,42,422088,Salaried,Bengaluru
19145,44,656224,Salaried,Delhi
19146,36,1926405,Salaried,Kolkata
19147,48,1425471,Business,Kolkata
19148,25,1852764,Retired,Kolkata
19149,37,2110816,Salaried,Kolkata
19150,46,1731085,Salaried,Hyderabad
19151,46,2314218,Self-Employed,Chennai
19152,31,553331,Retired,Chennai
19153,67,383580,Business,Chennai
19154,66,1251056,Business,Kolkata
19155,54,682638,Student,Bengaluru
19156,44,260768,Business,Mumbai
19157,38,973358,Student,Kolkata
19158,52,1363343,Salaried,Mumbai
19159,62,1106048,Student,Kolkata
19160,60,299072,Salaried,Bengaluru
19161,44,836921,Salaried,Mumbai
19162,45,1304749,Student,Chennai
19163,34,967729,Retired,Hyderabad
19164,65,914604,Business,Kolkata
19165,34,1405854,Business,Kolkata
19166,26,1925141,Self-Employed,Bengaluru
19167,59,1882297,Student,Bengaluru
19168,47,875102,Business,Kolkata
19169,34,2041207,Retired,Bengaluru
19170,47,796156,Retired,Kolkata
19171,66,1594777,Salaried,Hyderabad
19172,68,1713884,Student,Kolkata
19173,37,752035,Retired,Hyderabad
19174,25,1947663,Student,Kolkata
19175,27,754111,Student,Delhi
19176,24,1342852,Retired,Delhi
19177,60,581402,Student,Delhi
19178,64,1836735,Salaried,Kolkata
19179,37,765765,Self-Employed,Mumbai
19180,49,2466159,Salaried,Kolkata
19181,46,378321,Salaried,Hyderabad
19182,41,1076521,Student,Hyderabad
19183,37,1723407,Self-Employed,Hyderabad
19184,36,311885,Student,Chennai
19185,31,530906,Self-Employed,Hyderabad
19186,23,1586607,Business,Hyderabad
19187,30,2496575,Self-Employed,Bengaluru
19188,55,1887958,Self-Employed,Chennai
19189,56,1464202,Retired,Bengaluru
19190,61,1881015,Retired,Bengaluru
19191,65,1875229,Salaried,Mumbai
19192,57,839034,Business,Delhi
19193,33,856550,Salaried,Mumbai
19194,46,957464,Self-Employed,Kolkata
19195,28,857258,Salaried,Hyderabad
19196,37,2164579,Self-Employed,Kolkata
19197,43,565988,Retired,Chennai
19198,46,261213,Retired,Bengaluru
19199,22,1547479,Salaried,Hyderabad
19200,60,280377,Salaried,Chennai
19201,41,430012,Student,Hyderabad
19202,33,2474612,Self-Employed,Kolkata
19203,54,2455613,Salaried,Chennai
19204,67,664187,Student,Bengaluru
19205,45,2069902,Business,Kolkata
19206,23,1227858,Salaried,Hyderabad
19207,33,1262981,Business,Kolkata
19208,30,830514,Self-Employed,Kolkata
19209,63,563492,Salaried,Delhi
19210,35,1633761,Self-Employed,Bengaluru
19211,65,1677850,Student,Delhi
19212,33,934228,Business,Delhi
19213,31,463912,Retired,Kolkata
19214,31,2171189,Business,Bengaluru
19215,45,1179764,Retired,Bengaluru
19216,54,557273,Student,Delhi
19217,49,1878476,Salaried,Delhi
19218,58,1493880,Business,Delhi
19219,52,2240615,Business,Chennai
19220,22,881039,Self-Employed,Chennai
19221,44,646326,Retired,Delhi
19222,69,2287331,Business,Mumbai
19223,43,1583772,Retired,Bengaluru
19224,67,539341,Retired,Bengaluru
19225,22,938227,Retired,Delhi
19226,68,326843,Business,Kolkata
19227,57,2162780,Business,Hyderabad
19228,32,2418783,Retired,Delhi
19229,36,2159883,Student,Bengaluru
19230,21,237498,Salaried,Kolkata
19231,68,1053331,Retired,Chennai
19232,31,217106,Student,Chennai
19233,38,2389341,Student,Kolkata
19234,46,1452612,Self-Employed,Hyderabad
19235,55,887458,Salaried,Delhi
19236,51,1427947,Salaried,Bengaluru
19237,43,1174631,Retired,Kolkata
19238,42,1353168,Self-Employed,Delhi
19239,57,372651,Business,Kolkata
19240,41,1660803,Self-Employed,Bengaluru
19241,48,400617,Salaried,Delhi
19242,36,282577,Self-Employed,Bengaluru
19243,45,620481,Salaried,Bengaluru
19244,45,2339600,Business,Bengaluru
19245,37,2221139,Retired,Delhi
19246,44,396652,Self-Employed,Bengaluru
19247,48,1296904,Student,Chennai
19248,47,1853232,Salaried,Chennai
19249,31,1650630,Retired,Kolkata
19250,62,2311311,Self-Employed,Hyderabad
19251,49,666653,Retired,Hyderabad
19252,27,1892193,Salaried,Kolkata
19253,46,1013271,Student,Chennai
19254,60,448318,Self-Employed,Hyderabad
19255,46,676169,Self-Employed,Kolkata
19256,61,2407953,Self-Employed,Hyderabad
19257,24,2475515,Student,Hyderabad
19258,58,1190188,Business,Kolkata
19259,69,2465611,Business,Bengaluru
19260,33,202804,Student,Chennai
19261,31,2257363,Student,Chennai
19262,27,200253,Salaried,Bengaluru
19263,21,1983475,Salaried,Hyderabad
19264,23,647767,Student,Hyderabad
19265,31,1047277,Student,Delhi
19266,56,1370148,Student,Bengaluru
19267,66,2417228,Salaried,Mumbai
19268,37,1363254,Business,Mumbai
19269,55,1666290,Salaried,Bengaluru
19270,29,576576,Salaried,Delhi
19271,67,616484,Salaried,Kolkata
19272,48,2489947,Business,Bengaluru
19273,62,810950,Business,Kolkata
19274,55,519885,Salaried,Bengaluru
19275,22,1039577,Retired,Chennai
19276,51,314152,Student,Chennai
19277,30,1867276,Self-Employed,Kolkata
19278,56,1587436,Self-Employed,Hyderabad
19279,60,254932,Retired,Delhi
19280,21,314652,Retired,Kolkata
19281,34,2298354,Student,Mumbai
19282,46,714155,Salaried,Hyderabad
19283,59,951260,Salaried,Bengaluru
19284,60,1691937,Salaried,Mumbai
19285,29,1711003,Business,Chennai
19286,51,449969,Self-Employed,Delhi
19287,28,2218241,Self-Employed,Bengaluru
19288,55,655878,Retired,Delhi
19289,31,2174701,Student,Bengaluru
19290,62,359954,Retired,Mumbai
19291,36,673857,Student,Bengaluru
19292,47,1185085,Salaried,Mumbai
19293,51,1447356,Self-Employed,Chennai
19294,58,494112,Student,Kolkata
19295,57,1118686,Business,Delhi
19296,39,1671192,Self-Employed,Bengaluru
19297,52,2180205,Student,Chennai
19298,29,361722,Salaried,Hyderabad
19299,28,2477089,Salaried,Chennai
19300,27,2003521,Self-Employed,Kolkata
19301,54,1973850,Student,Chennai
19302,30,1272168,Retired,Mumbai
19303,56,917390,Business,Kolkata
19304,34,1058263,Student,Chennai
19305,68,818163,Business,Chennai
19306,58,761000,Retired,Chennai
19307,69,1594504,Student,Kolkata
19308,37,1890282,Business,Chennai
19309,62,1670387,Self-Employed,Chennai
19310,51,781988,Retired,Chennai
19311,42,844751,Salaried,Hyderabad
19312,48,1640840,Self-Employed,Hyderabad
19313,42,2119074,Salaried,Hyderabad
19314,69,1558436,Business,Hyderabad
19315,52,2278361,Student,Kolkata
19316,48,674514,Salaried,Delhi
19317,46,1459985,Business,Mumbai
19318,42,1312392,Salaried,Delhi
19319,65,1037997,Student,Bengaluru
19320,60,1844446,Salaried,Bengaluru
19321,32,1488114,Business,Delhi
19322,49,1279832,Salaried,Mumbai
19323,68,2141091,Business,Bengaluru
19324,61,821310,Business,Chennai
19325,40,686069,Business,Mumbai
19326,61,1987270,Self-Employed,Hyderabad
19327,66,2136579,Self-Employed,Bengaluru
19328,64,259288,Self-Employed,Chennai
19329,32,205735,Student,Bengaluru
19330,24,2357755,Student,Mumbai
19331,68,1947768,Business,Bengaluru
19332,35,1455554,Business,Mumbai
19333,69,560891,Student,Bengaluru
19334,46,1643494,Salaried,Bengaluru
19335,69,753688,Retired,Bengaluru
19336,29,656845,Student,Delhi
19337,45,1464671,Business,Mumbai
19338,33,1189670,Business,Delhi
19339,54,2024170,Salaried,Bengaluru
19340,29,1466854,Salaried,Delhi
19341,21,584869,Self-Employed,Kolkata
19342,57,2060545,Salaried,Chennai
19343,59,324641,Salaried,Mumbai
19344,43,2451792,Business,Delhi
19345,69,1558555,Salaried,Kolkata
19346,64,2474058,Retired,Bengaluru
19347,31,249980,Retired,Delhi
19348,22,1151600,Student,Bengaluru
19349,68,878396,Salaried,Chennai
19350,43,2302302,Business,Bengaluru
19351,21,2330807,Retired,Bengaluru
19352,24,1985550,Salaried,Chennai
19353,46,1032081,Student,Hyderabad
19354,46,2304501,Retired,Hyderabad
19355,34,1320401,Retired,Mumbai
19356,35,927505,Business,Bengaluru
19357,29,1726915,Business,Bengaluru
19358,66,285969,Student,Chennai
19359,59,874143,Retired,Mumbai
19360,44,1725366,Retired,Delhi
19361,28,1752849,Retired,Delhi
19362,63,1346038,Student,Delhi
19363,27,2257083,Student,Mumbai
19364,32,2068318,Salaried,Bengaluru
19365,31,1156319,Student,Kolkata
19366,40,1866390,Business,Hyderabad
19367,57,897937,Retired,Mumbai
19368,35,1493831,Salaried,Mumbai
19369,45,1588271,Business,Bengaluru
19370,48,1476832,Retired,Mumbai
19371,42,1532729,Retired,Bengaluru
19372,26,2303145,Salaried,Delhi
19373,31,1517341,Business,Delhi
19374,29,1344764,Self-Employed,Bengaluru
19375,39,1474682,Student,Chennai
19376,58,2255035,Retired,Hyderabad
19377,32,2469902,Salaried,Delhi
19378,44,2483498,Salaried,Hyderabad
19379,58,1230934,Student,Bengaluru
19380,66,1943484,Business,Kolkata
19381,47,2246812,Self-Employed,Bengaluru
19382,28,1989003,Student,Chennai
19383,22,1289635,Self-Employed,Mumbai
19384,33,1216442,Student,Mumbai
19385,53,1835678,Retired,Hyderabad
19386,61,1033988,Business,Delhi
19387,27,1147178,Self-Employed,Kolkata
19388,69,2366559,Retired,Hyderabad
19389,39,1901418,Self-Employed,Bengaluru
19390,62,2296352,Retired,Delhi
19391,67,1445197,Self-Employed,Bengaluru
19392,59,1690520,Salaried,Hyderabad
19393,69,479018,Business,Chennai
19394,41,1112341,Salaried,Mumbai
19395,50,2188713,Self-Employed,Mumbai
19396,24,424540,Business,Chennai
19397,65,1121372,Business,Delhi
19398,49,1308953,Salaried,Kolkata
19399,43,622187,Student,Chennai
19400,27,502003,Retired,Hyderabad
19401,30,1831003,Student,Chennai
19402,45,1707986,Student,Kolkata
19403,61,957814,Business,Bengaluru
19404,23,1655870,Self-Employed,Chennai
19405,49,1841188,Student,Hyderabad
19406,42,856739,Self-Employed,Mumbai
19407,59,747040,Business,Mumbai
19408,22,896225,Retired,Kolkata
19409,64,1296683,Salaried,Delhi
19410,46,2124031,Self-Employed,Mumbai
19411,67,2052973,Retired,Bengaluru
19412,30,349110,Business,Mumbai
19413,50,1858792,Self-Employed,Chennai
19414,41,2285679,Salaried,Delhi
19415,47,1804256,Business,Bengaluru
19416,32,1831074,Salaried,Kolkata
19417,57,347300,Salaried,Bengaluru
19418,56,969749,Salaried,Bengaluru
19419,43,859922,Self-Employed,Hyderabad
19420,50,601707,Student,Mumbai
19421,52,2201229,Business,Kolkata
19422,22,1412180,Self-Employed,Chennai
19423,55,1512834,Retired,Mumbai
19424,41,1745737,Retired,Hyderabad
19425,65,727020,Retired,Delhi
19426,30,1567014,Retired,Chennai
19427,58,428819,Business,Mumbai
19428,50,518567,Self-Employed,Hyderabad
19429,37,1619832,Self-Employed,Bengaluru
19430,28,1990554,Self-Employed,Mumbai
19431,67,456023,Salaried,Delhi
19432,42,1675555,Business,Bengaluru
19433,28,892395,Student,Bengaluru
19434,46,2270669,Retired,Delhi
19435,22,1196564,Retired,Kolkata
19436,39,2475002,Retired,Mumbai
19437,30,1517025,Student,Hyderabad
19438,60,1927202,Student,Hyderabad
19439,35,1927932,Salaried,Bengaluru
19440,23,972430,Retired,Hyderabad
19441,45,1209975,Retired,Kolkata
19442,69,1877466,Salaried,Mumbai
19443,57,1969530,Salaried,Kolkata
19444,37,1748181,Salaried,Delhi
19445,67,2491408,Business,Chennai
19446,56,2265682,Self-Employed,Kolkata
19447,33,1637726,Business,Mumbai
19448,21,566350,Self-Employed,Mumbai
19449,51,553192,Salaried,Chennai
19450,64,2300158,Retired,Kolkata
19451,30,2385021,Retired,Mumbai
19452,52,2175009,Business,Kolkata
19453,40,1988827,Business,Bengaluru
19454,27,2103577,Business,Mumbai
19455,34,1217117,Self-Employed,Kolkata
19456,62,1048035,Self-Employed,Mumbai
19457,46,699733,Student,Hyderabad
19458,35,440065,Student,Chennai
19459,51,1978058,Salaried,Mumbai
19460,67,822265,Salaried,Kolkata
19461,68,1574013,Self-Employed,Kolkata
19462,24,1125118,Business,Hyderabad
19463,53,938916,Salaried,Mumbai
19464,56,1235050,Salaried,Delhi
19465,43,1781452,Salaried,Bengaluru
19466,58,2342686,Salaried,Hyderabad
19467,38,1344288,Retired,Kolkata
19468,54,716640,Retired,Kolkata
19469,32,822681,Retired,Chennai
19470,30,1844521,Business,Delhi
19471,67,1618437,Student,Delhi
19472,57,2491092,Self-Employed,Delhi
19473,53,1593514,Student,Chennai
19474,53,640180,Salaried,Hyderabad
19475,56,2054770,Business,Chennai
19476,53,2163358,Self-Employed,Mumbai
19477,23,959083,Self-Employed,Hyderabad
19478,69,240334,Business,Chennai
19479,48,2033921,Student,Hyderabad
19480,54,1967374,Student,Hyderabad
19481,36,1199152,Self-Employed,Kolkata
19482,32,1262444,Student,Mumbai
19483,22,1994256,Student,Hyderabad
19484,48,1019149,Salaried,Bengaluru
19485,66,1756528,Self-Employed,Hyderabad
19486,56,503914,Student,Delhi
19487,58,1379951,Student,Hyderabad
19488,23,244701,Student,Hyderabad
19489,63,2339010,Salaried,Kolkata
19490,52,281342,Retired,Hyderabad
19491,38,1806498,Business,Chennai
19492,29,1696479,Self-Employed,Hyderabad
19493,29,1937717,Retired,Mumbai
19494,40,1574295,Student,Bengaluru
19495,54,2112309,Student,Kolkata
19496,66,2107039,Retired,Chennai
19497,22,1783491,Retired,Hyderabad
19498,56,2430633,Retired,Kolkata
19499,45,1779976,Business,Mumbai
19500,61,2037924,Self-Employed,Hyderabad
19501,41,1030218,Business,Mumbai
19502,27,1114889,Salaried,Hyderabad
19503,35,757757,Salaried,Mumbai
19504,25,2011455,Retired,Bengaluru
19505,37,662733,Business,Hyderabad
19506,25,1256671,Self-Employed,Chennai
19507,65,2359547,Self-Employed,Mumbai
19508,61,1177946,Student,Chennai
19509,44,941645,Business,Kolkata
19510,39,1659011,Self-Employed,Bengaluru
19511,44,940138,Self-Employed,Chennai
19512,24,1592753,Student,Kolkata
19513,44,478349,Student,Chennai
19514,68,531569,Self-Employed,Hyderabad
19515,21,2131740,Retired,Chennai
19516,67,2271674,Self-Employed,Hyderabad
19517,53,2068710,Student,Kolkata
19518,26,1062828,Business,Mumbai
19519,39,1310288,Salaried,Chennai
19520,51,1691685,Self-Employed,Mumbai
19521,35,1118228,Business,Mumbai
19522,54,2085732,Self-Employed,Chennai
19523,52,1990040,Self-Employed,Hyderabad
19524,31,1439952,Business,Bengaluru
19525,36,1415031,Salaried,Chennai
19526,24,1865047,Self-Employed,Delhi
19527,52,2288497,Student,Delhi
19528,22,456814,Student,Kolkata
19529,59,1959055,Self-Employed,Chennai
19530,43,2117638,Retired,Delhi
19531,35,452543,Business,Mumbai
19532,41,1509968,Retired,Kolkata
19533,39,1751068,Self-Employed,Delhi
19534,25,627891,Salaried,Chennai
19535,64,1837122,Business,Mumbai
19536,22,2106526,Self-Employed,Mumbai
19537,45,1227432,Self-Employed,Mumbai
19538,57,707053,Self-Employed,Mumbai
19539,65,776331,Business,Delhi
19540,45,874489,Salaried,Hyderabad
19541,23,889180,Student,Chennai
19542,44,1937456,Business,Hyderabad
19543,52,1598180,Business,Chennai
19544,45,2239914,Business,Mumbai
19545,33,2240623,Self-Employed,Kolkata
19546,23,369895,Retired,Kolkata
19547,68,425580,Business,Hyderabad
19548,57,637896,Student,Kolkata
19549,64,1268724,Student,Mumbai
19550,67,973589,Salaried,Mumbai
19551,21,2238547,Business,Bengaluru
19552,59,2239907,Self-Employed,Hyderabad
19553,21,1786155,Retired,Kolkata
19554,46,771138,Salaried,Mumbai
19555,60,841711,Student,Chennai
19556,39,530452,Retired,Kolkata
19557,21,2112154,Salaried,Hyderabad
19558,57,1444999,Self-Employed,Bengaluru
19559,67,2224188,Self-Employed,Hyderabad
19560,39,2009549,Retired,Chennai
19561,28,1090512,Business,Chennai
19562,44,1612051,Business,Kolkata
19563,43,1361233,Student,Kolkata
19564,36,2283886,Retired,Kolkata
19565,69,1838998,Retired,Kolkata
19566,54,1138757,Student,Chennai
19567,22,1216773,Student,Kolkata
19568,38,741696,Retired,Mumbai
19569,29,1422821,Retired,Mumbai
19570,55,819997,Student,Mumbai
19571,64,1476720,Self-Employed,Kolkata
19572,42,648453,Self-Employed,Bengaluru
19573,21,1170220,Business,Delhi
19574,58,204235,Business,Chennai
19575,35,1506662,Salaried,Kolkata
19576,58,2190916,Self-Employed,Bengaluru
19577,24,2241127,Self-Employed,Mumbai
19578,69,416472,Salaried,Bengaluru
19579,64,2325627,Retired,Bengaluru
19580,34,2207336,Salaried,Hyderabad
19581,28,2388233,Student,Delhi
19582,23,2047805,Retired,Delhi
19583,24,860221,Salaried,Chennai
19584,32,1987441,Retired,Kolkata
19585,38,2471535,Salaried,Kolkata
19586,68,1772207,Salaried,Mumbai
19587,48,1877727,Retired,Mumbai
19588,58,1679837,Business,Bengaluru
19589,47,2350162,Retired,Kolkata
19590,31,1710646,Business,Mumbai
19591,45,2106205,Retired,Mumbai
19592,65,867174,Business,Bengaluru
19593,29,601652,Student,Chennai
19594,43,546760,Business,Kolkata
19595,68,524160,Student,Kolkata
19596,52,2144529,Student,Hyderabad
19597,54,1272367,Business,Mumbai
19598,55,441937,Student,Bengaluru
19599,43,873191,Self-Employed,Kolkata
19600,50,1299891,Student,Bengaluru
19601,22,2396001,Business,Chennai
19602,48,2253661,Self-Employed,Mumbai
19603,26,621207,Self-Employed,Hyderabad
19604,69,1211092,Business,Hyderabad
19605,33,2127738,Self-Employed,Bengaluru
19606,41,1547406,Business,Mumbai
19607,35,1755771,Business,Hyderabad
19608,42,2054973,Student,Mumbai
19609,26,2346497,Student,Chennai
19610,32,1086265,Student,Hyderabad
19611,33,2376020,Salaried,Mumbai
19612,40,372456,Business,Mumbai
19613,28,1186361,Self-Employed,Chennai
19614,38,888104,Retired,Delhi
19615,40,1746787,Self-Employed,Delhi
19616,51,710755,Self-Employed,Kolkata
19617,54,1269897,Self-Employed,Kolkata
19618,33,1527400,Retired,Delhi
19619,58,2051524,Student,Chennai
19620,50,1635987,Business,Bengaluru
19621,39,1447454,Student,Kolkata
19622,66,888474,Retired,Mumbai
19623,26,1014277,Salaried,Mumbai
19624,68,1546687,Student,Kolkata
19625,60,1391817,Student,Hyderabad
19626,36,614217,Student,Delhi
19627,34,625518,Business,Delhi
19628,43,2194544,Salaried,Chennai
19629,30,1036641,Student,Hyderabad
19630,29,227142,Student,Mumbai
19631,59,517314,Self-Employed,Mumbai
19632,34,210402,Business,Mumbai
19633,69,381560,Business,Mumbai
19634,47,1904221,Student,Delhi
19635,68,1310509,Self-Employed,Mumbai
19636,45,487898,Salaried,Chennai
19637,21,263598,Business,Kolkata
19638,49,1958306,Student,Bengaluru
19639,32,493578,Business,Mumbai
19640,57,1116477,Student,Hyderabad
19641,39,1028971,Retired,Kolkata
19642,30,601669,Retired,Hyderabad
19643,67,1696907,Business,Chennai
19644,40,2457848,Business,Delhi
19645,33,1331094,Business,Kolkata
19646,55,650634,Student,Delhi
19647,29,2223555,Self-Employed,Delhi
19648,28,714763,Business,Delhi
19649,40,2387249,Business,Kolkata
19650,57,921516,Student,Hyderabad
19651,43,1023139,Salaried,Chennai
19652,27,1721364,Salaried,Chennai
19653,36,1314475,Retired,Kolkata
19654,43,1248820,Business,Mumbai
19655,69,1560881,Self-Employed,Mumbai
19656,66,2174373,Self-Employed,Mumbai
19657,58,1947988,Business,Chennai
19658,38,272572,Self-Employed,Delhi
19659,28,1052628,Salaried,Mumbai
19660,34,269927,Salaried,Mumbai
19661,65,437747,Salaried,Delhi
19662,28,1116796,Retired,Delhi
19663,46,572874,Salaried,Mumbai
19664,23,779505,Salaried,Hyderabad
19665,65,2182399,Self-Employed,Hyderabad
19666,32,1994832,Business,Mumbai
19667,64,634524,Student,Bengaluru
19668,26,1292911,Business,Delhi
19669,26,300682,Retired,Hyderabad
19670,49,2456399,Self-Employed,Kolkata
19671,69,2078807,Self-Employed,Delhi
19672,68,345465,Self-Employed,Bengaluru
19673,21,1214403,Student,Bengaluru
19674,38,1463542,Retired,Delhi
19675,37,1459633,Business,Bengaluru
19676,51,2132754,Student,Chennai
19677,66,926483,Retired,Delhi
19678,35,1764164,Business,Chennai
19679,23,2460909,Salaried,Chennai
19680,63,489834,Salaried,Delhi
19681,39,694850,Salaried,Delhi
19682,30,1185871,Retired,Mumbai
19683,32,2162846,Business,Bengaluru
19684,46,1652305,Business,Chennai
19685,33,1749159,Salaried,Mumbai
19686,38,1611445,Self-Employed,Bengaluru
19687,65,1722483,Business,Mumbai
19688,31,1746669,Business,Bengaluru
19689,22,1760580,Salaried,Mumbai
19690,25,2345725,Salaried,Delhi
19691,55,1878216,Salaried,Delhi
19692,58,1911150,Self-Employed,Chennai
19693,43,1849843,Salaried,Delhi
19694,28,2047154,Salaried,Hyderabad
19695,41,656161,Retired,Kolkata
19696,27,539388,Salaried,Kolkata
19697,23,2155705,Business,Bengaluru
19698,21,435387,Student,Hyderabad
19699,52,2360707,Retired,Hyderabad
19700,39,1893715,Retired,Bengaluru
19701,45,943226,Salaried,Delhi
19702,36,2129084,Retired,Delhi
19703,34,1229048,Student,Kolkata
19704,55,951347,Salaried,Mumbai
19705,66,1746361,Student,Chennai
19706,36,2028016,Student,Bengaluru
19707,62,426230,Self-Employed,Mumbai
19708,68,1201394,Retired,Delhi
19709,47,1376389,Business,Chennai
19710,59,949509,Self-Employed,Mumbai
19711,40,724734,Student,Mumbai
19712,36,704436,Business,Hyderabad
19713,22,868149,Retired,Hyderabad
19714,41,904698,Self-Employed,Chennai
19715,41,1456461,Retired,Chennai
19716,64,783348,Self-Employed,Kolkata
19717,25,1814359,Retired,Chennai
19718,28,215549,Salaried,Hyderabad
19719,57,1045774,Student,Kolkata
19720,51,238941,Salaried,Mumbai
19721,23,1300511,Retired,Bengaluru
19722,58,571114,Business,Bengaluru
19723,22,1335942,Retired,Kolkata
19724,64,496946,Self-Employed,Delhi
19725,22,2344137,Salaried,Kolkata
19726,27,1226956,Retired,Mumbai
19727,29,2005498,Self-Employed,Kolkata
19728,45,1066413,Self-Employed,Kolkata
19729,67,1361160,Salaried,Hyderabad
19730,32,2415297,Self-Employed,Chennai
19731,27,2241628,Self-Employed,Kolkata
19732,49,1471726,Self-Employed,Delhi
19733,58,2391760,Salaried,Delhi
19734,44,2424078,Business,Delhi
19735,54,392259,Retired,Hyderabad
19736,36,1892457,Business,Bengaluru
19737,49,2106451,Salaried,Chennai
19738,37,1432921,Self-Employed,Hyderabad
19739,38,479457,Self-Employed,Hyderabad
19740,38,613123,Salaried,Kolkata
19741,32,331508,Retired,Chennai
19742,31,1425205,Salaried,Delhi
19743,62,1685220,Business,Chennai
19744,63,1606750,Salaried,Mumbai
19745,31,932106,Retired,Hyderabad
19746,60,1337386,Retired,Hyderabad
19747,41,2485005,Retired,Hyderabad
19748,27,309590,Self-Employed,Bengaluru
19749,60,1440278,Self-Employed,Kolkata
19750,24,1510870,Salaried,Bengaluru
19751,66,2112146,Student,Mumbai
19752,22,381198,Business,Delhi
19753,21,386693,Retired,Kolkata
19754,44,1541541,Business,Delhi
19755,39,1751020,Retired,Bengaluru
19756,41,2488431,Self-Employed,Bengaluru
19757,26,1271253,Business,Kolkata
19758,30,1933034,Business,Delhi
19759,69,1927895,Self-Employed,Mumbai
19760,25,1596521,Student,Mumbai
19761,22,396446,Business,Bengaluru
19762,56,2168021,Business,Chennai
19763,37,973951,Retired,Chennai
19764,26,1967769,Student,Kolkata
19765,68,1654985,Retired,Hyderabad
19766,65,1659104,Retired,Hyderabad
19767,40,551991,Retired,Kolkata
19768,53,2374159,Retired,Mumbai
19769,40,1811252,Retired,Delhi
19770,52,2196534,Self-Employed,Delhi
19771,34,2225503,Student,Kolkata
19772,59,560869,Retired,Mumbai
19773,32,2191757,Business,Delhi
19774,46,2162664,Salaried,Hyderabad
19775,42,471205,Self-Employed,Chennai
19776,39,928401,Student,Delhi
19777,44,1782015,Retired,Hyderabad
19778,31,449619,Salaried,Mumbai
19779,23,2422313,Student,Chennai
19780,27,2431608,Business,Chennai
19781,54,2147284,Self-Employed,Bengaluru
19782,62,1756711,Retired,Chennai
19783,57,632447,Retired,Bengaluru
19784,64,1904458,Business,Chennai
19785,29,1581854,Student,Chennai
19786,21,913476,Student,Hyderabad
19787,41,1286065,Business,Delhi
19788,68,2052456,Self-Employed,Delhi
19789,22,2365916,Retired,Bengaluru
19790,29,325815,Student,Bengaluru
19791,49,967930,Retired,Chennai
19792,37,2389094,Salaried,Hyderabad
19793,43,836353,Student,Chennai
19794,40,1957466,Business,Delhi
19795,54,634835,Student,Delhi
19796,23,1988409,Retired,Hyderabad
19797,69,1169632,Self-Employed,Delhi
19798,31,1734938,Retired,Delhi
19799,22,1689456,Business,Chennai
19800,50,1136858,Salaried,Mumbai
19801,21,1302182,Retired,Bengaluru
19802,40,448508,Retired,Hyderabad
19803,40,403704,Student,Mumbai
19804,47,1097126,Self-Employed,Mumbai
19805,56,2123650,Retired,Mumbai
19806,27,1083446,Student,Bengaluru
19807,29,615371,Student,Mumbai
19808,65,771159,Retired,Chennai
19809,50,473778,Student,Bengaluru
19810,66,2259227,Salaried,Bengaluru
19811,48,839075,Salaried,Hyderabad
19812,32,1177172,Self-Employed,Bengaluru
19813,56,2490705,Student,Mumbai
19814,34,282092,Self-Employed,Bengaluru
19815,36,1713799,Retired,Bengaluru
19816,34,1570345,Self-Employed,Chennai
19817,48,1528994,Student,Hyderabad
19818,49,1514792,Salaried,Hyderabad
19819,38,733111,Salaried,Kolkata
19820,42,901126,Retired,Mumbai
19821,22,1712111,Retired,Chennai
19822,56,2003896,Student,Mumbai
19823,48,1808530,Retired,Chennai
19824,54,293705,Self-Employed,Hyderabad
19825,50,1702005,Self-Employed,Chennai
19826,30,1863928,Student,Delhi
19827,44,964774,Student,Delhi
19828,35,1005246,Salaried,Kolkata
19829,66,572363,Student,Delhi
19830,43,616554,Retired,Chennai
19831,48,253278,Retired,Chennai
19832,53,2152875,Salaried,Chennai
19833,46,1012882,Retired,Chennai
19834,25,2354684,Business,Bengaluru
19835,58,2390819,Salaried,Delhi
19836,51,677010,Salaried,Kolkata
19837,52,1433741,Self-Employed,Hyderabad
19838,46,2043848,Self-Employed,Kolkata
19839,62,815298,Retired,Delhi
19840,31,2118208,Student,Chennai
19841,51,1141220,Self-Employed,Hyderabad
19842,62,2089498,Student,Kolkata
19843,45,204032,Salaried,Mumbai
19844,35,1321743,Retired,Chennai
19845,25,1725240,Self-Employed,Delhi
19846,24,2212696,Student,Bengaluru
19847,60,839131,Self-Employed,Kolkata
19848,40,1875733,Business,Hyderabad
19849,28,1097740,Self-Employed,Delhi
19850,38,2447079,Salaried,Hyderabad
19851,38,2211603,Salaried,Delhi
19852,28,614607,Self-Employed,Kolkata
19853,56,2066778,Retired,Mumbai
19854,47,909026,Salaried,Chennai
19855,43,1828702,Self-Employed,Chennai
19856,66,923419,Retired,Mumbai
19857,29,2118174,Self-Employed,Delhi
19858,50,1281699,Salaried,Mumbai
19859,47,891203,Student,Delhi
19860,26,2345879,Business,Chennai
19861,25,1507155,Business,Mumbai
19862,60,2328482,Self-Employed,Hyderabad
19863,56,2002122,Salaried,Mumbai
19864,23,2042623,Salaried,Chennai
19865,37,1730178,Salaried,Delhi
19866,39,1563615,Student,Chennai
19867,23,1392299,Retired,Delhi
19868,38,333683,Self-Employed,Mumbai
19869,63,346820,Business,Mumbai
19870,22,1599947,Self-Employed,Delhi
19871,22,523699,Salaried,Mumbai
19872,58,275249,Salaried,Bengaluru
19873,30,1677876,Salaried,Chennai
19874,62,1219814,Salaried,Hyderabad
19875,37,1018659,Salaried,Delhi
19876,46,840151,Salaried,Kolkata
19877,64,2324733,Self-Employed,Chennai
19878,65,779910,Retired,Delhi
19879,30,1450117,Self-Employed,Mumbai
19880,63,413823,Business,Chennai
19881,29,2252585,Salaried,Delhi
19882,61,1690636,Student,Hyderabad
19883,51,2325462,Retired,Bengaluru
19884,37,855402,Self-Employed,Chennai
19885,67,1655353,Self-Employed,Kolkata
19886,26,357480,Business,Delhi
19887,28,2493743,Business,Hyderabad
19888,22,2068912,Self-Employed,Chennai
19889,51,1001235,Salaried,Hyderabad
19890,66,731470,Student,Bengaluru
19891,62,2115557,Business,Kolkata
19892,48,2493297,Business,Delhi
19893,25,1025161,Salaried,Delhi
19894,64,1430097,Salaried,Chennai
19895,55,1420697,Retired,Kolkata
19896,44,439847,Salaried,Kolkata
19897,41,224271,Retired,Kolkata
19898,38,580036,Student,Delhi
19899,60,1284342,Retired,Hyderabad
19900,32,2271429,Self-Employed,Chennai
19901,44,2365918,Salaried,Chennai
19902,61,521151,Self-Employed,Chennai
19903,41,691157,Salaried,Mumbai
19904,53,263488,Business,Bengaluru
19905,26,2244172,Student,Bengaluru
19906,59,664174,Student,Hyderabad
19907,33,671926,Retired,Mumbai
19908,35,2059830,Business,Delhi
19909,64,2209781,Business,Mumbai
19910,40,2020814,Retired,Hyderabad
19911,46,2018497,Retired,Bengaluru
19912,44,1300580,Self-Employed,Chennai
19913,39,1622622,Retired,Chennai
19914,51,1942592,Salaried,Hyderabad
19915,56,2199178,Salaried,Mumbai
19916,64,1995013,Retired,Mumbai
19917,58,2112907,Self-Employed,Mumbai
19918,62,306009,Student,Bengaluru
19919,57,1277938,Retired,Mumbai
19920,29,991900,Salaried,Bengaluru
19921,22,2075645,Retired,Mumbai
19922,24,2146789,Business,Bengaluru
19923,47,1740074,Salaried,Chennai
19924,48,824524,Retired,Chennai
19925,32,753769,Student,Hyderabad
19926,58,1105253,Salaried,Delhi
19927,49,2083675,Self-Employed,Chennai
19928,29,1134254,Self-Employed,Kolkata
19929,60,1452782,Salaried,Hyderabad
19930,48,215825,Student,Hyderabad
19931,28,884439,Salaried,Kolkata
19932,21,973069,Salaried,Kolkata
19933,48,744500,Self-Employed,Bengaluru
19934,54,361403,Salaried,Kolkata
19935,35,1811799,Retired,Bengaluru
19936,39,2387684,Student,Mumbai
19937,45,1472088,Retired,Bengaluru
19938,41,1675770,Student,Mumbai
19939,23,1484190,Self-Employed,Chennai
19940,47,1056891,Salaried,Kolkata
19941,37,1339021,Business,Kolkata
19942,41,1403520,Retired,Kolkata
19943,37,632831,Retired,Chennai
19944,60,1306759,Retired,Hyderabad
19945,38,1131184,Self-Employed,Hyderabad
19946,50,1945445,Self-Employed,Chennai
19947,24,982325,Retired,Delhi
19948,64,989390,Salaried,Delhi
19949,43,1696180,Business,Delhi
19950,48,1824610,Business,Kolkata
19951,25,725845,Salaried,Hyderabad
19952,28,1852927,Business,Bengaluru
19953,28,1368502,Retired,Kolkata
19954,26,2149566,Student,Mumbai
19955,35,1113085,Self-Employed,Bengaluru
19956,49,330310,Retired,Hyderabad
19957,61,453307,Student,Hyderabad
19958,24,889559,Student,Kolkata
19959,38,841577,Salaried,Bengaluru
19960,27,1541492,Retired,Bengaluru
19961,69,1523082,Student,Kolkata
19962,45,1031638,Self-Employed,Kolkata
19963,33,991081,Retired,Kolkata
19964,54,1154676,Student,Delhi
19965,33,2084761,Student,Kolkata
19966,50,2467231,Business,Delhi
19967,43,376136,Retired,Hyderabad
19968,50,1011485,Self-Employed,Kolkata
19969,22,529100,Salaried,Mumbai
19970,24,1426726,Salaried,Kolkata
19971,66,1698785,Business,Chennai
19972,57,2457623,Self-Employed,Kolkata
19973,33,2418646,Student,Hyderabad
19974,40,2392123,Self-Employed,Kolkata
19975,27,1072586,Salaried,Delhi
19976,67,1569480,Business,Kolkata
19977,38,206044,Business,Kolkata
19978,58,890775,Student,Mumbai
19979,69,657953,Retired,Hyderabad
19980,40,2448666,Salaried,Kolkata
19981,64,2238218,Student,Kolkata
19982,22,452286,Salaried,Kolkata
19983,36,795387,Retired,Bengaluru
19984,58,2458934,Business,Kolkata
19985,53,331614,Student,Mumbai
19986,22,1016874,Self-Employed,Delhi
19987,45,691196,Salaried,Hyderabad
19988,64,1576024,Business,Bengaluru
19989,55,1695232,Self-Employed,Hyderabad
19990,42,1174752,Business,Mumbai
19991,59,640647,Retired,Hyderabad
19992,37,200746,Student,Delhi
19993,66,1534555,Salaried,Bengaluru
19994,46,597578,Retired,Kolkata
19995,40,1679192,Retired,Hyderabad
19996,45,330712,Self-Employed,Mumbai
19997,37,874177,Self-Employed,Mumbai
19998,39,267431,Self-Employed,Kolkata
19999,56,1929284,Salaried,Hyderabad
20000,41,253141,Salaried,Mumbai
